放送エリア,放送局,放送日,放送時間,番組名
札幌,1 HBC,2026-07-26,04:45,ライフライン 人生最高の出会い〜私が見つけた生きる意味〜
札幌,1 HBC,2026-07-26,05:15,テレビショッピング
札幌,1 HBC,2026-07-26,05:45,日本のチカラ ビートで輝け！〜DJ介護士のロマンディスコ〜🈑
札幌,1 HBC,2026-07-26,06:15,ハイグレードS
札幌,1 HBC,2026-07-26,06:30,EzoDriveセレクション
札幌,1 HBC,2026-07-26,06:45,JNNニュース🈐
札幌,1 HBC,2026-07-26,07:00,健康カプセル！ゲンキの時間🈖🈑侮っていると一大事に！？消えないあざに隠れた恐怖
札幌,1 HBC,2026-07-26,07:30,がっちりマンデー‼CMで良く見るけど知らない会社！渡辺パイプ、INPEX、NGK
札幌,1 HBC,2026-07-26,08:00,サンデーモーニング🈑高市総理“寝てない”投稿の波紋▽消費税“迷走”と骨太ショック
札幌,1 HBC,2026-07-26,09:54,サンデー・ジャポン 延長国会閉幕…議員直撃！▽堺雅人が緊急生出演！スタジオ生考察
札幌,1 HBC,2026-07-26,11:23,ガッチャンコHBC★HBCテレビのおすすめ番組
札幌,1 HBC,2026-07-26,11:29,HBC天気予報
札幌,1 HBC,2026-07-26,11:35,上田晋也のサンデーQ🈑堺雅人が生出演「VIVANT」エキストラは4千人！聖地先取り巡礼
札幌,1 HBC,2026-07-26,12:54,S☆1 BASEBALL 「日本ハムvs楽天」🈓
札幌,1 HBC,2026-07-26,16:30,レッツゴー怪奇組 第四怪🈑
札幌,1 HBC,2026-07-26,17:00,日5「正反対な君と僕」 ＃16「新学期」🈑🈓
札幌,1 HBC,2026-07-26,17:30,Nスタ🈑 「飛鳥・藤原の宮都」が世界遺産新登録なるか▽「土用の丑の日」うなぎ店は
札幌,1 HBC,2026-07-26,18:00,世界遺産／バリ島 1000年続く棚田の絶景（インドネシア）🈖🈑
札幌,1 HBC,2026-07-26,18:30,ベスコングルメ★夏の軽井沢SP・そば通DEEN池森オススメの手打ちそば名店へ🈖🈑🈓
札幌,1 HBC,2026-07-26,19:00,バナナマンのせっかくグルメ★VIVANT堺雅人＆濱田岳と日村が人気リゾート地🈑🈓
札幌,1 HBC,2026-07-26,20:00,VIVANT直前生放送★堺×阿部×二宮×松坂が集結！今からでも間に合うSPダイジェスト🈑
札幌,1 HBC,2026-07-26,21:00,🈟日曜劇場「VIVANT」第11話🈖🈑
札幌,1 HBC,2026-07-26,22:19,HBC天気予報
札幌,1 HBC,2026-07-26,22:25,日曜日の初耳学◆堺雅人×林修『VIVANT』放送直後90分SP阿部寛＆初出しメイキング映像
札幌,1 HBC,2026-07-26,23:49,ここに美味あり！〜いっちゃんおいしい北海道〜
札幌,1 HBC,2026-07-26,23:55,黒猫と魔女の教室🈑🈓 ＃16「イオ・トーラス がんばります」【アガルアニメ】
札幌,2 NHKEテレ..,2026-07-26,05:00,こころの時代 わからなさのなかで〜最首悟の思想をたどる〜🈑🈞
札幌,2 NHKEテレ..,2026-07-26,06:00,NHK短歌 わたしの宮沢賢治 テーマ「月」🈑
札幌,2 NHKEテレ..,2026-07-26,06:25,テレビ体操🈑
札幌,2 NHKEテレ..,2026-07-26,06:35,NHK俳句 題「七夕」🈑
札幌,2 NHKEテレ..,2026-07-26,07:00,第93回NHK全国学校音楽コンクール みんなの合唱レッスン・高等学校の部🈑
札幌,2 NHKEテレ..,2026-07-26,07:10,第93回NHK全国学校音楽コンクール みんなの合唱レッスン・中学校の部🈑
札幌,2 NHKEテレ..,2026-07-26,07:20,第93回NHK全国学校音楽コンクール みんなの合唱レッスン・小学校の部🈑
札幌,2 NHKEテレ..,2026-07-26,07:30,おとうさんといっしょ「まねまねどんぐー」🈑🈞
札幌,2 NHKEテレ..,2026-07-26,08:00,やさいの時間 みんなの菜園物語 兵庫県（後編）🈑
札幌,2 NHKEテレ..,2026-07-26,08:25,趣味の園芸 京も一日陽だまり屋「の〜んびり 蘇鉄（そてつ）」🈑
札幌,2 NHKEテレ..,2026-07-26,08:30,趣味の園芸 選 ステキをセレクト！タネから育てるコスモス🈑
札幌,2 NHKEテレ..,2026-07-26,08:55,no art，no life「洋一」🈑
札幌,2 NHKEテレ..,2026-07-26,09:00,日曜美術館 陶芸家ルーシー・リー 繊細でたくましい器🈑
札幌,2 NHKEテレ..,2026-07-26,09:45,日曜美術館 アートシーン「まなざしの奇跡 日本女性写真家の冒険」展🈑
札幌,2 NHKEテレ..,2026-07-26,10:00,将棋フォーカス 選 フォーカス流・観る将検定 第2回！🈑
札幌,2 NHKEテレ..,2026-07-26,10:30,第76回 NHK杯テレビ将棋トーナメント 1回戦第17局 羽生九段×横山七段🈑
札幌,2 NHKEテレ..,2026-07-26,12:00,囲碁フォーカス 選 知らずに使っている！？「囲碁用語」🈑
札幌,2 NHKEテレ..,2026-07-26,12:30,第74回NHK杯テレビ囲碁トーナメント1回戦第17局酒井佑規七段×加藤千笑四段🈑
札幌,2 NHKEテレ..,2026-07-26,14:00,日本の話芸 柳家蝠丸 落語「叩き蟹」🈖🈑
札幌,2 NHKEテレ..,2026-07-26,14:30,アニメ 青のオーケストラ シーズン2（1）「ほころび」🈑
札幌,2 NHKEテレ..,2026-07-26,14:55,アニメ 青のオーケストラ シーズン2（2）「波紋」🈑
札幌,2 NHKEテレ..,2026-07-26,15:20,アニメ 青のオーケストラ シーズン2（3）「ケジメ」🈑
札幌,2 NHKEテレ..,2026-07-26,15:45,アニメ 青のオーケストラ シーズン2（4）「体育祭」🈑
札幌,2 NHKEテレ..,2026-07-26,16:10,ピタゴラミングスイッチ2🈑🈞
札幌,2 NHKEテレ..,2026-07-26,16:30,ざわざわ森のがんこちゃん30周年スペシャルがんこのびっくりおたんじょうび会🈖🈑🈞
札幌,2 NHKEテレ..,2026-07-26,17:00,アニメ アオアシ（17）東京都リーグ第7節 多摩体育大学附属高校戦🈑
札幌,2 NHKEテレ..,2026-07-26,17:25,レディー・グレース 女王陛下のスパイ（4）「迷える女王」🈔🈑
札幌,2 NHKEテレ..,2026-07-26,17:50,こども手話ウイークリー🈐
札幌,2 NHKEテレ..,2026-07-26,18:00,木村多江の、いまさらですが… アメリカ建国の立役者 初代財務長官ハミルトン🈖🈑🈞
札幌,2 NHKEテレ..,2026-07-26,18:30,ブリティッシュ・ベイクオフ6（17）チョコレート対決・前編🈔🈑🈞
札幌,2 NHKEテレ..,2026-07-26,19:00,未病息災を願います 選「骨密度」が気になったら🈖🈑
札幌,2 NHKEテレ..,2026-07-26,19:45,365日の献立日記「野菜ずし」🈑
札幌,2 NHKEテレ..,2026-07-26,19:50,5分であさイチ 夏休みの“お昼ごはん”に革命を！🈑
札幌,2 NHKEテレ..,2026-07-26,19:55,NHK手話ニュース🈐
札幌,2 NHKEテレ..,2026-07-26,20:00,日曜美術館 滅びゆく写真 そして人類 現代美術作家・杉本博司🈑🈞
札幌,2 NHKEテレ..,2026-07-26,20:45,日曜美術館 アートシーン「元禄！師宣劇場」展🈑
札幌,2 NHKEテレ..,2026-07-26,21:00,古典芸能への招待 歌舞伎「近江源氏先陣館 盛綱陣屋」大阪松竹座さよなら公演🈕🈑
札幌,2 NHKEテレ..,2026-07-26,23:00,美の壺 選「小さな芸術 干菓子」🈑
札幌,2 NHKEテレ..,2026-07-26,23:30,サイエンスZERO“次世代塗料”が未来を塗り替える！？🈖🈑
札幌,3 NHK総合1..,2026-07-26,05:00,ニュース・気象情報
札幌,3 NHK総合1..,2026-07-26,05:10,Jリーグと私 あの試合を忘れない ＃17 横浜FM🈑
札幌,3 NHK総合1..,2026-07-26,05:15,週末のNスペは… 激変・安全保障 日本の進路は🈑
札幌,3 NHK総合1..,2026-07-26,05:20,桂文珍の演芸図鑑 レ・ロマネスクTOBI 柳亭小燕枝 三拍子🈑
札幌,3 NHK総合1..,2026-07-26,05:50,気象情報
札幌,3 NHK総合1..,2026-07-26,05:55,にっぽん百名山ミニ 3min「夏 五竜岳」🈑
札幌,3 NHK総合1..,2026-07-26,05:58,巡る世界絶景 ベネチアの冬🅍
札幌,3 NHK総合1..,2026-07-26,06:00,ニュース
札幌,3 NHK総合1..,2026-07-26,06:10,【特選！時代劇】大岡越前8 🈟（1）「燃える牢屋敷」🈖🈑
札幌,3 NHK総合1..,2026-07-26,06:53,気象情報
札幌,3 NHK総合1..,2026-07-26,06:55,ニュース・気象情報（北海道）
札幌,3 NHK総合1..,2026-07-26,07:00,NHKニュース おはよう日本 7月26日（日）🈑
札幌,3 NHK総合1..,2026-07-26,07:40,ニュース・気象情報（北海道）
札幌,3 NHK総合1..,2026-07-26,07:45,さわやか自然百景 青森 屏風山湿原池沼群🈑
札幌,3 NHK総合1..,2026-07-26,08:00,小さな旅「大原を継ぐ 〜京都市 左京区〜」🈖🈑
札幌,3 NHK総合1..,2026-07-26,08:25,Dearにっぽん「私たちが新聞を書く理由〜滋賀・虎姫高校〜」🈑
札幌,3 NHK総合1..,2026-07-26,08:50,あさイチの鈴木奈穂子アナが「NHK ONE」を解説🈑
札幌,3 NHK総合1..,2026-07-26,08:57,気象情報
札幌,3 NHK総合1..,2026-07-26,09:00,日曜討論 徹底解説！暑さはどこまで？対策は
札幌,3 NHK総合1..,2026-07-26,10:00,ニュース・気象情報🈑
札幌,3 NHK総合1..,2026-07-26,10:05,明日をまもるナビ選196 都市を襲う水害 内水氾濫〜見えない危険にどう備える🈖🈑
札幌,3 NHK総合1..,2026-07-26,10:30,5分であさイチ（4）知ってトクする旅行術（2）バッグの詰め方🈑
札幌,3 NHK総合1..,2026-07-26,10:35,ゆったり温泉ひとり旅 北海道・登別温泉🈑
札幌,3 NHK総合1..,2026-07-26,11:04,ニュース🈑
札幌,3 NHK総合1..,2026-07-26,11:05,あしたが変わるトリセツショー 骨ケアで健康革命！今すぐできる運動＆食事ワザ🈖🈑🈞
札幌,3 NHK総合1..,2026-07-26,11:50,ふすま絵 奇跡の再会🈑
札幌,3 NHK総合1..,2026-07-26,11:54,気象情報
札幌,3 NHK総合1..,2026-07-26,11:57,気象情報（北海道）
札幌,3 NHK総合1..,2026-07-26,12:00,ニュース🈑
札幌,3 NHK総合1..,2026-07-26,12:10,ニュース（北海道）
札幌,3 NHK総合1..,2026-07-26,12:15,NHKのど自慢 熱唱熱演名場面 2026 Part1🈑
札幌,3 NHK総合1..,2026-07-26,12:55,ドキュメント72時間PR ドキュメント72時間の作り方＜編集・ナレーション編＞🈑
札幌,3 NHK総合1..,2026-07-26,13:00,ニュース・気象情報🈑
札幌,3 NHK総合1..,2026-07-26,13:05,ダーウィンが来た！「相葉さんと探せ！ミクロいきもの超ワールド」🈖🈑🈞
札幌,3 NHK総合1..,2026-07-26,13:35,さわやか自然百景10min．（37）兵庫 猫崎の海と黒川渓谷🈑
札幌,3 NHK総合1..,2026-07-26,13:45,北海道道 GLAYと北海道 −30年の軌跡−🈑🈞
札幌,3 NHK総合1..,2026-07-26,15:00,ニュース・気象情報🈑
札幌,3 NHK総合1..,2026-07-26,15:05,大相撲（2026年） 名古屋場所 千秋楽🈑
札幌,3 NHK総合1..,2026-07-26,15:30,大相撲（2026年） 名古屋場所 千秋楽 優勝力士・三賞力士インタビュー🈔🈑
札幌,3 NHK総合1..,2026-07-26,18:00,ニュース🈑
札幌,3 NHK総合1..,2026-07-26,18:05,有吉のお金発見 突撃！カネオくん 令和に再ブーム！RCカーのヒミツ🈑
札幌,3 NHK総合1..,2026-07-26,18:45,ニュース北海道645 ▽道内各地のニュース ▽全国・全道の気象情報
札幌,3 NHK総合1..,2026-07-26,19:00,NHKニュース7🈔🈑
札幌,3 NHK総合1..,2026-07-26,19:30,ダーウィンが来た！「最大の味方！最強のライバル！？動物兄弟」🈖🈑
札幌,3 NHK総合1..,2026-07-26,20:00,豊臣兄弟！（29）天下への道🈖🈑
札幌,3 NHK総合1..,2026-07-26,20:45,ニュース🈑🈐
札幌,3 NHK総合1..,2026-07-26,20:55,ニュース・気象情報（北海道）
札幌,3 NHK総合1..,2026-07-26,21:00,NHKスペシャル 激変・安全保障 “力の支配”と揺らぐ国際秩序 日本の針路は🈑
札幌,3 NHK総合1..,2026-07-26,22:00,サンデースポーツ🈑
札幌,3 NHK総合1..,2026-07-26,22:50,ニュース・気象情報🈑
札幌,3 NHK総合1..,2026-07-26,22:55,ハロー！NHKワールドJAPAN 7月の地域特集・山口県関連番組紹介🈑
札幌,3 NHK総合1..,2026-07-26,23:00,DOC（ドック）3 あすへのカルテ（8）「暗闇の先へ」🈔🈑
札幌,3 NHK総合1..,2026-07-26,23:59,連続テレビ小説「ひよっこ」再放送PR
札幌,5 札幌テレビ1,2026-07-26,04:45,テレビショッピング
札幌,5 札幌テレビ1,2026-07-26,05:15,テレビショッピング
札幌,5 札幌テレビ1,2026-07-26,05:45,遠くへ行きたい【羽田美智子が宮城へ】和のチーズに万華鏡に伝統こけし作り！🈖🈑
札幌,5 札幌テレビ1,2026-07-26,06:15,NNNニュースサンデー🈐
札幌,5 札幌テレビ1,2026-07-26,06:30,それいけ！アンパンマン「劇場放送36弾 「チャポンのヒーロー！」（前編）」🈖🈑
札幌,5 札幌テレビ1,2026-07-26,07:00,所さんの目がテン！🈑所さんと奥田民生さんが絶品イノシシ肉で燻製作り⁉
札幌,5 札幌テレビ1,2026-07-26,07:30,シューイチ🈑🈓8月から変わること＆新スポット▽秋山＆平子が南房総の体格グルメ堪能
札幌,5 札幌テレビ1,2026-07-26,10:25,一茂×かまいたちゲンバ▼水族館でアシカとご対面▼驚き新食感「糸かき氷」とは？🈑
札幌,5 札幌テレビ1,2026-07-26,11:25,はじまるよっ！STV
札幌,5 札幌テレビ1,2026-07-26,11:30,NNN ストレイトニュース🈑
札幌,5 札幌テレビ1,2026-07-26,11:40,上沼・高田のクギズケ！ 水谷豊の娘婿に文春砲▽W杯でトランプ氏が大批判🈑
札幌,5 札幌テレビ1,2026-07-26,12:35,どさんこワイドにちようび【幻の“積丹ローズ”を探せ！滝谷美夢が駆け巡る！】
札幌,5 札幌テレビ1,2026-07-26,13:00,ググッと‼深掘り北海道🈖🈐
札幌,5 札幌テレビ1,2026-07-26,13:30,そこまで言って委員会NP 「大戦争時代」SP！戦争終結シナリオを徹底討論🈑
札幌,5 札幌テレビ1,2026-07-26,15:00,24時間テレビ企画大公開SP🈑総合司会は内村光良！テーマは「わたしの家族の話」
札幌,5 札幌テレビ1,2026-07-26,15:55,【アメリカ横断ウルトラクイズ】新MC櫻井翔！地球一周特大スケールで復活SP🈑
札幌,5 札幌テレビ1,2026-07-26,16:55,1×8いこうよ！炎の五番勝負！起死回生？怪力王・木村が大泉洋に肉体対決で挑む！🈑
札幌,5 札幌テレビ1,2026-07-26,17:25,STV天気予報
札幌,5 札幌テレビ1,2026-07-26,17:30,笑点🈖🈑🈓城島茂が座布団運び「ザ！鉄腕！DASH！！」×「笑点」夢のコラボDAY
札幌,5 札幌テレビ1,2026-07-26,18:00,真相報道バンキシャ！🈑独自分析…熱中症患者10人の行動に教訓▽花火大会で湿度検証
札幌,5 札幌テレビ1,2026-07-26,18:55,博士は今日も嫉妬する 人生が楽しくなる最新テクノロジー🈑
札幌,5 札幌テレビ1,2026-07-26,19:00,ザ！鉄腕！DASH！！▽笑点60周年記念夏祭り！師匠全員参加で巨大お好み焼き！🈑
札幌,5 札幌テレビ1,2026-07-26,19:58,イッテQ【お祭り男宮川＆二代目手越】フィンランドで丸太乗って川を下る木材選手権🈑
札幌,5 札幌テレビ1,2026-07-26,20:54,音のソノリティ🈑
札幌,5 札幌テレビ1,2026-07-26,21:00,ゴールデンストーンズ▽番組史上最大‼人気芸人軍団と総勢31名の大混戦バトル🈑
札幌,5 札幌テレビ1,2026-07-26,21:54,STV天気予報
札幌,5 札幌テレビ1,2026-07-26,22:00,おしゃれクリップ🈖🈑出川哲朗はなぜ愛される？▼妻や一茂が忖度なしでガチ素顔告白
札幌,5 札幌テレビ1,2026-07-26,22:30,ドラマ「一次元の挿し木」第4話【激動の真相が発覚…古人骨と義妹を巡る謎】🈖🈑🈓
札幌,5 札幌テレビ1,2026-07-26,23:25,道産人間オズブラウン【メニュー化はどっち？究極食材で芸人たちが居酒屋グルメ開発】
札幌,5 札幌テレビ1,2026-07-26,23:55,Going！🈑生出演！渡邊雄太が明かす日本バスケの進化▼赤星絶賛！怪物高校生
札幌,6 HTB1,2026-07-26,04:50,テレビショッピング
札幌,6 HTB1,2026-07-26,05:20,まるっと健康これ1杯青汁の魅力 徹底解明
札幌,6 HTB1,2026-07-26,05:50,グッド！モーニング🈓🈑
札幌,6 HTB1,2026-07-26,08:00,よ〜い！スターと！トビダスクール しなことリボンでTシャツデコ！🈓🈑
札幌,6 HTB1,2026-07-26,08:30,名探偵プリキュア！ ＃26 キュアエクレールの復活！🈓🈑
札幌,6 HTB1,2026-07-26,09:00,仮面ライダーゼッツ 第45話「惑わす」🈓🈑
札幌,6 HTB1,2026-07-26,09:30,🈟角醒ハンター オメガホーン 第1話「角醒せよ！赤き角獣王！」🈓🈑
札幌,6 HTB1,2026-07-26,10:00,題名のない音楽会「オペラ歌手が秘密を打ち明ける休日」🈑
札幌,6 HTB1,2026-07-26,10:30,映画クレヨンしんちゃん新作公開記念 野原家と愉快な妖怪が夏の大冒険SP
札幌,6 HTB1,2026-07-26,11:00,この夏行きたい！東京ドリームパークSP パリ熱狂のゴッホ体験＆アイドルフェス！
札幌,6 HTB1,2026-07-26,11:30,FFFFF 「教えて！齋藤友貴哉」ファンの質問に全て答えます
札幌,6 HTB1,2026-07-26,11:50,ANNニュース🈑
札幌,6 HTB1,2026-07-26,12:00,ビートたけしのTVタックル 昭和は驚きの光景が…令和のゴミ問題＆激安リユース店🈑
札幌,6 HTB1,2026-07-26,12:55,新婚さんいらっしゃい！ オーストラリア在住夫婦出場！親戚100人大運動会⁉ 🈖🈑
札幌,6 HTB1,2026-07-26,13:25,華丸丼と大吉麺 荻窪で発見！あのドラマの監修をした三ツ星店の斬新沖縄そば🈑
札幌,6 HTB1,2026-07-26,13:55,マツコ＆有吉 かりそめ天国 2時間SP 五島列島＆伊豆・熱海ごほうび旅！🈞
札幌,6 HTB1,2026-07-26,15:55,ハナタレナックス選集-ANTHOLOGY- 北海道の笑顔プロジェクト #185「18順目第11話」
札幌,6 HTB1,2026-07-26,16:25,イチモニ！×イチオシ!!onたのしみ増刊号！ 世界に一つだけの味は湯どころ登別編！
札幌,6 HTB1,2026-07-26,17:25,ウェザータイム
札幌,6 HTB1,2026-07-26,17:30,ANNスーパーJチャンネル🈑
札幌,6 HTB1,2026-07-26,18:00,相葉マナブ 初登場！timelesz佐藤勝利と地引き網！相模湾で何が獲れる？🈑
札幌,6 HTB1,2026-07-26,18:52,ウェザータイム
札幌,6 HTB1,2026-07-26,18:56,ポツンと一軒家 2時間SP！84歳チェーンソーアート挑戦！BBQ＆絶景岩風呂🈑
札幌,6 HTB1,2026-07-26,20:56,有働Times🈑
札幌,6 HTB1,2026-07-26,22:15,マイ・フィクション ＃4 刑務所にいるはずの人間🈖🈑
札幌,6 HTB1,2026-07-26,23:09,HTBニュース🈑
札幌,6 HTB1,2026-07-26,23:15,EIGHT－JAM 【中森明菜特集‼松田聖子・小泉今日子との関係、振付秘話…】🈑
札幌,7 TVh1,2026-07-26,04:45,テレショップ  テレビショッピング 佐世保発テレショップ
札幌,7 TVh1,2026-07-26,05:15,TVhお天気情報
札幌,7 TVh1,2026-07-26,05:20,テレショップ  お茶石鹸で感動の若見え！
札幌,7 TVh1,2026-07-26,05:50,7っチャオ！
札幌,7 TVh1,2026-07-26,05:55,テレショップ  暮らし、ハッピーに！
札幌,7 TVh1,2026-07-26,06:25,TVhお天気情報
札幌,7 TVh1,2026-07-26,06:30,テレショップ  グットモットプライス
札幌,7 TVh1,2026-07-26,07:00,アニもり！🈑
札幌,7 TVh1,2026-07-26,07:30,ポケモンとどこいく！？【チャンピオンズ対決に派手刺客でバトル部ピンチ！】🈑🈓
札幌,7 TVh1,2026-07-26,08:30,トミプラワールドのりのりタイムズ！！🈑
札幌,7 TVh1,2026-07-26,09:00,ギャビーのドールハウス 118話 新しい家族のベニー・ボックス（前編）🈑🈔
札幌,7 TVh1,2026-07-26,09:15,ぷにるんず ぷに3 第17話『くーるんとカチコチあいるん♪』🈞🈑
札幌,7 TVh1,2026-07-26,09:30,おねがいアイプリ あおいとおねがいかなえ隊🈑
札幌,7 TVh1,2026-07-26,10:00,武井壮のゴルフバッグ担いでください▽永久保存版！宮里優作プロのゴルフレッスン🈑
札幌,7 TVh1,2026-07-26,10:30,優香のサンデークッキング【レンジde簡単ナスキーマ&グリルde焼きナス】🈑
札幌,7 TVh1,2026-07-26,11:00,ぺこもぐキッチン【真夏のアジフライSP】石原良純の大好物を三枚おろしから調理！🈑
札幌,7 TVh1,2026-07-26,11:30,発見！！食遺産 ＃あなたのレシピ残させてください
札幌,7 TVh1,2026-07-26,11:55,TVhお天気情報
札幌,7 TVh1,2026-07-26,12:00,開運！なんでも鑑定団【目利き王対決にアンガールズ田中が参戦！超豪華ゲスト登場】🈞
札幌,7 TVh1,2026-07-26,13:00,YOUは何しに日本へ？【北海道のお祭りハシゴ旅】🈞
札幌,7 TVh1,2026-07-26,14:00,大東建託・いい部屋ネットレディス🈑
札幌,7 TVh1,2026-07-26,15:15,世界！ニッポン行きたい人応援団【12年間“梅干し”にハマっているアルゼンチン人】🈞
札幌,7 TVh1,2026-07-26,16:10,アキラとあきら 第4話【原作・池井戸潤、向井理×斎藤工のW主演！】
札幌,7 TVh1,2026-07-26,17:10,小田井涼平のレトロマングルメ🈞
札幌,7 TVh1,2026-07-26,17:20,TXNニュース🈑🈐
札幌,7 TVh1,2026-07-26,17:25,TVhお天気情報
札幌,7 TVh1,2026-07-26,17:30,鉄鍋のジャン！「毒を御す者」🈑
札幌,7 TVh1,2026-07-26,18:00,パズドラ「吹き矢コンボバトル／もう一度見たい！アニメセレクション」🈑🈓
札幌,7 TVh1,2026-07-26,18:30,日本の海を守る！海上保安庁の激ヤバすぎる最前線100連発SP🈑🈓
札幌,7 TVh1,2026-07-26,20:50,家、ついて行ってイイですか？菊池風磨愛止まらない女子＆妻夫木涙…亡き妻への想い🈑
札幌,7 TVh1,2026-07-26,21:54,TVhお天気情報
札幌,7 TVh1,2026-07-26,22:00,有吉ぃぃeeeee!【アモアス】クセ者10人でダマし合い！裏切り者は誰だ？🈑
札幌,7 TVh1,2026-07-26,22:48,7っチャオ！・TVhお天気情報
札幌,7 TVh1,2026-07-26,22:54,スポーツリアライブ
札幌,7 TVh1,2026-07-26,23:20,Weekly女子ゴルフ
札幌,7 TVh1,2026-07-26,23:45,ふつつかな悪女ではございますが〜雛宮蝶鼠とりかえ伝〜 第3話🈑
札幌,8 北海道文化放送1,2026-07-26,04:55,テレビショッピング
札幌,8 北海道文化放送1,2026-07-26,05:25,Actually MARKET 知られざる食の世界
札幌,8 北海道文化放送1,2026-07-26,05:30,テレビショッピング
札幌,8 北海道文化放送1,2026-07-26,06:00,FNNニュース／みんなのてんき🈑
札幌,8 北海道文化放送1,2026-07-26,06:15,松本裕子の病を知る
札幌,8 北海道文化放送1,2026-07-26,06:30,はやく起きた朝は・・・
札幌,8 北海道文化放送1,2026-07-26,07:00,SUNDAYブレイク． 千葉県勝浦でオズワルド伊藤が絶叫アクティビティ体験🈑🈕🈓
札幌,8 北海道文化放送1,2026-07-26,08:25,気になる！さっぽろ
札幌,8 北海道文化放送1,2026-07-26,08:30,ショップジャパン
札幌,8 北海道文化放送1,2026-07-26,09:00,DIGIMON BEATBREAK【消せない夜】 ＃40🈑🈖
札幌,8 北海道文化放送1,2026-07-26,09:30,テレビアニメ「鬼滅の刃」シリーズ全編再放送【竈門炭治郎 立志編】🈑🈖🈓
札幌,8 北海道文化放送1,2026-07-26,10:00,かのサンド◆学生街で絶品グルメSP！早稲田コスパ抜群グルメ＆学芸大学の名店中華🈑
札幌,8 北海道文化放送1,2026-07-26,11:15,ミラモンGOLD🈑
札幌,8 北海道文化放送1,2026-07-26,11:45,ニッポン今だ！ラボ🈑
札幌,8 北海道文化放送1,2026-07-26,11:50,FNN Live News days🈑
札幌,8 北海道文化放送1,2026-07-26,12:00,発見！タカトシランド🈞🈑
札幌,8 北海道文化放送1,2026-07-26,13:00,日曜セレクション・火曜は全力！華大さんと千鳥くん🈞🈑
札幌,8 北海道文化放送1,2026-07-26,14:00,ザ・ノンフィクション・上京物語2026 後編 〜新人美容師 夢の別れ道〜🈑
札幌,8 北海道文化放送1,2026-07-26,14:55,みんなのてんき
札幌,8 北海道文化放送1,2026-07-26,15:00,KEIBAプレミア【関屋記念・GⅢ 東海S・GⅢ】
札幌,8 北海道文化放送1,2026-07-26,16:00,しらべてみたら
札幌,8 北海道文化放送1,2026-07-26,16:30,奇跡体験！アンビリバボー【真夏にゾクッ…‼ミステリーファイルSP】🈑
札幌,8 北海道文化放送1,2026-07-26,17:30,Live News イット！🈑
札幌,8 北海道文化放送1,2026-07-26,18:00,ちびまる子ちゃん【隣町の男子とプールで勝負する／たまちゃんちで日曜大工を】🈑🈖
札幌,8 北海道文化放送1,2026-07-26,18:30,サザエさん【憧れの松／うっかりでしっかり ほか】🈑🈖🈓
札幌,8 北海道文化放送1,2026-07-26,19:00,千鳥の鬼レンチャン◆鬼ハード初代女王誕生？STU池ちゃん＆高橋成美サビカラ登場🈑
札幌,8 北海道文化放送1,2026-07-26,21:00,Mr．サンデー🈑🈓
札幌,8 北海道文化放送1,2026-07-26,23:09,8チャン！みちゅバチ
札幌,8 北海道文化放送1,2026-07-26,23:15,ワンピース【エルバフの大罪人 冥界のロキ解放！？】🈑🈖
札幌,8 北海道文化放送1,2026-07-26,23:45,すぽると！ 大谷翔平のストレートは軌道が読めない⁉スター証言＆脳科学から紐解く🈑
函館,1 HBC,2026-07-26,04:45,ライフライン 人生最高の出会い〜私が見つけた生きる意味〜
函館,1 HBC,2026-07-26,05:15,テレビショッピング
函館,1 HBC,2026-07-26,05:45,日本のチカラ ビートで輝け！〜DJ介護士のロマンディスコ〜🈑
函館,1 HBC,2026-07-26,06:15,ハイグレードS
函館,1 HBC,2026-07-26,06:30,EzoDriveセレクション
函館,1 HBC,2026-07-26,06:45,JNNニュース🈐
函館,1 HBC,2026-07-26,07:00,健康カプセル！ゲンキの時間🈖🈑侮っていると一大事に！？消えないあざに隠れた恐怖
函館,1 HBC,2026-07-26,07:30,がっちりマンデー‼CMで良く見るけど知らない会社！渡辺パイプ、INPEX、NGK
函館,1 HBC,2026-07-26,08:00,サンデーモーニング🈑高市総理“寝てない”投稿の波紋▽消費税“迷走”と骨太ショック
函館,1 HBC,2026-07-26,09:54,サンデー・ジャポン 延長国会閉幕…議員直撃！▽堺雅人が緊急生出演！スタジオ生考察
函館,1 HBC,2026-07-26,11:23,ガッチャンコHBC★HBCテレビのおすすめ番組
函館,1 HBC,2026-07-26,11:29,HBC天気予報
函館,1 HBC,2026-07-26,11:35,上田晋也のサンデーQ🈑堺雅人が生出演「VIVANT」エキストラは4千人！聖地先取り巡礼
函館,1 HBC,2026-07-26,12:54,S☆1 BASEBALL 「日本ハムvs楽天」🈓
函館,1 HBC,2026-07-26,16:30,レッツゴー怪奇組 第四怪🈑
函館,1 HBC,2026-07-26,17:00,日5「正反対な君と僕」 ＃16「新学期」🈑🈓
函館,1 HBC,2026-07-26,17:30,Nスタ🈑 「飛鳥・藤原の宮都」が世界遺産新登録なるか▽「土用の丑の日」うなぎ店は
函館,1 HBC,2026-07-26,18:00,世界遺産／バリ島 1000年続く棚田の絶景（インドネシア）🈖🈑
函館,1 HBC,2026-07-26,18:30,ベスコングルメ★夏の軽井沢SP・そば通DEEN池森オススメの手打ちそば名店へ🈖🈑🈓
函館,1 HBC,2026-07-26,19:00,バナナマンのせっかくグルメ★VIVANT堺雅人＆濱田岳と日村が人気リゾート地🈑🈓
函館,1 HBC,2026-07-26,20:00,VIVANT直前生放送★堺×阿部×二宮×松坂が集結！今からでも間に合うSPダイジェスト🈑
函館,1 HBC,2026-07-26,21:00,🈟日曜劇場「VIVANT」第11話🈖🈑
函館,1 HBC,2026-07-26,22:19,HBC天気予報
函館,1 HBC,2026-07-26,22:25,日曜日の初耳学◆堺雅人×林修『VIVANT』放送直後90分SP阿部寛＆初出しメイキング映像
函館,1 HBC,2026-07-26,23:49,ここに美味あり！〜いっちゃんおいしい北海道〜
函館,1 HBC,2026-07-26,23:55,黒猫と魔女の教室🈑🈓 ＃16「イオ・トーラス がんばります」【アガルアニメ】
函館,2 NHKEテレ..,2026-07-26,05:00,こころの時代 わからなさのなかで〜最首悟の思想をたどる〜🈑🈞
函館,2 NHKEテレ..,2026-07-26,06:00,NHK短歌 わたしの宮沢賢治 テーマ「月」🈑
函館,2 NHKEテレ..,2026-07-26,06:25,テレビ体操🈑
函館,2 NHKEテレ..,2026-07-26,06:35,NHK俳句 題「七夕」🈑
函館,2 NHKEテレ..,2026-07-26,07:00,第93回NHK全国学校音楽コンクール みんなの合唱レッスン・高等学校の部🈑
函館,2 NHKEテレ..,2026-07-26,07:10,第93回NHK全国学校音楽コンクール みんなの合唱レッスン・中学校の部🈑
函館,2 NHKEテレ..,2026-07-26,07:20,第93回NHK全国学校音楽コンクール みんなの合唱レッスン・小学校の部🈑
函館,2 NHKEテレ..,2026-07-26,07:30,おとうさんといっしょ「まねまねどんぐー」🈑🈞
函館,2 NHKEテレ..,2026-07-26,08:00,やさいの時間 みんなの菜園物語 兵庫県（後編）🈑
函館,2 NHKEテレ..,2026-07-26,08:25,趣味の園芸 京も一日陽だまり屋「の〜んびり 蘇鉄（そてつ）」🈑
函館,2 NHKEテレ..,2026-07-26,08:30,趣味の園芸 選 ステキをセレクト！タネから育てるコスモス🈑
函館,2 NHKEテレ..,2026-07-26,08:55,no art，no life「洋一」🈑
函館,2 NHKEテレ..,2026-07-26,09:00,日曜美術館 陶芸家ルーシー・リー 繊細でたくましい器🈑
函館,2 NHKEテレ..,2026-07-26,09:45,日曜美術館 アートシーン「まなざしの奇跡 日本女性写真家の冒険」展🈑
函館,2 NHKEテレ..,2026-07-26,10:00,将棋フォーカス 選 フォーカス流・観る将検定 第2回！🈑
函館,2 NHKEテレ..,2026-07-26,10:30,第76回 NHK杯テレビ将棋トーナメント 1回戦第17局 羽生九段×横山七段🈑
函館,2 NHKEテレ..,2026-07-26,12:00,囲碁フォーカス 選 知らずに使っている！？「囲碁用語」🈑
函館,2 NHKEテレ..,2026-07-26,12:30,第74回NHK杯テレビ囲碁トーナメント1回戦第17局酒井佑規七段×加藤千笑四段🈑
函館,2 NHKEテレ..,2026-07-26,14:00,日本の話芸 柳家蝠丸 落語「叩き蟹」🈖🈑
函館,2 NHKEテレ..,2026-07-26,14:30,アニメ 青のオーケストラ シーズン2（1）「ほころび」🈑
函館,2 NHKEテレ..,2026-07-26,14:55,アニメ 青のオーケストラ シーズン2（2）「波紋」🈑
函館,2 NHKEテレ..,2026-07-26,15:20,アニメ 青のオーケストラ シーズン2（3）「ケジメ」🈑
函館,2 NHKEテレ..,2026-07-26,15:45,アニメ 青のオーケストラ シーズン2（4）「体育祭」🈑
函館,2 NHKEテレ..,2026-07-26,16:10,ピタゴラミングスイッチ2🈑🈞
函館,2 NHKEテレ..,2026-07-26,16:30,ざわざわ森のがんこちゃん30周年スペシャルがんこのびっくりおたんじょうび会🈖🈑🈞
函館,2 NHKEテレ..,2026-07-26,17:00,アニメ アオアシ（17）東京都リーグ第7節 多摩体育大学附属高校戦🈑
函館,2 NHKEテレ..,2026-07-26,17:25,レディー・グレース 女王陛下のスパイ（4）「迷える女王」🈔🈑
函館,2 NHKEテレ..,2026-07-26,17:50,こども手話ウイークリー🈐
函館,2 NHKEテレ..,2026-07-26,18:00,木村多江の、いまさらですが… アメリカ建国の立役者 初代財務長官ハミルトン🈖🈑🈞
函館,2 NHKEテレ..,2026-07-26,18:30,ブリティッシュ・ベイクオフ6（17）チョコレート対決・前編🈔🈑🈞
函館,2 NHKEテレ..,2026-07-26,19:00,未病息災を願います 選「骨密度」が気になったら🈖🈑
函館,2 NHKEテレ..,2026-07-26,19:45,365日の献立日記「野菜ずし」🈑
函館,2 NHKEテレ..,2026-07-26,19:50,5分であさイチ 夏休みの“お昼ごはん”に革命を！🈑
函館,2 NHKEテレ..,2026-07-26,19:55,NHK手話ニュース🈐
函館,2 NHKEテレ..,2026-07-26,20:00,日曜美術館 滅びゆく写真 そして人類 現代美術作家・杉本博司🈑🈞
函館,2 NHKEテレ..,2026-07-26,20:45,日曜美術館 アートシーン「元禄！師宣劇場」展🈑
函館,2 NHKEテレ..,2026-07-26,21:00,古典芸能への招待 歌舞伎「近江源氏先陣館 盛綱陣屋」大阪松竹座さよなら公演🈕🈑
函館,2 NHKEテレ..,2026-07-26,23:00,美の壺 選「小さな芸術 干菓子」🈑
函館,2 NHKEテレ..,2026-07-26,23:30,サイエンスZERO“次世代塗料”が未来を塗り替える！？🈖🈑
函館,3 NHK総合1..,2026-07-26,05:00,ニュース・気象情報
函館,3 NHK総合1..,2026-07-26,05:10,Jリーグと私 あの試合を忘れない ＃17 横浜FM🈑
函館,3 NHK総合1..,2026-07-26,05:15,週末のNスペは… 激変・安全保障 日本の進路は🈑
函館,3 NHK総合1..,2026-07-26,05:20,桂文珍の演芸図鑑 レ・ロマネスクTOBI 柳亭小燕枝 三拍子🈑
函館,3 NHK総合1..,2026-07-26,05:50,気象情報
函館,3 NHK総合1..,2026-07-26,05:55,にっぽん百名山ミニ 3min「夏 五竜岳」🈑
函館,3 NHK総合1..,2026-07-26,05:58,巡る世界絶景 ベネチアの冬🅍
函館,3 NHK総合1..,2026-07-26,06:00,ニュース
函館,3 NHK総合1..,2026-07-26,06:10,【特選！時代劇】大岡越前8 🈟（1）「燃える牢屋敷」🈖🈑
函館,3 NHK総合1..,2026-07-26,06:53,気象情報
函館,3 NHK総合1..,2026-07-26,06:55,ニュース・気象情報（北海道）
函館,3 NHK総合1..,2026-07-26,07:00,NHKニュース おはよう日本 7月26日（日）🈑
函館,3 NHK総合1..,2026-07-26,07:40,ニュース・気象情報（北海道）
函館,3 NHK総合1..,2026-07-26,07:45,さわやか自然百景 青森 屏風山湿原池沼群🈑
函館,3 NHK総合1..,2026-07-26,08:00,小さな旅「大原を継ぐ 〜京都市 左京区〜」🈖🈑
函館,3 NHK総合1..,2026-07-26,08:25,Dearにっぽん「私たちが新聞を書く理由〜滋賀・虎姫高校〜」🈑
函館,3 NHK総合1..,2026-07-26,08:50,あさイチの鈴木奈穂子アナが「NHK ONE」を解説🈑
函館,3 NHK総合1..,2026-07-26,08:57,気象情報
函館,3 NHK総合1..,2026-07-26,09:00,日曜討論 徹底解説！暑さはどこまで？対策は
函館,3 NHK総合1..,2026-07-26,10:00,ニュース・気象情報🈑
函館,3 NHK総合1..,2026-07-26,10:05,明日をまもるナビ選196 都市を襲う水害 内水氾濫〜見えない危険にどう備える🈖🈑
函館,3 NHK総合1..,2026-07-26,10:30,5分であさイチ（4）知ってトクする旅行術（2）バッグの詰め方🈑
函館,3 NHK総合1..,2026-07-26,10:35,ゆったり温泉ひとり旅 北海道・登別温泉🈑
函館,3 NHK総合1..,2026-07-26,11:04,ニュース🈑
函館,3 NHK総合1..,2026-07-26,11:05,あしたが変わるトリセツショー 骨ケアで健康革命！今すぐできる運動＆食事ワザ🈖🈑🈞
函館,3 NHK総合1..,2026-07-26,11:50,ふすま絵 奇跡の再会🈑
函館,3 NHK総合1..,2026-07-26,11:54,気象情報
函館,3 NHK総合1..,2026-07-26,11:57,気象情報（北海道）
函館,3 NHK総合1..,2026-07-26,12:00,ニュース🈑
函館,3 NHK総合1..,2026-07-26,12:10,ニュース（北海道）
函館,3 NHK総合1..,2026-07-26,12:15,NHKのど自慢 熱唱熱演名場面 2026 Part1🈑
函館,3 NHK総合1..,2026-07-26,12:55,ドキュメント72時間PR ドキュメント72時間の作り方＜編集・ナレーション編＞🈑
函館,3 NHK総合1..,2026-07-26,13:00,ニュース・気象情報🈑
函館,3 NHK総合1..,2026-07-26,13:05,ダーウィンが来た！「相葉さんと探せ！ミクロいきもの超ワールド」🈖🈑🈞
函館,3 NHK総合1..,2026-07-26,13:35,さわやか自然百景10min．（37）兵庫 猫崎の海と黒川渓谷🈑
函館,3 NHK総合1..,2026-07-26,13:45,北海道道 GLAYと北海道 −30年の軌跡−🈑🈞
函館,3 NHK総合1..,2026-07-26,15:00,ニュース・気象情報🈑
函館,3 NHK総合1..,2026-07-26,15:05,大相撲（2026年） 名古屋場所 千秋楽🈑
函館,3 NHK総合1..,2026-07-26,15:30,大相撲（2026年） 名古屋場所 千秋楽 優勝力士・三賞力士インタビュー🈔🈑
函館,3 NHK総合1..,2026-07-26,18:00,ニュース🈑
函館,3 NHK総合1..,2026-07-26,18:05,有吉のお金発見 突撃！カネオくん 令和に再ブーム！RCカーのヒミツ🈑
函館,3 NHK総合1..,2026-07-26,18:45,ニュース北海道645 ▽道内各地のニュース ▽全国・全道の気象情報
函館,3 NHK総合1..,2026-07-26,19:00,NHKニュース7🈔🈑
函館,3 NHK総合1..,2026-07-26,19:30,ダーウィンが来た！「最大の味方！最強のライバル！？動物兄弟」🈖🈑
函館,3 NHK総合1..,2026-07-26,20:00,豊臣兄弟！（29）天下への道🈖🈑
函館,3 NHK総合1..,2026-07-26,20:45,ニュース🈑🈐
函館,3 NHK総合1..,2026-07-26,20:55,ニュース・気象情報（北海道）
函館,3 NHK総合1..,2026-07-26,21:00,NHKスペシャル 激変・安全保障 “力の支配”と揺らぐ国際秩序 日本の針路は🈑
函館,3 NHK総合1..,2026-07-26,22:00,サンデースポーツ🈑
函館,3 NHK総合1..,2026-07-26,22:50,ニュース・気象情報🈑
函館,3 NHK総合1..,2026-07-26,22:55,ハロー！NHKワールドJAPAN 7月の地域特集・山口県関連番組紹介🈑
函館,3 NHK総合1..,2026-07-26,23:00,DOC（ドック）3 あすへのカルテ（8）「暗闇の先へ」🈔🈑
函館,3 NHK総合1..,2026-07-26,23:59,連続テレビ小説「ひよっこ」再放送PR
函館,5 札幌テレビ1,2026-07-26,04:45,テレビショッピング
函館,5 札幌テレビ1,2026-07-26,05:15,テレビショッピング
函館,5 札幌テレビ1,2026-07-26,05:45,遠くへ行きたい【羽田美智子が宮城へ】和のチーズに万華鏡に伝統こけし作り！🈖🈑
函館,5 札幌テレビ1,2026-07-26,06:15,NNNニュースサンデー🈐
函館,5 札幌テレビ1,2026-07-26,06:30,それいけ！アンパンマン「劇場放送36弾 「チャポンのヒーロー！」（前編）」🈖🈑
函館,5 札幌テレビ1,2026-07-26,07:00,所さんの目がテン！🈑所さんと奥田民生さんが絶品イノシシ肉で燻製作り⁉
函館,5 札幌テレビ1,2026-07-26,07:30,シューイチ🈑🈓8月から変わること＆新スポット▽秋山＆平子が南房総の体格グルメ堪能
函館,5 札幌テレビ1,2026-07-26,10:25,一茂×かまいたちゲンバ▼水族館でアシカとご対面▼驚き新食感「糸かき氷」とは？🈑
函館,5 札幌テレビ1,2026-07-26,11:25,はじまるよっ！STV
函館,5 札幌テレビ1,2026-07-26,11:30,NNN ストレイトニュース🈑
函館,5 札幌テレビ1,2026-07-26,11:40,上沼・高田のクギズケ！ 水谷豊の娘婿に文春砲▽W杯でトランプ氏が大批判🈑
函館,5 札幌テレビ1,2026-07-26,12:35,どさんこワイドにちようび【幻の“積丹ローズ”を探せ！滝谷美夢が駆け巡る！】
函館,5 札幌テレビ1,2026-07-26,13:00,ググッと‼深掘り北海道🈖🈐
函館,5 札幌テレビ1,2026-07-26,13:30,そこまで言って委員会NP 「大戦争時代」SP！戦争終結シナリオを徹底討論🈑
函館,5 札幌テレビ1,2026-07-26,15:00,24時間テレビ企画大公開SP🈑総合司会は内村光良！テーマは「わたしの家族の話」
函館,5 札幌テレビ1,2026-07-26,15:55,【アメリカ横断ウルトラクイズ】新MC櫻井翔！地球一周特大スケールで復活SP🈑
函館,5 札幌テレビ1,2026-07-26,16:55,1×8いこうよ！炎の五番勝負！起死回生？怪力王・木村が大泉洋に肉体対決で挑む！🈑
函館,5 札幌テレビ1,2026-07-26,17:25,STV天気予報
函館,5 札幌テレビ1,2026-07-26,17:30,笑点🈖🈑🈓城島茂が座布団運び「ザ！鉄腕！DASH！！」×「笑点」夢のコラボDAY
函館,5 札幌テレビ1,2026-07-26,18:00,真相報道バンキシャ！🈑独自分析…熱中症患者10人の行動に教訓▽花火大会で湿度検証
函館,5 札幌テレビ1,2026-07-26,18:55,博士は今日も嫉妬する 人生が楽しくなる最新テクノロジー🈑
函館,5 札幌テレビ1,2026-07-26,19:00,ザ！鉄腕！DASH！！▽笑点60周年記念夏祭り！師匠全員参加で巨大お好み焼き！🈑
函館,5 札幌テレビ1,2026-07-26,19:58,イッテQ【お祭り男宮川＆二代目手越】フィンランドで丸太乗って川を下る木材選手権🈑
函館,5 札幌テレビ1,2026-07-26,20:54,音のソノリティ🈑
函館,5 札幌テレビ1,2026-07-26,21:00,ゴールデンストーンズ▽番組史上最大‼人気芸人軍団と総勢31名の大混戦バトル🈑
函館,5 札幌テレビ1,2026-07-26,21:54,STV天気予報
函館,5 札幌テレビ1,2026-07-26,22:00,おしゃれクリップ🈖🈑出川哲朗はなぜ愛される？▼妻や一茂が忖度なしでガチ素顔告白
函館,5 札幌テレビ1,2026-07-26,22:30,ドラマ「一次元の挿し木」第4話【激動の真相が発覚…古人骨と義妹を巡る謎】🈖🈑🈓
函館,5 札幌テレビ1,2026-07-26,23:25,道産人間オズブラウン【メニュー化はどっち？究極食材で芸人たちが居酒屋グルメ開発】
函館,5 札幌テレビ1,2026-07-26,23:55,Going！🈑生出演！渡邊雄太が明かす日本バスケの進化▼赤星絶賛！怪物高校生
函館,6 HTB1,2026-07-26,04:50,テレビショッピング
函館,6 HTB1,2026-07-26,05:20,まるっと健康これ1杯青汁の魅力 徹底解明
函館,6 HTB1,2026-07-26,05:50,グッド！モーニング🈓🈑
函館,6 HTB1,2026-07-26,08:00,よ〜い！スターと！トビダスクール しなことリボンでTシャツデコ！🈓🈑
函館,6 HTB1,2026-07-26,08:30,名探偵プリキュア！ ＃26 キュアエクレールの復活！🈓🈑
函館,6 HTB1,2026-07-26,09:00,仮面ライダーゼッツ 第45話「惑わす」🈓🈑
函館,6 HTB1,2026-07-26,09:30,🈟角醒ハンター オメガホーン 第1話「角醒せよ！赤き角獣王！」🈓🈑
函館,6 HTB1,2026-07-26,10:00,題名のない音楽会「オペラ歌手が秘密を打ち明ける休日」🈑
函館,6 HTB1,2026-07-26,10:30,映画クレヨンしんちゃん新作公開記念 野原家と愉快な妖怪が夏の大冒険SP
函館,6 HTB1,2026-07-26,11:00,この夏行きたい！東京ドリームパークSP パリ熱狂のゴッホ体験＆アイドルフェス！
函館,6 HTB1,2026-07-26,11:30,FFFFF 「教えて！齋藤友貴哉」ファンの質問に全て答えます
函館,6 HTB1,2026-07-26,11:50,ANNニュース🈑
函館,6 HTB1,2026-07-26,12:00,ビートたけしのTVタックル 昭和は驚きの光景が…令和のゴミ問題＆激安リユース店🈑
函館,6 HTB1,2026-07-26,12:55,新婚さんいらっしゃい！ オーストラリア在住夫婦出場！親戚100人大運動会⁉ 🈖🈑
函館,6 HTB1,2026-07-26,13:25,華丸丼と大吉麺 荻窪で発見！あのドラマの監修をした三ツ星店の斬新沖縄そば🈑
函館,6 HTB1,2026-07-26,13:55,マツコ＆有吉 かりそめ天国 2時間SP 五島列島＆伊豆・熱海ごほうび旅！🈞
函館,6 HTB1,2026-07-26,15:55,ハナタレナックス選集-ANTHOLOGY- 北海道の笑顔プロジェクト #185「18順目第11話」
函館,6 HTB1,2026-07-26,16:25,イチモニ！×イチオシ!!onたのしみ増刊号！ 世界に一つだけの味は湯どころ登別編！
函館,6 HTB1,2026-07-26,17:25,ウェザータイム
函館,6 HTB1,2026-07-26,17:30,ANNスーパーJチャンネル🈑
函館,6 HTB1,2026-07-26,18:00,相葉マナブ 初登場！timelesz佐藤勝利と地引き網！相模湾で何が獲れる？🈑
函館,6 HTB1,2026-07-26,18:52,ウェザータイム
函館,6 HTB1,2026-07-26,18:56,ポツンと一軒家 2時間SP！84歳チェーンソーアート挑戦！BBQ＆絶景岩風呂🈑
函館,6 HTB1,2026-07-26,20:56,有働Times🈑
函館,6 HTB1,2026-07-26,22:15,マイ・フィクション ＃4 刑務所にいるはずの人間🈖🈑
函館,6 HTB1,2026-07-26,23:09,HTBニュース🈑
函館,6 HTB1,2026-07-26,23:15,EIGHT－JAM 【中森明菜特集‼松田聖子・小泉今日子との関係、振付秘話…】🈑
函館,7 TVh1,2026-07-26,04:45,テレショップ  テレビショッピング 佐世保発テレショップ
函館,7 TVh1,2026-07-26,05:15,TVhお天気情報
函館,7 TVh1,2026-07-26,05:20,テレショップ  お茶石鹸で感動の若見え！
函館,7 TVh1,2026-07-26,05:50,7っチャオ！
函館,7 TVh1,2026-07-26,05:55,テレショップ  暮らし、ハッピーに！
函館,7 TVh1,2026-07-26,06:25,TVhお天気情報
函館,7 TVh1,2026-07-26,06:30,テレショップ  グットモットプライス
函館,7 TVh1,2026-07-26,07:00,アニもり！🈑
函館,7 TVh1,2026-07-26,07:30,ポケモンとどこいく！？【チャンピオンズ対決に派手刺客でバトル部ピンチ！】🈑🈓
函館,7 TVh1,2026-07-26,08:30,トミプラワールドのりのりタイムズ！！🈑
函館,7 TVh1,2026-07-26,09:00,ギャビーのドールハウス 118話 新しい家族のベニー・ボックス（前編）🈑🈔
函館,7 TVh1,2026-07-26,09:15,ぷにるんず ぷに3 第17話『くーるんとカチコチあいるん♪』🈞🈑
函館,7 TVh1,2026-07-26,09:30,おねがいアイプリ あおいとおねがいかなえ隊🈑
函館,7 TVh1,2026-07-26,10:00,武井壮のゴルフバッグ担いでください▽永久保存版！宮里優作プロのゴルフレッスン🈑
函館,7 TVh1,2026-07-26,10:30,優香のサンデークッキング【レンジde簡単ナスキーマ&グリルde焼きナス】🈑
函館,7 TVh1,2026-07-26,11:00,ぺこもぐキッチン【真夏のアジフライSP】石原良純の大好物を三枚おろしから調理！🈑
函館,7 TVh1,2026-07-26,11:30,発見！！食遺産 ＃あなたのレシピ残させてください
函館,7 TVh1,2026-07-26,11:55,TVhお天気情報
函館,7 TVh1,2026-07-26,12:00,開運！なんでも鑑定団【目利き王対決にアンガールズ田中が参戦！超豪華ゲスト登場】🈞
函館,7 TVh1,2026-07-26,13:00,YOUは何しに日本へ？【北海道のお祭りハシゴ旅】🈞
函館,7 TVh1,2026-07-26,14:00,大東建託・いい部屋ネットレディス🈑
函館,7 TVh1,2026-07-26,15:15,世界！ニッポン行きたい人応援団【12年間“梅干し”にハマっているアルゼンチン人】🈞
函館,7 TVh1,2026-07-26,16:10,アキラとあきら 第4話【原作・池井戸潤、向井理×斎藤工のW主演！】
函館,7 TVh1,2026-07-26,17:10,小田井涼平のレトロマングルメ🈞
函館,7 TVh1,2026-07-26,17:20,TXNニュース🈑🈐
函館,7 TVh1,2026-07-26,17:25,TVhお天気情報
函館,7 TVh1,2026-07-26,17:30,鉄鍋のジャン！「毒を御す者」🈑
函館,7 TVh1,2026-07-26,18:00,パズドラ「吹き矢コンボバトル／もう一度見たい！アニメセレクション」🈑🈓
函館,7 TVh1,2026-07-26,18:30,日本の海を守る！海上保安庁の激ヤバすぎる最前線100連発SP🈑🈓
函館,7 TVh1,2026-07-26,20:50,家、ついて行ってイイですか？菊池風磨愛止まらない女子＆妻夫木涙…亡き妻への想い🈑
函館,7 TVh1,2026-07-26,21:54,TVhお天気情報
函館,7 TVh1,2026-07-26,22:00,有吉ぃぃeeeee!【アモアス】クセ者10人でダマし合い！裏切り者は誰だ？🈑
函館,7 TVh1,2026-07-26,22:48,7っチャオ！・TVhお天気情報
函館,7 TVh1,2026-07-26,22:54,スポーツリアライブ
函館,7 TVh1,2026-07-26,23:20,Weekly女子ゴルフ
函館,7 TVh1,2026-07-26,23:45,ふつつかな悪女ではございますが〜雛宮蝶鼠とりかえ伝〜 第3話🈑
函館,8 北海道文化放送1,2026-07-26,04:55,テレビショッピング
函館,8 北海道文化放送1,2026-07-26,05:25,Actually MARKET 知られざる食の世界
函館,8 北海道文化放送1,2026-07-26,05:30,テレビショッピング
函館,8 北海道文化放送1,2026-07-26,06:00,FNNニュース／みんなのてんき🈑
函館,8 北海道文化放送1,2026-07-26,06:15,松本裕子の病を知る
函館,8 北海道文化放送1,2026-07-26,06:30,はやく起きた朝は・・・
函館,8 北海道文化放送1,2026-07-26,07:00,SUNDAYブレイク． 千葉県勝浦でオズワルド伊藤が絶叫アクティビティ体験🈑🈕🈓
函館,8 北海道文化放送1,2026-07-26,08:25,気になる！さっぽろ
函館,8 北海道文化放送1,2026-07-26,08:30,ショップジャパン
函館,8 北海道文化放送1,2026-07-26,09:00,DIGIMON BEATBREAK【消せない夜】 ＃40🈑🈖
函館,8 北海道文化放送1,2026-07-26,09:30,テレビアニメ「鬼滅の刃」シリーズ全編再放送【竈門炭治郎 立志編】🈑🈖🈓
函館,8 北海道文化放送1,2026-07-26,10:00,かのサンド◆学生街で絶品グルメSP！早稲田コスパ抜群グルメ＆学芸大学の名店中華🈑
函館,8 北海道文化放送1,2026-07-26,11:15,ミラモンGOLD🈑
函館,8 北海道文化放送1,2026-07-26,11:45,ニッポン今だ！ラボ🈑
函館,8 北海道文化放送1,2026-07-26,11:50,FNN Live News days🈑
函館,8 北海道文化放送1,2026-07-26,12:00,発見！タカトシランド🈞🈑
函館,8 北海道文化放送1,2026-07-26,13:00,日曜セレクション・火曜は全力！華大さんと千鳥くん🈞🈑
函館,8 北海道文化放送1,2026-07-26,14:00,ザ・ノンフィクション・上京物語2026 後編 〜新人美容師 夢の別れ道〜🈑
函館,8 北海道文化放送1,2026-07-26,14:55,みんなのてんき
函館,8 北海道文化放送1,2026-07-26,15:00,KEIBAプレミア【関屋記念・GⅢ 東海S・GⅢ】
函館,8 北海道文化放送1,2026-07-26,16:00,しらべてみたら
函館,8 北海道文化放送1,2026-07-26,16:30,奇跡体験！アンビリバボー【真夏にゾクッ…‼ミステリーファイルSP】🈑
函館,8 北海道文化放送1,2026-07-26,17:30,Live News イット！🈑
函館,8 北海道文化放送1,2026-07-26,18:00,ちびまる子ちゃん【隣町の男子とプールで勝負する／たまちゃんちで日曜大工を】🈑🈖
函館,8 北海道文化放送1,2026-07-26,18:30,サザエさん【憧れの松／うっかりでしっかり ほか】🈑🈖🈓
函館,8 北海道文化放送1,2026-07-26,19:00,千鳥の鬼レンチャン◆鬼ハード初代女王誕生？STU池ちゃん＆高橋成美サビカラ登場🈑
函館,8 北海道文化放送1,2026-07-26,21:00,Mr．サンデー🈑🈓
函館,8 北海道文化放送1,2026-07-26,23:09,8チャン！みちゅバチ
函館,8 北海道文化放送1,2026-07-26,23:15,ワンピース【エルバフの大罪人 冥界のロキ解放！？】🈑🈖
函館,8 北海道文化放送1,2026-07-26,23:45,すぽると！ 大谷翔平のストレートは軌道が読めない⁉スター証言＆脳科学から紐解く🈑
旭川,1 HBC,2026-07-26,04:45,ライフライン 人生最高の出会い〜私が見つけた生きる意味〜
旭川,1 HBC,2026-07-26,05:15,テレビショッピング
旭川,1 HBC,2026-07-26,05:45,日本のチカラ ビートで輝け！〜DJ介護士のロマンディスコ〜🈑
旭川,1 HBC,2026-07-26,06:15,ハイグレードS
旭川,1 HBC,2026-07-26,06:30,EzoDriveセレクション
旭川,1 HBC,2026-07-26,06:45,JNNニュース🈐
旭川,1 HBC,2026-07-26,07:00,健康カプセル！ゲンキの時間🈖🈑侮っていると一大事に！？消えないあざに隠れた恐怖
旭川,1 HBC,2026-07-26,07:30,がっちりマンデー‼CMで良く見るけど知らない会社！渡辺パイプ、INPEX、NGK
旭川,1 HBC,2026-07-26,08:00,サンデーモーニング🈑高市総理“寝てない”投稿の波紋▽消費税“迷走”と骨太ショック
旭川,1 HBC,2026-07-26,09:54,サンデー・ジャポン 延長国会閉幕…議員直撃！▽堺雅人が緊急生出演！スタジオ生考察
旭川,1 HBC,2026-07-26,11:23,ガッチャンコHBC★HBCテレビのおすすめ番組
旭川,1 HBC,2026-07-26,11:29,HBC天気予報
旭川,1 HBC,2026-07-26,11:35,上田晋也のサンデーQ🈑堺雅人が生出演「VIVANT」エキストラは4千人！聖地先取り巡礼
旭川,1 HBC,2026-07-26,12:54,S☆1 BASEBALL 「日本ハムvs楽天」🈓
旭川,1 HBC,2026-07-26,16:30,レッツゴー怪奇組 第四怪🈑
旭川,1 HBC,2026-07-26,17:00,日5「正反対な君と僕」 ＃16「新学期」🈑🈓
旭川,1 HBC,2026-07-26,17:30,Nスタ🈑 「飛鳥・藤原の宮都」が世界遺産新登録なるか▽「土用の丑の日」うなぎ店は
旭川,1 HBC,2026-07-26,18:00,世界遺産／バリ島 1000年続く棚田の絶景（インドネシア）🈖🈑
旭川,1 HBC,2026-07-26,18:30,ベスコングルメ★夏の軽井沢SP・そば通DEEN池森オススメの手打ちそば名店へ🈖🈑🈓
旭川,1 HBC,2026-07-26,19:00,バナナマンのせっかくグルメ★VIVANT堺雅人＆濱田岳と日村が人気リゾート地🈑🈓
旭川,1 HBC,2026-07-26,20:00,VIVANT直前生放送★堺×阿部×二宮×松坂が集結！今からでも間に合うSPダイジェスト🈑
旭川,1 HBC,2026-07-26,21:00,🈟日曜劇場「VIVANT」第11話🈖🈑
旭川,1 HBC,2026-07-26,22:19,HBC天気予報
旭川,1 HBC,2026-07-26,22:25,日曜日の初耳学◆堺雅人×林修『VIVANT』放送直後90分SP阿部寛＆初出しメイキング映像
旭川,1 HBC,2026-07-26,23:49,ここに美味あり！〜いっちゃんおいしい北海道〜
旭川,1 HBC,2026-07-26,23:55,黒猫と魔女の教室🈑🈓 ＃16「イオ・トーラス がんばります」【アガルアニメ】
旭川,2 NHKEテレ..,2026-07-26,05:00,こころの時代 わからなさのなかで〜最首悟の思想をたどる〜🈑🈞
旭川,2 NHKEテレ..,2026-07-26,06:00,NHK短歌 わたしの宮沢賢治 テーマ「月」🈑
旭川,2 NHKEテレ..,2026-07-26,06:25,テレビ体操🈑
旭川,2 NHKEテレ..,2026-07-26,06:35,NHK俳句 題「七夕」🈑
旭川,2 NHKEテレ..,2026-07-26,07:00,第93回NHK全国学校音楽コンクール みんなの合唱レッスン・高等学校の部🈑
旭川,2 NHKEテレ..,2026-07-26,07:10,第93回NHK全国学校音楽コンクール みんなの合唱レッスン・中学校の部🈑
旭川,2 NHKEテレ..,2026-07-26,07:20,第93回NHK全国学校音楽コンクール みんなの合唱レッスン・小学校の部🈑
旭川,2 NHKEテレ..,2026-07-26,07:30,おとうさんといっしょ「まねまねどんぐー」🈑🈞
旭川,2 NHKEテレ..,2026-07-26,08:00,やさいの時間 みんなの菜園物語 兵庫県（後編）🈑
旭川,2 NHKEテレ..,2026-07-26,08:25,趣味の園芸 京も一日陽だまり屋「の〜んびり 蘇鉄（そてつ）」🈑
旭川,2 NHKEテレ..,2026-07-26,08:30,趣味の園芸 選 ステキをセレクト！タネから育てるコスモス🈑
旭川,2 NHKEテレ..,2026-07-26,08:55,no art，no life「洋一」🈑
旭川,2 NHKEテレ..,2026-07-26,09:00,日曜美術館 陶芸家ルーシー・リー 繊細でたくましい器🈑
旭川,2 NHKEテレ..,2026-07-26,09:45,日曜美術館 アートシーン「まなざしの奇跡 日本女性写真家の冒険」展🈑
旭川,2 NHKEテレ..,2026-07-26,10:00,将棋フォーカス 選 フォーカス流・観る将検定 第2回！🈑
旭川,2 NHKEテレ..,2026-07-26,10:30,第76回 NHK杯テレビ将棋トーナメント 1回戦第17局 羽生九段×横山七段🈑
旭川,2 NHKEテレ..,2026-07-26,12:00,囲碁フォーカス 選 知らずに使っている！？「囲碁用語」🈑
旭川,2 NHKEテレ..,2026-07-26,12:30,第74回NHK杯テレビ囲碁トーナメント1回戦第17局酒井佑規七段×加藤千笑四段🈑
旭川,2 NHKEテレ..,2026-07-26,14:00,日本の話芸 柳家蝠丸 落語「叩き蟹」🈖🈑
旭川,2 NHKEテレ..,2026-07-26,14:30,アニメ 青のオーケストラ シーズン2（1）「ほころび」🈑
旭川,2 NHKEテレ..,2026-07-26,14:55,アニメ 青のオーケストラ シーズン2（2）「波紋」🈑
旭川,2 NHKEテレ..,2026-07-26,15:20,アニメ 青のオーケストラ シーズン2（3）「ケジメ」🈑
旭川,2 NHKEテレ..,2026-07-26,15:45,アニメ 青のオーケストラ シーズン2（4）「体育祭」🈑
旭川,2 NHKEテレ..,2026-07-26,16:10,ピタゴラミングスイッチ2🈑🈞
旭川,2 NHKEテレ..,2026-07-26,16:30,ざわざわ森のがんこちゃん30周年スペシャルがんこのびっくりおたんじょうび会🈖🈑🈞
旭川,2 NHKEテレ..,2026-07-26,17:00,アニメ アオアシ（17）東京都リーグ第7節 多摩体育大学附属高校戦🈑
旭川,2 NHKEテレ..,2026-07-26,17:25,レディー・グレース 女王陛下のスパイ（4）「迷える女王」🈔🈑
旭川,2 NHKEテレ..,2026-07-26,17:50,こども手話ウイークリー🈐
旭川,2 NHKEテレ..,2026-07-26,18:00,木村多江の、いまさらですが… アメリカ建国の立役者 初代財務長官ハミルトン🈖🈑🈞
旭川,2 NHKEテレ..,2026-07-26,18:30,ブリティッシュ・ベイクオフ6（17）チョコレート対決・前編🈔🈑🈞
旭川,2 NHKEテレ..,2026-07-26,19:00,未病息災を願います 選「骨密度」が気になったら🈖🈑
旭川,2 NHKEテレ..,2026-07-26,19:45,365日の献立日記「野菜ずし」🈑
旭川,2 NHKEテレ..,2026-07-26,19:50,5分であさイチ 夏休みの“お昼ごはん”に革命を！🈑
旭川,2 NHKEテレ..,2026-07-26,19:55,NHK手話ニュース🈐
旭川,2 NHKEテレ..,2026-07-26,20:00,日曜美術館 滅びゆく写真 そして人類 現代美術作家・杉本博司🈑🈞
旭川,2 NHKEテレ..,2026-07-26,20:45,日曜美術館 アートシーン「元禄！師宣劇場」展🈑
旭川,2 NHKEテレ..,2026-07-26,21:00,古典芸能への招待 歌舞伎「近江源氏先陣館 盛綱陣屋」大阪松竹座さよなら公演🈕🈑
旭川,2 NHKEテレ..,2026-07-26,23:00,美の壺 選「小さな芸術 干菓子」🈑
旭川,2 NHKEテレ..,2026-07-26,23:30,サイエンスZERO“次世代塗料”が未来を塗り替える！？🈖🈑
旭川,3 NHK総合1..,2026-07-26,05:00,ニュース・気象情報
旭川,3 NHK総合1..,2026-07-26,05:10,Jリーグと私 あの試合を忘れない ＃17 横浜FM🈑
旭川,3 NHK総合1..,2026-07-26,05:15,週末のNスペは… 激変・安全保障 日本の進路は🈑
旭川,3 NHK総合1..,2026-07-26,05:20,桂文珍の演芸図鑑 レ・ロマネスクTOBI 柳亭小燕枝 三拍子🈑
旭川,3 NHK総合1..,2026-07-26,05:50,気象情報
旭川,3 NHK総合1..,2026-07-26,05:55,にっぽん百名山ミニ 3min「夏 五竜岳」🈑
旭川,3 NHK総合1..,2026-07-26,05:58,巡る世界絶景 ベネチアの冬🅍
旭川,3 NHK総合1..,2026-07-26,06:00,ニュース
旭川,3 NHK総合1..,2026-07-26,06:10,【特選！時代劇】大岡越前8 🈟（1）「燃える牢屋敷」🈖🈑
旭川,3 NHK総合1..,2026-07-26,06:53,気象情報
旭川,3 NHK総合1..,2026-07-26,06:55,ニュース・気象情報（北海道）
旭川,3 NHK総合1..,2026-07-26,07:00,NHKニュース おはよう日本 7月26日（日）🈑
旭川,3 NHK総合1..,2026-07-26,07:40,ニュース・気象情報（北海道）
旭川,3 NHK総合1..,2026-07-26,07:45,さわやか自然百景 青森 屏風山湿原池沼群🈑
旭川,3 NHK総合1..,2026-07-26,08:00,小さな旅「大原を継ぐ 〜京都市 左京区〜」🈖🈑
旭川,3 NHK総合1..,2026-07-26,08:25,Dearにっぽん「私たちが新聞を書く理由〜滋賀・虎姫高校〜」🈑
旭川,3 NHK総合1..,2026-07-26,08:50,あさイチの鈴木奈穂子アナが「NHK ONE」を解説🈑
旭川,3 NHK総合1..,2026-07-26,08:57,気象情報
旭川,3 NHK総合1..,2026-07-26,09:00,日曜討論 徹底解説！暑さはどこまで？対策は
旭川,3 NHK総合1..,2026-07-26,10:00,ニュース・気象情報🈑
旭川,3 NHK総合1..,2026-07-26,10:05,明日をまもるナビ選196 都市を襲う水害 内水氾濫〜見えない危険にどう備える🈖🈑
旭川,3 NHK総合1..,2026-07-26,10:30,5分であさイチ（4）知ってトクする旅行術（2）バッグの詰め方🈑
旭川,3 NHK総合1..,2026-07-26,10:35,ゆったり温泉ひとり旅 北海道・登別温泉🈑
旭川,3 NHK総合1..,2026-07-26,11:04,ニュース🈑
旭川,3 NHK総合1..,2026-07-26,11:05,あしたが変わるトリセツショー 骨ケアで健康革命！今すぐできる運動＆食事ワザ🈖🈑🈞
旭川,3 NHK総合1..,2026-07-26,11:50,ふすま絵 奇跡の再会🈑
旭川,3 NHK総合1..,2026-07-26,11:54,気象情報
旭川,3 NHK総合1..,2026-07-26,11:57,気象情報（北海道）
旭川,3 NHK総合1..,2026-07-26,12:00,ニュース🈑
旭川,3 NHK総合1..,2026-07-26,12:10,ニュース（北海道）
旭川,3 NHK総合1..,2026-07-26,12:15,NHKのど自慢 熱唱熱演名場面 2026 Part1🈑
旭川,3 NHK総合1..,2026-07-26,12:55,ドキュメント72時間PR ドキュメント72時間の作り方＜編集・ナレーション編＞🈑
旭川,3 NHK総合1..,2026-07-26,13:00,ニュース・気象情報🈑
旭川,3 NHK総合1..,2026-07-26,13:05,ダーウィンが来た！「相葉さんと探せ！ミクロいきもの超ワールド」🈖🈑🈞
旭川,3 NHK総合1..,2026-07-26,13:35,さわやか自然百景10min．（37）兵庫 猫崎の海と黒川渓谷🈑
旭川,3 NHK総合1..,2026-07-26,13:45,北海道道 GLAYと北海道 −30年の軌跡−🈑🈞
旭川,3 NHK総合1..,2026-07-26,15:00,ニュース・気象情報🈑
旭川,3 NHK総合1..,2026-07-26,15:05,大相撲（2026年） 名古屋場所 千秋楽🈑
旭川,3 NHK総合1..,2026-07-26,15:30,大相撲（2026年） 名古屋場所 千秋楽 優勝力士・三賞力士インタビュー🈔🈑
旭川,3 NHK総合1..,2026-07-26,18:00,ニュース🈑
旭川,3 NHK総合1..,2026-07-26,18:05,有吉のお金発見 突撃！カネオくん 令和に再ブーム！RCカーのヒミツ🈑
旭川,3 NHK総合1..,2026-07-26,18:45,ニュース北海道645 ▽道内各地のニュース ▽全国・全道の気象情報
旭川,3 NHK総合1..,2026-07-26,19:00,NHKニュース7🈔🈑
旭川,3 NHK総合1..,2026-07-26,19:30,ダーウィンが来た！「最大の味方！最強のライバル！？動物兄弟」🈖🈑
旭川,3 NHK総合1..,2026-07-26,20:00,豊臣兄弟！（29）天下への道🈖🈑
旭川,3 NHK総合1..,2026-07-26,20:45,ニュース🈑🈐
旭川,3 NHK総合1..,2026-07-26,20:55,ニュース・気象情報（北海道）
旭川,3 NHK総合1..,2026-07-26,21:00,NHKスペシャル 激変・安全保障 “力の支配”と揺らぐ国際秩序 日本の針路は🈑
旭川,3 NHK総合1..,2026-07-26,22:00,サンデースポーツ🈑
旭川,3 NHK総合1..,2026-07-26,22:50,ニュース・気象情報🈑
旭川,3 NHK総合1..,2026-07-26,22:55,ハロー！NHKワールドJAPAN 7月の地域特集・山口県関連番組紹介🈑
旭川,3 NHK総合1..,2026-07-26,23:00,DOC（ドック）3 あすへのカルテ（8）「暗闇の先へ」🈔🈑
旭川,3 NHK総合1..,2026-07-26,23:59,連続テレビ小説「ひよっこ」再放送PR
旭川,5 札幌テレビ1,2026-07-26,04:45,テレビショッピング
旭川,5 札幌テレビ1,2026-07-26,05:15,テレビショッピング
旭川,5 札幌テレビ1,2026-07-26,05:45,遠くへ行きたい【羽田美智子が宮城へ】和のチーズに万華鏡に伝統こけし作り！🈖🈑
旭川,5 札幌テレビ1,2026-07-26,06:15,NNNニュースサンデー🈐
旭川,5 札幌テレビ1,2026-07-26,06:30,それいけ！アンパンマン「劇場放送36弾 「チャポンのヒーロー！」（前編）」🈖🈑
旭川,5 札幌テレビ1,2026-07-26,07:00,所さんの目がテン！🈑所さんと奥田民生さんが絶品イノシシ肉で燻製作り⁉
旭川,5 札幌テレビ1,2026-07-26,07:30,シューイチ🈑🈓8月から変わること＆新スポット▽秋山＆平子が南房総の体格グルメ堪能
旭川,5 札幌テレビ1,2026-07-26,10:25,一茂×かまいたちゲンバ▼水族館でアシカとご対面▼驚き新食感「糸かき氷」とは？🈑
旭川,5 札幌テレビ1,2026-07-26,11:25,はじまるよっ！STV
旭川,5 札幌テレビ1,2026-07-26,11:30,NNN ストレイトニュース🈑
旭川,5 札幌テレビ1,2026-07-26,11:40,上沼・高田のクギズケ！ 水谷豊の娘婿に文春砲▽W杯でトランプ氏が大批判🈑
旭川,5 札幌テレビ1,2026-07-26,12:35,どさんこワイドにちようび【幻の“積丹ローズ”を探せ！滝谷美夢が駆け巡る！】
旭川,5 札幌テレビ1,2026-07-26,13:00,ググッと‼深掘り北海道🈖🈐
旭川,5 札幌テレビ1,2026-07-26,13:30,そこまで言って委員会NP 「大戦争時代」SP！戦争終結シナリオを徹底討論🈑
旭川,5 札幌テレビ1,2026-07-26,15:00,24時間テレビ企画大公開SP🈑総合司会は内村光良！テーマは「わたしの家族の話」
旭川,5 札幌テレビ1,2026-07-26,15:55,【アメリカ横断ウルトラクイズ】新MC櫻井翔！地球一周特大スケールで復活SP🈑
旭川,5 札幌テレビ1,2026-07-26,16:55,1×8いこうよ！炎の五番勝負！起死回生？怪力王・木村が大泉洋に肉体対決で挑む！🈑
旭川,5 札幌テレビ1,2026-07-26,17:25,STV天気予報
旭川,5 札幌テレビ1,2026-07-26,17:30,笑点🈖🈑🈓城島茂が座布団運び「ザ！鉄腕！DASH！！」×「笑点」夢のコラボDAY
旭川,5 札幌テレビ1,2026-07-26,18:00,真相報道バンキシャ！🈑独自分析…熱中症患者10人の行動に教訓▽花火大会で湿度検証
旭川,5 札幌テレビ1,2026-07-26,18:55,博士は今日も嫉妬する 人生が楽しくなる最新テクノロジー🈑
旭川,5 札幌テレビ1,2026-07-26,19:00,ザ！鉄腕！DASH！！▽笑点60周年記念夏祭り！師匠全員参加で巨大お好み焼き！🈑
旭川,5 札幌テレビ1,2026-07-26,19:58,イッテQ【お祭り男宮川＆二代目手越】フィンランドで丸太乗って川を下る木材選手権🈑
旭川,5 札幌テレビ1,2026-07-26,20:54,音のソノリティ🈑
旭川,5 札幌テレビ1,2026-07-26,21:00,ゴールデンストーンズ▽番組史上最大‼人気芸人軍団と総勢31名の大混戦バトル🈑
旭川,5 札幌テレビ1,2026-07-26,21:54,STV天気予報
旭川,5 札幌テレビ1,2026-07-26,22:00,おしゃれクリップ🈖🈑出川哲朗はなぜ愛される？▼妻や一茂が忖度なしでガチ素顔告白
旭川,5 札幌テレビ1,2026-07-26,22:30,ドラマ「一次元の挿し木」第4話【激動の真相が発覚…古人骨と義妹を巡る謎】🈖🈑🈓
旭川,5 札幌テレビ1,2026-07-26,23:25,道産人間オズブラウン【メニュー化はどっち？究極食材で芸人たちが居酒屋グルメ開発】
旭川,5 札幌テレビ1,2026-07-26,23:55,Going！🈑生出演！渡邊雄太が明かす日本バスケの進化▼赤星絶賛！怪物高校生
旭川,6 HTB1,2026-07-26,04:50,テレビショッピング
旭川,6 HTB1,2026-07-26,05:20,まるっと健康これ1杯青汁の魅力 徹底解明
旭川,6 HTB1,2026-07-26,05:50,グッド！モーニング🈓🈑
旭川,6 HTB1,2026-07-26,08:00,よ〜い！スターと！トビダスクール しなことリボンでTシャツデコ！🈓🈑
旭川,6 HTB1,2026-07-26,08:30,名探偵プリキュア！ ＃26 キュアエクレールの復活！🈓🈑
旭川,6 HTB1,2026-07-26,09:00,仮面ライダーゼッツ 第45話「惑わす」🈓🈑
旭川,6 HTB1,2026-07-26,09:30,🈟角醒ハンター オメガホーン 第1話「角醒せよ！赤き角獣王！」🈓🈑
旭川,6 HTB1,2026-07-26,10:00,題名のない音楽会「オペラ歌手が秘密を打ち明ける休日」🈑
旭川,6 HTB1,2026-07-26,10:30,映画クレヨンしんちゃん新作公開記念 野原家と愉快な妖怪が夏の大冒険SP
旭川,6 HTB1,2026-07-26,11:00,この夏行きたい！東京ドリームパークSP パリ熱狂のゴッホ体験＆アイドルフェス！
旭川,6 HTB1,2026-07-26,11:30,FFFFF 「教えて！齋藤友貴哉」ファンの質問に全て答えます
旭川,6 HTB1,2026-07-26,11:50,ANNニュース🈑
旭川,6 HTB1,2026-07-26,12:00,ビートたけしのTVタックル 昭和は驚きの光景が…令和のゴミ問題＆激安リユース店🈑
旭川,6 HTB1,2026-07-26,12:55,新婚さんいらっしゃい！ オーストラリア在住夫婦出場！親戚100人大運動会⁉ 🈖🈑
旭川,6 HTB1,2026-07-26,13:25,華丸丼と大吉麺 荻窪で発見！あのドラマの監修をした三ツ星店の斬新沖縄そば🈑
旭川,6 HTB1,2026-07-26,13:55,マツコ＆有吉 かりそめ天国 2時間SP 五島列島＆伊豆・熱海ごほうび旅！🈞
旭川,6 HTB1,2026-07-26,15:55,ハナタレナックス選集-ANTHOLOGY- 北海道の笑顔プロジェクト #185「18順目第11話」
旭川,6 HTB1,2026-07-26,16:25,イチモニ！×イチオシ!!onたのしみ増刊号！ 世界に一つだけの味は湯どころ登別編！
旭川,6 HTB1,2026-07-26,17:25,ウェザータイム
旭川,6 HTB1,2026-07-26,17:30,ANNスーパーJチャンネル🈑
旭川,6 HTB1,2026-07-26,18:00,相葉マナブ 初登場！timelesz佐藤勝利と地引き網！相模湾で何が獲れる？🈑
旭川,6 HTB1,2026-07-26,18:52,ウェザータイム
旭川,6 HTB1,2026-07-26,18:56,ポツンと一軒家 2時間SP！84歳チェーンソーアート挑戦！BBQ＆絶景岩風呂🈑
旭川,6 HTB1,2026-07-26,20:56,有働Times🈑
旭川,6 HTB1,2026-07-26,22:15,マイ・フィクション ＃4 刑務所にいるはずの人間🈖🈑
旭川,6 HTB1,2026-07-26,23:09,HTBニュース🈑
旭川,6 HTB1,2026-07-26,23:15,EIGHT－JAM 【中森明菜特集‼松田聖子・小泉今日子との関係、振付秘話…】🈑
旭川,7 TVh1,2026-07-26,04:45,テレショップ  テレビショッピング 佐世保発テレショップ
旭川,7 TVh1,2026-07-26,05:15,TVhお天気情報
旭川,7 TVh1,2026-07-26,05:20,テレショップ  お茶石鹸で感動の若見え！
旭川,7 TVh1,2026-07-26,05:50,7っチャオ！
旭川,7 TVh1,2026-07-26,05:55,テレショップ  暮らし、ハッピーに！
旭川,7 TVh1,2026-07-26,06:25,TVhお天気情報
旭川,7 TVh1,2026-07-26,06:30,テレショップ  グットモットプライス
旭川,7 TVh1,2026-07-26,07:00,アニもり！🈑
旭川,7 TVh1,2026-07-26,07:30,ポケモンとどこいく！？【チャンピオンズ対決に派手刺客でバトル部ピンチ！】🈑🈓
旭川,7 TVh1,2026-07-26,08:30,トミプラワールドのりのりタイムズ！！🈑
旭川,7 TVh1,2026-07-26,09:00,ギャビーのドールハウス 118話 新しい家族のベニー・ボックス（前編）🈑🈔
旭川,7 TVh1,2026-07-26,09:15,ぷにるんず ぷに3 第17話『くーるんとカチコチあいるん♪』🈞🈑
旭川,7 TVh1,2026-07-26,09:30,おねがいアイプリ あおいとおねがいかなえ隊🈑
旭川,7 TVh1,2026-07-26,10:00,武井壮のゴルフバッグ担いでください▽永久保存版！宮里優作プロのゴルフレッスン🈑
旭川,7 TVh1,2026-07-26,10:30,優香のサンデークッキング【レンジde簡単ナスキーマ&グリルde焼きナス】🈑
旭川,7 TVh1,2026-07-26,11:00,ぺこもぐキッチン【真夏のアジフライSP】石原良純の大好物を三枚おろしから調理！🈑
旭川,7 TVh1,2026-07-26,11:30,発見！！食遺産 ＃あなたのレシピ残させてください
旭川,7 TVh1,2026-07-26,11:55,TVhお天気情報
旭川,7 TVh1,2026-07-26,12:00,開運！なんでも鑑定団【目利き王対決にアンガールズ田中が参戦！超豪華ゲスト登場】🈞
旭川,7 TVh1,2026-07-26,13:00,YOUは何しに日本へ？【北海道のお祭りハシゴ旅】🈞
旭川,7 TVh1,2026-07-26,14:00,大東建託・いい部屋ネットレディス🈑
旭川,7 TVh1,2026-07-26,15:15,世界！ニッポン行きたい人応援団【12年間“梅干し”にハマっているアルゼンチン人】🈞
旭川,7 TVh1,2026-07-26,16:10,アキラとあきら 第4話【原作・池井戸潤、向井理×斎藤工のW主演！】
旭川,7 TVh1,2026-07-26,17:10,小田井涼平のレトロマングルメ🈞
旭川,7 TVh1,2026-07-26,17:20,TXNニュース🈑🈐
旭川,7 TVh1,2026-07-26,17:25,TVhお天気情報
旭川,7 TVh1,2026-07-26,17:30,鉄鍋のジャン！「毒を御す者」🈑
旭川,7 TVh1,2026-07-26,18:00,パズドラ「吹き矢コンボバトル／もう一度見たい！アニメセレクション」🈑🈓
旭川,7 TVh1,2026-07-26,18:30,日本の海を守る！海上保安庁の激ヤバすぎる最前線100連発SP🈑🈓
旭川,7 TVh1,2026-07-26,20:50,家、ついて行ってイイですか？菊池風磨愛止まらない女子＆妻夫木涙…亡き妻への想い🈑
旭川,7 TVh1,2026-07-26,21:54,TVhお天気情報
旭川,7 TVh1,2026-07-26,22:00,有吉ぃぃeeeee!【アモアス】クセ者10人でダマし合い！裏切り者は誰だ？🈑
旭川,7 TVh1,2026-07-26,22:48,7っチャオ！・TVhお天気情報
旭川,7 TVh1,2026-07-26,22:54,スポーツリアライブ
旭川,7 TVh1,2026-07-26,23:20,Weekly女子ゴルフ
旭川,7 TVh1,2026-07-26,23:45,ふつつかな悪女ではございますが〜雛宮蝶鼠とりかえ伝〜 第3話🈑
旭川,8 北海道文化放送1,2026-07-26,04:55,テレビショッピング
旭川,8 北海道文化放送1,2026-07-26,05:25,Actually MARKET 知られざる食の世界
旭川,8 北海道文化放送1,2026-07-26,05:30,テレビショッピング
旭川,8 北海道文化放送1,2026-07-26,06:00,FNNニュース／みんなのてんき🈑
旭川,8 北海道文化放送1,2026-07-26,06:15,松本裕子の病を知る
旭川,8 北海道文化放送1,2026-07-26,06:30,はやく起きた朝は・・・
旭川,8 北海道文化放送1,2026-07-26,07:00,SUNDAYブレイク． 千葉県勝浦でオズワルド伊藤が絶叫アクティビティ体験🈑🈕🈓
旭川,8 北海道文化放送1,2026-07-26,08:25,気になる！さっぽろ
旭川,8 北海道文化放送1,2026-07-26,08:30,ショップジャパン
旭川,8 北海道文化放送1,2026-07-26,09:00,DIGIMON BEATBREAK【消せない夜】 ＃40🈑🈖
旭川,8 北海道文化放送1,2026-07-26,09:30,テレビアニメ「鬼滅の刃」シリーズ全編再放送【竈門炭治郎 立志編】🈑🈖🈓
旭川,8 北海道文化放送1,2026-07-26,10:00,かのサンド◆学生街で絶品グルメSP！早稲田コスパ抜群グルメ＆学芸大学の名店中華🈑
旭川,8 北海道文化放送1,2026-07-26,11:15,ミラモンGOLD🈑
旭川,8 北海道文化放送1,2026-07-26,11:45,ニッポン今だ！ラボ🈑
旭川,8 北海道文化放送1,2026-07-26,11:50,FNN Live News days🈑
旭川,8 北海道文化放送1,2026-07-26,12:00,発見！タカトシランド🈞🈑
旭川,8 北海道文化放送1,2026-07-26,13:00,日曜セレクション・火曜は全力！華大さんと千鳥くん🈞🈑
旭川,8 北海道文化放送1,2026-07-26,14:00,ザ・ノンフィクション・上京物語2026 後編 〜新人美容師 夢の別れ道〜🈑
旭川,8 北海道文化放送1,2026-07-26,14:55,みんなのてんき
旭川,8 北海道文化放送1,2026-07-26,15:00,KEIBAプレミア【関屋記念・GⅢ 東海S・GⅢ】
旭川,8 北海道文化放送1,2026-07-26,16:00,しらべてみたら
旭川,8 北海道文化放送1,2026-07-26,16:30,奇跡体験！アンビリバボー【真夏にゾクッ…‼ミステリーファイルSP】🈑
旭川,8 北海道文化放送1,2026-07-26,17:30,Live News イット！🈑
旭川,8 北海道文化放送1,2026-07-26,18:00,ちびまる子ちゃん【隣町の男子とプールで勝負する／たまちゃんちで日曜大工を】🈑🈖
旭川,8 北海道文化放送1,2026-07-26,18:30,サザエさん【憧れの松／うっかりでしっかり ほか】🈑🈖🈓
旭川,8 北海道文化放送1,2026-07-26,19:00,千鳥の鬼レンチャン◆鬼ハード初代女王誕生？STU池ちゃん＆高橋成美サビカラ登場🈑
旭川,8 北海道文化放送1,2026-07-26,21:00,Mr．サンデー🈑🈓
旭川,8 北海道文化放送1,2026-07-26,23:09,8チャン！みちゅバチ
旭川,8 北海道文化放送1,2026-07-26,23:15,ワンピース【エルバフの大罪人 冥界のロキ解放！？】🈑🈖
旭川,8 北海道文化放送1,2026-07-26,23:45,すぽると！ 大谷翔平のストレートは軌道が読めない⁉スター証言＆脳科学から紐解く🈑
帯広,1 HBC,2026-07-26,04:45,ライフライン 人生最高の出会い〜私が見つけた生きる意味〜
帯広,1 HBC,2026-07-26,05:15,テレビショッピング
帯広,1 HBC,2026-07-26,05:45,日本のチカラ ビートで輝け！〜DJ介護士のロマンディスコ〜🈑
帯広,1 HBC,2026-07-26,06:15,ハイグレードS
帯広,1 HBC,2026-07-26,06:30,EzoDriveセレクション
帯広,1 HBC,2026-07-26,06:45,JNNニュース🈐
帯広,1 HBC,2026-07-26,07:00,健康カプセル！ゲンキの時間🈖🈑侮っていると一大事に！？消えないあざに隠れた恐怖
帯広,1 HBC,2026-07-26,07:30,がっちりマンデー‼CMで良く見るけど知らない会社！渡辺パイプ、INPEX、NGK
帯広,1 HBC,2026-07-26,08:00,サンデーモーニング🈑高市総理“寝てない”投稿の波紋▽消費税“迷走”と骨太ショック
帯広,1 HBC,2026-07-26,09:54,サンデー・ジャポン 延長国会閉幕…議員直撃！▽堺雅人が緊急生出演！スタジオ生考察
帯広,1 HBC,2026-07-26,11:23,ガッチャンコHBC★HBCテレビのおすすめ番組
帯広,1 HBC,2026-07-26,11:29,HBC天気予報
帯広,1 HBC,2026-07-26,11:35,上田晋也のサンデーQ🈑堺雅人が生出演「VIVANT」エキストラは4千人！聖地先取り巡礼
帯広,1 HBC,2026-07-26,12:54,S☆1 BASEBALL 「日本ハムvs楽天」🈓
帯広,1 HBC,2026-07-26,16:30,レッツゴー怪奇組 第四怪🈑
帯広,1 HBC,2026-07-26,17:00,日5「正反対な君と僕」 ＃16「新学期」🈑🈓
帯広,1 HBC,2026-07-26,17:30,Nスタ🈑 「飛鳥・藤原の宮都」が世界遺産新登録なるか▽「土用の丑の日」うなぎ店は
帯広,1 HBC,2026-07-26,18:00,世界遺産／バリ島 1000年続く棚田の絶景（インドネシア）🈖🈑
帯広,1 HBC,2026-07-26,18:30,ベスコングルメ★夏の軽井沢SP・そば通DEEN池森オススメの手打ちそば名店へ🈖🈑🈓
帯広,1 HBC,2026-07-26,19:00,バナナマンのせっかくグルメ★VIVANT堺雅人＆濱田岳と日村が人気リゾート地🈑🈓
帯広,1 HBC,2026-07-26,20:00,VIVANT直前生放送★堺×阿部×二宮×松坂が集結！今からでも間に合うSPダイジェスト🈑
帯広,1 HBC,2026-07-26,21:00,🈟日曜劇場「VIVANT」第11話🈖🈑
帯広,1 HBC,2026-07-26,22:19,HBC天気予報
帯広,1 HBC,2026-07-26,22:25,日曜日の初耳学◆堺雅人×林修『VIVANT』放送直後90分SP阿部寛＆初出しメイキング映像
帯広,1 HBC,2026-07-26,23:49,ここに美味あり！〜いっちゃんおいしい北海道〜
帯広,1 HBC,2026-07-26,23:55,黒猫と魔女の教室🈑🈓 ＃16「イオ・トーラス がんばります」【アガルアニメ】
帯広,2 NHKEテレ..,2026-07-26,05:00,こころの時代 わからなさのなかで〜最首悟の思想をたどる〜🈑🈞
帯広,2 NHKEテレ..,2026-07-26,06:00,NHK短歌 わたしの宮沢賢治 テーマ「月」🈑
帯広,2 NHKEテレ..,2026-07-26,06:25,テレビ体操🈑
帯広,2 NHKEテレ..,2026-07-26,06:35,NHK俳句 題「七夕」🈑
帯広,2 NHKEテレ..,2026-07-26,07:00,第93回NHK全国学校音楽コンクール みんなの合唱レッスン・高等学校の部🈑
帯広,2 NHKEテレ..,2026-07-26,07:10,第93回NHK全国学校音楽コンクール みんなの合唱レッスン・中学校の部🈑
帯広,2 NHKEテレ..,2026-07-26,07:20,第93回NHK全国学校音楽コンクール みんなの合唱レッスン・小学校の部🈑
帯広,2 NHKEテレ..,2026-07-26,07:30,おとうさんといっしょ「まねまねどんぐー」🈑🈞
帯広,2 NHKEテレ..,2026-07-26,08:00,やさいの時間 みんなの菜園物語 兵庫県（後編）🈑
帯広,2 NHKEテレ..,2026-07-26,08:25,趣味の園芸 京も一日陽だまり屋「の〜んびり 蘇鉄（そてつ）」🈑
帯広,2 NHKEテレ..,2026-07-26,08:30,趣味の園芸 選 ステキをセレクト！タネから育てるコスモス🈑
帯広,2 NHKEテレ..,2026-07-26,08:55,no art，no life「洋一」🈑
帯広,2 NHKEテレ..,2026-07-26,09:00,日曜美術館 陶芸家ルーシー・リー 繊細でたくましい器🈑
帯広,2 NHKEテレ..,2026-07-26,09:45,日曜美術館 アートシーン「まなざしの奇跡 日本女性写真家の冒険」展🈑
帯広,2 NHKEテレ..,2026-07-26,10:00,将棋フォーカス 選 フォーカス流・観る将検定 第2回！🈑
帯広,2 NHKEテレ..,2026-07-26,10:30,第76回 NHK杯テレビ将棋トーナメント 1回戦第17局 羽生九段×横山七段🈑
帯広,2 NHKEテレ..,2026-07-26,12:00,囲碁フォーカス 選 知らずに使っている！？「囲碁用語」🈑
帯広,2 NHKEテレ..,2026-07-26,12:30,第74回NHK杯テレビ囲碁トーナメント1回戦第17局酒井佑規七段×加藤千笑四段🈑
帯広,2 NHKEテレ..,2026-07-26,14:00,日本の話芸 柳家蝠丸 落語「叩き蟹」🈖🈑
帯広,2 NHKEテレ..,2026-07-26,14:30,アニメ 青のオーケストラ シーズン2（1）「ほころび」🈑
帯広,2 NHKEテレ..,2026-07-26,14:55,アニメ 青のオーケストラ シーズン2（2）「波紋」🈑
帯広,2 NHKEテレ..,2026-07-26,15:20,アニメ 青のオーケストラ シーズン2（3）「ケジメ」🈑
帯広,2 NHKEテレ..,2026-07-26,15:45,アニメ 青のオーケストラ シーズン2（4）「体育祭」🈑
帯広,2 NHKEテレ..,2026-07-26,16:10,ピタゴラミングスイッチ2🈑🈞
帯広,2 NHKEテレ..,2026-07-26,16:30,ざわざわ森のがんこちゃん30周年スペシャルがんこのびっくりおたんじょうび会🈖🈑🈞
帯広,2 NHKEテレ..,2026-07-26,17:00,アニメ アオアシ（17）東京都リーグ第7節 多摩体育大学附属高校戦🈑
帯広,2 NHKEテレ..,2026-07-26,17:25,レディー・グレース 女王陛下のスパイ（4）「迷える女王」🈔🈑
帯広,2 NHKEテレ..,2026-07-26,17:50,こども手話ウイークリー🈐
帯広,2 NHKEテレ..,2026-07-26,18:00,木村多江の、いまさらですが… アメリカ建国の立役者 初代財務長官ハミルトン🈖🈑🈞
帯広,2 NHKEテレ..,2026-07-26,18:30,ブリティッシュ・ベイクオフ6（17）チョコレート対決・前編🈔🈑🈞
帯広,2 NHKEテレ..,2026-07-26,19:00,未病息災を願います 選「骨密度」が気になったら🈖🈑
帯広,2 NHKEテレ..,2026-07-26,19:45,365日の献立日記「野菜ずし」🈑
帯広,2 NHKEテレ..,2026-07-26,19:50,5分であさイチ 夏休みの“お昼ごはん”に革命を！🈑
帯広,2 NHKEテレ..,2026-07-26,19:55,NHK手話ニュース🈐
帯広,2 NHKEテレ..,2026-07-26,20:00,日曜美術館 滅びゆく写真 そして人類 現代美術作家・杉本博司🈑🈞
帯広,2 NHKEテレ..,2026-07-26,20:45,日曜美術館 アートシーン「元禄！師宣劇場」展🈑
帯広,2 NHKEテレ..,2026-07-26,21:00,古典芸能への招待 歌舞伎「近江源氏先陣館 盛綱陣屋」大阪松竹座さよなら公演🈕🈑
帯広,2 NHKEテレ..,2026-07-26,23:00,美の壺 選「小さな芸術 干菓子」🈑
帯広,2 NHKEテレ..,2026-07-26,23:30,サイエンスZERO“次世代塗料”が未来を塗り替える！？🈖🈑
帯広,3 NHK総合1..,2026-07-26,05:00,ニュース・気象情報
帯広,3 NHK総合1..,2026-07-26,05:10,Jリーグと私 あの試合を忘れない ＃17 横浜FM🈑
帯広,3 NHK総合1..,2026-07-26,05:15,週末のNスペは… 激変・安全保障 日本の進路は🈑
帯広,3 NHK総合1..,2026-07-26,05:20,桂文珍の演芸図鑑 レ・ロマネスクTOBI 柳亭小燕枝 三拍子🈑
帯広,3 NHK総合1..,2026-07-26,05:50,気象情報
帯広,3 NHK総合1..,2026-07-26,05:55,にっぽん百名山ミニ 3min「夏 五竜岳」🈑
帯広,3 NHK総合1..,2026-07-26,05:58,巡る世界絶景 ベネチアの冬🅍
帯広,3 NHK総合1..,2026-07-26,06:00,ニュース
帯広,3 NHK総合1..,2026-07-26,06:10,【特選！時代劇】大岡越前8 🈟（1）「燃える牢屋敷」🈖🈑
帯広,3 NHK総合1..,2026-07-26,06:53,気象情報
帯広,3 NHK総合1..,2026-07-26,06:55,ニュース・気象情報（北海道）
帯広,3 NHK総合1..,2026-07-26,07:00,NHKニュース おはよう日本 7月26日（日）🈑
帯広,3 NHK総合1..,2026-07-26,07:40,ニュース・気象情報（北海道）
帯広,3 NHK総合1..,2026-07-26,07:45,さわやか自然百景 青森 屏風山湿原池沼群🈑
帯広,3 NHK総合1..,2026-07-26,08:00,小さな旅「大原を継ぐ 〜京都市 左京区〜」🈖🈑
帯広,3 NHK総合1..,2026-07-26,08:25,Dearにっぽん「私たちが新聞を書く理由〜滋賀・虎姫高校〜」🈑
帯広,3 NHK総合1..,2026-07-26,08:50,あさイチの鈴木奈穂子アナが「NHK ONE」を解説🈑
帯広,3 NHK総合1..,2026-07-26,08:57,気象情報
帯広,3 NHK総合1..,2026-07-26,09:00,日曜討論 徹底解説！暑さはどこまで？対策は
帯広,3 NHK総合1..,2026-07-26,10:00,ニュース・気象情報🈑
帯広,3 NHK総合1..,2026-07-26,10:05,明日をまもるナビ選196 都市を襲う水害 内水氾濫〜見えない危険にどう備える🈖🈑
帯広,3 NHK総合1..,2026-07-26,10:30,5分であさイチ（4）知ってトクする旅行術（2）バッグの詰め方🈑
帯広,3 NHK総合1..,2026-07-26,10:35,ゆったり温泉ひとり旅 北海道・登別温泉🈑
帯広,3 NHK総合1..,2026-07-26,11:04,ニュース🈑
帯広,3 NHK総合1..,2026-07-26,11:05,あしたが変わるトリセツショー 骨ケアで健康革命！今すぐできる運動＆食事ワザ🈖🈑🈞
帯広,3 NHK総合1..,2026-07-26,11:50,ふすま絵 奇跡の再会🈑
帯広,3 NHK総合1..,2026-07-26,11:54,気象情報
帯広,3 NHK総合1..,2026-07-26,11:57,気象情報（北海道）
帯広,3 NHK総合1..,2026-07-26,12:00,ニュース🈑
帯広,3 NHK総合1..,2026-07-26,12:10,ニュース（北海道）
帯広,3 NHK総合1..,2026-07-26,12:15,NHKのど自慢 熱唱熱演名場面 2026 Part1🈑
帯広,3 NHK総合1..,2026-07-26,12:55,ドキュメント72時間PR ドキュメント72時間の作り方＜編集・ナレーション編＞🈑
帯広,3 NHK総合1..,2026-07-26,13:00,ニュース・気象情報🈑
帯広,3 NHK総合1..,2026-07-26,13:05,ダーウィンが来た！「相葉さんと探せ！ミクロいきもの超ワールド」🈖🈑🈞
帯広,3 NHK総合1..,2026-07-26,13:35,さわやか自然百景10min．（37）兵庫 猫崎の海と黒川渓谷🈑
帯広,3 NHK総合1..,2026-07-26,13:45,北海道道 GLAYと北海道 −30年の軌跡−🈑🈞
帯広,3 NHK総合1..,2026-07-26,15:00,ニュース・気象情報🈑
帯広,3 NHK総合1..,2026-07-26,15:05,大相撲（2026年） 名古屋場所 千秋楽🈑
帯広,3 NHK総合1..,2026-07-26,15:30,大相撲（2026年） 名古屋場所 千秋楽 優勝力士・三賞力士インタビュー🈔🈑
帯広,3 NHK総合1..,2026-07-26,18:00,ニュース🈑
帯広,3 NHK総合1..,2026-07-26,18:05,有吉のお金発見 突撃！カネオくん 令和に再ブーム！RCカーのヒミツ🈑
帯広,3 NHK総合1..,2026-07-26,18:45,ニュース北海道645 ▽道内各地のニュース ▽全国・全道の気象情報
帯広,3 NHK総合1..,2026-07-26,19:00,NHKニュース7🈔🈑
帯広,3 NHK総合1..,2026-07-26,19:30,ダーウィンが来た！「最大の味方！最強のライバル！？動物兄弟」🈖🈑
帯広,3 NHK総合1..,2026-07-26,20:00,豊臣兄弟！（29）天下への道🈖🈑
帯広,3 NHK総合1..,2026-07-26,20:45,ニュース🈑🈐
帯広,3 NHK総合1..,2026-07-26,20:55,ニュース・気象情報（北海道）
帯広,3 NHK総合1..,2026-07-26,21:00,NHKスペシャル 激変・安全保障 “力の支配”と揺らぐ国際秩序 日本の針路は🈑
帯広,3 NHK総合1..,2026-07-26,22:00,サンデースポーツ🈑
帯広,3 NHK総合1..,2026-07-26,22:50,ニュース・気象情報🈑
帯広,3 NHK総合1..,2026-07-26,22:55,ハロー！NHKワールドJAPAN 7月の地域特集・山口県関連番組紹介🈑
帯広,3 NHK総合1..,2026-07-26,23:00,DOC（ドック）3 あすへのカルテ（8）「暗闇の先へ」🈔🈑
帯広,3 NHK総合1..,2026-07-26,23:59,連続テレビ小説「ひよっこ」再放送PR
帯広,5 札幌テレビ1,2026-07-26,04:45,テレビショッピング
帯広,5 札幌テレビ1,2026-07-26,05:15,テレビショッピング
帯広,5 札幌テレビ1,2026-07-26,05:45,遠くへ行きたい【羽田美智子が宮城へ】和のチーズに万華鏡に伝統こけし作り！🈖🈑
帯広,5 札幌テレビ1,2026-07-26,06:15,NNNニュースサンデー🈐
帯広,5 札幌テレビ1,2026-07-26,06:30,それいけ！アンパンマン「劇場放送36弾 「チャポンのヒーロー！」（前編）」🈖🈑
帯広,5 札幌テレビ1,2026-07-26,07:00,所さんの目がテン！🈑所さんと奥田民生さんが絶品イノシシ肉で燻製作り⁉
帯広,5 札幌テレビ1,2026-07-26,07:30,シューイチ🈑🈓8月から変わること＆新スポット▽秋山＆平子が南房総の体格グルメ堪能
帯広,5 札幌テレビ1,2026-07-26,10:25,一茂×かまいたちゲンバ▼水族館でアシカとご対面▼驚き新食感「糸かき氷」とは？🈑
帯広,5 札幌テレビ1,2026-07-26,11:25,はじまるよっ！STV
帯広,5 札幌テレビ1,2026-07-26,11:30,NNN ストレイトニュース🈑
帯広,5 札幌テレビ1,2026-07-26,11:40,上沼・高田のクギズケ！ 水谷豊の娘婿に文春砲▽W杯でトランプ氏が大批判🈑
帯広,5 札幌テレビ1,2026-07-26,12:35,どさんこワイドにちようび【幻の“積丹ローズ”を探せ！滝谷美夢が駆け巡る！】
帯広,5 札幌テレビ1,2026-07-26,13:00,ググッと‼深掘り北海道🈖🈐
帯広,5 札幌テレビ1,2026-07-26,13:30,そこまで言って委員会NP 「大戦争時代」SP！戦争終結シナリオを徹底討論🈑
帯広,5 札幌テレビ1,2026-07-26,15:00,24時間テレビ企画大公開SP🈑総合司会は内村光良！テーマは「わたしの家族の話」
帯広,5 札幌テレビ1,2026-07-26,15:55,【アメリカ横断ウルトラクイズ】新MC櫻井翔！地球一周特大スケールで復活SP🈑
帯広,5 札幌テレビ1,2026-07-26,16:55,1×8いこうよ！炎の五番勝負！起死回生？怪力王・木村が大泉洋に肉体対決で挑む！🈑
帯広,5 札幌テレビ1,2026-07-26,17:25,STV天気予報
帯広,5 札幌テレビ1,2026-07-26,17:30,笑点🈖🈑🈓城島茂が座布団運び「ザ！鉄腕！DASH！！」×「笑点」夢のコラボDAY
帯広,5 札幌テレビ1,2026-07-26,18:00,真相報道バンキシャ！🈑独自分析…熱中症患者10人の行動に教訓▽花火大会で湿度検証
帯広,5 札幌テレビ1,2026-07-26,18:55,博士は今日も嫉妬する 人生が楽しくなる最新テクノロジー🈑
帯広,5 札幌テレビ1,2026-07-26,19:00,ザ！鉄腕！DASH！！▽笑点60周年記念夏祭り！師匠全員参加で巨大お好み焼き！🈑
帯広,5 札幌テレビ1,2026-07-26,19:58,イッテQ【お祭り男宮川＆二代目手越】フィンランドで丸太乗って川を下る木材選手権🈑
帯広,5 札幌テレビ1,2026-07-26,20:54,音のソノリティ🈑
帯広,5 札幌テレビ1,2026-07-26,21:00,ゴールデンストーンズ▽番組史上最大‼人気芸人軍団と総勢31名の大混戦バトル🈑
帯広,5 札幌テレビ1,2026-07-26,21:54,STV天気予報
帯広,5 札幌テレビ1,2026-07-26,22:00,おしゃれクリップ🈖🈑出川哲朗はなぜ愛される？▼妻や一茂が忖度なしでガチ素顔告白
帯広,5 札幌テレビ1,2026-07-26,22:30,ドラマ「一次元の挿し木」第4話【激動の真相が発覚…古人骨と義妹を巡る謎】🈖🈑🈓
帯広,5 札幌テレビ1,2026-07-26,23:25,道産人間オズブラウン【メニュー化はどっち？究極食材で芸人たちが居酒屋グルメ開発】
帯広,5 札幌テレビ1,2026-07-26,23:55,Going！🈑生出演！渡邊雄太が明かす日本バスケの進化▼赤星絶賛！怪物高校生
帯広,6 HTB1,2026-07-26,04:50,テレビショッピング
帯広,6 HTB1,2026-07-26,05:20,まるっと健康これ1杯青汁の魅力 徹底解明
帯広,6 HTB1,2026-07-26,05:50,グッド！モーニング🈓🈑
帯広,6 HTB1,2026-07-26,08:00,よ〜い！スターと！トビダスクール しなことリボンでTシャツデコ！🈓🈑
帯広,6 HTB1,2026-07-26,08:30,名探偵プリキュア！ ＃26 キュアエクレールの復活！🈓🈑
帯広,6 HTB1,2026-07-26,09:00,仮面ライダーゼッツ 第45話「惑わす」🈓🈑
帯広,6 HTB1,2026-07-26,09:30,🈟角醒ハンター オメガホーン 第1話「角醒せよ！赤き角獣王！」🈓🈑
帯広,6 HTB1,2026-07-26,10:00,題名のない音楽会「オペラ歌手が秘密を打ち明ける休日」🈑
帯広,6 HTB1,2026-07-26,10:30,映画クレヨンしんちゃん新作公開記念 野原家と愉快な妖怪が夏の大冒険SP
帯広,6 HTB1,2026-07-26,11:00,この夏行きたい！東京ドリームパークSP パリ熱狂のゴッホ体験＆アイドルフェス！
帯広,6 HTB1,2026-07-26,11:30,FFFFF 「教えて！齋藤友貴哉」ファンの質問に全て答えます
帯広,6 HTB1,2026-07-26,11:50,ANNニュース🈑
帯広,6 HTB1,2026-07-26,12:00,ビートたけしのTVタックル 昭和は驚きの光景が…令和のゴミ問題＆激安リユース店🈑
帯広,6 HTB1,2026-07-26,12:55,新婚さんいらっしゃい！ オーストラリア在住夫婦出場！親戚100人大運動会⁉ 🈖🈑
帯広,6 HTB1,2026-07-26,13:25,華丸丼と大吉麺 荻窪で発見！あのドラマの監修をした三ツ星店の斬新沖縄そば🈑
帯広,6 HTB1,2026-07-26,13:55,マツコ＆有吉 かりそめ天国 2時間SP 五島列島＆伊豆・熱海ごほうび旅！🈞
帯広,6 HTB1,2026-07-26,15:55,ハナタレナックス選集-ANTHOLOGY- 北海道の笑顔プロジェクト #185「18順目第11話」
帯広,6 HTB1,2026-07-26,16:25,イチモニ！×イチオシ!!onたのしみ増刊号！ 世界に一つだけの味は湯どころ登別編！
帯広,6 HTB1,2026-07-26,17:25,ウェザータイム
帯広,6 HTB1,2026-07-26,17:30,ANNスーパーJチャンネル🈑
帯広,6 HTB1,2026-07-26,18:00,相葉マナブ 初登場！timelesz佐藤勝利と地引き網！相模湾で何が獲れる？🈑
帯広,6 HTB1,2026-07-26,18:52,ウェザータイム
帯広,6 HTB1,2026-07-26,18:56,ポツンと一軒家 2時間SP！84歳チェーンソーアート挑戦！BBQ＆絶景岩風呂🈑
帯広,6 HTB1,2026-07-26,20:56,有働Times🈑
帯広,6 HTB1,2026-07-26,22:15,マイ・フィクション ＃4 刑務所にいるはずの人間🈖🈑
帯広,6 HTB1,2026-07-26,23:09,HTBニュース🈑
帯広,6 HTB1,2026-07-26,23:15,EIGHT－JAM 【中森明菜特集‼松田聖子・小泉今日子との関係、振付秘話…】🈑
帯広,7 TVh1,2026-07-26,04:45,テレショップ  テレビショッピング 佐世保発テレショップ
帯広,7 TVh1,2026-07-26,05:15,TVhお天気情報
帯広,7 TVh1,2026-07-26,05:20,テレショップ  お茶石鹸で感動の若見え！
帯広,7 TVh1,2026-07-26,05:50,7っチャオ！
帯広,7 TVh1,2026-07-26,05:55,テレショップ  暮らし、ハッピーに！
帯広,7 TVh1,2026-07-26,06:25,TVhお天気情報
帯広,7 TVh1,2026-07-26,06:30,テレショップ  グットモットプライス
帯広,7 TVh1,2026-07-26,07:00,アニもり！🈑
帯広,7 TVh1,2026-07-26,07:30,ポケモンとどこいく！？【チャンピオンズ対決に派手刺客でバトル部ピンチ！】🈑🈓
帯広,7 TVh1,2026-07-26,08:30,トミプラワールドのりのりタイムズ！！🈑
帯広,7 TVh1,2026-07-26,09:00,ギャビーのドールハウス 118話 新しい家族のベニー・ボックス（前編）🈑🈔
帯広,7 TVh1,2026-07-26,09:15,ぷにるんず ぷに3 第17話『くーるんとカチコチあいるん♪』🈞🈑
帯広,7 TVh1,2026-07-26,09:30,おねがいアイプリ あおいとおねがいかなえ隊🈑
帯広,7 TVh1,2026-07-26,10:00,武井壮のゴルフバッグ担いでください▽永久保存版！宮里優作プロのゴルフレッスン🈑
帯広,7 TVh1,2026-07-26,10:30,優香のサンデークッキング【レンジde簡単ナスキーマ&グリルde焼きナス】🈑
帯広,7 TVh1,2026-07-26,11:00,ぺこもぐキッチン【真夏のアジフライSP】石原良純の大好物を三枚おろしから調理！🈑
帯広,7 TVh1,2026-07-26,11:30,発見！！食遺産 ＃あなたのレシピ残させてください
帯広,7 TVh1,2026-07-26,11:55,TVhお天気情報
帯広,7 TVh1,2026-07-26,12:00,開運！なんでも鑑定団【目利き王対決にアンガールズ田中が参戦！超豪華ゲスト登場】🈞
帯広,7 TVh1,2026-07-26,13:00,YOUは何しに日本へ？【北海道のお祭りハシゴ旅】🈞
帯広,7 TVh1,2026-07-26,14:00,大東建託・いい部屋ネットレディス🈑
帯広,7 TVh1,2026-07-26,15:15,世界！ニッポン行きたい人応援団【12年間“梅干し”にハマっているアルゼンチン人】🈞
帯広,7 TVh1,2026-07-26,16:10,アキラとあきら 第4話【原作・池井戸潤、向井理×斎藤工のW主演！】
帯広,7 TVh1,2026-07-26,17:10,小田井涼平のレトロマングルメ🈞
帯広,7 TVh1,2026-07-26,17:20,TXNニュース🈑🈐
帯広,7 TVh1,2026-07-26,17:25,TVhお天気情報
帯広,7 TVh1,2026-07-26,17:30,鉄鍋のジャン！「毒を御す者」🈑
帯広,7 TVh1,2026-07-26,18:00,パズドラ「吹き矢コンボバトル／もう一度見たい！アニメセレクション」🈑🈓
帯広,7 TVh1,2026-07-26,18:30,日本の海を守る！海上保安庁の激ヤバすぎる最前線100連発SP🈑🈓
帯広,7 TVh1,2026-07-26,20:50,家、ついて行ってイイですか？菊池風磨愛止まらない女子＆妻夫木涙…亡き妻への想い🈑
帯広,7 TVh1,2026-07-26,21:54,TVhお天気情報
帯広,7 TVh1,2026-07-26,22:00,有吉ぃぃeeeee!【アモアス】クセ者10人でダマし合い！裏切り者は誰だ？🈑
帯広,7 TVh1,2026-07-26,22:48,7っチャオ！・TVhお天気情報
帯広,7 TVh1,2026-07-26,22:54,スポーツリアライブ
帯広,7 TVh1,2026-07-26,23:20,Weekly女子ゴルフ
帯広,7 TVh1,2026-07-26,23:45,ふつつかな悪女ではございますが〜雛宮蝶鼠とりかえ伝〜 第3話🈑
帯広,8 北海道文化放送1,2026-07-26,04:55,テレビショッピング
帯広,8 北海道文化放送1,2026-07-26,05:25,Actually MARKET 知られざる食の世界
帯広,8 北海道文化放送1,2026-07-26,05:30,テレビショッピング
帯広,8 北海道文化放送1,2026-07-26,06:00,FNNニュース／みんなのてんき🈑
帯広,8 北海道文化放送1,2026-07-26,06:15,松本裕子の病を知る
帯広,8 北海道文化放送1,2026-07-26,06:30,はやく起きた朝は・・・
帯広,8 北海道文化放送1,2026-07-26,07:00,SUNDAYブレイク． 千葉県勝浦でオズワルド伊藤が絶叫アクティビティ体験🈑🈕🈓
帯広,8 北海道文化放送1,2026-07-26,08:25,気になる！さっぽろ
帯広,8 北海道文化放送1,2026-07-26,08:30,ショップジャパン
帯広,8 北海道文化放送1,2026-07-26,09:00,DIGIMON BEATBREAK【消せない夜】 ＃40🈑🈖
帯広,8 北海道文化放送1,2026-07-26,09:30,テレビアニメ「鬼滅の刃」シリーズ全編再放送【竈門炭治郎 立志編】🈑🈖🈓
帯広,8 北海道文化放送1,2026-07-26,10:00,かのサンド◆学生街で絶品グルメSP！早稲田コスパ抜群グルメ＆学芸大学の名店中華🈑
帯広,8 北海道文化放送1,2026-07-26,11:15,ミラモンGOLD🈑
帯広,8 北海道文化放送1,2026-07-26,11:45,ニッポン今だ！ラボ🈑
帯広,8 北海道文化放送1,2026-07-26,11:50,FNN Live News days🈑
帯広,8 北海道文化放送1,2026-07-26,12:00,発見！タカトシランド🈞🈑
帯広,8 北海道文化放送1,2026-07-26,13:00,日曜セレクション・火曜は全力！華大さんと千鳥くん🈞🈑
帯広,8 北海道文化放送1,2026-07-26,14:00,ザ・ノンフィクション・上京物語2026 後編 〜新人美容師 夢の別れ道〜🈑
帯広,8 北海道文化放送1,2026-07-26,14:55,みんなのてんき
帯広,8 北海道文化放送1,2026-07-26,15:00,KEIBAプレミア【関屋記念・GⅢ 東海S・GⅢ】
帯広,8 北海道文化放送1,2026-07-26,16:00,しらべてみたら
帯広,8 北海道文化放送1,2026-07-26,16:30,奇跡体験！アンビリバボー【真夏にゾクッ…‼ミステリーファイルSP】🈑
帯広,8 北海道文化放送1,2026-07-26,17:30,Live News イット！🈑
帯広,8 北海道文化放送1,2026-07-26,18:00,ちびまる子ちゃん【隣町の男子とプールで勝負する／たまちゃんちで日曜大工を】🈑🈖
帯広,8 北海道文化放送1,2026-07-26,18:30,サザエさん【憧れの松／うっかりでしっかり ほか】🈑🈖🈓
帯広,8 北海道文化放送1,2026-07-26,19:00,千鳥の鬼レンチャン◆鬼ハード初代女王誕生？STU池ちゃん＆高橋成美サビカラ登場🈑
帯広,8 北海道文化放送1,2026-07-26,21:00,Mr．サンデー🈑🈓
帯広,8 北海道文化放送1,2026-07-26,23:09,8チャン！みちゅバチ
帯広,8 北海道文化放送1,2026-07-26,23:15,ワンピース【エルバフの大罪人 冥界のロキ解放！？】🈑🈖
帯広,8 北海道文化放送1,2026-07-26,23:45,すぽると！ 大谷翔平のストレートは軌道が読めない⁉スター証言＆脳科学から紐解く🈑
釧路,1 HBC,2026-07-26,04:45,ライフライン 人生最高の出会い〜私が見つけた生きる意味〜
釧路,1 HBC,2026-07-26,05:15,テレビショッピング
釧路,1 HBC,2026-07-26,05:45,日本のチカラ ビートで輝け！〜DJ介護士のロマンディスコ〜🈑
釧路,1 HBC,2026-07-26,06:15,ハイグレードS
釧路,1 HBC,2026-07-26,06:30,EzoDriveセレクション
釧路,1 HBC,2026-07-26,06:45,JNNニュース🈐
釧路,1 HBC,2026-07-26,07:00,健康カプセル！ゲンキの時間🈖🈑侮っていると一大事に！？消えないあざに隠れた恐怖
釧路,1 HBC,2026-07-26,07:30,がっちりマンデー‼CMで良く見るけど知らない会社！渡辺パイプ、INPEX、NGK
釧路,1 HBC,2026-07-26,08:00,サンデーモーニング🈑高市総理“寝てない”投稿の波紋▽消費税“迷走”と骨太ショック
釧路,1 HBC,2026-07-26,09:54,サンデー・ジャポン 延長国会閉幕…議員直撃！▽堺雅人が緊急生出演！スタジオ生考察
釧路,1 HBC,2026-07-26,11:23,ガッチャンコHBC★HBCテレビのおすすめ番組
釧路,1 HBC,2026-07-26,11:29,HBC天気予報
釧路,1 HBC,2026-07-26,11:35,上田晋也のサンデーQ🈑堺雅人が生出演「VIVANT」エキストラは4千人！聖地先取り巡礼
釧路,1 HBC,2026-07-26,12:54,S☆1 BASEBALL 「日本ハムvs楽天」🈓
釧路,1 HBC,2026-07-26,16:30,レッツゴー怪奇組 第四怪🈑
釧路,1 HBC,2026-07-26,17:00,日5「正反対な君と僕」 ＃16「新学期」🈑🈓
釧路,1 HBC,2026-07-26,17:30,Nスタ🈑 「飛鳥・藤原の宮都」が世界遺産新登録なるか▽「土用の丑の日」うなぎ店は
釧路,1 HBC,2026-07-26,18:00,世界遺産／バリ島 1000年続く棚田の絶景（インドネシア）🈖🈑
釧路,1 HBC,2026-07-26,18:30,ベスコングルメ★夏の軽井沢SP・そば通DEEN池森オススメの手打ちそば名店へ🈖🈑🈓
釧路,1 HBC,2026-07-26,19:00,バナナマンのせっかくグルメ★VIVANT堺雅人＆濱田岳と日村が人気リゾート地🈑🈓
釧路,1 HBC,2026-07-26,20:00,VIVANT直前生放送★堺×阿部×二宮×松坂が集結！今からでも間に合うSPダイジェスト🈑
釧路,1 HBC,2026-07-26,21:00,🈟日曜劇場「VIVANT」第11話🈖🈑
釧路,1 HBC,2026-07-26,22:19,HBC天気予報
釧路,1 HBC,2026-07-26,22:25,日曜日の初耳学◆堺雅人×林修『VIVANT』放送直後90分SP阿部寛＆初出しメイキング映像
釧路,1 HBC,2026-07-26,23:49,ここに美味あり！〜いっちゃんおいしい北海道〜
釧路,1 HBC,2026-07-26,23:55,黒猫と魔女の教室🈑🈓 ＃16「イオ・トーラス がんばります」【アガルアニメ】
釧路,2 NHKEテレ..,2026-07-26,05:00,こころの時代 わからなさのなかで〜最首悟の思想をたどる〜🈑🈞
釧路,2 NHKEテレ..,2026-07-26,06:00,NHK短歌 わたしの宮沢賢治 テーマ「月」🈑
釧路,2 NHKEテレ..,2026-07-26,06:25,テレビ体操🈑
釧路,2 NHKEテレ..,2026-07-26,06:35,NHK俳句 題「七夕」🈑
釧路,2 NHKEテレ..,2026-07-26,07:00,第93回NHK全国学校音楽コンクール みんなの合唱レッスン・高等学校の部🈑
釧路,2 NHKEテレ..,2026-07-26,07:10,第93回NHK全国学校音楽コンクール みんなの合唱レッスン・中学校の部🈑
釧路,2 NHKEテレ..,2026-07-26,07:20,第93回NHK全国学校音楽コンクール みんなの合唱レッスン・小学校の部🈑
釧路,2 NHKEテレ..,2026-07-26,07:30,おとうさんといっしょ「まねまねどんぐー」🈑🈞
釧路,2 NHKEテレ..,2026-07-26,08:00,やさいの時間 みんなの菜園物語 兵庫県（後編）🈑
釧路,2 NHKEテレ..,2026-07-26,08:25,趣味の園芸 京も一日陽だまり屋「の〜んびり 蘇鉄（そてつ）」🈑
釧路,2 NHKEテレ..,2026-07-26,08:30,趣味の園芸 選 ステキをセレクト！タネから育てるコスモス🈑
釧路,2 NHKEテレ..,2026-07-26,08:55,no art，no life「洋一」🈑
釧路,2 NHKEテレ..,2026-07-26,09:00,日曜美術館 陶芸家ルーシー・リー 繊細でたくましい器🈑
釧路,2 NHKEテレ..,2026-07-26,09:45,日曜美術館 アートシーン「まなざしの奇跡 日本女性写真家の冒険」展🈑
釧路,2 NHKEテレ..,2026-07-26,10:00,将棋フォーカス 選 フォーカス流・観る将検定 第2回！🈑
釧路,2 NHKEテレ..,2026-07-26,10:30,第76回 NHK杯テレビ将棋トーナメント 1回戦第17局 羽生九段×横山七段🈑
釧路,2 NHKEテレ..,2026-07-26,12:00,囲碁フォーカス 選 知らずに使っている！？「囲碁用語」🈑
釧路,2 NHKEテレ..,2026-07-26,12:30,第74回NHK杯テレビ囲碁トーナメント1回戦第17局酒井佑規七段×加藤千笑四段🈑
釧路,2 NHKEテレ..,2026-07-26,14:00,日本の話芸 柳家蝠丸 落語「叩き蟹」🈖🈑
釧路,2 NHKEテレ..,2026-07-26,14:30,アニメ 青のオーケストラ シーズン2（1）「ほころび」🈑
釧路,2 NHKEテレ..,2026-07-26,14:55,アニメ 青のオーケストラ シーズン2（2）「波紋」🈑
釧路,2 NHKEテレ..,2026-07-26,15:20,アニメ 青のオーケストラ シーズン2（3）「ケジメ」🈑
釧路,2 NHKEテレ..,2026-07-26,15:45,アニメ 青のオーケストラ シーズン2（4）「体育祭」🈑
釧路,2 NHKEテレ..,2026-07-26,16:10,ピタゴラミングスイッチ2🈑🈞
釧路,2 NHKEテレ..,2026-07-26,16:30,ざわざわ森のがんこちゃん30周年スペシャルがんこのびっくりおたんじょうび会🈖🈑🈞
釧路,2 NHKEテレ..,2026-07-26,17:00,アニメ アオアシ（17）東京都リーグ第7節 多摩体育大学附属高校戦🈑
釧路,2 NHKEテレ..,2026-07-26,17:25,レディー・グレース 女王陛下のスパイ（4）「迷える女王」🈔🈑
釧路,2 NHKEテレ..,2026-07-26,17:50,こども手話ウイークリー🈐
釧路,2 NHKEテレ..,2026-07-26,18:00,木村多江の、いまさらですが… アメリカ建国の立役者 初代財務長官ハミルトン🈖🈑🈞
釧路,2 NHKEテレ..,2026-07-26,18:30,ブリティッシュ・ベイクオフ6（17）チョコレート対決・前編🈔🈑🈞
釧路,2 NHKEテレ..,2026-07-26,19:00,未病息災を願います 選「骨密度」が気になったら🈖🈑
釧路,2 NHKEテレ..,2026-07-26,19:45,365日の献立日記「野菜ずし」🈑
釧路,2 NHKEテレ..,2026-07-26,19:50,5分であさイチ 夏休みの“お昼ごはん”に革命を！🈑
釧路,2 NHKEテレ..,2026-07-26,19:55,NHK手話ニュース🈐
釧路,2 NHKEテレ..,2026-07-26,20:00,日曜美術館 滅びゆく写真 そして人類 現代美術作家・杉本博司🈑🈞
釧路,2 NHKEテレ..,2026-07-26,20:45,日曜美術館 アートシーン「元禄！師宣劇場」展🈑
釧路,2 NHKEテレ..,2026-07-26,21:00,古典芸能への招待 歌舞伎「近江源氏先陣館 盛綱陣屋」大阪松竹座さよなら公演🈕🈑
釧路,2 NHKEテレ..,2026-07-26,23:00,美の壺 選「小さな芸術 干菓子」🈑
釧路,2 NHKEテレ..,2026-07-26,23:30,サイエンスZERO“次世代塗料”が未来を塗り替える！？🈖🈑
釧路,3 NHK総合1..,2026-07-26,05:00,ニュース・気象情報
釧路,3 NHK総合1..,2026-07-26,05:10,Jリーグと私 あの試合を忘れない ＃17 横浜FM🈑
釧路,3 NHK総合1..,2026-07-26,05:15,週末のNスペは… 激変・安全保障 日本の進路は🈑
釧路,3 NHK総合1..,2026-07-26,05:20,桂文珍の演芸図鑑 レ・ロマネスクTOBI 柳亭小燕枝 三拍子🈑
釧路,3 NHK総合1..,2026-07-26,05:50,気象情報
釧路,3 NHK総合1..,2026-07-26,05:55,にっぽん百名山ミニ 3min「夏 五竜岳」🈑
釧路,3 NHK総合1..,2026-07-26,05:58,巡る世界絶景 ベネチアの冬🅍
釧路,3 NHK総合1..,2026-07-26,06:00,ニュース
釧路,3 NHK総合1..,2026-07-26,06:10,【特選！時代劇】大岡越前8 🈟（1）「燃える牢屋敷」🈖🈑
釧路,3 NHK総合1..,2026-07-26,06:53,気象情報
釧路,3 NHK総合1..,2026-07-26,06:55,ニュース・気象情報（北海道）
釧路,3 NHK総合1..,2026-07-26,07:00,NHKニュース おはよう日本 7月26日（日）🈑
釧路,3 NHK総合1..,2026-07-26,07:40,ニュース・気象情報（北海道）
釧路,3 NHK総合1..,2026-07-26,07:45,さわやか自然百景 青森 屏風山湿原池沼群🈑
釧路,3 NHK総合1..,2026-07-26,08:00,小さな旅「大原を継ぐ 〜京都市 左京区〜」🈖🈑
釧路,3 NHK総合1..,2026-07-26,08:25,Dearにっぽん「私たちが新聞を書く理由〜滋賀・虎姫高校〜」🈑
釧路,3 NHK総合1..,2026-07-26,08:50,あさイチの鈴木奈穂子アナが「NHK ONE」を解説🈑
釧路,3 NHK総合1..,2026-07-26,08:57,気象情報
釧路,3 NHK総合1..,2026-07-26,09:00,日曜討論 徹底解説！暑さはどこまで？対策は
釧路,3 NHK総合1..,2026-07-26,10:00,ニュース・気象情報🈑
釧路,3 NHK総合1..,2026-07-26,10:05,明日をまもるナビ選196 都市を襲う水害 内水氾濫〜見えない危険にどう備える🈖🈑
釧路,3 NHK総合1..,2026-07-26,10:30,5分であさイチ（4）知ってトクする旅行術（2）バッグの詰め方🈑
釧路,3 NHK総合1..,2026-07-26,10:35,ゆったり温泉ひとり旅 北海道・登別温泉🈑
釧路,3 NHK総合1..,2026-07-26,11:04,ニュース🈑
釧路,3 NHK総合1..,2026-07-26,11:05,あしたが変わるトリセツショー 骨ケアで健康革命！今すぐできる運動＆食事ワザ🈖🈑🈞
釧路,3 NHK総合1..,2026-07-26,11:50,ふすま絵 奇跡の再会🈑
釧路,3 NHK総合1..,2026-07-26,11:54,気象情報
釧路,3 NHK総合1..,2026-07-26,11:57,気象情報（北海道）
釧路,3 NHK総合1..,2026-07-26,12:00,ニュース🈑
釧路,3 NHK総合1..,2026-07-26,12:10,ニュース（北海道）
釧路,3 NHK総合1..,2026-07-26,12:15,NHKのど自慢 熱唱熱演名場面 2026 Part1🈑
釧路,3 NHK総合1..,2026-07-26,12:55,ドキュメント72時間PR ドキュメント72時間の作り方＜編集・ナレーション編＞🈑
釧路,3 NHK総合1..,2026-07-26,13:00,ニュース・気象情報🈑
釧路,3 NHK総合1..,2026-07-26,13:05,ダーウィンが来た！「相葉さんと探せ！ミクロいきもの超ワールド」🈖🈑🈞
釧路,3 NHK総合1..,2026-07-26,13:35,さわやか自然百景10min．（37）兵庫 猫崎の海と黒川渓谷🈑
釧路,3 NHK総合1..,2026-07-26,13:45,北海道道 GLAYと北海道 −30年の軌跡−🈑🈞
釧路,3 NHK総合1..,2026-07-26,15:00,ニュース・気象情報🈑
釧路,3 NHK総合1..,2026-07-26,15:05,大相撲（2026年） 名古屋場所 千秋楽🈑
釧路,3 NHK総合1..,2026-07-26,15:30,大相撲（2026年） 名古屋場所 千秋楽 優勝力士・三賞力士インタビュー🈔🈑
釧路,3 NHK総合1..,2026-07-26,18:00,ニュース🈑
釧路,3 NHK総合1..,2026-07-26,18:05,有吉のお金発見 突撃！カネオくん 令和に再ブーム！RCカーのヒミツ🈑
釧路,3 NHK総合1..,2026-07-26,18:45,ニュース北海道645 ▽道内各地のニュース ▽全国・全道の気象情報
釧路,3 NHK総合1..,2026-07-26,19:00,NHKニュース7🈔🈑
釧路,3 NHK総合1..,2026-07-26,19:30,ダーウィンが来た！「最大の味方！最強のライバル！？動物兄弟」🈖🈑
釧路,3 NHK総合1..,2026-07-26,20:00,豊臣兄弟！（29）天下への道🈖🈑
釧路,3 NHK総合1..,2026-07-26,20:45,ニュース🈑🈐
釧路,3 NHK総合1..,2026-07-26,20:55,ニュース・気象情報（北海道）
釧路,3 NHK総合1..,2026-07-26,21:00,NHKスペシャル 激変・安全保障 “力の支配”と揺らぐ国際秩序 日本の針路は🈑
釧路,3 NHK総合1..,2026-07-26,22:00,サンデースポーツ🈑
釧路,3 NHK総合1..,2026-07-26,22:50,ニュース・気象情報🈑
釧路,3 NHK総合1..,2026-07-26,22:55,ハロー！NHKワールドJAPAN 7月の地域特集・山口県関連番組紹介🈑
釧路,3 NHK総合1..,2026-07-26,23:00,DOC（ドック）3 あすへのカルテ（8）「暗闇の先へ」🈔🈑
釧路,3 NHK総合1..,2026-07-26,23:59,連続テレビ小説「ひよっこ」再放送PR
釧路,5 札幌テレビ1,2026-07-26,04:45,テレビショッピング
釧路,5 札幌テレビ1,2026-07-26,05:15,テレビショッピング
釧路,5 札幌テレビ1,2026-07-26,05:45,遠くへ行きたい【羽田美智子が宮城へ】和のチーズに万華鏡に伝統こけし作り！🈖🈑
釧路,5 札幌テレビ1,2026-07-26,06:15,NNNニュースサンデー🈐
釧路,5 札幌テレビ1,2026-07-26,06:30,それいけ！アンパンマン「劇場放送36弾 「チャポンのヒーロー！」（前編）」🈖🈑
釧路,5 札幌テレビ1,2026-07-26,07:00,所さんの目がテン！🈑所さんと奥田民生さんが絶品イノシシ肉で燻製作り⁉
釧路,5 札幌テレビ1,2026-07-26,07:30,シューイチ🈑🈓8月から変わること＆新スポット▽秋山＆平子が南房総の体格グルメ堪能
釧路,5 札幌テレビ1,2026-07-26,10:25,一茂×かまいたちゲンバ▼水族館でアシカとご対面▼驚き新食感「糸かき氷」とは？🈑
釧路,5 札幌テレビ1,2026-07-26,11:25,はじまるよっ！STV
釧路,5 札幌テレビ1,2026-07-26,11:30,NNN ストレイトニュース🈑
釧路,5 札幌テレビ1,2026-07-26,11:40,上沼・高田のクギズケ！ 水谷豊の娘婿に文春砲▽W杯でトランプ氏が大批判🈑
釧路,5 札幌テレビ1,2026-07-26,12:35,どさんこワイドにちようび【幻の“積丹ローズ”を探せ！滝谷美夢が駆け巡る！】
釧路,5 札幌テレビ1,2026-07-26,13:00,ググッと‼深掘り北海道🈖🈐
釧路,5 札幌テレビ1,2026-07-26,13:30,そこまで言って委員会NP 「大戦争時代」SP！戦争終結シナリオを徹底討論🈑
釧路,5 札幌テレビ1,2026-07-26,15:00,24時間テレビ企画大公開SP🈑総合司会は内村光良！テーマは「わたしの家族の話」
釧路,5 札幌テレビ1,2026-07-26,15:55,【アメリカ横断ウルトラクイズ】新MC櫻井翔！地球一周特大スケールで復活SP🈑
釧路,5 札幌テレビ1,2026-07-26,16:55,1×8いこうよ！炎の五番勝負！起死回生？怪力王・木村が大泉洋に肉体対決で挑む！🈑
釧路,5 札幌テレビ1,2026-07-26,17:25,STV天気予報
釧路,5 札幌テレビ1,2026-07-26,17:30,笑点🈖🈑🈓城島茂が座布団運び「ザ！鉄腕！DASH！！」×「笑点」夢のコラボDAY
釧路,5 札幌テレビ1,2026-07-26,18:00,真相報道バンキシャ！🈑独自分析…熱中症患者10人の行動に教訓▽花火大会で湿度検証
釧路,5 札幌テレビ1,2026-07-26,18:55,博士は今日も嫉妬する 人生が楽しくなる最新テクノロジー🈑
釧路,5 札幌テレビ1,2026-07-26,19:00,ザ！鉄腕！DASH！！▽笑点60周年記念夏祭り！師匠全員参加で巨大お好み焼き！🈑
釧路,5 札幌テレビ1,2026-07-26,19:58,イッテQ【お祭り男宮川＆二代目手越】フィンランドで丸太乗って川を下る木材選手権🈑
釧路,5 札幌テレビ1,2026-07-26,20:54,音のソノリティ🈑
釧路,5 札幌テレビ1,2026-07-26,21:00,ゴールデンストーンズ▽番組史上最大‼人気芸人軍団と総勢31名の大混戦バトル🈑
釧路,5 札幌テレビ1,2026-07-26,21:54,STV天気予報
釧路,5 札幌テレビ1,2026-07-26,22:00,おしゃれクリップ🈖🈑出川哲朗はなぜ愛される？▼妻や一茂が忖度なしでガチ素顔告白
釧路,5 札幌テレビ1,2026-07-26,22:30,ドラマ「一次元の挿し木」第4話【激動の真相が発覚…古人骨と義妹を巡る謎】🈖🈑🈓
釧路,5 札幌テレビ1,2026-07-26,23:25,道産人間オズブラウン【メニュー化はどっち？究極食材で芸人たちが居酒屋グルメ開発】
釧路,5 札幌テレビ1,2026-07-26,23:55,Going！🈑生出演！渡邊雄太が明かす日本バスケの進化▼赤星絶賛！怪物高校生
釧路,6 HTB1,2026-07-26,04:50,テレビショッピング
釧路,6 HTB1,2026-07-26,05:20,まるっと健康これ1杯青汁の魅力 徹底解明
釧路,6 HTB1,2026-07-26,05:50,グッド！モーニング🈓🈑
釧路,6 HTB1,2026-07-26,08:00,よ〜い！スターと！トビダスクール しなことリボンでTシャツデコ！🈓🈑
釧路,6 HTB1,2026-07-26,08:30,名探偵プリキュア！ ＃26 キュアエクレールの復活！🈓🈑
釧路,6 HTB1,2026-07-26,09:00,仮面ライダーゼッツ 第45話「惑わす」🈓🈑
釧路,6 HTB1,2026-07-26,09:30,🈟角醒ハンター オメガホーン 第1話「角醒せよ！赤き角獣王！」🈓🈑
釧路,6 HTB1,2026-07-26,10:00,題名のない音楽会「オペラ歌手が秘密を打ち明ける休日」🈑
釧路,6 HTB1,2026-07-26,10:30,映画クレヨンしんちゃん新作公開記念 野原家と愉快な妖怪が夏の大冒険SP
釧路,6 HTB1,2026-07-26,11:00,この夏行きたい！東京ドリームパークSP パリ熱狂のゴッホ体験＆アイドルフェス！
釧路,6 HTB1,2026-07-26,11:30,FFFFF 「教えて！齋藤友貴哉」ファンの質問に全て答えます
釧路,6 HTB1,2026-07-26,11:50,ANNニュース🈑
釧路,6 HTB1,2026-07-26,12:00,ビートたけしのTVタックル 昭和は驚きの光景が…令和のゴミ問題＆激安リユース店🈑
釧路,6 HTB1,2026-07-26,12:55,新婚さんいらっしゃい！ オーストラリア在住夫婦出場！親戚100人大運動会⁉ 🈖🈑
釧路,6 HTB1,2026-07-26,13:25,華丸丼と大吉麺 荻窪で発見！あのドラマの監修をした三ツ星店の斬新沖縄そば🈑
釧路,6 HTB1,2026-07-26,13:55,マツコ＆有吉 かりそめ天国 2時間SP 五島列島＆伊豆・熱海ごほうび旅！🈞
釧路,6 HTB1,2026-07-26,15:55,ハナタレナックス選集-ANTHOLOGY- 北海道の笑顔プロジェクト #185「18順目第11話」
釧路,6 HTB1,2026-07-26,16:25,イチモニ！×イチオシ!!onたのしみ増刊号！ 世界に一つだけの味は湯どころ登別編！
釧路,6 HTB1,2026-07-26,17:25,ウェザータイム
釧路,6 HTB1,2026-07-26,17:30,ANNスーパーJチャンネル🈑
釧路,6 HTB1,2026-07-26,18:00,相葉マナブ 初登場！timelesz佐藤勝利と地引き網！相模湾で何が獲れる？🈑
釧路,6 HTB1,2026-07-26,18:52,ウェザータイム
釧路,6 HTB1,2026-07-26,18:56,ポツンと一軒家 2時間SP！84歳チェーンソーアート挑戦！BBQ＆絶景岩風呂🈑
釧路,6 HTB1,2026-07-26,20:56,有働Times🈑
釧路,6 HTB1,2026-07-26,22:15,マイ・フィクション ＃4 刑務所にいるはずの人間🈖🈑
釧路,6 HTB1,2026-07-26,23:09,HTBニュース🈑
釧路,6 HTB1,2026-07-26,23:15,EIGHT－JAM 【中森明菜特集‼松田聖子・小泉今日子との関係、振付秘話…】🈑
釧路,7 TVh1,2026-07-26,04:45,テレショップ  テレビショッピング 佐世保発テレショップ
釧路,7 TVh1,2026-07-26,05:15,TVhお天気情報
釧路,7 TVh1,2026-07-26,05:20,テレショップ  お茶石鹸で感動の若見え！
釧路,7 TVh1,2026-07-26,05:50,7っチャオ！
釧路,7 TVh1,2026-07-26,05:55,テレショップ  暮らし、ハッピーに！
釧路,7 TVh1,2026-07-26,06:25,TVhお天気情報
釧路,7 TVh1,2026-07-26,06:30,テレショップ  グットモットプライス
釧路,7 TVh1,2026-07-26,07:00,アニもり！🈑
釧路,7 TVh1,2026-07-26,07:30,ポケモンとどこいく！？【チャンピオンズ対決に派手刺客でバトル部ピンチ！】🈑🈓
釧路,7 TVh1,2026-07-26,08:30,トミプラワールドのりのりタイムズ！！🈑
釧路,7 TVh1,2026-07-26,09:00,ギャビーのドールハウス 118話 新しい家族のベニー・ボックス（前編）🈑🈔
釧路,7 TVh1,2026-07-26,09:15,ぷにるんず ぷに3 第17話『くーるんとカチコチあいるん♪』🈞🈑
釧路,7 TVh1,2026-07-26,09:30,おねがいアイプリ あおいとおねがいかなえ隊🈑
釧路,7 TVh1,2026-07-26,10:00,武井壮のゴルフバッグ担いでください▽永久保存版！宮里優作プロのゴルフレッスン🈑
釧路,7 TVh1,2026-07-26,10:30,優香のサンデークッキング【レンジde簡単ナスキーマ&グリルde焼きナス】🈑
釧路,7 TVh1,2026-07-26,11:00,ぺこもぐキッチン【真夏のアジフライSP】石原良純の大好物を三枚おろしから調理！🈑
釧路,7 TVh1,2026-07-26,11:30,発見！！食遺産 ＃あなたのレシピ残させてください
釧路,7 TVh1,2026-07-26,11:55,TVhお天気情報
釧路,7 TVh1,2026-07-26,12:00,開運！なんでも鑑定団【目利き王対決にアンガールズ田中が参戦！超豪華ゲスト登場】🈞
釧路,7 TVh1,2026-07-26,13:00,YOUは何しに日本へ？【北海道のお祭りハシゴ旅】🈞
釧路,7 TVh1,2026-07-26,14:00,大東建託・いい部屋ネットレディス🈑
釧路,7 TVh1,2026-07-26,15:15,世界！ニッポン行きたい人応援団【12年間“梅干し”にハマっているアルゼンチン人】🈞
釧路,7 TVh1,2026-07-26,16:10,アキラとあきら 第4話【原作・池井戸潤、向井理×斎藤工のW主演！】
釧路,7 TVh1,2026-07-26,17:10,小田井涼平のレトロマングルメ🈞
釧路,7 TVh1,2026-07-26,17:20,TXNニュース🈑🈐
釧路,7 TVh1,2026-07-26,17:25,TVhお天気情報
釧路,7 TVh1,2026-07-26,17:30,鉄鍋のジャン！「毒を御す者」🈑
釧路,7 TVh1,2026-07-26,18:00,パズドラ「吹き矢コンボバトル／もう一度見たい！アニメセレクション」🈑🈓
釧路,7 TVh1,2026-07-26,18:30,日本の海を守る！海上保安庁の激ヤバすぎる最前線100連発SP🈑🈓
釧路,7 TVh1,2026-07-26,20:50,家、ついて行ってイイですか？菊池風磨愛止まらない女子＆妻夫木涙…亡き妻への想い🈑
釧路,7 TVh1,2026-07-26,21:54,TVhお天気情報
釧路,7 TVh1,2026-07-26,22:00,有吉ぃぃeeeee!【アモアス】クセ者10人でダマし合い！裏切り者は誰だ？🈑
釧路,7 TVh1,2026-07-26,22:48,7っチャオ！・TVhお天気情報
釧路,7 TVh1,2026-07-26,22:54,スポーツリアライブ
釧路,7 TVh1,2026-07-26,23:20,Weekly女子ゴルフ
釧路,7 TVh1,2026-07-26,23:45,ふつつかな悪女ではございますが〜雛宮蝶鼠とりかえ伝〜 第3話🈑
釧路,8 北海道文化放送1,2026-07-26,04:55,テレビショッピング
釧路,8 北海道文化放送1,2026-07-26,05:25,Actually MARKET 知られざる食の世界
釧路,8 北海道文化放送1,2026-07-26,05:30,テレビショッピング
釧路,8 北海道文化放送1,2026-07-26,06:00,FNNニュース／みんなのてんき🈑
釧路,8 北海道文化放送1,2026-07-26,06:15,松本裕子の病を知る
釧路,8 北海道文化放送1,2026-07-26,06:30,はやく起きた朝は・・・
釧路,8 北海道文化放送1,2026-07-26,07:00,SUNDAYブレイク． 千葉県勝浦でオズワルド伊藤が絶叫アクティビティ体験🈑🈕🈓
釧路,8 北海道文化放送1,2026-07-26,08:25,気になる！さっぽろ
釧路,8 北海道文化放送1,2026-07-26,08:30,ショップジャパン
釧路,8 北海道文化放送1,2026-07-26,09:00,DIGIMON BEATBREAK【消せない夜】 ＃40🈑🈖
釧路,8 北海道文化放送1,2026-07-26,09:30,テレビアニメ「鬼滅の刃」シリーズ全編再放送【竈門炭治郎 立志編】🈑🈖🈓
釧路,8 北海道文化放送1,2026-07-26,10:00,かのサンド◆学生街で絶品グルメSP！早稲田コスパ抜群グルメ＆学芸大学の名店中華🈑
釧路,8 北海道文化放送1,2026-07-26,11:15,ミラモンGOLD🈑
釧路,8 北海道文化放送1,2026-07-26,11:45,ニッポン今だ！ラボ🈑
釧路,8 北海道文化放送1,2026-07-26,11:50,FNN Live News days🈑
釧路,8 北海道文化放送1,2026-07-26,12:00,発見！タカトシランド🈞🈑
釧路,8 北海道文化放送1,2026-07-26,13:00,日曜セレクション・火曜は全力！華大さんと千鳥くん🈞🈑
釧路,8 北海道文化放送1,2026-07-26,14:00,ザ・ノンフィクション・上京物語2026 後編 〜新人美容師 夢の別れ道〜🈑
釧路,8 北海道文化放送1,2026-07-26,14:55,みんなのてんき
釧路,8 北海道文化放送1,2026-07-26,15:00,KEIBAプレミア【関屋記念・GⅢ 東海S・GⅢ】
釧路,8 北海道文化放送1,2026-07-26,16:00,しらべてみたら
釧路,8 北海道文化放送1,2026-07-26,16:30,奇跡体験！アンビリバボー【真夏にゾクッ…‼ミステリーファイルSP】🈑
釧路,8 北海道文化放送1,2026-07-26,17:30,Live News イット！🈑
釧路,8 北海道文化放送1,2026-07-26,18:00,ちびまる子ちゃん【隣町の男子とプールで勝負する／たまちゃんちで日曜大工を】🈑🈖
釧路,8 北海道文化放送1,2026-07-26,18:30,サザエさん【憧れの松／うっかりでしっかり ほか】🈑🈖🈓
釧路,8 北海道文化放送1,2026-07-26,19:00,千鳥の鬼レンチャン◆鬼ハード初代女王誕生？STU池ちゃん＆高橋成美サビカラ登場🈑
釧路,8 北海道文化放送1,2026-07-26,21:00,Mr．サンデー🈑🈓
釧路,8 北海道文化放送1,2026-07-26,23:09,8チャン！みちゅバチ
釧路,8 北海道文化放送1,2026-07-26,23:15,ワンピース【エルバフの大罪人 冥界のロキ解放！？】🈑🈖
釧路,8 北海道文化放送1,2026-07-26,23:45,すぽると！ 大谷翔平のストレートは軌道が読めない⁉スター証言＆脳科学から紐解く🈑
北見,1 HBC,2026-07-26,04:45,ライフライン 人生最高の出会い〜私が見つけた生きる意味〜
北見,1 HBC,2026-07-26,05:15,テレビショッピング
北見,1 HBC,2026-07-26,05:45,日本のチカラ ビートで輝け！〜DJ介護士のロマンディスコ〜🈑
北見,1 HBC,2026-07-26,06:15,ハイグレードS
北見,1 HBC,2026-07-26,06:30,EzoDriveセレクション
北見,1 HBC,2026-07-26,06:45,JNNニュース🈐
北見,1 HBC,2026-07-26,07:00,健康カプセル！ゲンキの時間🈖🈑侮っていると一大事に！？消えないあざに隠れた恐怖
北見,1 HBC,2026-07-26,07:30,がっちりマンデー‼CMで良く見るけど知らない会社！渡辺パイプ、INPEX、NGK
北見,1 HBC,2026-07-26,08:00,サンデーモーニング🈑高市総理“寝てない”投稿の波紋▽消費税“迷走”と骨太ショック
北見,1 HBC,2026-07-26,09:54,サンデー・ジャポン 延長国会閉幕…議員直撃！▽堺雅人が緊急生出演！スタジオ生考察
北見,1 HBC,2026-07-26,11:23,ガッチャンコHBC★HBCテレビのおすすめ番組
北見,1 HBC,2026-07-26,11:29,HBC天気予報
北見,1 HBC,2026-07-26,11:35,上田晋也のサンデーQ🈑堺雅人が生出演「VIVANT」エキストラは4千人！聖地先取り巡礼
北見,1 HBC,2026-07-26,12:54,S☆1 BASEBALL 「日本ハムvs楽天」🈓
北見,1 HBC,2026-07-26,16:30,レッツゴー怪奇組 第四怪🈑
北見,1 HBC,2026-07-26,17:00,日5「正反対な君と僕」 ＃16「新学期」🈑🈓
北見,1 HBC,2026-07-26,17:30,Nスタ🈑 「飛鳥・藤原の宮都」が世界遺産新登録なるか▽「土用の丑の日」うなぎ店は
北見,1 HBC,2026-07-26,18:00,世界遺産／バリ島 1000年続く棚田の絶景（インドネシア）🈖🈑
北見,1 HBC,2026-07-26,18:30,ベスコングルメ★夏の軽井沢SP・そば通DEEN池森オススメの手打ちそば名店へ🈖🈑🈓
北見,1 HBC,2026-07-26,19:00,バナナマンのせっかくグルメ★VIVANT堺雅人＆濱田岳と日村が人気リゾート地🈑🈓
北見,1 HBC,2026-07-26,20:00,VIVANT直前生放送★堺×阿部×二宮×松坂が集結！今からでも間に合うSPダイジェスト🈑
北見,1 HBC,2026-07-26,21:00,🈟日曜劇場「VIVANT」第11話🈖🈑
北見,1 HBC,2026-07-26,22:19,HBC天気予報
北見,1 HBC,2026-07-26,22:25,日曜日の初耳学◆堺雅人×林修『VIVANT』放送直後90分SP阿部寛＆初出しメイキング映像
北見,1 HBC,2026-07-26,23:49,ここに美味あり！〜いっちゃんおいしい北海道〜
北見,1 HBC,2026-07-26,23:55,黒猫と魔女の教室🈑🈓 ＃16「イオ・トーラス がんばります」【アガルアニメ】
北見,2 NHKEテレ..,2026-07-26,05:00,こころの時代 わからなさのなかで〜最首悟の思想をたどる〜🈑🈞
北見,2 NHKEテレ..,2026-07-26,06:00,NHK短歌 わたしの宮沢賢治 テーマ「月」🈑
北見,2 NHKEテレ..,2026-07-26,06:25,テレビ体操🈑
北見,2 NHKEテレ..,2026-07-26,06:35,NHK俳句 題「七夕」🈑
北見,2 NHKEテレ..,2026-07-26,07:00,第93回NHK全国学校音楽コンクール みんなの合唱レッスン・高等学校の部🈑
北見,2 NHKEテレ..,2026-07-26,07:10,第93回NHK全国学校音楽コンクール みんなの合唱レッスン・中学校の部🈑
北見,2 NHKEテレ..,2026-07-26,07:20,第93回NHK全国学校音楽コンクール みんなの合唱レッスン・小学校の部🈑
北見,2 NHKEテレ..,2026-07-26,07:30,おとうさんといっしょ「まねまねどんぐー」🈑🈞
北見,2 NHKEテレ..,2026-07-26,08:00,やさいの時間 みんなの菜園物語 兵庫県（後編）🈑
北見,2 NHKEテレ..,2026-07-26,08:25,趣味の園芸 京も一日陽だまり屋「の〜んびり 蘇鉄（そてつ）」🈑
北見,2 NHKEテレ..,2026-07-26,08:30,趣味の園芸 選 ステキをセレクト！タネから育てるコスモス🈑
北見,2 NHKEテレ..,2026-07-26,08:55,no art，no life「洋一」🈑
北見,2 NHKEテレ..,2026-07-26,09:00,日曜美術館 陶芸家ルーシー・リー 繊細でたくましい器🈑
北見,2 NHKEテレ..,2026-07-26,09:45,日曜美術館 アートシーン「まなざしの奇跡 日本女性写真家の冒険」展🈑
北見,2 NHKEテレ..,2026-07-26,10:00,将棋フォーカス 選 フォーカス流・観る将検定 第2回！🈑
北見,2 NHKEテレ..,2026-07-26,10:30,第76回 NHK杯テレビ将棋トーナメント 1回戦第17局 羽生九段×横山七段🈑
北見,2 NHKEテレ..,2026-07-26,12:00,囲碁フォーカス 選 知らずに使っている！？「囲碁用語」🈑
北見,2 NHKEテレ..,2026-07-26,12:30,第74回NHK杯テレビ囲碁トーナメント1回戦第17局酒井佑規七段×加藤千笑四段🈑
北見,2 NHKEテレ..,2026-07-26,14:00,日本の話芸 柳家蝠丸 落語「叩き蟹」🈖🈑
北見,2 NHKEテレ..,2026-07-26,14:30,アニメ 青のオーケストラ シーズン2（1）「ほころび」🈑
北見,2 NHKEテレ..,2026-07-26,14:55,アニメ 青のオーケストラ シーズン2（2）「波紋」🈑
北見,2 NHKEテレ..,2026-07-26,15:20,アニメ 青のオーケストラ シーズン2（3）「ケジメ」🈑
北見,2 NHKEテレ..,2026-07-26,15:45,アニメ 青のオーケストラ シーズン2（4）「体育祭」🈑
北見,2 NHKEテレ..,2026-07-26,16:10,ピタゴラミングスイッチ2🈑🈞
北見,2 NHKEテレ..,2026-07-26,16:30,ざわざわ森のがんこちゃん30周年スペシャルがんこのびっくりおたんじょうび会🈖🈑🈞
北見,2 NHKEテレ..,2026-07-26,17:00,アニメ アオアシ（17）東京都リーグ第7節 多摩体育大学附属高校戦🈑
北見,2 NHKEテレ..,2026-07-26,17:25,レディー・グレース 女王陛下のスパイ（4）「迷える女王」🈔🈑
北見,2 NHKEテレ..,2026-07-26,17:50,こども手話ウイークリー🈐
北見,2 NHKEテレ..,2026-07-26,18:00,木村多江の、いまさらですが… アメリカ建国の立役者 初代財務長官ハミルトン🈖🈑🈞
北見,2 NHKEテレ..,2026-07-26,18:30,ブリティッシュ・ベイクオフ6（17）チョコレート対決・前編🈔🈑🈞
北見,2 NHKEテレ..,2026-07-26,19:00,未病息災を願います 選「骨密度」が気になったら🈖🈑
北見,2 NHKEテレ..,2026-07-26,19:45,365日の献立日記「野菜ずし」🈑
北見,2 NHKEテレ..,2026-07-26,19:50,5分であさイチ 夏休みの“お昼ごはん”に革命を！🈑
北見,2 NHKEテレ..,2026-07-26,19:55,NHK手話ニュース🈐
北見,2 NHKEテレ..,2026-07-26,20:00,日曜美術館 滅びゆく写真 そして人類 現代美術作家・杉本博司🈑🈞
北見,2 NHKEテレ..,2026-07-26,20:45,日曜美術館 アートシーン「元禄！師宣劇場」展🈑
北見,2 NHKEテレ..,2026-07-26,21:00,古典芸能への招待 歌舞伎「近江源氏先陣館 盛綱陣屋」大阪松竹座さよなら公演🈕🈑
北見,2 NHKEテレ..,2026-07-26,23:00,美の壺 選「小さな芸術 干菓子」🈑
北見,2 NHKEテレ..,2026-07-26,23:30,サイエンスZERO“次世代塗料”が未来を塗り替える！？🈖🈑
北見,3 NHK総合1..,2026-07-26,05:00,ニュース・気象情報
北見,3 NHK総合1..,2026-07-26,05:10,Jリーグと私 あの試合を忘れない ＃17 横浜FM🈑
北見,3 NHK総合1..,2026-07-26,05:15,週末のNスペは… 激変・安全保障 日本の進路は🈑
北見,3 NHK総合1..,2026-07-26,05:20,桂文珍の演芸図鑑 レ・ロマネスクTOBI 柳亭小燕枝 三拍子🈑
北見,3 NHK総合1..,2026-07-26,05:50,気象情報
北見,3 NHK総合1..,2026-07-26,05:55,にっぽん百名山ミニ 3min「夏 五竜岳」🈑
北見,3 NHK総合1..,2026-07-26,05:58,巡る世界絶景 ベネチアの冬🅍
北見,3 NHK総合1..,2026-07-26,06:00,ニュース
北見,3 NHK総合1..,2026-07-26,06:10,【特選！時代劇】大岡越前8 🈟（1）「燃える牢屋敷」🈖🈑
北見,3 NHK総合1..,2026-07-26,06:53,気象情報
北見,3 NHK総合1..,2026-07-26,06:55,ニュース・気象情報（北海道）
北見,3 NHK総合1..,2026-07-26,07:00,NHKニュース おはよう日本 7月26日（日）🈑
北見,3 NHK総合1..,2026-07-26,07:40,ニュース・気象情報（北海道）
北見,3 NHK総合1..,2026-07-26,07:45,さわやか自然百景 青森 屏風山湿原池沼群🈑
北見,3 NHK総合1..,2026-07-26,08:00,小さな旅「大原を継ぐ 〜京都市 左京区〜」🈖🈑
北見,3 NHK総合1..,2026-07-26,08:25,Dearにっぽん「私たちが新聞を書く理由〜滋賀・虎姫高校〜」🈑
北見,3 NHK総合1..,2026-07-26,08:50,あさイチの鈴木奈穂子アナが「NHK ONE」を解説🈑
北見,3 NHK総合1..,2026-07-26,08:57,気象情報
北見,3 NHK総合1..,2026-07-26,09:00,日曜討論 徹底解説！暑さはどこまで？対策は
北見,3 NHK総合1..,2026-07-26,10:00,ニュース・気象情報🈑
北見,3 NHK総合1..,2026-07-26,10:05,明日をまもるナビ選196 都市を襲う水害 内水氾濫〜見えない危険にどう備える🈖🈑
北見,3 NHK総合1..,2026-07-26,10:30,5分であさイチ（4）知ってトクする旅行術（2）バッグの詰め方🈑
北見,3 NHK総合1..,2026-07-26,10:35,ゆったり温泉ひとり旅 北海道・登別温泉🈑
北見,3 NHK総合1..,2026-07-26,11:04,ニュース🈑
北見,3 NHK総合1..,2026-07-26,11:05,あしたが変わるトリセツショー 骨ケアで健康革命！今すぐできる運動＆食事ワザ🈖🈑🈞
北見,3 NHK総合1..,2026-07-26,11:50,ふすま絵 奇跡の再会🈑
北見,3 NHK総合1..,2026-07-26,11:54,気象情報
北見,3 NHK総合1..,2026-07-26,11:57,気象情報（北海道）
北見,3 NHK総合1..,2026-07-26,12:00,ニュース🈑
北見,3 NHK総合1..,2026-07-26,12:10,ニュース（北海道）
北見,3 NHK総合1..,2026-07-26,12:15,NHKのど自慢 熱唱熱演名場面 2026 Part1🈑
北見,3 NHK総合1..,2026-07-26,12:55,ドキュメント72時間PR ドキュメント72時間の作り方＜編集・ナレーション編＞🈑
北見,3 NHK総合1..,2026-07-26,13:00,ニュース・気象情報🈑
北見,3 NHK総合1..,2026-07-26,13:05,ダーウィンが来た！「相葉さんと探せ！ミクロいきもの超ワールド」🈖🈑🈞
北見,3 NHK総合1..,2026-07-26,13:35,さわやか自然百景10min．（37）兵庫 猫崎の海と黒川渓谷🈑
北見,3 NHK総合1..,2026-07-26,13:45,北海道道 GLAYと北海道 −30年の軌跡−🈑🈞
北見,3 NHK総合1..,2026-07-26,15:00,ニュース・気象情報🈑
北見,3 NHK総合1..,2026-07-26,15:05,大相撲（2026年） 名古屋場所 千秋楽🈑
北見,3 NHK総合1..,2026-07-26,15:30,大相撲（2026年） 名古屋場所 千秋楽 優勝力士・三賞力士インタビュー🈔🈑
北見,3 NHK総合1..,2026-07-26,18:00,ニュース🈑
北見,3 NHK総合1..,2026-07-26,18:05,有吉のお金発見 突撃！カネオくん 令和に再ブーム！RCカーのヒミツ🈑
北見,3 NHK総合1..,2026-07-26,18:45,ニュース北海道645 ▽道内各地のニュース ▽全国・全道の気象情報
北見,3 NHK総合1..,2026-07-26,19:00,NHKニュース7🈔🈑
北見,3 NHK総合1..,2026-07-26,19:30,ダーウィンが来た！「最大の味方！最強のライバル！？動物兄弟」🈖🈑
北見,3 NHK総合1..,2026-07-26,20:00,豊臣兄弟！（29）天下への道🈖🈑
北見,3 NHK総合1..,2026-07-26,20:45,ニュース🈑🈐
北見,3 NHK総合1..,2026-07-26,20:55,ニュース・気象情報（北海道）
北見,3 NHK総合1..,2026-07-26,21:00,NHKスペシャル 激変・安全保障 “力の支配”と揺らぐ国際秩序 日本の針路は🈑
北見,3 NHK総合1..,2026-07-26,22:00,サンデースポーツ🈑
北見,3 NHK総合1..,2026-07-26,22:50,ニュース・気象情報🈑
北見,3 NHK総合1..,2026-07-26,22:55,ハロー！NHKワールドJAPAN 7月の地域特集・山口県関連番組紹介🈑
北見,3 NHK総合1..,2026-07-26,23:00,DOC（ドック）3 あすへのカルテ（8）「暗闇の先へ」🈔🈑
北見,3 NHK総合1..,2026-07-26,23:59,連続テレビ小説「ひよっこ」再放送PR
北見,5 札幌テレビ1,2026-07-26,04:45,テレビショッピング
北見,5 札幌テレビ1,2026-07-26,05:15,テレビショッピング
北見,5 札幌テレビ1,2026-07-26,05:45,遠くへ行きたい【羽田美智子が宮城へ】和のチーズに万華鏡に伝統こけし作り！🈖🈑
北見,5 札幌テレビ1,2026-07-26,06:15,NNNニュースサンデー🈐
北見,5 札幌テレビ1,2026-07-26,06:30,それいけ！アンパンマン「劇場放送36弾 「チャポンのヒーロー！」（前編）」🈖🈑
北見,5 札幌テレビ1,2026-07-26,07:00,所さんの目がテン！🈑所さんと奥田民生さんが絶品イノシシ肉で燻製作り⁉
北見,5 札幌テレビ1,2026-07-26,07:30,シューイチ🈑🈓8月から変わること＆新スポット▽秋山＆平子が南房総の体格グルメ堪能
北見,5 札幌テレビ1,2026-07-26,10:25,一茂×かまいたちゲンバ▼水族館でアシカとご対面▼驚き新食感「糸かき氷」とは？🈑
北見,5 札幌テレビ1,2026-07-26,11:25,はじまるよっ！STV
北見,5 札幌テレビ1,2026-07-26,11:30,NNN ストレイトニュース🈑
北見,5 札幌テレビ1,2026-07-26,11:40,上沼・高田のクギズケ！ 水谷豊の娘婿に文春砲▽W杯でトランプ氏が大批判🈑
北見,5 札幌テレビ1,2026-07-26,12:35,どさんこワイドにちようび【幻の“積丹ローズ”を探せ！滝谷美夢が駆け巡る！】
北見,5 札幌テレビ1,2026-07-26,13:00,ググッと‼深掘り北海道🈖🈐
北見,5 札幌テレビ1,2026-07-26,13:30,そこまで言って委員会NP 「大戦争時代」SP！戦争終結シナリオを徹底討論🈑
北見,5 札幌テレビ1,2026-07-26,15:00,24時間テレビ企画大公開SP🈑総合司会は内村光良！テーマは「わたしの家族の話」
北見,5 札幌テレビ1,2026-07-26,15:55,【アメリカ横断ウルトラクイズ】新MC櫻井翔！地球一周特大スケールで復活SP🈑
北見,5 札幌テレビ1,2026-07-26,16:55,1×8いこうよ！炎の五番勝負！起死回生？怪力王・木村が大泉洋に肉体対決で挑む！🈑
北見,5 札幌テレビ1,2026-07-26,17:25,STV天気予報
北見,5 札幌テレビ1,2026-07-26,17:30,笑点🈖🈑🈓城島茂が座布団運び「ザ！鉄腕！DASH！！」×「笑点」夢のコラボDAY
北見,5 札幌テレビ1,2026-07-26,18:00,真相報道バンキシャ！🈑独自分析…熱中症患者10人の行動に教訓▽花火大会で湿度検証
北見,5 札幌テレビ1,2026-07-26,18:55,博士は今日も嫉妬する 人生が楽しくなる最新テクノロジー🈑
北見,5 札幌テレビ1,2026-07-26,19:00,ザ！鉄腕！DASH！！▽笑点60周年記念夏祭り！師匠全員参加で巨大お好み焼き！🈑
北見,5 札幌テレビ1,2026-07-26,19:58,イッテQ【お祭り男宮川＆二代目手越】フィンランドで丸太乗って川を下る木材選手権🈑
北見,5 札幌テレビ1,2026-07-26,20:54,音のソノリティ🈑
北見,5 札幌テレビ1,2026-07-26,21:00,ゴールデンストーンズ▽番組史上最大‼人気芸人軍団と総勢31名の大混戦バトル🈑
北見,5 札幌テレビ1,2026-07-26,21:54,STV天気予報
北見,5 札幌テレビ1,2026-07-26,22:00,おしゃれクリップ🈖🈑出川哲朗はなぜ愛される？▼妻や一茂が忖度なしでガチ素顔告白
北見,5 札幌テレビ1,2026-07-26,22:30,ドラマ「一次元の挿し木」第4話【激動の真相が発覚…古人骨と義妹を巡る謎】🈖🈑🈓
北見,5 札幌テレビ1,2026-07-26,23:25,道産人間オズブラウン【メニュー化はどっち？究極食材で芸人たちが居酒屋グルメ開発】
北見,5 札幌テレビ1,2026-07-26,23:55,Going！🈑生出演！渡邊雄太が明かす日本バスケの進化▼赤星絶賛！怪物高校生
北見,6 HTB1,2026-07-26,04:50,テレビショッピング
北見,6 HTB1,2026-07-26,05:20,まるっと健康これ1杯青汁の魅力 徹底解明
北見,6 HTB1,2026-07-26,05:50,グッド！モーニング🈓🈑
北見,6 HTB1,2026-07-26,08:00,よ〜い！スターと！トビダスクール しなことリボンでTシャツデコ！🈓🈑
北見,6 HTB1,2026-07-26,08:30,名探偵プリキュア！ ＃26 キュアエクレールの復活！🈓🈑
北見,6 HTB1,2026-07-26,09:00,仮面ライダーゼッツ 第45話「惑わす」🈓🈑
北見,6 HTB1,2026-07-26,09:30,🈟角醒ハンター オメガホーン 第1話「角醒せよ！赤き角獣王！」🈓🈑
北見,6 HTB1,2026-07-26,10:00,題名のない音楽会「オペラ歌手が秘密を打ち明ける休日」🈑
北見,6 HTB1,2026-07-26,10:30,映画クレヨンしんちゃん新作公開記念 野原家と愉快な妖怪が夏の大冒険SP
北見,6 HTB1,2026-07-26,11:00,この夏行きたい！東京ドリームパークSP パリ熱狂のゴッホ体験＆アイドルフェス！
北見,6 HTB1,2026-07-26,11:30,FFFFF 「教えて！齋藤友貴哉」ファンの質問に全て答えます
北見,6 HTB1,2026-07-26,11:50,ANNニュース🈑
北見,6 HTB1,2026-07-26,12:00,ビートたけしのTVタックル 昭和は驚きの光景が…令和のゴミ問題＆激安リユース店🈑
北見,6 HTB1,2026-07-26,12:55,新婚さんいらっしゃい！ オーストラリア在住夫婦出場！親戚100人大運動会⁉ 🈖🈑
北見,6 HTB1,2026-07-26,13:25,華丸丼と大吉麺 荻窪で発見！あのドラマの監修をした三ツ星店の斬新沖縄そば🈑
北見,6 HTB1,2026-07-26,13:55,マツコ＆有吉 かりそめ天国 2時間SP 五島列島＆伊豆・熱海ごほうび旅！🈞
北見,6 HTB1,2026-07-26,15:55,ハナタレナックス選集-ANTHOLOGY- 北海道の笑顔プロジェクト #185「18順目第11話」
北見,6 HTB1,2026-07-26,16:25,イチモニ！×イチオシ!!onたのしみ増刊号！ 世界に一つだけの味は湯どころ登別編！
北見,6 HTB1,2026-07-26,17:25,ウェザータイム
北見,6 HTB1,2026-07-26,17:30,ANNスーパーJチャンネル🈑
北見,6 HTB1,2026-07-26,18:00,相葉マナブ 初登場！timelesz佐藤勝利と地引き網！相模湾で何が獲れる？🈑
北見,6 HTB1,2026-07-26,18:52,ウェザータイム
北見,6 HTB1,2026-07-26,18:56,ポツンと一軒家 2時間SP！84歳チェーンソーアート挑戦！BBQ＆絶景岩風呂🈑
北見,6 HTB1,2026-07-26,20:56,有働Times🈑
北見,6 HTB1,2026-07-26,22:15,マイ・フィクション ＃4 刑務所にいるはずの人間🈖🈑
北見,6 HTB1,2026-07-26,23:09,HTBニュース🈑
北見,6 HTB1,2026-07-26,23:15,EIGHT－JAM 【中森明菜特集‼松田聖子・小泉今日子との関係、振付秘話…】🈑
北見,7 TVh1,2026-07-26,04:45,テレショップ  テレビショッピング 佐世保発テレショップ
北見,7 TVh1,2026-07-26,05:15,TVhお天気情報
北見,7 TVh1,2026-07-26,05:20,テレショップ  お茶石鹸で感動の若見え！
北見,7 TVh1,2026-07-26,05:50,7っチャオ！
北見,7 TVh1,2026-07-26,05:55,テレショップ  暮らし、ハッピーに！
北見,7 TVh1,2026-07-26,06:25,TVhお天気情報
北見,7 TVh1,2026-07-26,06:30,テレショップ  グットモットプライス
北見,7 TVh1,2026-07-26,07:00,アニもり！🈑
北見,7 TVh1,2026-07-26,07:30,ポケモンとどこいく！？【チャンピオンズ対決に派手刺客でバトル部ピンチ！】🈑🈓
北見,7 TVh1,2026-07-26,08:30,トミプラワールドのりのりタイムズ！！🈑
北見,7 TVh1,2026-07-26,09:00,ギャビーのドールハウス 118話 新しい家族のベニー・ボックス（前編）🈑🈔
北見,7 TVh1,2026-07-26,09:15,ぷにるんず ぷに3 第17話『くーるんとカチコチあいるん♪』🈞🈑
北見,7 TVh1,2026-07-26,09:30,おねがいアイプリ あおいとおねがいかなえ隊🈑
北見,7 TVh1,2026-07-26,10:00,武井壮のゴルフバッグ担いでください▽永久保存版！宮里優作プロのゴルフレッスン🈑
北見,7 TVh1,2026-07-26,10:30,優香のサンデークッキング【レンジde簡単ナスキーマ&グリルde焼きナス】🈑
北見,7 TVh1,2026-07-26,11:00,ぺこもぐキッチン【真夏のアジフライSP】石原良純の大好物を三枚おろしから調理！🈑
北見,7 TVh1,2026-07-26,11:30,発見！！食遺産 ＃あなたのレシピ残させてください
北見,7 TVh1,2026-07-26,11:55,TVhお天気情報
北見,7 TVh1,2026-07-26,12:00,開運！なんでも鑑定団【目利き王対決にアンガールズ田中が参戦！超豪華ゲスト登場】🈞
北見,7 TVh1,2026-07-26,13:00,YOUは何しに日本へ？【北海道のお祭りハシゴ旅】🈞
北見,7 TVh1,2026-07-26,14:00,大東建託・いい部屋ネットレディス🈑
北見,7 TVh1,2026-07-26,15:15,世界！ニッポン行きたい人応援団【12年間“梅干し”にハマっているアルゼンチン人】🈞
北見,7 TVh1,2026-07-26,16:10,アキラとあきら 第4話【原作・池井戸潤、向井理×斎藤工のW主演！】
北見,7 TVh1,2026-07-26,17:10,小田井涼平のレトロマングルメ🈞
北見,7 TVh1,2026-07-26,17:20,TXNニュース🈑🈐
北見,7 TVh1,2026-07-26,17:25,TVhお天気情報
北見,7 TVh1,2026-07-26,17:30,鉄鍋のジャン！「毒を御す者」🈑
北見,7 TVh1,2026-07-26,18:00,パズドラ「吹き矢コンボバトル／もう一度見たい！アニメセレクション」🈑🈓
北見,7 TVh1,2026-07-26,18:30,日本の海を守る！海上保安庁の激ヤバすぎる最前線100連発SP🈑🈓
北見,7 TVh1,2026-07-26,20:50,家、ついて行ってイイですか？菊池風磨愛止まらない女子＆妻夫木涙…亡き妻への想い🈑
北見,7 TVh1,2026-07-26,21:54,TVhお天気情報
北見,7 TVh1,2026-07-26,22:00,有吉ぃぃeeeee!【アモアス】クセ者10人でダマし合い！裏切り者は誰だ？🈑
北見,7 TVh1,2026-07-26,22:48,7っチャオ！・TVhお天気情報
北見,7 TVh1,2026-07-26,22:54,スポーツリアライブ
北見,7 TVh1,2026-07-26,23:20,Weekly女子ゴルフ
北見,7 TVh1,2026-07-26,23:45,ふつつかな悪女ではございますが〜雛宮蝶鼠とりかえ伝〜 第3話🈑
北見,8 北海道文化放送1,2026-07-26,04:55,テレビショッピング
北見,8 北海道文化放送1,2026-07-26,05:25,Actually MARKET 知られざる食の世界
北見,8 北海道文化放送1,2026-07-26,05:30,テレビショッピング
北見,8 北海道文化放送1,2026-07-26,06:00,FNNニュース／みんなのてんき🈑
北見,8 北海道文化放送1,2026-07-26,06:15,松本裕子の病を知る
北見,8 北海道文化放送1,2026-07-26,06:30,はやく起きた朝は・・・
北見,8 北海道文化放送1,2026-07-26,07:00,SUNDAYブレイク． 千葉県勝浦でオズワルド伊藤が絶叫アクティビティ体験🈑🈕🈓
北見,8 北海道文化放送1,2026-07-26,08:25,気になる！さっぽろ
北見,8 北海道文化放送1,2026-07-26,08:30,ショップジャパン
北見,8 北海道文化放送1,2026-07-26,09:00,DIGIMON BEATBREAK【消せない夜】 ＃40🈑🈖
北見,8 北海道文化放送1,2026-07-26,09:30,テレビアニメ「鬼滅の刃」シリーズ全編再放送【竈門炭治郎 立志編】🈑🈖🈓
北見,8 北海道文化放送1,2026-07-26,10:00,かのサンド◆学生街で絶品グルメSP！早稲田コスパ抜群グルメ＆学芸大学の名店中華🈑
北見,8 北海道文化放送1,2026-07-26,11:15,ミラモンGOLD🈑
北見,8 北海道文化放送1,2026-07-26,11:45,ニッポン今だ！ラボ🈑
北見,8 北海道文化放送1,2026-07-26,11:50,FNN Live News days🈑
北見,8 北海道文化放送1,2026-07-26,12:00,発見！タカトシランド🈞🈑
北見,8 北海道文化放送1,2026-07-26,13:00,日曜セレクション・火曜は全力！華大さんと千鳥くん🈞🈑
北見,8 北海道文化放送1,2026-07-26,14:00,ザ・ノンフィクション・上京物語2026 後編 〜新人美容師 夢の別れ道〜🈑
北見,8 北海道文化放送1,2026-07-26,14:55,みんなのてんき
北見,8 北海道文化放送1,2026-07-26,15:00,KEIBAプレミア【関屋記念・GⅢ 東海S・GⅢ】
北見,8 北海道文化放送1,2026-07-26,16:00,しらべてみたら
北見,8 北海道文化放送1,2026-07-26,16:30,奇跡体験！アンビリバボー【真夏にゾクッ…‼ミステリーファイルSP】🈑
北見,8 北海道文化放送1,2026-07-26,17:30,Live News イット！🈑
北見,8 北海道文化放送1,2026-07-26,18:00,ちびまる子ちゃん【隣町の男子とプールで勝負する／たまちゃんちで日曜大工を】🈑🈖
北見,8 北海道文化放送1,2026-07-26,18:30,サザエさん【憧れの松／うっかりでしっかり ほか】🈑🈖🈓
北見,8 北海道文化放送1,2026-07-26,19:00,千鳥の鬼レンチャン◆鬼ハード初代女王誕生？STU池ちゃん＆高橋成美サビカラ登場🈑
北見,8 北海道文化放送1,2026-07-26,21:00,Mr．サンデー🈑🈓
北見,8 北海道文化放送1,2026-07-26,23:09,8チャン！みちゅバチ
北見,8 北海道文化放送1,2026-07-26,23:15,ワンピース【エルバフの大罪人 冥界のロキ解放！？】🈑🈖
北見,8 北海道文化放送1,2026-07-26,23:45,すぽると！ 大谷翔平のストレートは軌道が読めない⁉スター証言＆脳科学から紐解く🈑
室蘭,1 HBC,2026-07-26,04:45,ライフライン 人生最高の出会い〜私が見つけた生きる意味〜
室蘭,1 HBC,2026-07-26,05:15,テレビショッピング
室蘭,1 HBC,2026-07-26,05:45,日本のチカラ ビートで輝け！〜DJ介護士のロマンディスコ〜🈑
室蘭,1 HBC,2026-07-26,06:15,ハイグレードS
室蘭,1 HBC,2026-07-26,06:30,EzoDriveセレクション
室蘭,1 HBC,2026-07-26,06:45,JNNニュース🈐
室蘭,1 HBC,2026-07-26,07:00,健康カプセル！ゲンキの時間🈖🈑侮っていると一大事に！？消えないあざに隠れた恐怖
室蘭,1 HBC,2026-07-26,07:30,がっちりマンデー‼CMで良く見るけど知らない会社！渡辺パイプ、INPEX、NGK
室蘭,1 HBC,2026-07-26,08:00,サンデーモーニング🈑高市総理“寝てない”投稿の波紋▽消費税“迷走”と骨太ショック
室蘭,1 HBC,2026-07-26,09:54,サンデー・ジャポン 延長国会閉幕…議員直撃！▽堺雅人が緊急生出演！スタジオ生考察
室蘭,1 HBC,2026-07-26,11:23,ガッチャンコHBC★HBCテレビのおすすめ番組
室蘭,1 HBC,2026-07-26,11:29,HBC天気予報
室蘭,1 HBC,2026-07-26,11:35,上田晋也のサンデーQ🈑堺雅人が生出演「VIVANT」エキストラは4千人！聖地先取り巡礼
室蘭,1 HBC,2026-07-26,12:54,S☆1 BASEBALL 「日本ハムvs楽天」🈓
室蘭,1 HBC,2026-07-26,16:30,レッツゴー怪奇組 第四怪🈑
室蘭,1 HBC,2026-07-26,17:00,日5「正反対な君と僕」 ＃16「新学期」🈑🈓
室蘭,1 HBC,2026-07-26,17:30,Nスタ🈑 「飛鳥・藤原の宮都」が世界遺産新登録なるか▽「土用の丑の日」うなぎ店は
室蘭,1 HBC,2026-07-26,18:00,世界遺産／バリ島 1000年続く棚田の絶景（インドネシア）🈖🈑
室蘭,1 HBC,2026-07-26,18:30,ベスコングルメ★夏の軽井沢SP・そば通DEEN池森オススメの手打ちそば名店へ🈖🈑🈓
室蘭,1 HBC,2026-07-26,19:00,バナナマンのせっかくグルメ★VIVANT堺雅人＆濱田岳と日村が人気リゾート地🈑🈓
室蘭,1 HBC,2026-07-26,20:00,VIVANT直前生放送★堺×阿部×二宮×松坂が集結！今からでも間に合うSPダイジェスト🈑
室蘭,1 HBC,2026-07-26,21:00,🈟日曜劇場「VIVANT」第11話🈖🈑
室蘭,1 HBC,2026-07-26,22:19,HBC天気予報
室蘭,1 HBC,2026-07-26,22:25,日曜日の初耳学◆堺雅人×林修『VIVANT』放送直後90分SP阿部寛＆初出しメイキング映像
室蘭,1 HBC,2026-07-26,23:49,ここに美味あり！〜いっちゃんおいしい北海道〜
室蘭,1 HBC,2026-07-26,23:55,黒猫と魔女の教室🈑🈓 ＃16「イオ・トーラス がんばります」【アガルアニメ】
室蘭,2 NHKEテレ..,2026-07-26,05:00,こころの時代 わからなさのなかで〜最首悟の思想をたどる〜🈑🈞
室蘭,2 NHKEテレ..,2026-07-26,06:00,NHK短歌 わたしの宮沢賢治 テーマ「月」🈑
室蘭,2 NHKEテレ..,2026-07-26,06:25,テレビ体操🈑
室蘭,2 NHKEテレ..,2026-07-26,06:35,NHK俳句 題「七夕」🈑
室蘭,2 NHKEテレ..,2026-07-26,07:00,第93回NHK全国学校音楽コンクール みんなの合唱レッスン・高等学校の部🈑
室蘭,2 NHKEテレ..,2026-07-26,07:10,第93回NHK全国学校音楽コンクール みんなの合唱レッスン・中学校の部🈑
室蘭,2 NHKEテレ..,2026-07-26,07:20,第93回NHK全国学校音楽コンクール みんなの合唱レッスン・小学校の部🈑
室蘭,2 NHKEテレ..,2026-07-26,07:30,おとうさんといっしょ「まねまねどんぐー」🈑🈞
室蘭,2 NHKEテレ..,2026-07-26,08:00,やさいの時間 みんなの菜園物語 兵庫県（後編）🈑
室蘭,2 NHKEテレ..,2026-07-26,08:25,趣味の園芸 京も一日陽だまり屋「の〜んびり 蘇鉄（そてつ）」🈑
室蘭,2 NHKEテレ..,2026-07-26,08:30,趣味の園芸 選 ステキをセレクト！タネから育てるコスモス🈑
室蘭,2 NHKEテレ..,2026-07-26,08:55,no art，no life「洋一」🈑
室蘭,2 NHKEテレ..,2026-07-26,09:00,日曜美術館 陶芸家ルーシー・リー 繊細でたくましい器🈑
室蘭,2 NHKEテレ..,2026-07-26,09:45,日曜美術館 アートシーン「まなざしの奇跡 日本女性写真家の冒険」展🈑
室蘭,2 NHKEテレ..,2026-07-26,10:00,将棋フォーカス 選 フォーカス流・観る将検定 第2回！🈑
室蘭,2 NHKEテレ..,2026-07-26,10:30,第76回 NHK杯テレビ将棋トーナメント 1回戦第17局 羽生九段×横山七段🈑
室蘭,2 NHKEテレ..,2026-07-26,12:00,囲碁フォーカス 選 知らずに使っている！？「囲碁用語」🈑
室蘭,2 NHKEテレ..,2026-07-26,12:30,第74回NHK杯テレビ囲碁トーナメント1回戦第17局酒井佑規七段×加藤千笑四段🈑
室蘭,2 NHKEテレ..,2026-07-26,14:00,日本の話芸 柳家蝠丸 落語「叩き蟹」🈖🈑
室蘭,2 NHKEテレ..,2026-07-26,14:30,アニメ 青のオーケストラ シーズン2（1）「ほころび」🈑
室蘭,2 NHKEテレ..,2026-07-26,14:55,アニメ 青のオーケストラ シーズン2（2）「波紋」🈑
室蘭,2 NHKEテレ..,2026-07-26,15:20,アニメ 青のオーケストラ シーズン2（3）「ケジメ」🈑
室蘭,2 NHKEテレ..,2026-07-26,15:45,アニメ 青のオーケストラ シーズン2（4）「体育祭」🈑
室蘭,2 NHKEテレ..,2026-07-26,16:10,ピタゴラミングスイッチ2🈑🈞
室蘭,2 NHKEテレ..,2026-07-26,16:30,ざわざわ森のがんこちゃん30周年スペシャルがんこのびっくりおたんじょうび会🈖🈑🈞
室蘭,2 NHKEテレ..,2026-07-26,17:00,アニメ アオアシ（17）東京都リーグ第7節 多摩体育大学附属高校戦🈑
室蘭,2 NHKEテレ..,2026-07-26,17:25,レディー・グレース 女王陛下のスパイ（4）「迷える女王」🈔🈑
室蘭,2 NHKEテレ..,2026-07-26,17:50,こども手話ウイークリー🈐
室蘭,2 NHKEテレ..,2026-07-26,18:00,木村多江の、いまさらですが… アメリカ建国の立役者 初代財務長官ハミルトン🈖🈑🈞
室蘭,2 NHKEテレ..,2026-07-26,18:30,ブリティッシュ・ベイクオフ6（17）チョコレート対決・前編🈔🈑🈞
室蘭,2 NHKEテレ..,2026-07-26,19:00,未病息災を願います 選「骨密度」が気になったら🈖🈑
室蘭,2 NHKEテレ..,2026-07-26,19:45,365日の献立日記「野菜ずし」🈑
室蘭,2 NHKEテレ..,2026-07-26,19:50,5分であさイチ 夏休みの“お昼ごはん”に革命を！🈑
室蘭,2 NHKEテレ..,2026-07-26,19:55,NHK手話ニュース🈐
室蘭,2 NHKEテレ..,2026-07-26,20:00,日曜美術館 滅びゆく写真 そして人類 現代美術作家・杉本博司🈑🈞
室蘭,2 NHKEテレ..,2026-07-26,20:45,日曜美術館 アートシーン「元禄！師宣劇場」展🈑
室蘭,2 NHKEテレ..,2026-07-26,21:00,古典芸能への招待 歌舞伎「近江源氏先陣館 盛綱陣屋」大阪松竹座さよなら公演🈕🈑
室蘭,2 NHKEテレ..,2026-07-26,23:00,美の壺 選「小さな芸術 干菓子」🈑
室蘭,2 NHKEテレ..,2026-07-26,23:30,サイエンスZERO“次世代塗料”が未来を塗り替える！？🈖🈑
室蘭,3 NHK総合1..,2026-07-26,05:00,ニュース・気象情報
室蘭,3 NHK総合1..,2026-07-26,05:10,Jリーグと私 あの試合を忘れない ＃17 横浜FM🈑
室蘭,3 NHK総合1..,2026-07-26,05:15,週末のNスペは… 激変・安全保障 日本の進路は🈑
室蘭,3 NHK総合1..,2026-07-26,05:20,桂文珍の演芸図鑑 レ・ロマネスクTOBI 柳亭小燕枝 三拍子🈑
室蘭,3 NHK総合1..,2026-07-26,05:50,気象情報
室蘭,3 NHK総合1..,2026-07-26,05:55,にっぽん百名山ミニ 3min「夏 五竜岳」🈑
室蘭,3 NHK総合1..,2026-07-26,05:58,巡る世界絶景 ベネチアの冬🅍
室蘭,3 NHK総合1..,2026-07-26,06:00,ニュース
室蘭,3 NHK総合1..,2026-07-26,06:10,【特選！時代劇】大岡越前8 🈟（1）「燃える牢屋敷」🈖🈑
室蘭,3 NHK総合1..,2026-07-26,06:53,気象情報
室蘭,3 NHK総合1..,2026-07-26,06:55,ニュース・気象情報（北海道）
室蘭,3 NHK総合1..,2026-07-26,07:00,NHKニュース おはよう日本 7月26日（日）🈑
室蘭,3 NHK総合1..,2026-07-26,07:40,ニュース・気象情報（北海道）
室蘭,3 NHK総合1..,2026-07-26,07:45,さわやか自然百景 青森 屏風山湿原池沼群🈑
室蘭,3 NHK総合1..,2026-07-26,08:00,小さな旅「大原を継ぐ 〜京都市 左京区〜」🈖🈑
室蘭,3 NHK総合1..,2026-07-26,08:25,Dearにっぽん「私たちが新聞を書く理由〜滋賀・虎姫高校〜」🈑
室蘭,3 NHK総合1..,2026-07-26,08:50,あさイチの鈴木奈穂子アナが「NHK ONE」を解説🈑
室蘭,3 NHK総合1..,2026-07-26,08:57,気象情報
室蘭,3 NHK総合1..,2026-07-26,09:00,日曜討論 徹底解説！暑さはどこまで？対策は
室蘭,3 NHK総合1..,2026-07-26,10:00,ニュース・気象情報🈑
室蘭,3 NHK総合1..,2026-07-26,10:05,明日をまもるナビ選196 都市を襲う水害 内水氾濫〜見えない危険にどう備える🈖🈑
室蘭,3 NHK総合1..,2026-07-26,10:30,5分であさイチ（4）知ってトクする旅行術（2）バッグの詰め方🈑
室蘭,3 NHK総合1..,2026-07-26,10:35,ゆったり温泉ひとり旅 北海道・登別温泉🈑
室蘭,3 NHK総合1..,2026-07-26,11:04,ニュース🈑
室蘭,3 NHK総合1..,2026-07-26,11:05,あしたが変わるトリセツショー 骨ケアで健康革命！今すぐできる運動＆食事ワザ🈖🈑🈞
室蘭,3 NHK総合1..,2026-07-26,11:50,ふすま絵 奇跡の再会🈑
室蘭,3 NHK総合1..,2026-07-26,11:54,気象情報
室蘭,3 NHK総合1..,2026-07-26,11:57,気象情報（北海道）
室蘭,3 NHK総合1..,2026-07-26,12:00,ニュース🈑
室蘭,3 NHK総合1..,2026-07-26,12:10,ニュース（北海道）
室蘭,3 NHK総合1..,2026-07-26,12:15,NHKのど自慢 熱唱熱演名場面 2026 Part1🈑
室蘭,3 NHK総合1..,2026-07-26,12:55,ドキュメント72時間PR ドキュメント72時間の作り方＜編集・ナレーション編＞🈑
室蘭,3 NHK総合1..,2026-07-26,13:00,ニュース・気象情報🈑
室蘭,3 NHK総合1..,2026-07-26,13:05,ダーウィンが来た！「相葉さんと探せ！ミクロいきもの超ワールド」🈖🈑🈞
室蘭,3 NHK総合1..,2026-07-26,13:35,さわやか自然百景10min．（37）兵庫 猫崎の海と黒川渓谷🈑
室蘭,3 NHK総合1..,2026-07-26,13:45,北海道道 GLAYと北海道 −30年の軌跡−🈑🈞
室蘭,3 NHK総合1..,2026-07-26,15:00,ニュース・気象情報🈑
室蘭,3 NHK総合1..,2026-07-26,15:05,大相撲（2026年） 名古屋場所 千秋楽🈑
室蘭,3 NHK総合1..,2026-07-26,15:30,大相撲（2026年） 名古屋場所 千秋楽 優勝力士・三賞力士インタビュー🈔🈑
室蘭,3 NHK総合1..,2026-07-26,18:00,ニュース🈑
室蘭,3 NHK総合1..,2026-07-26,18:05,有吉のお金発見 突撃！カネオくん 令和に再ブーム！RCカーのヒミツ🈑
室蘭,3 NHK総合1..,2026-07-26,18:45,ニュース北海道645 ▽道内各地のニュース ▽全国・全道の気象情報
室蘭,3 NHK総合1..,2026-07-26,19:00,NHKニュース7🈔🈑
室蘭,3 NHK総合1..,2026-07-26,19:30,ダーウィンが来た！「最大の味方！最強のライバル！？動物兄弟」🈖🈑
室蘭,3 NHK総合1..,2026-07-26,20:00,豊臣兄弟！（29）天下への道🈖🈑
室蘭,3 NHK総合1..,2026-07-26,20:45,ニュース🈑🈐
室蘭,3 NHK総合1..,2026-07-26,20:55,ニュース・気象情報（北海道）
室蘭,3 NHK総合1..,2026-07-26,21:00,NHKスペシャル 激変・安全保障 “力の支配”と揺らぐ国際秩序 日本の針路は🈑
室蘭,3 NHK総合1..,2026-07-26,22:00,サンデースポーツ🈑
室蘭,3 NHK総合1..,2026-07-26,22:50,ニュース・気象情報🈑
室蘭,3 NHK総合1..,2026-07-26,22:55,ハロー！NHKワールドJAPAN 7月の地域特集・山口県関連番組紹介🈑
室蘭,3 NHK総合1..,2026-07-26,23:00,DOC（ドック）3 あすへのカルテ（8）「暗闇の先へ」🈔🈑
室蘭,3 NHK総合1..,2026-07-26,23:59,連続テレビ小説「ひよっこ」再放送PR
室蘭,5 札幌テレビ1,2026-07-26,04:45,テレビショッピング
室蘭,5 札幌テレビ1,2026-07-26,05:15,テレビショッピング
室蘭,5 札幌テレビ1,2026-07-26,05:45,遠くへ行きたい【羽田美智子が宮城へ】和のチーズに万華鏡に伝統こけし作り！🈖🈑
室蘭,5 札幌テレビ1,2026-07-26,06:15,NNNニュースサンデー🈐
室蘭,5 札幌テレビ1,2026-07-26,06:30,それいけ！アンパンマン「劇場放送36弾 「チャポンのヒーロー！」（前編）」🈖🈑
室蘭,5 札幌テレビ1,2026-07-26,07:00,所さんの目がテン！🈑所さんと奥田民生さんが絶品イノシシ肉で燻製作り⁉
室蘭,5 札幌テレビ1,2026-07-26,07:30,シューイチ🈑🈓8月から変わること＆新スポット▽秋山＆平子が南房総の体格グルメ堪能
室蘭,5 札幌テレビ1,2026-07-26,10:25,一茂×かまいたちゲンバ▼水族館でアシカとご対面▼驚き新食感「糸かき氷」とは？🈑
室蘭,5 札幌テレビ1,2026-07-26,11:25,はじまるよっ！STV
室蘭,5 札幌テレビ1,2026-07-26,11:30,NNN ストレイトニュース🈑
室蘭,5 札幌テレビ1,2026-07-26,11:40,上沼・高田のクギズケ！ 水谷豊の娘婿に文春砲▽W杯でトランプ氏が大批判🈑
室蘭,5 札幌テレビ1,2026-07-26,12:35,どさんこワイドにちようび【幻の“積丹ローズ”を探せ！滝谷美夢が駆け巡る！】
室蘭,5 札幌テレビ1,2026-07-26,13:00,ググッと‼深掘り北海道🈖🈐
室蘭,5 札幌テレビ1,2026-07-26,13:30,そこまで言って委員会NP 「大戦争時代」SP！戦争終結シナリオを徹底討論🈑
室蘭,5 札幌テレビ1,2026-07-26,15:00,24時間テレビ企画大公開SP🈑総合司会は内村光良！テーマは「わたしの家族の話」
室蘭,5 札幌テレビ1,2026-07-26,15:55,【アメリカ横断ウルトラクイズ】新MC櫻井翔！地球一周特大スケールで復活SP🈑
室蘭,5 札幌テレビ1,2026-07-26,16:55,1×8いこうよ！炎の五番勝負！起死回生？怪力王・木村が大泉洋に肉体対決で挑む！🈑
室蘭,5 札幌テレビ1,2026-07-26,17:25,STV天気予報
室蘭,5 札幌テレビ1,2026-07-26,17:30,笑点🈖🈑🈓城島茂が座布団運び「ザ！鉄腕！DASH！！」×「笑点」夢のコラボDAY
室蘭,5 札幌テレビ1,2026-07-26,18:00,真相報道バンキシャ！🈑独自分析…熱中症患者10人の行動に教訓▽花火大会で湿度検証
室蘭,5 札幌テレビ1,2026-07-26,18:55,博士は今日も嫉妬する 人生が楽しくなる最新テクノロジー🈑
室蘭,5 札幌テレビ1,2026-07-26,19:00,ザ！鉄腕！DASH！！▽笑点60周年記念夏祭り！師匠全員参加で巨大お好み焼き！🈑
室蘭,5 札幌テレビ1,2026-07-26,19:58,イッテQ【お祭り男宮川＆二代目手越】フィンランドで丸太乗って川を下る木材選手権🈑
室蘭,5 札幌テレビ1,2026-07-26,20:54,音のソノリティ🈑
室蘭,5 札幌テレビ1,2026-07-26,21:00,ゴールデンストーンズ▽番組史上最大‼人気芸人軍団と総勢31名の大混戦バトル🈑
室蘭,5 札幌テレビ1,2026-07-26,21:54,STV天気予報
室蘭,5 札幌テレビ1,2026-07-26,22:00,おしゃれクリップ🈖🈑出川哲朗はなぜ愛される？▼妻や一茂が忖度なしでガチ素顔告白
室蘭,5 札幌テレビ1,2026-07-26,22:30,ドラマ「一次元の挿し木」第4話【激動の真相が発覚…古人骨と義妹を巡る謎】🈖🈑🈓
室蘭,5 札幌テレビ1,2026-07-26,23:25,道産人間オズブラウン【メニュー化はどっち？究極食材で芸人たちが居酒屋グルメ開発】
室蘭,5 札幌テレビ1,2026-07-26,23:55,Going！🈑生出演！渡邊雄太が明かす日本バスケの進化▼赤星絶賛！怪物高校生
室蘭,6 HTB1,2026-07-26,04:50,テレビショッピング
室蘭,6 HTB1,2026-07-26,05:20,まるっと健康これ1杯青汁の魅力 徹底解明
室蘭,6 HTB1,2026-07-26,05:50,グッド！モーニング🈓🈑
室蘭,6 HTB1,2026-07-26,08:00,よ〜い！スターと！トビダスクール しなことリボンでTシャツデコ！🈓🈑
室蘭,6 HTB1,2026-07-26,08:30,名探偵プリキュア！ ＃26 キュアエクレールの復活！🈓🈑
室蘭,6 HTB1,2026-07-26,09:00,仮面ライダーゼッツ 第45話「惑わす」🈓🈑
室蘭,6 HTB1,2026-07-26,09:30,🈟角醒ハンター オメガホーン 第1話「角醒せよ！赤き角獣王！」🈓🈑
室蘭,6 HTB1,2026-07-26,10:00,題名のない音楽会「オペラ歌手が秘密を打ち明ける休日」🈑
室蘭,6 HTB1,2026-07-26,10:30,映画クレヨンしんちゃん新作公開記念 野原家と愉快な妖怪が夏の大冒険SP
室蘭,6 HTB1,2026-07-26,11:00,この夏行きたい！東京ドリームパークSP パリ熱狂のゴッホ体験＆アイドルフェス！
室蘭,6 HTB1,2026-07-26,11:30,FFFFF 「教えて！齋藤友貴哉」ファンの質問に全て答えます
室蘭,6 HTB1,2026-07-26,11:50,ANNニュース🈑
室蘭,6 HTB1,2026-07-26,12:00,ビートたけしのTVタックル 昭和は驚きの光景が…令和のゴミ問題＆激安リユース店🈑
室蘭,6 HTB1,2026-07-26,12:55,新婚さんいらっしゃい！ オーストラリア在住夫婦出場！親戚100人大運動会⁉ 🈖🈑
室蘭,6 HTB1,2026-07-26,13:25,華丸丼と大吉麺 荻窪で発見！あのドラマの監修をした三ツ星店の斬新沖縄そば🈑
室蘭,6 HTB1,2026-07-26,13:55,マツコ＆有吉 かりそめ天国 2時間SP 五島列島＆伊豆・熱海ごほうび旅！🈞
室蘭,6 HTB1,2026-07-26,15:55,ハナタレナックス選集-ANTHOLOGY- 北海道の笑顔プロジェクト #185「18順目第11話」
室蘭,6 HTB1,2026-07-26,16:25,イチモニ！×イチオシ!!onたのしみ増刊号！ 世界に一つだけの味は湯どころ登別編！
室蘭,6 HTB1,2026-07-26,17:25,ウェザータイム
室蘭,6 HTB1,2026-07-26,17:30,ANNスーパーJチャンネル🈑
室蘭,6 HTB1,2026-07-26,18:00,相葉マナブ 初登場！timelesz佐藤勝利と地引き網！相模湾で何が獲れる？🈑
室蘭,6 HTB1,2026-07-26,18:52,ウェザータイム
室蘭,6 HTB1,2026-07-26,18:56,ポツンと一軒家 2時間SP！84歳チェーンソーアート挑戦！BBQ＆絶景岩風呂🈑
室蘭,6 HTB1,2026-07-26,20:56,有働Times🈑
室蘭,6 HTB1,2026-07-26,22:15,マイ・フィクション ＃4 刑務所にいるはずの人間🈖🈑
室蘭,6 HTB1,2026-07-26,23:09,HTBニュース🈑
室蘭,6 HTB1,2026-07-26,23:15,EIGHT－JAM 【中森明菜特集‼松田聖子・小泉今日子との関係、振付秘話…】🈑
室蘭,7 TVh1,2026-07-26,04:45,テレショップ  テレビショッピング 佐世保発テレショップ
室蘭,7 TVh1,2026-07-26,05:15,TVhお天気情報
室蘭,7 TVh1,2026-07-26,05:20,テレショップ  お茶石鹸で感動の若見え！
室蘭,7 TVh1,2026-07-26,05:50,7っチャオ！
室蘭,7 TVh1,2026-07-26,05:55,テレショップ  暮らし、ハッピーに！
室蘭,7 TVh1,2026-07-26,06:25,TVhお天気情報
室蘭,7 TVh1,2026-07-26,06:30,テレショップ  グットモットプライス
室蘭,7 TVh1,2026-07-26,07:00,アニもり！🈑
室蘭,7 TVh1,2026-07-26,07:30,ポケモンとどこいく！？【チャンピオンズ対決に派手刺客でバトル部ピンチ！】🈑🈓
室蘭,7 TVh1,2026-07-26,08:30,トミプラワールドのりのりタイムズ！！🈑
室蘭,7 TVh1,2026-07-26,09:00,ギャビーのドールハウス 118話 新しい家族のベニー・ボックス（前編）🈑🈔
室蘭,7 TVh1,2026-07-26,09:15,ぷにるんず ぷに3 第17話『くーるんとカチコチあいるん♪』🈞🈑
室蘭,7 TVh1,2026-07-26,09:30,おねがいアイプリ あおいとおねがいかなえ隊🈑
室蘭,7 TVh1,2026-07-26,10:00,武井壮のゴルフバッグ担いでください▽永久保存版！宮里優作プロのゴルフレッスン🈑
室蘭,7 TVh1,2026-07-26,10:30,優香のサンデークッキング【レンジde簡単ナスキーマ&グリルde焼きナス】🈑
室蘭,7 TVh1,2026-07-26,11:00,ぺこもぐキッチン【真夏のアジフライSP】石原良純の大好物を三枚おろしから調理！🈑
室蘭,7 TVh1,2026-07-26,11:30,発見！！食遺産 ＃あなたのレシピ残させてください
室蘭,7 TVh1,2026-07-26,11:55,TVhお天気情報
室蘭,7 TVh1,2026-07-26,12:00,開運！なんでも鑑定団【目利き王対決にアンガールズ田中が参戦！超豪華ゲスト登場】🈞
室蘭,7 TVh1,2026-07-26,13:00,YOUは何しに日本へ？【北海道のお祭りハシゴ旅】🈞
室蘭,7 TVh1,2026-07-26,14:00,大東建託・いい部屋ネットレディス🈑
室蘭,7 TVh1,2026-07-26,15:15,世界！ニッポン行きたい人応援団【12年間“梅干し”にハマっているアルゼンチン人】🈞
室蘭,7 TVh1,2026-07-26,16:10,アキラとあきら 第4話【原作・池井戸潤、向井理×斎藤工のW主演！】
室蘭,7 TVh1,2026-07-26,17:10,小田井涼平のレトロマングルメ🈞
室蘭,7 TVh1,2026-07-26,17:20,TXNニュース🈑🈐
室蘭,7 TVh1,2026-07-26,17:25,TVhお天気情報
室蘭,7 TVh1,2026-07-26,17:30,鉄鍋のジャン！「毒を御す者」🈑
室蘭,7 TVh1,2026-07-26,18:00,パズドラ「吹き矢コンボバトル／もう一度見たい！アニメセレクション」🈑🈓
室蘭,7 TVh1,2026-07-26,18:30,日本の海を守る！海上保安庁の激ヤバすぎる最前線100連発SP🈑🈓
室蘭,7 TVh1,2026-07-26,20:50,家、ついて行ってイイですか？菊池風磨愛止まらない女子＆妻夫木涙…亡き妻への想い🈑
室蘭,7 TVh1,2026-07-26,21:54,TVhお天気情報
室蘭,7 TVh1,2026-07-26,22:00,有吉ぃぃeeeee!【アモアス】クセ者10人でダマし合い！裏切り者は誰だ？🈑
室蘭,7 TVh1,2026-07-26,22:48,7っチャオ！・TVhお天気情報
室蘭,7 TVh1,2026-07-26,22:54,スポーツリアライブ
室蘭,7 TVh1,2026-07-26,23:20,Weekly女子ゴルフ
室蘭,7 TVh1,2026-07-26,23:45,ふつつかな悪女ではございますが〜雛宮蝶鼠とりかえ伝〜 第3話🈑
室蘭,8 北海道文化放送1,2026-07-26,04:55,テレビショッピング
室蘭,8 北海道文化放送1,2026-07-26,05:25,Actually MARKET 知られざる食の世界
室蘭,8 北海道文化放送1,2026-07-26,05:30,テレビショッピング
室蘭,8 北海道文化放送1,2026-07-26,06:00,FNNニュース／みんなのてんき🈑
室蘭,8 北海道文化放送1,2026-07-26,06:15,松本裕子の病を知る
室蘭,8 北海道文化放送1,2026-07-26,06:30,はやく起きた朝は・・・
室蘭,8 北海道文化放送1,2026-07-26,07:00,SUNDAYブレイク． 千葉県勝浦でオズワルド伊藤が絶叫アクティビティ体験🈑🈕🈓
室蘭,8 北海道文化放送1,2026-07-26,08:25,気になる！さっぽろ
室蘭,8 北海道文化放送1,2026-07-26,08:30,ショップジャパン
室蘭,8 北海道文化放送1,2026-07-26,09:00,DIGIMON BEATBREAK【消せない夜】 ＃40🈑🈖
室蘭,8 北海道文化放送1,2026-07-26,09:30,テレビアニメ「鬼滅の刃」シリーズ全編再放送【竈門炭治郎 立志編】🈑🈖🈓
室蘭,8 北海道文化放送1,2026-07-26,10:00,かのサンド◆学生街で絶品グルメSP！早稲田コスパ抜群グルメ＆学芸大学の名店中華🈑
室蘭,8 北海道文化放送1,2026-07-26,11:15,ミラモンGOLD🈑
室蘭,8 北海道文化放送1,2026-07-26,11:45,ニッポン今だ！ラボ🈑
室蘭,8 北海道文化放送1,2026-07-26,11:50,FNN Live News days🈑
室蘭,8 北海道文化放送1,2026-07-26,12:00,発見！タカトシランド🈞🈑
室蘭,8 北海道文化放送1,2026-07-26,13:00,日曜セレクション・火曜は全力！華大さんと千鳥くん🈞🈑
室蘭,8 北海道文化放送1,2026-07-26,14:00,ザ・ノンフィクション・上京物語2026 後編 〜新人美容師 夢の別れ道〜🈑
室蘭,8 北海道文化放送1,2026-07-26,14:55,みんなのてんき
室蘭,8 北海道文化放送1,2026-07-26,15:00,KEIBAプレミア【関屋記念・GⅢ 東海S・GⅢ】
室蘭,8 北海道文化放送1,2026-07-26,16:00,しらべてみたら
室蘭,8 北海道文化放送1,2026-07-26,16:30,奇跡体験！アンビリバボー【真夏にゾクッ…‼ミステリーファイルSP】🈑
室蘭,8 北海道文化放送1,2026-07-26,17:30,Live News イット！🈑
室蘭,8 北海道文化放送1,2026-07-26,18:00,ちびまる子ちゃん【隣町の男子とプールで勝負する／たまちゃんちで日曜大工を】🈑🈖
室蘭,8 北海道文化放送1,2026-07-26,18:30,サザエさん【憧れの松／うっかりでしっかり ほか】🈑🈖🈓
室蘭,8 北海道文化放送1,2026-07-26,19:00,千鳥の鬼レンチャン◆鬼ハード初代女王誕生？STU池ちゃん＆高橋成美サビカラ登場🈑
室蘭,8 北海道文化放送1,2026-07-26,21:00,Mr．サンデー🈑🈓
室蘭,8 北海道文化放送1,2026-07-26,23:09,8チャン！みちゅバチ
室蘭,8 北海道文化放送1,2026-07-26,23:15,ワンピース【エルバフの大罪人 冥界のロキ解放！？】🈑🈖
室蘭,8 北海道文化放送1,2026-07-26,23:45,すぽると！ 大谷翔平のストレートは軌道が読めない⁉スター証言＆脳科学から紐解く🈑
青森,1 RAB青森放送1,2026-07-26,04:45,テレビショッピング
青森,1 RAB青森放送1,2026-07-26,05:15,ショップジャパン
青森,1 RAB青森放送1,2026-07-26,05:45,ザ・フィッシング 【強烈！シャローゲーム瀬戸内海テンヤマダイ】
青森,1 RAB青森放送1,2026-07-26,06:15,NNNニュースサンデー🈐
青森,1 RAB青森放送1,2026-07-26,06:30,それいけ！アンパンマン「ニガウリマンとねがい星かなえ星・他」🈖🈑
青森,1 RAB青森放送1,2026-07-26,07:00,所さんの目がテン！🈑所さんと奥田民生さんが絶品イノシシ肉で燻製作り⁉
青森,1 RAB青森放送1,2026-07-26,07:30,シューイチ🈑🈓8月から変わること＆新スポット▽秋山＆平子が南房総の体格グルメ堪能
青森,1 RAB青森放送1,2026-07-26,10:25,一茂×かまいたちゲンバ▼水族館でアシカとご対面▼驚き新食感「糸かき氷」とは？🈑
青森,1 RAB青森放送1,2026-07-26,11:25,東奥日報ニュース
青森,1 RAB青森放送1,2026-07-26,11:30,NNN ストレイトニュース🈑
青森,1 RAB青森放送1,2026-07-26,11:40,ぺこもぐキッチン🈑【料理家・栗原心平が唸った…美味しすぎる絶品料理プレイバック】
青森,1 RAB青森放送1,2026-07-26,12:10,ありえへん∞世界 SP前編
青森,1 RAB青森放送1,2026-07-26,13:05,所さんの学校では教えてくれないそこんトコロ！ SP前編
青森,1 RAB青森放送1,2026-07-26,14:00,ウワサのバカ売れ商品ガチで使ったら人生は変わるのか？
青森,1 RAB青森放送1,2026-07-26,15:00,みんなのKEIBA
青森,1 RAB青森放送1,2026-07-26,16:00,RAB（ラブ）ドキュ そして未来へ〜演じてつなぐ空襲の記憶〜
青森,1 RAB青森放送1,2026-07-26,17:00,RAB（ラブ）ドキュ 教えてナカジー！知っておきたい医療の現状
青森,1 RAB青森放送1,2026-07-26,17:15,皇室ご一家🈑
青森,1 RAB青森放送1,2026-07-26,17:30,笑点🈖🈑🈓城島茂が座布団運び「ザ！鉄腕！DASH！！」×「笑点」夢のコラボDAY
青森,1 RAB青森放送1,2026-07-26,18:00,真相報道バンキシャ！🈑独自分析…熱中症患者10人の行動に教訓▽花火大会で湿度検証
青森,1 RAB青森放送1,2026-07-26,18:55,博士は今日も嫉妬する 人生が楽しくなる最新テクノロジー🈑
青森,1 RAB青森放送1,2026-07-26,19:00,ザ！鉄腕！DASH！！▽笑点60周年記念夏祭り！師匠全員参加で巨大お好み焼き！🈑
青森,1 RAB青森放送1,2026-07-26,19:58,イッテQ【お祭り男宮川＆二代目手越】フィンランドで丸太乗って川を下る木材選手権🈑
青森,1 RAB青森放送1,2026-07-26,20:54,東奥日報ニュース 天気予報
青森,1 RAB青森放送1,2026-07-26,21:00,ゴールデンストーンズ▽番組史上最大‼人気芸人軍団と総勢31名の大混戦バトル🈑
青森,1 RAB青森放送1,2026-07-26,21:54,かしこくリノベ！
青森,1 RAB青森放送1,2026-07-26,21:57,天気予報
青森,1 RAB青森放送1,2026-07-26,22:00,おしゃれクリップ🈖🈑出川哲朗はなぜ愛される？▼妻や一茂が忖度なしでガチ素顔告白
青森,1 RAB青森放送1,2026-07-26,22:30,ドラマ「一次元の挿し木」第4話【激動の真相が発覚…古人骨と義妹を巡る謎】🈖🈑🈓
青森,1 RAB青森放送1,2026-07-26,23:25,ダウンタウンのガキの使い！10人で男の勲章歌い切り！エース＆小田参戦で大波乱🈑
青森,1 RAB青森放送1,2026-07-26,23:55,Going！🈑生出演！渡邊雄太が明かす日本バスケの進化▼赤星絶賛！怪物高校生
青森,2 NHKEテレ..,2026-07-26,05:00,こころの時代 わからなさのなかで〜最首悟の思想をたどる〜🈑🈞
青森,2 NHKEテレ..,2026-07-26,06:00,NHK短歌 わたしの宮沢賢治 テーマ「月」🈑
青森,2 NHKEテレ..,2026-07-26,06:25,テレビ体操🈑
青森,2 NHKEテレ..,2026-07-26,06:35,NHK俳句 題「七夕」🈑
青森,2 NHKEテレ..,2026-07-26,07:00,第93回NHK全国学校音楽コンクール みんなの合唱レッスン・高等学校の部🈑
青森,2 NHKEテレ..,2026-07-26,07:10,第93回NHK全国学校音楽コンクール みんなの合唱レッスン・中学校の部🈑
青森,2 NHKEテレ..,2026-07-26,07:20,第93回NHK全国学校音楽コンクール みんなの合唱レッスン・小学校の部🈑
青森,2 NHKEテレ..,2026-07-26,07:30,おとうさんといっしょ「まねまねどんぐー」🈑🈞
青森,2 NHKEテレ..,2026-07-26,08:00,やさいの時間 みんなの菜園物語 兵庫県（後編）🈑
青森,2 NHKEテレ..,2026-07-26,08:25,趣味の園芸 京も一日陽だまり屋「の〜んびり 蘇鉄（そてつ）」🈑
青森,2 NHKEテレ..,2026-07-26,08:30,趣味の園芸 選 ステキをセレクト！タネから育てるコスモス🈑
青森,2 NHKEテレ..,2026-07-26,08:55,no art，no life「洋一」🈑
青森,2 NHKEテレ..,2026-07-26,09:00,日曜美術館 陶芸家ルーシー・リー 繊細でたくましい器🈑
青森,2 NHKEテレ..,2026-07-26,09:45,日曜美術館 アートシーン「まなざしの奇跡 日本女性写真家の冒険」展🈑
青森,2 NHKEテレ..,2026-07-26,10:00,将棋フォーカス 選 フォーカス流・観る将検定 第2回！🈑
青森,2 NHKEテレ..,2026-07-26,10:30,第76回 NHK杯テレビ将棋トーナメント 1回戦第17局 羽生九段×横山七段🈑
青森,2 NHKEテレ..,2026-07-26,12:00,囲碁フォーカス 選 知らずに使っている！？「囲碁用語」🈑
青森,2 NHKEテレ..,2026-07-26,12:30,第74回NHK杯テレビ囲碁トーナメント1回戦第17局酒井佑規七段×加藤千笑四段🈑
青森,2 NHKEテレ..,2026-07-26,14:00,日本の話芸 柳家蝠丸 落語「叩き蟹」🈖🈑
青森,2 NHKEテレ..,2026-07-26,14:30,アニメ 青のオーケストラ シーズン2（1）「ほころび」🈑
青森,2 NHKEテレ..,2026-07-26,14:55,アニメ 青のオーケストラ シーズン2（2）「波紋」🈑
青森,2 NHKEテレ..,2026-07-26,15:20,アニメ 青のオーケストラ シーズン2（3）「ケジメ」🈑
青森,2 NHKEテレ..,2026-07-26,15:45,アニメ 青のオーケストラ シーズン2（4）「体育祭」🈑
青森,2 NHKEテレ..,2026-07-26,16:10,ピタゴラミングスイッチ2🈑🈞
青森,2 NHKEテレ..,2026-07-26,16:30,ざわざわ森のがんこちゃん30周年スペシャルがんこのびっくりおたんじょうび会🈖🈑🈞
青森,2 NHKEテレ..,2026-07-26,17:00,アニメ アオアシ（17）東京都リーグ第7節 多摩体育大学附属高校戦🈑
青森,2 NHKEテレ..,2026-07-26,17:25,レディー・グレース 女王陛下のスパイ（4）「迷える女王」🈔🈑
青森,2 NHKEテレ..,2026-07-26,17:50,こども手話ウイークリー🈐
青森,2 NHKEテレ..,2026-07-26,18:00,木村多江の、いまさらですが… アメリカ建国の立役者 初代財務長官ハミルトン🈖🈑🈞
青森,2 NHKEテレ..,2026-07-26,18:30,ブリティッシュ・ベイクオフ6（17）チョコレート対決・前編🈔🈑🈞
青森,2 NHKEテレ..,2026-07-26,19:00,未病息災を願います 選「骨密度」が気になったら🈖🈑
青森,2 NHKEテレ..,2026-07-26,19:45,365日の献立日記「野菜ずし」🈑
青森,2 NHKEテレ..,2026-07-26,19:50,5分であさイチ 夏休みの“お昼ごはん”に革命を！🈑
青森,2 NHKEテレ..,2026-07-26,19:55,NHK手話ニュース🈐
青森,2 NHKEテレ..,2026-07-26,20:00,日曜美術館 滅びゆく写真 そして人類 現代美術作家・杉本博司🈑🈞
青森,2 NHKEテレ..,2026-07-26,20:45,日曜美術館 アートシーン「元禄！師宣劇場」展🈑
青森,2 NHKEテレ..,2026-07-26,21:00,古典芸能への招待 歌舞伎「近江源氏先陣館 盛綱陣屋」大阪松竹座さよなら公演🈕🈑
青森,2 NHKEテレ..,2026-07-26,23:00,美の壺 選「小さな芸術 干菓子」🈑
青森,2 NHKEテレ..,2026-07-26,23:30,サイエンスZERO“次世代塗料”が未来を塗り替える！？🈖🈑
青森,3 NHK総合1..,2026-07-26,05:00,ニュース・気象情報
青森,3 NHK総合1..,2026-07-26,05:10,Jリーグと私 あの試合を忘れない ＃17 横浜FM🈑
青森,3 NHK総合1..,2026-07-26,05:15,週末のNスペは… 激変・安全保障 日本の進路は🈑
青森,3 NHK総合1..,2026-07-26,05:20,桂文珍の演芸図鑑 レ・ロマネスクTOBI 柳亭小燕枝 三拍子🈑
青森,3 NHK総合1..,2026-07-26,05:50,気象情報
青森,3 NHK総合1..,2026-07-26,05:55,にっぽん百名山ミニ 3min「夏 五竜岳」🈑
青森,3 NHK総合1..,2026-07-26,05:58,巡る世界絶景 ベネチアの冬🅍
青森,3 NHK総合1..,2026-07-26,06:00,ニュース
青森,3 NHK総合1..,2026-07-26,06:10,【特選！時代劇】大岡越前8 🈟（1）「燃える牢屋敷」🈖🈑
青森,3 NHK総合1..,2026-07-26,06:53,気象情報
青森,3 NHK総合1..,2026-07-26,06:55,ニュース・気象情報（東北）
青森,3 NHK総合1..,2026-07-26,07:00,NHKニュース おはよう日本 7月26日（日）🈑
青森,3 NHK総合1..,2026-07-26,07:40,ニュース・気象情報（東北）
青森,3 NHK総合1..,2026-07-26,07:45,さわやか自然百景 青森 屏風山湿原池沼群🈑
青森,3 NHK総合1..,2026-07-26,08:00,小さな旅「大原を継ぐ 〜京都市 左京区〜」🈖🈑
青森,3 NHK総合1..,2026-07-26,08:25,Dearにっぽん「私たちが新聞を書く理由〜滋賀・虎姫高校〜」🈑
青森,3 NHK総合1..,2026-07-26,08:50,あさイチの鈴木奈穂子アナが「NHK ONE」を解説🈑
青森,3 NHK総合1..,2026-07-26,08:57,気象情報
青森,3 NHK総合1..,2026-07-26,09:00,日曜討論 徹底解説！暑さはどこまで？対策は
青森,3 NHK総合1..,2026-07-26,10:00,ニュース・気象情報🈑
青森,3 NHK総合1..,2026-07-26,10:05,明日をまもるナビ選196 都市を襲う水害 内水氾濫〜見えない危険にどう備える🈖🈑
青森,3 NHK総合1..,2026-07-26,10:29,命を守る 防災ポイント 熱中症から命を守れ🈑
青森,3 NHK総合1..,2026-07-26,10:30,5分であさイチ（4）知ってトクする旅行術（2）バッグの詰め方🈑
青森,3 NHK総合1..,2026-07-26,10:35,ゆったり温泉ひとり旅 北海道・登別温泉🈑
青森,3 NHK総合1..,2026-07-26,11:04,ニュース🈑
青森,3 NHK総合1..,2026-07-26,11:05,あしたが変わるトリセツショー 骨ケアで健康革命！今すぐできる運動＆食事ワザ🈖🈑🈞
青森,3 NHK総合1..,2026-07-26,11:50,ふすま絵 奇跡の再会🈑
青森,3 NHK総合1..,2026-07-26,11:54,気象情報
青森,3 NHK総合1..,2026-07-26,12:00,ニュース🈑
青森,3 NHK総合1..,2026-07-26,12:10,ニュース（東北）
青森,3 NHK総合1..,2026-07-26,12:15,NHKのど自慢 熱唱熱演名場面 2026 Part1🈑
青森,3 NHK総合1..,2026-07-26,12:55,ドキュメント72時間PR ドキュメント72時間の作り方＜編集・ナレーション編＞🈑
青森,3 NHK総合1..,2026-07-26,13:00,ニュース・気象情報🈑
青森,3 NHK総合1..,2026-07-26,13:05,青森三大ねぶた・ねぷた祭り中継 2025年完全版🅍🈞
青森,3 NHK総合1..,2026-07-26,15:00,ニュース・気象情報🈑
青森,3 NHK総合1..,2026-07-26,15:05,大相撲（2026年） 名古屋場所 千秋楽🈑
青森,3 NHK総合1..,2026-07-26,15:30,大相撲（2026年） 名古屋場所 千秋楽 優勝力士・三賞力士インタビュー🈔🈑
青森,3 NHK総合1..,2026-07-26,18:00,ニュース🈑
青森,3 NHK総合1..,2026-07-26,18:05,有吉のお金発見 突撃！カネオくん 令和に再ブーム！RCカーのヒミツ🈑
青森,3 NHK総合1..,2026-07-26,18:45,あっぷるワイド645
青森,3 NHK総合1..,2026-07-26,19:00,NHKニュース7🈔🈑
青森,3 NHK総合1..,2026-07-26,19:30,ダーウィンが来た！「最大の味方！最強のライバル！？動物兄弟」🈖🈑
青森,3 NHK総合1..,2026-07-26,20:00,豊臣兄弟！（29）天下への道🈖🈑
青森,3 NHK総合1..,2026-07-26,20:45,ニュース🈑🈐
青森,3 NHK総合1..,2026-07-26,20:55,ニュース・気象情報（東北）
青森,3 NHK総合1..,2026-07-26,21:00,NHKスペシャル 激変・安全保障 “力の支配”と揺らぐ国際秩序 日本の針路は🈑
青森,3 NHK総合1..,2026-07-26,22:00,サンデースポーツ🈑
青森,3 NHK総合1..,2026-07-26,22:50,ニュース・気象情報🈑
青森,3 NHK総合1..,2026-07-26,22:55,ハロー！NHKワールドJAPAN 7月の地域特集・山口県関連番組紹介🈑
青森,3 NHK総合1..,2026-07-26,23:00,DOC（ドック）3 あすへのカルテ（8）「暗闇の先へ」🈔🈑
青森,3 NHK総合1..,2026-07-26,23:59,連続テレビ小説「ひよっこ」再放送PR
青森,5 青森朝日放送,2026-07-26,04:45,ショップジャパン
青森,5 青森朝日放送,2026-07-26,05:15,テレビショッピング
青森,5 青森朝日放送,2026-07-26,05:45,おはよう天気ABA
青森,5 青森朝日放送,2026-07-26,05:50,ポケモンとどこいく⁉【シェフピカチュウがお出迎え！ポケモンカフェSP】
青森,5 青森朝日放送,2026-07-26,06:20,グッド！モーニング🈓🈑
青森,5 青森朝日放送,2026-07-26,08:00,よ〜い！スターと！トビダスクール しなことリボンでTシャツデコ！🈓🈑
青森,5 青森朝日放送,2026-07-26,08:30,名探偵プリキュア！ #26 キュアエクレールの復活！🈓🈑
青森,5 青森朝日放送,2026-07-26,09:00,仮面ライダーゼッツ 第45話「惑わす」🈓🈑
青森,5 青森朝日放送,2026-07-26,09:30,🈟角醒ハンター オメガホーン 第1話「角醒せよ！赤き角獣王！」🈓🈑
青森,5 青森朝日放送,2026-07-26,10:00,ちょっとバカリハカってみた▽バーミヤン完全密着でチェーン常識覆す衝撃事実が…⁉
青森,5 青森朝日放送,2026-07-26,10:55,ミキティダイニング▽石原伸晃葉山の超豪邸夫婦の寝室TV初公開世界一の麻婆豆腐！🈑
青森,5 青森朝日放送,2026-07-26,11:45,世界の車窓から
青森,5 青森朝日放送,2026-07-26,11:50,ANNニュース🈑
青森,5 青森朝日放送,2026-07-26,12:00,ビートたけしのTVタックル 昭和は驚きの光景が…令和のゴミ問題＆激安リユース店🈑
青森,5 青森朝日放送,2026-07-26,12:55,新婚さんいらっしゃい！ オーストラリア在住夫婦が出場！親戚100人の大運動会!?🈖🈑
青森,5 青森朝日放送,2026-07-26,13:25,華丸丼と大吉麺【荻窪で発見！あのドラマの監修をした三ツ星店の斬新沖縄そば】🈑
青森,5 青森朝日放送,2026-07-26,13:55,GO！ABA
青森,5 青森朝日放送,2026-07-26,14:00,映画クレヨンしんちゃん新作公開記念 野原家と愉快な妖怪が夏の大冒険SP
青森,5 青森朝日放送,2026-07-26,14:30,第47回ABCお笑いグランプリ2026 presented by SCOグループ🈑
青森,5 青森朝日放送,2026-07-26,17:30,ANNスーパーJチャンネル🈑
青森,5 青森朝日放送,2026-07-26,17:55,ツカエルくんのえねタン
青森,5 青森朝日放送,2026-07-26,18:00,相葉マナブ 初登場！timelesz佐藤勝利と地引き網！相模湾で何が獲れる？🈑
青森,5 青森朝日放送,2026-07-26,18:52,ABA天気
青森,5 青森朝日放送,2026-07-26,18:56,ポツンと一軒家 2時間SP！84歳チェーンソーアート挑戦！仲間とBBQ宴会＆絶景岩風呂🈑
青森,5 青森朝日放送,2026-07-26,20:56,有働Times🈑
青森,5 青森朝日放送,2026-07-26,22:15,マイ・フィクション 第4話「刑務所にいるはずの人間」🈖🈑
青森,5 青森朝日放送,2026-07-26,23:09,全力チャレンジャー35 これができたら冠番組▽中井友紀（ABAアナウンサー）🈞
青森,5 青森朝日放送,2026-07-26,23:15,EIGHT－JAM 【中森明菜特集‼松田聖子・小泉今日子との関係、振付秘話…】🈑
青森,6 ATV青森テレビ,2026-07-26,05:00,テレビショッピング
青森,6 ATV青森テレビ,2026-07-26,05:30,釣りごろつられごろ【今年も解禁！夏だねっ！アユの友釣り〜島根県・高津川〜】
青森,6 ATV青森テレビ,2026-07-26,05:45,皇室アルバム
青森,6 ATV青森テレビ,2026-07-26,06:00,バナナマンの早起きせっかくグルメ★全国から厳選！極上焼肉のタレでお肉を大満喫！🈑
青森,6 ATV青森テレビ,2026-07-26,06:45,JNNニュース🈐
青森,6 ATV青森テレビ,2026-07-26,07:00,健康カプセル！ゲンキの時間🈖🈑侮っていると一大事に！？消えないあざに隠れた恐怖
青森,6 ATV青森テレビ,2026-07-26,07:30,がっちりマンデー‼CMで良く見るけど知らない会社！渡辺パイプ、INPEX、NGK
青森,6 ATV青森テレビ,2026-07-26,08:00,サンデーモーニング🈑高市総理“寝てない”投稿の波紋▽消費税“迷走”と骨太ショック
青森,6 ATV青森テレビ,2026-07-26,09:54,ラブリーATV
青森,6 ATV青森テレビ,2026-07-26,10:00,サンデー・ジャポン 延長国会閉幕…議員直撃！▽堺雅人が緊急生出演！スタジオ生考察
青森,6 ATV青森テレビ,2026-07-26,11:24,天気予報🈗
青森,6 ATV青森テレビ,2026-07-26,11:30,ラブリーATV
青森,6 ATV青森テレビ,2026-07-26,11:35,上田晋也のサンデーQ🈑堺雅人が生出演「VIVANT」エキストラは4千人！聖地先取り巡礼
青森,6 ATV青森テレビ,2026-07-26,12:54,奇跡体験！アンビリバボー【あなたならどうする！？運命の決断SP】🈑
青森,6 ATV青森テレビ,2026-07-26,14:54,ラブリーATV
青森,6 ATV青森テレビ,2026-07-26,15:00,上沼恵美子を沼らせたい
青森,6 ATV青森テレビ,2026-07-26,16:00,サンドのぼんやり〜ぬTV
青森,6 ATV青森テレビ,2026-07-26,16:30,レッツゴー怪奇組 第四怪🈑
青森,6 ATV青森テレビ,2026-07-26,17:00,日5「正反対な君と僕」 ＃16「新学期」🈑🈓
青森,6 ATV青森テレビ,2026-07-26,17:30,Nスタ🈑 「飛鳥・藤原の宮都」が世界遺産新登録なるか▽「土用の丑の日」うなぎ店は
青森,6 ATV青森テレビ,2026-07-26,18:00,世界遺産／バリ島 1000年続く棚田の絶景（インドネシア）🈖🈑
青森,6 ATV青森テレビ,2026-07-26,18:30,ベスコングルメ★夏の軽井沢SP・そば通DEEN池森オススメの手打ちそば名店へ🈖🈑🈓
青森,6 ATV青森テレビ,2026-07-26,19:00,バナナマンのせっかくグルメ★VIVANT堺雅人＆濱田岳と日村が人気リゾート地🈑🈓
青森,6 ATV青森テレビ,2026-07-26,20:00,VIVANT直前生放送★堺×阿部×二宮×松坂が集結！今からでも間に合うSPダイジェスト🈑
青森,6 ATV青森テレビ,2026-07-26,21:00,🈟日曜劇場「VIVANT」第11話🈖🈑
青森,6 ATV青森テレビ,2026-07-26,22:19,ラブリーATV
青森,6 ATV青森テレビ,2026-07-26,22:25,日曜日の初耳学◆堺雅人×林修『VIVANT』放送直後90分SP阿部寛＆初出しメイキング映像
青森,6 ATV青森テレビ,2026-07-26,23:49,天気予報🈗
青森,6 ATV青森テレビ,2026-07-26,23:55,黒猫と魔女の教室🈑🈓 ＃16「イオ・トーラス がんばります」【アガルアニメ】
岩手,1 NHK総合1..,2026-07-26,05:00,ニュース・気象情報
岩手,1 NHK総合1..,2026-07-26,05:10,Jリーグと私 あの試合を忘れない ＃17 横浜FM🈑
岩手,1 NHK総合1..,2026-07-26,05:15,週末のNスペは… 激変・安全保障 日本の進路は🈑
岩手,1 NHK総合1..,2026-07-26,05:20,桂文珍の演芸図鑑 レ・ロマネスクTOBI 柳亭小燕枝 三拍子🈑
岩手,1 NHK総合1..,2026-07-26,05:50,気象情報
岩手,1 NHK総合1..,2026-07-26,05:55,にっぽん百名山ミニ 3min「夏 五竜岳」🈑
岩手,1 NHK総合1..,2026-07-26,05:58,巡る世界絶景 ベネチアの冬🅍
岩手,1 NHK総合1..,2026-07-26,06:00,ニュース
岩手,1 NHK総合1..,2026-07-26,06:10,【特選！時代劇】大岡越前8 🈟（1）「燃える牢屋敷」🈖🈑
岩手,1 NHK総合1..,2026-07-26,06:53,気象情報
岩手,1 NHK総合1..,2026-07-26,06:55,ニュース・気象情報（東北）
岩手,1 NHK総合1..,2026-07-26,07:00,NHKニュース おはよう日本 7月26日（日）🈑
岩手,1 NHK総合1..,2026-07-26,07:40,ニュース・気象情報（東北）
岩手,1 NHK総合1..,2026-07-26,07:45,さわやか自然百景 青森 屏風山湿原池沼群🈑
岩手,1 NHK総合1..,2026-07-26,08:00,小さな旅「大原を継ぐ 〜京都市 左京区〜」🈖🈑
岩手,1 NHK総合1..,2026-07-26,08:25,Dearにっぽん「私たちが新聞を書く理由〜滋賀・虎姫高校〜」🈑
岩手,1 NHK総合1..,2026-07-26,08:50,あさイチの鈴木奈穂子アナが「NHK ONE」を解説🈑
岩手,1 NHK総合1..,2026-07-26,08:57,気象情報
岩手,1 NHK総合1..,2026-07-26,09:00,日曜討論 徹底解説！暑さはどこまで？対策は
岩手,1 NHK総合1..,2026-07-26,10:00,ニュース・気象情報🈑
岩手,1 NHK総合1..,2026-07-26,10:05,明日をまもるナビ選196 都市を襲う水害 内水氾濫〜見えない危険にどう備える🈖🈑
岩手,1 NHK総合1..,2026-07-26,10:29,命を守る 防災ポイント 熱中症から命を守れ🈑
岩手,1 NHK総合1..,2026-07-26,10:30,5分であさイチ（4）知ってトクする旅行術（2）バッグの詰め方🈑
岩手,1 NHK総合1..,2026-07-26,10:35,ゆったり温泉ひとり旅 北海道・登別温泉🈑
岩手,1 NHK総合1..,2026-07-26,11:04,ニュース🈑
岩手,1 NHK総合1..,2026-07-26,11:05,あしたが変わるトリセツショー 骨ケアで健康革命！今すぐできる運動＆食事ワザ🈖🈑🈞
岩手,1 NHK総合1..,2026-07-26,11:50,ふすま絵 奇跡の再会🈑
岩手,1 NHK総合1..,2026-07-26,11:54,気象情報
岩手,1 NHK総合1..,2026-07-26,12:00,ニュース🈑
岩手,1 NHK総合1..,2026-07-26,12:10,ニュース（東北）
岩手,1 NHK総合1..,2026-07-26,12:15,NHKのど自慢 熱唱熱演名場面 2026 Part1🈑
岩手,1 NHK総合1..,2026-07-26,12:55,ドキュメント72時間PR ドキュメント72時間の作り方＜編集・ナレーション編＞🈑
岩手,1 NHK総合1..,2026-07-26,13:00,ニュース・気象情報🈑
岩手,1 NHK総合1..,2026-07-26,13:05,ダーウィンが来た！「相葉さんと探せ！ミクロいきもの超ワールド」🈖🈑🈞
岩手,1 NHK総合1..,2026-07-26,13:35,さわやか自然百景10min．（37）兵庫 猫崎の海と黒川渓谷🈑
岩手,1 NHK総合1..,2026-07-26,13:45,JAPAN DELISH 5min カレーライス🈑
岩手,1 NHK総合1..,2026-07-26,13:50,アニメまとめPR 放送中！注目の3番組ほか🈑
岩手,1 NHK総合1..,2026-07-26,13:55,プロフェッショナル 仕事の流儀 旅する家族、春をつなぐ〜養蜂家・藤井髙治〜🈖🈑🈞
岩手,1 NHK総合1..,2026-07-26,14:40,秀サルでもわかる 豊臣兄弟！ なんで豊臣兄弟は明智光秀に勝てたの？🈑
岩手,1 NHK総合1..,2026-07-26,14:45,あしたが変わるトリセツショー 番外編 フレイル対策15分エクササイズ🈑
岩手,1 NHK総合1..,2026-07-26,15:00,ニュース・気象情報🈑
岩手,1 NHK総合1..,2026-07-26,15:05,大相撲（2026年） 名古屋場所 千秋楽🈑
岩手,1 NHK総合1..,2026-07-26,15:30,大相撲（2026年） 名古屋場所 千秋楽 優勝力士・三賞力士インタビュー🈔🈑
岩手,1 NHK総合1..,2026-07-26,18:00,ニュース🈑
岩手,1 NHK総合1..,2026-07-26,18:05,有吉のお金発見 突撃！カネオくん 令和に再ブーム！RCカーのヒミツ🈑
岩手,1 NHK総合1..,2026-07-26,18:45,おばんですいわてサンデー
岩手,1 NHK総合1..,2026-07-26,19:00,NHKニュース7🈔🈑
岩手,1 NHK総合1..,2026-07-26,19:30,ダーウィンが来た！「最大の味方！最強のライバル！？動物兄弟」🈖🈑
岩手,1 NHK総合1..,2026-07-26,20:00,豊臣兄弟！（29）天下への道🈖🈑
岩手,1 NHK総合1..,2026-07-26,20:45,ニュース🈑🈐
岩手,1 NHK総合1..,2026-07-26,20:55,ニュース・気象情報（東北）
岩手,1 NHK総合1..,2026-07-26,21:00,NHKスペシャル 激変・安全保障 “力の支配”と揺らぐ国際秩序 日本の針路は🈑
岩手,1 NHK総合1..,2026-07-26,22:00,サンデースポーツ🈑
岩手,1 NHK総合1..,2026-07-26,22:50,ニュース・気象情報🈑
岩手,1 NHK総合1..,2026-07-26,22:55,ハロー！NHKワールドJAPAN 7月の地域特集・山口県関連番組紹介🈑
岩手,1 NHK総合1..,2026-07-26,23:00,DOC（ドック）3 あすへのカルテ（8）「暗闇の先へ」🈔🈑
岩手,1 NHK総合1..,2026-07-26,23:59,連続テレビ小説「ひよっこ」再放送PR
岩手,2 NHKEテレ..,2026-07-26,05:00,こころの時代 わからなさのなかで〜最首悟の思想をたどる〜🈑🈞
岩手,2 NHKEテレ..,2026-07-26,06:00,NHK短歌 わたしの宮沢賢治 テーマ「月」🈑
岩手,2 NHKEテレ..,2026-07-26,06:25,テレビ体操🈑
岩手,2 NHKEテレ..,2026-07-26,06:35,NHK俳句 題「七夕」🈑
岩手,2 NHKEテレ..,2026-07-26,07:00,第93回NHK全国学校音楽コンクール みんなの合唱レッスン・高等学校の部🈑
岩手,2 NHKEテレ..,2026-07-26,07:10,第93回NHK全国学校音楽コンクール みんなの合唱レッスン・中学校の部🈑
岩手,2 NHKEテレ..,2026-07-26,07:20,第93回NHK全国学校音楽コンクール みんなの合唱レッスン・小学校の部🈑
岩手,2 NHKEテレ..,2026-07-26,07:30,おとうさんといっしょ「まねまねどんぐー」🈑🈞
岩手,2 NHKEテレ..,2026-07-26,08:00,やさいの時間 みんなの菜園物語 兵庫県（後編）🈑
岩手,2 NHKEテレ..,2026-07-26,08:25,趣味の園芸 京も一日陽だまり屋「の〜んびり 蘇鉄（そてつ）」🈑
岩手,2 NHKEテレ..,2026-07-26,08:30,趣味の園芸 選 ステキをセレクト！タネから育てるコスモス🈑
岩手,2 NHKEテレ..,2026-07-26,08:55,no art，no life「洋一」🈑
岩手,2 NHKEテレ..,2026-07-26,09:00,日曜美術館 陶芸家ルーシー・リー 繊細でたくましい器🈑
岩手,2 NHKEテレ..,2026-07-26,09:45,日曜美術館 アートシーン「まなざしの奇跡 日本女性写真家の冒険」展🈑
岩手,2 NHKEテレ..,2026-07-26,10:00,将棋フォーカス 選 フォーカス流・観る将検定 第2回！🈑
岩手,2 NHKEテレ..,2026-07-26,10:30,第76回 NHK杯テレビ将棋トーナメント 1回戦第17局 羽生九段×横山七段🈑
岩手,2 NHKEテレ..,2026-07-26,12:00,囲碁フォーカス 選 知らずに使っている！？「囲碁用語」🈑
岩手,2 NHKEテレ..,2026-07-26,12:30,第74回NHK杯テレビ囲碁トーナメント1回戦第17局酒井佑規七段×加藤千笑四段🈑
岩手,2 NHKEテレ..,2026-07-26,14:00,日本の話芸 柳家蝠丸 落語「叩き蟹」🈖🈑
岩手,2 NHKEテレ..,2026-07-26,14:30,アニメ 青のオーケストラ シーズン2（1）「ほころび」🈑
岩手,2 NHKEテレ..,2026-07-26,14:55,アニメ 青のオーケストラ シーズン2（2）「波紋」🈑
岩手,2 NHKEテレ..,2026-07-26,15:20,アニメ 青のオーケストラ シーズン2（3）「ケジメ」🈑
岩手,2 NHKEテレ..,2026-07-26,15:45,アニメ 青のオーケストラ シーズン2（4）「体育祭」🈑
岩手,2 NHKEテレ..,2026-07-26,16:10,ピタゴラミングスイッチ2🈑🈞
岩手,2 NHKEテレ..,2026-07-26,16:30,ざわざわ森のがんこちゃん30周年スペシャルがんこのびっくりおたんじょうび会🈖🈑🈞
岩手,2 NHKEテレ..,2026-07-26,17:00,アニメ アオアシ（17）東京都リーグ第7節 多摩体育大学附属高校戦🈑
岩手,2 NHKEテレ..,2026-07-26,17:25,レディー・グレース 女王陛下のスパイ（4）「迷える女王」🈔🈑
岩手,2 NHKEテレ..,2026-07-26,17:50,こども手話ウイークリー🈐
岩手,2 NHKEテレ..,2026-07-26,18:00,木村多江の、いまさらですが… アメリカ建国の立役者 初代財務長官ハミルトン🈖🈑🈞
岩手,2 NHKEテレ..,2026-07-26,18:30,ブリティッシュ・ベイクオフ6（17）チョコレート対決・前編🈔🈑🈞
岩手,2 NHKEテレ..,2026-07-26,19:00,未病息災を願います 選「骨密度」が気になったら🈖🈑
岩手,2 NHKEテレ..,2026-07-26,19:45,365日の献立日記「野菜ずし」🈑
岩手,2 NHKEテレ..,2026-07-26,19:50,5分であさイチ 夏休みの“お昼ごはん”に革命を！🈑
岩手,2 NHKEテレ..,2026-07-26,19:55,NHK手話ニュース🈐
岩手,2 NHKEテレ..,2026-07-26,20:00,日曜美術館 滅びゆく写真 そして人類 現代美術作家・杉本博司🈑🈞
岩手,2 NHKEテレ..,2026-07-26,20:45,日曜美術館 アートシーン「元禄！師宣劇場」展🈑
岩手,2 NHKEテレ..,2026-07-26,21:00,古典芸能への招待 歌舞伎「近江源氏先陣館 盛綱陣屋」大阪松竹座さよなら公演🈕🈑
岩手,2 NHKEテレ..,2026-07-26,23:00,美の壺 選「小さな芸術 干菓子」🈑
岩手,2 NHKEテレ..,2026-07-26,23:30,サイエンスZERO“次世代塗料”が未来を塗り替える！？🈖🈑
岩手,4 テレビ岩手1,2026-07-26,04:40,TVショッピング
岩手,4 テレビ岩手1,2026-07-26,05:10,TVショッピング
岩手,4 テレビ岩手1,2026-07-26,05:40,TVショッピング
岩手,4 テレビ岩手1,2026-07-26,06:10,おは天
岩手,4 テレビ岩手1,2026-07-26,06:15,NNNニュースサンデー🈐
岩手,4 テレビ岩手1,2026-07-26,06:30,それいけ！アンパンマン「SLマンとリトルジョーカー・他」🈖🈑
岩手,4 テレビ岩手1,2026-07-26,07:00,所さんの目がテン！🈑所さんと奥田民生さんが絶品イノシシ肉で燻製作り⁉
岩手,4 テレビ岩手1,2026-07-26,07:30,シューイチ🈑🈓8月から変わること＆新スポット▽秋山＆平子が南房総の体格グルメ堪能
岩手,4 テレビ岩手1,2026-07-26,10:25,一茂×かまいたちゲンバ▼水族館でアシカとご対面▼驚き新食感「糸かき氷」とは？🈑
岩手,4 テレビ岩手1,2026-07-26,11:25,ウェザー＆インフォ
岩手,4 テレビ岩手1,2026-07-26,11:30,NNN ストレイトニュース🈑
岩手,4 テレビ岩手1,2026-07-26,11:40,Youは何しに日本へ？
岩手,4 テレビ岩手1,2026-07-26,12:35,世界！ニッポン行きたい人応援団★世界が愛した国民食！究極弁当【後編】
岩手,4 テレビ岩手1,2026-07-26,13:30,ライフ IS ビューと見る【9人きょうだい東大生＆ギャル小学生の人生とは…】
岩手,4 テレビ岩手1,2026-07-26,15:00,「ニッポン神ワザ職人名鑑」後世に残したい…驚異の職人技を大公開SP
岩手,4 テレビ岩手1,2026-07-26,16:25,ぺこもぐキッチン【おでんSP】王者・大根を超える具を本気で考案！衝撃の具が誕生
岩手,4 テレビ岩手1,2026-07-26,16:55,ピノキオ・サンセット▽ぶらり街歩き▽盛岡八幡町・料亭・建具・トンテキ
岩手,4 テレビ岩手1,2026-07-26,17:25,ニュースプラス1サンデー
岩手,4 テレビ岩手1,2026-07-26,17:30,笑点🈖🈑🈓城島茂が座布団運び「ザ！鉄腕！DASH！！」×「笑点」夢のコラボDAY
岩手,4 テレビ岩手1,2026-07-26,18:00,真相報道バンキシャ！🈑独自分析…熱中症患者10人の行動に教訓▽花火大会で湿度検証
岩手,4 テレビ岩手1,2026-07-26,18:55,博士は今日も嫉妬する 人生が楽しくなる最新テクノロジー🈑
岩手,4 テレビ岩手1,2026-07-26,19:00,ザ！鉄腕！DASH！！▽笑点60周年記念夏祭り！師匠全員参加で巨大お好み焼き！🈑
岩手,4 テレビ岩手1,2026-07-26,19:58,イッテQ【お祭り男宮川＆二代目手越】フィンランドで丸太乗って川を下る木材選手権🈑
岩手,4 テレビ岩手1,2026-07-26,20:54,番組インフォ
岩手,4 テレビ岩手1,2026-07-26,20:57,天気予報
岩手,4 テレビ岩手1,2026-07-26,21:00,ゴールデンストーンズ▽番組史上最大‼人気芸人軍団と総勢31名の大混戦バトル🈑
岩手,4 テレビ岩手1,2026-07-26,21:54,日テレ＋「火曜日ははじめてのおつかい」🈑
岩手,4 テレビ岩手1,2026-07-26,22:00,おしゃれクリップ🈖🈑出川哲朗はなぜ愛される？▼妻や一茂が忖度なしでガチ素顔告白
岩手,4 テレビ岩手1,2026-07-26,22:30,ドラマ「一次元の挿し木」第4話【激動の真相が発覚…古人骨と義妹を巡る謎】🈖🈑🈓
岩手,4 テレビ岩手1,2026-07-26,23:25,ダウンタウンのガキの使い！10人で男の勲章歌い切り！エース＆小田参戦で大波乱🈑
岩手,4 テレビ岩手1,2026-07-26,23:55,Going！🈑生出演！渡邊雄太が明かす日本バスケの進化▼赤星絶賛！怪物高校生
岩手,5 岩手朝日テレビ,2026-07-26,04:50,テレショップ
岩手,5 岩手朝日テレビ,2026-07-26,05:20,テレショップ
岩手,5 岩手朝日テレビ,2026-07-26,05:50,グッド！モーニング🈓🈑
岩手,5 岩手朝日テレビ,2026-07-26,08:00,よ〜い！スターと！トビダスクール しなことリボンでTシャツデコ！🈓🈑
岩手,5 岩手朝日テレビ,2026-07-26,08:30,名探偵プリキュア！ #26 キュアエクレールの復活！🈓🈑
岩手,5 岩手朝日テレビ,2026-07-26,09:00,仮面ライダーゼッツ 第45話「惑わす」🈓🈑
岩手,5 岩手朝日テレビ,2026-07-26,09:30,🈟角醒ハンター オメガホーン 第1話「角醒せよ！赤き角獣王！」🈓🈑
岩手,5 岩手朝日テレビ,2026-07-26,10:00,千鳥の相席食堂🈑 M-1王者たくろう地元凱旋相席▽赤木が過去の㊙失態謝罪＆英雄きむら
岩手,5 岩手朝日テレビ,2026-07-26,10:55,マツコ＆有吉 かりそめ天国🈞 ぶらり新幹線こだま旅 豊橋グルメ＆琵琶湖の絶景宿🈑
岩手,5 岩手朝日テレビ,2026-07-26,11:50,ANNニュース🈑
岩手,5 岩手朝日テレビ,2026-07-26,12:00,ビートたけしのTVタックル 昭和は驚きの光景が…令和のゴミ問題＆激安リユース店🈑
岩手,5 岩手朝日テレビ,2026-07-26,12:55,新婚さんいらっしゃい！ オーストラリア在住夫婦が出場！親戚100人の大運動会!?🈖🈑
岩手,5 岩手朝日テレビ,2026-07-26,13:25,華丸丼と大吉麺【荻窪で発見！あのドラマの監修をした三ツ星店の斬新沖縄そば】🈑
岩手,5 岩手朝日テレビ,2026-07-26,13:55,林修の今知りたいでしょ！ 傑作選 帯状疱疹・脳卒中・糖尿病！意外な病気のサイン🈑
岩手,5 岩手朝日テレビ,2026-07-26,15:20,路線バスで寄り道の旅 【史上最多人数バス旅!SHOW-WA・MATSURI参戦】
岩手,5 岩手朝日テレビ,2026-07-26,16:30,ポツンと一軒家🈞 絶景オーシャンビューの家！仲良し研究者夫婦の充実セカンドライフ
岩手,5 岩手朝日テレビ,2026-07-26,17:30,ANNスーパーJチャンネル🈑
岩手,5 岩手朝日テレビ,2026-07-26,17:55,SDGs劇場 サスとテナ シーズン3 SDGsクイズ大会3🈞
岩手,5 岩手朝日テレビ,2026-07-26,18:00,相葉マナブ 初登場！timelesz佐藤勝利と地引き網！相模湾で何が獲れる？🈑
岩手,5 岩手朝日テレビ,2026-07-26,18:52,IATお天気情報
岩手,5 岩手朝日テレビ,2026-07-26,18:56,ポツンと一軒家 2時間SP！84歳チェーンソーアート挑戦！仲間とBBQ宴会＆絶景岩風呂🈑
岩手,5 岩手朝日テレビ,2026-07-26,20:56,有働Times🈑
岩手,5 岩手朝日テレビ,2026-07-26,22:15,マイ・フィクション 第4話「刑務所にいるはずの人間」🈖🈑
岩手,5 岩手朝日テレビ,2026-07-26,23:09,IATお天気情報
岩手,5 岩手朝日テレビ,2026-07-26,23:15,EIGHT－JAM 【中森明菜特集‼松田聖子・小泉今日子との関係、振付秘話…】🈑
岩手,6 IBCテレビ1,2026-07-26,05:00,オークローンテレビショッピング
岩手,6 IBCテレビ1,2026-07-26,05:30,ディーニーズテレビショッピング
岩手,6 IBCテレビ1,2026-07-26,06:00,日本のチカラ🈑
岩手,6 IBCテレビ1,2026-07-26,06:30,皇室アルバム
岩手,6 IBCテレビ1,2026-07-26,06:45,JNNニュース🈐
岩手,6 IBCテレビ1,2026-07-26,07:00,健康カプセル！ゲンキの時間🈖🈑侮っていると一大事に！？消えないあざに隠れた恐怖
岩手,6 IBCテレビ1,2026-07-26,07:30,がっちりマンデー‼CMで良く見るけど知らない会社！渡辺パイプ、INPEX、NGK
岩手,6 IBCテレビ1,2026-07-26,08:00,サンデーモーニング🈑高市総理“寝てない”投稿の波紋▽消費税“迷走”と骨太ショック
岩手,6 IBCテレビ1,2026-07-26,09:54,インフォメーション
岩手,6 IBCテレビ1,2026-07-26,10:00,サンデー・ジャポン 延長国会閉幕…議員直撃！▽堺雅人が緊急生出演！スタジオ生考察
岩手,6 IBCテレビ1,2026-07-26,11:24,インフォメーション
岩手,6 IBCテレビ1,2026-07-26,11:30,天気＆インフォ
岩手,6 IBCテレビ1,2026-07-26,11:35,上田晋也のサンデーQ🈑堺雅人が生出演「VIVANT」エキストラは4千人！聖地先取り巡礼
岩手,6 IBCテレビ1,2026-07-26,12:54,インフォメーション
岩手,6 IBCテレビ1,2026-07-26,13:00,所さんのそこんトコロ【意外なアレで稼ぐ＆開かずの金庫＆〇〇を守る研究】
岩手,6 IBCテレビ1,2026-07-26,13:54,モヤモヤさまぁ〜ず2【韓国・ソウルSP】キムチ禁止でモヤさま的ドイヒーソウル旅
岩手,6 IBCテレビ1,2026-07-26,14:39,とっておき！にっぽん美食紀行
岩手,6 IBCテレビ1,2026-07-26,14:54,みciao！IBC
岩手,6 IBCテレビ1,2026-07-26,15:00,町焼肉が好き【牛を凌駕する豚ホルモン！こだわり抜いた朝採れホルモンの秘】
岩手,6 IBCテレビ1,2026-07-26,15:30,バスVS鉄道 乗り継ぎ対決旅24 夏に行きたい観光スポット攻略SP
岩手,6 IBCテレビ1,2026-07-26,16:24,みciao！IBC
岩手,6 IBCテレビ1,2026-07-26,16:30,レッツゴー怪奇組 第四怪🈑
岩手,6 IBCテレビ1,2026-07-26,17:00,日5「正反対な君と僕」 ＃16「新学期」🈑🈓
岩手,6 IBCテレビ1,2026-07-26,17:30,Nスタ🈑 「飛鳥・藤原の宮都」が世界遺産新登録なるか▽「土用の丑の日」うなぎ店は
岩手,6 IBCテレビ1,2026-07-26,18:00,世界遺産／バリ島 1000年続く棚田の絶景（インドネシア）🈖🈑
岩手,6 IBCテレビ1,2026-07-26,18:30,ベスコングルメ★夏の軽井沢SP・そば通DEEN池森オススメの手打ちそば名店へ🈖🈑🈓
岩手,6 IBCテレビ1,2026-07-26,19:00,バナナマンのせっかくグルメ★VIVANT堺雅人＆濱田岳と日村が人気リゾート地🈑🈓
岩手,6 IBCテレビ1,2026-07-26,20:00,VIVANT直前生放送★堺×阿部×二宮×松坂が集結！今からでも間に合うSPダイジェスト🈑
岩手,6 IBCテレビ1,2026-07-26,21:00,🈟日曜劇場「VIVANT」第11話🈖🈑
岩手,6 IBCテレビ1,2026-07-26,22:19,岩手日報IBCニュース
岩手,6 IBCテレビ1,2026-07-26,22:21,天気＆インフォ
岩手,6 IBCテレビ1,2026-07-26,22:25,日曜日の初耳学◆堺雅人×林修『VIVANT』放送直後90分SP阿部寛＆初出しメイキング映像
岩手,6 IBCテレビ1,2026-07-26,23:49,みciao！IBC
岩手,6 IBCテレビ1,2026-07-26,23:55,黒猫と魔女の教室🈑🈓 ＃16「イオ・トーラス がんばります」【アガルアニメ】
岩手,8 めんこいテレビ1,2026-07-26,05:00,テレビショッピング・イイものショッピングゥ〜！
岩手,8 めんこいテレビ1,2026-07-26,05:30,🈐テレビ寺子屋【多世代交流が子どもを育む／多田千尋】＃2472
岩手,8 めんこいテレビ1,2026-07-26,06:00,FNNニュース🈑
岩手,8 めんこいテレビ1,2026-07-26,06:15,テレビショッピング・オークローンマーケティングテレビショッピング
岩手,8 めんこいテレビ1,2026-07-26,06:45,スギちゃんの秘境温泉旅＃4【沼尻温泉 沼尻元湯 （福島県）】🈞
岩手,8 めんこいテレビ1,2026-07-26,07:00,SUNDAYブレイク． 千葉県勝浦でオズワルド伊藤が絶叫アクティビティ体験🈑🈕🈓
岩手,8 めんこいテレビ1,2026-07-26,08:25,ジャンクSPORTS🈑
岩手,8 めんこいテレビ1,2026-07-26,08:55,みてみて！めんこいテレビ
岩手,8 めんこいテレビ1,2026-07-26,09:00,DIGIMON BEATBREAK【消せない夜】 ＃40🈑🈖
岩手,8 めんこいテレビ1,2026-07-26,09:30,テレビアニメ「鬼滅の刃」シリーズ全編再放送【竈門炭治郎 立志編】🈑🈖🈓
岩手,8 めんこいテレビ1,2026-07-26,10:00,かのサンド◆学生街で絶品グルメSP！早稲田コスパ抜群グルメ＆学芸大学の名店中華🈑
岩手,8 めんこいテレビ1,2026-07-26,11:15,ミラモンGOLD🈑
岩手,8 めんこいテレビ1,2026-07-26,11:45,ガイド
岩手,8 めんこいテレビ1,2026-07-26,11:50,FNN Live News days🈑
岩手,8 めんこいテレビ1,2026-07-26,12:00,孤独のグルメSeason11 4話 本厚木のバーニャカウダと脾臓のパニーニ
岩手,8 めんこいテレビ1,2026-07-26,12:40,なりゆき街道旅【夏の逗子・葉山でグルメ満喫！天童よしみと葉山牛ハンバーグ堪能】🈑
岩手,8 めんこいテレビ1,2026-07-26,14:10,ミキティダイニング▼慶應卒ACEes那須合格を果たす勉強法！佐藤龍我ギャグ披露🈑
岩手,8 めんこいテレビ1,2026-07-26,15:00,みんなのKEIBA 関屋記念・GⅢ＆東海S・GⅢ 夏の新潟開幕！ ゲスト中山優馬
岩手,8 めんこいテレビ1,2026-07-26,16:00,もりおかジャーニー〜もりおかの食編〜
岩手,8 めんこいテレビ1,2026-07-26,16:30,あなたの努力を勝手に表彰！ぶっ続けアワード【牛乳パック84歳＆トイレ東大生】
岩手,8 めんこいテレビ1,2026-07-26,17:25,BEAUTIFUL VIEW PROJECT
岩手,8 めんこいテレビ1,2026-07-26,17:30,Live News イット！🈑
岩手,8 めんこいテレビ1,2026-07-26,18:00,ちびまる子ちゃん【隣町の男子とプールで勝負する／たまちゃんちで日曜大工を】🈑🈖
岩手,8 めんこいテレビ1,2026-07-26,18:30,サザエさん【憧れの松／うっかりでしっかり ほか】🈑🈖🈓
岩手,8 めんこいテレビ1,2026-07-26,19:00,千鳥の鬼レンチャン◆鬼ハード初代女王誕生？STU池ちゃん＆高橋成美サビカラ登場🈑
岩手,8 めんこいテレビ1,2026-07-26,21:00,Mr．サンデー🈑🈓
岩手,8 めんこいテレビ1,2026-07-26,23:09,みてみて！めんこいテレビ
岩手,8 めんこいテレビ1,2026-07-26,23:15,ワンピース【エルバフの大罪人 冥界のロキ解放！？】🈑🈖
岩手,8 めんこいテレビ1,2026-07-26,23:45,すぽると！ 大谷翔平のストレートは軌道が読めない⁉スター証言＆脳科学から紐解く🈑
宮城,1 TBCテレビ1,2026-07-26,04:55,テレショップ
宮城,1 TBCテレビ1,2026-07-26,05:25,テレショップ
宮城,1 TBCテレビ1,2026-07-26,05:55,モリーノTV
宮城,1 TBCテレビ1,2026-07-26,06:00,🈑日本のチカラ【ビートで輝け！〜DJ介護士のロマンディスコ】
宮城,1 TBCテレビ1,2026-07-26,06:30,皇室アルバム
宮城,1 TBCテレビ1,2026-07-26,06:45,JNNニュース🈐
宮城,1 TBCテレビ1,2026-07-26,07:00,健康カプセル！ゲンキの時間🈖🈑侮っていると一大事に！？消えないあざに隠れた恐怖
宮城,1 TBCテレビ1,2026-07-26,07:30,がっちりマンデー‼CMで良く見るけど知らない会社！渡辺パイプ、INPEX、NGK
宮城,1 TBCテレビ1,2026-07-26,08:00,サンデーモーニング🈑高市総理“寝てない”投稿の波紋▽消費税“迷走”と骨太ショック
宮城,1 TBCテレビ1,2026-07-26,09:54,モリーノTV
宮城,1 TBCテレビ1,2026-07-26,10:00,サンデー・ジャポン 延長国会閉幕…議員直撃！▽堺雅人が緊急生出演！スタジオ生考察
宮城,1 TBCテレビ1,2026-07-26,11:24,天気予報
宮城,1 TBCテレビ1,2026-07-26,11:30,大和の風【東寺〜密教が描く宇宙のかたち〜】
宮城,1 TBCテレビ1,2026-07-26,11:35,上田晋也のサンデーQ🈑堺雅人が生出演「VIVANT」エキストラは4千人！聖地先取り巡礼
宮城,1 TBCテレビ1,2026-07-26,12:54,直球勝負！イーグルスLIVE 日本ハム×楽天
宮城,1 TBCテレビ1,2026-07-26,16:30,レッツゴー怪奇組 第四怪🈑
宮城,1 TBCテレビ1,2026-07-26,17:00,日5「正反対な君と僕」 ＃16「新学期」🈑🈓
宮城,1 TBCテレビ1,2026-07-26,17:30,Nスタ🈑 「飛鳥・藤原の宮都」が世界遺産新登録なるか▽「土用の丑の日」うなぎ店は
宮城,1 TBCテレビ1,2026-07-26,18:00,世界遺産／バリ島 1000年続く棚田の絶景（インドネシア）🈖🈑
宮城,1 TBCテレビ1,2026-07-26,18:30,ベスコングルメ★夏の軽井沢SP・そば通DEEN池森オススメの手打ちそば名店へ🈖🈑🈓
宮城,1 TBCテレビ1,2026-07-26,19:00,バナナマンのせっかくグルメ★VIVANT堺雅人＆濱田岳と日村が人気リゾート地🈑🈓
宮城,1 TBCテレビ1,2026-07-26,20:00,VIVANT直前生放送★堺×阿部×二宮×松坂が集結！今からでも間に合うSPダイジェスト🈑
宮城,1 TBCテレビ1,2026-07-26,21:00,🈟日曜劇場「VIVANT」第11話🈖🈑
宮城,1 TBCテレビ1,2026-07-26,22:19,tbcニュース
宮城,1 TBCテレビ1,2026-07-26,22:25,日曜日の初耳学◆堺雅人×林修『VIVANT』放送直後90分SP阿部寛＆初出しメイキング映像
宮城,1 TBCテレビ1,2026-07-26,23:49,天気予報
宮城,1 TBCテレビ1,2026-07-26,23:55,黒猫と魔女の教室🈑🈓 ＃16「イオ・トーラス がんばります」【アガルアニメ】
宮城,2 NHKEテレ..,2026-07-26,05:00,こころの時代 わからなさのなかで〜最首悟の思想をたどる〜🈑🈞
宮城,2 NHKEテレ..,2026-07-26,06:00,NHK短歌 わたしの宮沢賢治 テーマ「月」🈑
宮城,2 NHKEテレ..,2026-07-26,06:25,テレビ体操🈑
宮城,2 NHKEテレ..,2026-07-26,06:35,NHK俳句 題「七夕」🈑
宮城,2 NHKEテレ..,2026-07-26,07:00,第93回NHK全国学校音楽コンクール みんなの合唱レッスン・高等学校の部🈑
宮城,2 NHKEテレ..,2026-07-26,07:10,第93回NHK全国学校音楽コンクール みんなの合唱レッスン・中学校の部🈑
宮城,2 NHKEテレ..,2026-07-26,07:20,第93回NHK全国学校音楽コンクール みんなの合唱レッスン・小学校の部🈑
宮城,2 NHKEテレ..,2026-07-26,07:30,おとうさんといっしょ「まねまねどんぐー」🈑🈞
宮城,2 NHKEテレ..,2026-07-26,08:00,やさいの時間 みんなの菜園物語 兵庫県（後編）🈑
宮城,2 NHKEテレ..,2026-07-26,08:25,趣味の園芸 京も一日陽だまり屋「の〜んびり 蘇鉄（そてつ）」🈑
宮城,2 NHKEテレ..,2026-07-26,08:30,趣味の園芸 選 ステキをセレクト！タネから育てるコスモス🈑
宮城,2 NHKEテレ..,2026-07-26,08:55,no art，no life「洋一」🈑
宮城,2 NHKEテレ..,2026-07-26,09:00,日曜美術館 陶芸家ルーシー・リー 繊細でたくましい器🈑
宮城,2 NHKEテレ..,2026-07-26,09:45,日曜美術館 アートシーン「まなざしの奇跡 日本女性写真家の冒険」展🈑
宮城,2 NHKEテレ..,2026-07-26,10:00,将棋フォーカス 選 フォーカス流・観る将検定 第2回！🈑
宮城,2 NHKEテレ..,2026-07-26,10:30,第76回 NHK杯テレビ将棋トーナメント 1回戦第17局 羽生九段×横山七段🈑
宮城,2 NHKEテレ..,2026-07-26,12:00,囲碁フォーカス 選 知らずに使っている！？「囲碁用語」🈑
宮城,2 NHKEテレ..,2026-07-26,12:30,第74回NHK杯テレビ囲碁トーナメント1回戦第17局酒井佑規七段×加藤千笑四段🈑
宮城,2 NHKEテレ..,2026-07-26,14:00,日本の話芸 柳家蝠丸 落語「叩き蟹」🈖🈑
宮城,2 NHKEテレ..,2026-07-26,14:30,アニメ 青のオーケストラ シーズン2（1）「ほころび」🈑
宮城,2 NHKEテレ..,2026-07-26,14:55,アニメ 青のオーケストラ シーズン2（2）「波紋」🈑
宮城,2 NHKEテレ..,2026-07-26,15:20,アニメ 青のオーケストラ シーズン2（3）「ケジメ」🈑
宮城,2 NHKEテレ..,2026-07-26,15:45,アニメ 青のオーケストラ シーズン2（4）「体育祭」🈑
宮城,2 NHKEテレ..,2026-07-26,16:10,ピタゴラミングスイッチ2🈑🈞
宮城,2 NHKEテレ..,2026-07-26,16:30,ざわざわ森のがんこちゃん30周年スペシャルがんこのびっくりおたんじょうび会🈖🈑🈞
宮城,2 NHKEテレ..,2026-07-26,17:00,アニメ アオアシ（17）東京都リーグ第7節 多摩体育大学附属高校戦🈑
宮城,2 NHKEテレ..,2026-07-26,17:25,レディー・グレース 女王陛下のスパイ（4）「迷える女王」🈔🈑
宮城,2 NHKEテレ..,2026-07-26,17:50,こども手話ウイークリー🈐
宮城,2 NHKEテレ..,2026-07-26,18:00,木村多江の、いまさらですが… アメリカ建国の立役者 初代財務長官ハミルトン🈖🈑🈞
宮城,2 NHKEテレ..,2026-07-26,18:30,ブリティッシュ・ベイクオフ6（17）チョコレート対決・前編🈔🈑🈞
宮城,2 NHKEテレ..,2026-07-26,19:00,未病息災を願います 選「骨密度」が気になったら🈖🈑
宮城,2 NHKEテレ..,2026-07-26,19:45,365日の献立日記「野菜ずし」🈑
宮城,2 NHKEテレ..,2026-07-26,19:50,5分であさイチ 夏休みの“お昼ごはん”に革命を！🈑
宮城,2 NHKEテレ..,2026-07-26,19:55,NHK手話ニュース🈐
宮城,2 NHKEテレ..,2026-07-26,20:00,日曜美術館 滅びゆく写真 そして人類 現代美術作家・杉本博司🈑🈞
宮城,2 NHKEテレ..,2026-07-26,20:45,日曜美術館 アートシーン「元禄！師宣劇場」展🈑
宮城,2 NHKEテレ..,2026-07-26,21:00,古典芸能への招待 歌舞伎「近江源氏先陣館 盛綱陣屋」大阪松竹座さよなら公演🈕🈑
宮城,2 NHKEテレ..,2026-07-26,23:00,美の壺 選「小さな芸術 干菓子」🈑
宮城,2 NHKEテレ..,2026-07-26,23:30,サイエンスZERO“次世代塗料”が未来を塗り替える！？🈖🈑
宮城,3 NHK総合1..,2026-07-26,05:00,ニュース・気象情報
宮城,3 NHK総合1..,2026-07-26,05:10,Jリーグと私 あの試合を忘れない ＃17 横浜FM🈑
宮城,3 NHK総合1..,2026-07-26,05:15,週末のNスペは… 激変・安全保障 日本の進路は🈑
宮城,3 NHK総合1..,2026-07-26,05:20,桂文珍の演芸図鑑 レ・ロマネスクTOBI 柳亭小燕枝 三拍子🈑
宮城,3 NHK総合1..,2026-07-26,05:50,気象情報
宮城,3 NHK総合1..,2026-07-26,05:55,にっぽん百名山ミニ 3min「夏 五竜岳」🈑
宮城,3 NHK総合1..,2026-07-26,05:58,巡る世界絶景 ベネチアの冬🅍
宮城,3 NHK総合1..,2026-07-26,06:00,ニュース
宮城,3 NHK総合1..,2026-07-26,06:10,【特選！時代劇】大岡越前8 🈟（1）「燃える牢屋敷」🈖🈑
宮城,3 NHK総合1..,2026-07-26,06:53,気象情報
宮城,3 NHK総合1..,2026-07-26,06:55,ニュース・気象情報（東北）
宮城,3 NHK総合1..,2026-07-26,07:00,NHKニュース おはよう日本 7月26日（日）🈑
宮城,3 NHK総合1..,2026-07-26,07:40,ニュース・気象情報（東北）
宮城,3 NHK総合1..,2026-07-26,07:45,さわやか自然百景 青森 屏風山湿原池沼群🈑
宮城,3 NHK総合1..,2026-07-26,08:00,小さな旅「大原を継ぐ 〜京都市 左京区〜」🈖🈑
宮城,3 NHK総合1..,2026-07-26,08:25,Dearにっぽん「私たちが新聞を書く理由〜滋賀・虎姫高校〜」🈑
宮城,3 NHK総合1..,2026-07-26,08:50,あさイチの鈴木奈穂子アナが「NHK ONE」を解説🈑
宮城,3 NHK総合1..,2026-07-26,08:57,気象情報
宮城,3 NHK総合1..,2026-07-26,09:00,日曜討論 徹底解説！暑さはどこまで？対策は
宮城,3 NHK総合1..,2026-07-26,10:00,ニュース・気象情報🈑
宮城,3 NHK総合1..,2026-07-26,10:05,明日をまもるナビ選196 都市を襲う水害 内水氾濫〜見えない危険にどう備える🈖🈑
宮城,3 NHK総合1..,2026-07-26,10:29,命を守る 防災ポイント 熱中症から命を守れ🈑
宮城,3 NHK総合1..,2026-07-26,10:30,5分であさイチ（4）知ってトクする旅行術（2）バッグの詰め方🈑
宮城,3 NHK総合1..,2026-07-26,10:35,ゆったり温泉ひとり旅 北海道・登別温泉🈑
宮城,3 NHK総合1..,2026-07-26,11:04,ニュース🈑
宮城,3 NHK総合1..,2026-07-26,11:05,あしたが変わるトリセツショー 骨ケアで健康革命！今すぐできる運動＆食事ワザ🈖🈑🈞
宮城,3 NHK総合1..,2026-07-26,11:50,ふすま絵 奇跡の再会🈑
宮城,3 NHK総合1..,2026-07-26,11:54,気象情報
宮城,3 NHK総合1..,2026-07-26,12:00,ニュース🈑
宮城,3 NHK総合1..,2026-07-26,12:10,ニュース（東北）
宮城,3 NHK総合1..,2026-07-26,12:15,NHKのど自慢 熱唱熱演名場面 2026 Part1🈑
宮城,3 NHK総合1..,2026-07-26,12:55,ドキュメント72時間PR ドキュメント72時間の作り方＜編集・ナレーション編＞🈑
宮城,3 NHK総合1..,2026-07-26,13:00,ニュース・気象情報🈑
宮城,3 NHK総合1..,2026-07-26,13:05,ダーウィンが来た！「相葉さんと探せ！ミクロいきもの超ワールド」🈖🈑🈞
宮城,3 NHK総合1..,2026-07-26,13:35,さわやか自然百景10min．（37）兵庫 猫崎の海と黒川渓谷🈑
宮城,3 NHK総合1..,2026-07-26,13:45,JAPAN DELISH 5min カレーライス🈑
宮城,3 NHK総合1..,2026-07-26,13:50,アニメまとめPR 放送中！注目の3番組ほか🈑
宮城,3 NHK総合1..,2026-07-26,13:55,プロフェッショナル 仕事の流儀 旅する家族、春をつなぐ〜養蜂家・藤井髙治〜🈖🈑🈞
宮城,3 NHK総合1..,2026-07-26,14:40,秀サルでもわかる 豊臣兄弟！ なんで豊臣兄弟は明智光秀に勝てたの？🈑
宮城,3 NHK総合1..,2026-07-26,14:45,あしたが変わるトリセツショー 番外編 フレイル対策15分エクササイズ🈑
宮城,3 NHK総合1..,2026-07-26,15:00,ニュース・気象情報🈑
宮城,3 NHK総合1..,2026-07-26,15:05,大相撲（2026年） 名古屋場所 千秋楽🈑
宮城,3 NHK総合1..,2026-07-26,15:30,大相撲（2026年） 名古屋場所 千秋楽 優勝力士・三賞力士インタビュー🈔🈑
宮城,3 NHK総合1..,2026-07-26,18:00,ニュース🈑
宮城,3 NHK総合1..,2026-07-26,18:05,有吉のお金発見 突撃！カネオくん 令和に再ブーム！RCカーのヒミツ🈑
宮城,3 NHK総合1..,2026-07-26,18:45,ニュースてれまさ645
宮城,3 NHK総合1..,2026-07-26,19:00,NHKニュース7🈔🈑
宮城,3 NHK総合1..,2026-07-26,19:30,ダーウィンが来た！「最大の味方！最強のライバル！？動物兄弟」🈖🈑
宮城,3 NHK総合1..,2026-07-26,20:00,豊臣兄弟！（29）天下への道🈖🈑
宮城,3 NHK総合1..,2026-07-26,20:45,ニュース🈑🈐
宮城,3 NHK総合1..,2026-07-26,20:55,ニュース・気象情報（東北）
宮城,3 NHK総合1..,2026-07-26,21:00,NHKスペシャル 激変・安全保障 “力の支配”と揺らぐ国際秩序 日本の針路は🈑
宮城,3 NHK総合1..,2026-07-26,22:00,サンデースポーツ🈑
宮城,3 NHK総合1..,2026-07-26,22:50,ニュース・気象情報🈑
宮城,3 NHK総合1..,2026-07-26,22:55,ハロー！NHKワールドJAPAN 7月の地域特集・山口県関連番組紹介🈑
宮城,3 NHK総合1..,2026-07-26,23:00,DOC（ドック）3 あすへのカルテ（8）「暗闇の先へ」🈔🈑
宮城,3 NHK総合1..,2026-07-26,23:59,連続テレビ小説「ひよっこ」再放送PR
宮城,4 ミヤギテレビ,2026-07-26,04:40,テレビショッピング
宮城,4 ミヤギテレビ,2026-07-26,05:10,テレビショッピング
宮城,4 ミヤギテレビ,2026-07-26,05:40,ミヤテレだよん
宮城,4 ミヤギテレビ,2026-07-26,05:45,グッと！地球便 ボストンで起業した娘に幼いころ離ればなれになった父の思いを🈖🈑
宮城,4 ミヤギテレビ,2026-07-26,06:15,NNNニュースサンデー🈐
宮城,4 ミヤギテレビ,2026-07-26,06:30,遠くへ行きたい【橋本じゅんが福島へ】芳醇な香り絶品牛＆千年の歴史・野馬追🈖🈑
宮城,4 ミヤギテレビ,2026-07-26,07:00,所さんの目がテン！🈑所さんと奥田民生さんが絶品イノシシ肉で燻製作り⁉
宮城,4 ミヤギテレビ,2026-07-26,07:30,シューイチ🈑🈓8月から変わること＆新スポット▽秋山＆平子が南房総の体格グルメ堪能
宮城,4 ミヤギテレビ,2026-07-26,10:25,一茂×かまいたちゲンバ▼水族館でアシカとご対面▼驚き新食感「糸かき氷」とは？🈑
宮城,4 ミヤギテレビ,2026-07-26,11:25,ミヤテレだよん
宮城,4 ミヤギテレビ,2026-07-26,11:30,ミヤギテレビストレイトニュース🈑
宮城,4 ミヤギテレビ,2026-07-26,11:40,上沼・高田のクギズケ！ 水谷豊の娘婿に文春砲▽W杯でトランプ氏が大批判🈑
宮城,4 ミヤギテレビ,2026-07-26,12:35,所さんのそこんトコロ【大判小判！驚きの超貴重映像大発掘SP】
宮城,4 ミヤギテレビ,2026-07-26,13:30,そこまで言って委員会NP 「大戦争時代」SP！戦争終結シナリオを徹底討論🈑
宮城,4 ミヤギテレビ,2026-07-26,15:00,24時間テレビ企画大公開SP🈑総合司会は内村光良！テーマは「わたしの家族の話」
宮城,4 ミヤギテレビ,2026-07-26,15:55,🈞秘密のケンミンSHOW極！佐賀「井手ちゃんぽん」＆優しすぎる大阪府民
宮城,4 ミヤギテレビ,2026-07-26,16:55,ミヤテレスタジアム「岡島豪郎さんが挑戦！フィジーク大会に密着」
宮城,4 ミヤギテレビ,2026-07-26,17:25,Look For！宮城
宮城,4 ミヤギテレビ,2026-07-26,17:30,笑点🈖🈑🈓城島茂が座布団運び「ザ！鉄腕！DASH！！」×「笑点」夢のコラボDAY
宮城,4 ミヤギテレビ,2026-07-26,18:00,真相報道バンキシャ！🈑独自分析…熱中症患者10人の行動に教訓▽花火大会で湿度検証
宮城,4 ミヤギテレビ,2026-07-26,18:55,博士は今日も嫉妬する 人生が楽しくなる最新テクノロジー🈑
宮城,4 ミヤギテレビ,2026-07-26,19:00,ザ！鉄腕！DASH！！▽笑点60周年記念夏祭り！師匠全員参加で巨大お好み焼き！🈑
宮城,4 ミヤギテレビ,2026-07-26,19:58,イッテQ【お祭り男宮川＆二代目手越】フィンランドで丸太乗って川を下る木材選手権🈑
宮城,4 ミヤギテレビ,2026-07-26,20:54,ミヤギテレビニュース・天気予報
宮城,4 ミヤギテレビ,2026-07-26,21:00,ゴールデンストーンズ▽番組史上最大‼人気芸人軍団と総勢31名の大混戦バトル🈑
宮城,4 ミヤギテレビ,2026-07-26,21:54,ミヤテレだよん
宮城,4 ミヤギテレビ,2026-07-26,22:00,おしゃれクリップ🈖🈑出川哲朗はなぜ愛される？▼妻や一茂が忖度なしでガチ素顔告白
宮城,4 ミヤギテレビ,2026-07-26,22:30,ドラマ「一次元の挿し木」第4話【激動の真相が発覚…古人骨と義妹を巡る謎】🈖🈑🈓
宮城,4 ミヤギテレビ,2026-07-26,23:25,ダウンタウンのガキの使い！10人で男の勲章歌い切り！エース＆小田参戦で大波乱🈑
宮城,4 ミヤギテレビ,2026-07-26,23:55,Going！🈑生出演！渡邊雄太が明かす日本バスケの進化▼赤星絶賛！怪物高校生
宮城,5 東日本放送CH1,2026-07-26,04:50,テレビショッピング
宮城,5 東日本放送CH1,2026-07-26,05:20,テレビショッピング
宮城,5 東日本放送CH1,2026-07-26,05:50,グッド！モーニング🈓🈑
宮城,5 東日本放送CH1,2026-07-26,08:00,よ〜い！スターと！トビダスクール しなことリボンでTシャツデコ！🈓🈑
宮城,5 東日本放送CH1,2026-07-26,08:30,名探偵プリキュア！ #26 キュアエクレールの復活！🈓🈑
宮城,5 東日本放送CH1,2026-07-26,09:00,仮面ライダーゼッツ 第45話「惑わす」🈓🈑
宮城,5 東日本放送CH1,2026-07-26,09:30,🈟角醒ハンター オメガホーン 第1話「角醒せよ！赤き角獣王！」🈓🈑
宮城,5 東日本放送CH1,2026-07-26,10:00,いぎなり放送中！ 夏休みに行きたい巨大キッズパーク
宮城,5 東日本放送CH1,2026-07-26,10:23,王林の産地直送☆日本最高！！ 三厩鮪を食らう
宮城,5 東日本放送CH1,2026-07-26,10:53,ポツンと一軒家 山奥の棚田を守る為…険しい山道通い続け20年！故郷への愛着に感動🈞
宮城,5 東日本放送CH1,2026-07-26,11:50,ANNニュース🈑
宮城,5 東日本放送CH1,2026-07-26,12:00,ビートたけしのTVタックル 昭和は驚きの光景が…令和のゴミ問題＆激安リユース店🈑
宮城,5 東日本放送CH1,2026-07-26,12:55,新婚さんいらっしゃい！ オーストラリア在住夫婦が出場！親戚100人の大運動会!?🈖🈑
宮城,5 東日本放送CH1,2026-07-26,13:25,華丸丼と大吉麺【荻窪で発見！あのドラマの監修をした三ツ星店の斬新沖縄そば】🈑
宮城,5 東日本放送CH1,2026-07-26,13:55,林修の今知りたいでしょ！ 傑作選 帯状疱疹・脳卒中・糖尿病！意外な病気のサイン🈑
宮城,5 東日本放送CH1,2026-07-26,15:20,ゴーゴー！5ch
宮城,5 東日本放送CH1,2026-07-26,15:25,開運！なんでも鑑定団【偉人・福澤諭吉が守り抜いた日本の宝…奮闘秘宝に驚き値】🈞
宮城,5 東日本放送CH1,2026-07-26,16:30,🈢サンデーチャージ！＆スポーツ▼週刊みやぎ▼楽天＆高校野球最新情報
宮城,5 東日本放送CH1,2026-07-26,17:25,ゴーゴー！5ch
宮城,5 東日本放送CH1,2026-07-26,17:30,ANNスーパーJチャンネル🈑
宮城,5 東日本放送CH1,2026-07-26,17:55,ゴーゴー！5ch
宮城,5 東日本放送CH1,2026-07-26,18:00,相葉マナブ 初登場！timelesz佐藤勝利と地引き網！相模湾で何が獲れる？🈑
宮城,5 東日本放送CH1,2026-07-26,18:52,ゴーゴー！5ch＋khbお天気情報
宮城,5 東日本放送CH1,2026-07-26,18:56,ポツンと一軒家 2時間SP！84歳チェーンソーアート挑戦！仲間とBBQ宴会＆絶景岩風呂🈑
宮城,5 東日本放送CH1,2026-07-26,20:56,有働Times🈑
宮城,5 東日本放送CH1,2026-07-26,22:15,マイ・フィクション 第4話「刑務所にいるはずの人間」🈖🈑
宮城,5 東日本放送CH1,2026-07-26,23:09,ゴーゴー！5ch
宮城,5 東日本放送CH1,2026-07-26,23:15,EIGHT－JAM 【中森明菜特集‼松田聖子・小泉今日子との関係、振付秘話…】🈑
宮城,8 仙台放送,2026-07-26,05:00,テレビショッピング
宮城,8 仙台放送,2026-07-26,05:30,🈐テレビ寺子屋【いのちをつないで生きていく／内藤いづみ】＃2489
宮城,8 仙台放送,2026-07-26,06:00,FNN仙台放送ニュース ▽全国の最新ニュース・天気🈑
宮城,8 仙台放送,2026-07-26,06:15,皇室ご一家🈑
宮城,8 仙台放送,2026-07-26,06:30,おねがいアイプリ 16話
宮城,8 仙台放送,2026-07-26,07:00,SUNDAYブレイク． 千葉県勝浦でオズワルド伊藤が絶叫アクティビティ体験🈑🈕🈓
宮城,8 仙台放送,2026-07-26,08:25,仙台放送8chオススメ！
宮城,8 仙台放送,2026-07-26,08:30,テレビショッピング
宮城,8 仙台放送,2026-07-26,09:00,DIGIMON BEATBREAK【消せない夜】 ＃40🈑🈖
宮城,8 仙台放送,2026-07-26,09:30,テレビアニメ「鬼滅の刃」シリーズ全編再放送【竈門炭治郎 立志編】🈑🈖🈓
宮城,8 仙台放送,2026-07-26,10:00,かのサンド◆学生街で絶品グルメSP！早稲田コスパ抜群グルメ＆学芸大学の名店中華🈑
宮城,8 仙台放送,2026-07-26,11:15,ミラモンGOLD🈑
宮城,8 仙台放送,2026-07-26,11:45,仙台放送8chオススメ！
宮城,8 仙台放送,2026-07-26,11:50,FNN Live News days▽全国・宮城の最新ニュース🈑
宮城,8 仙台放送,2026-07-26,12:00,今田孝太郎 移住先で人気の千葉・房総で孝太郎が本気の物件探し▼1億超黄金風呂🈞🈑
宮城,8 仙台放送,2026-07-26,14:00,日曜のあらかし【大崎市古川を街あるき▽伊達さゆり×きくらげ！ドタバタクッキング】
宮城,8 仙台放送,2026-07-26,14:30,アウトドア日和【伊豆沼編】 ヤギと古民家とナポリタン…夏の思い出 全部見せ
宮城,8 仙台放送,2026-07-26,14:55,いべなび！！
宮城,8 仙台放送,2026-07-26,15:00,みんなのKEIBA 関屋記念・GⅢ＆東海S・GⅢ 夏の新潟開幕！ ゲスト中山優馬
宮城,8 仙台放送,2026-07-26,16:00,有吉くんの正直さんぽ▼人気エリア蔵前＆武蔵小杉の至福のグルメが大集合🈑
宮城,8 仙台放送,2026-07-26,17:25,BEAUTIFUL VIEW PROJECT
宮城,8 仙台放送,2026-07-26,17:30,仙台放送Live News イット！▽全国・宮城の最新ニュース🈑
宮城,8 仙台放送,2026-07-26,18:00,ちびまる子ちゃん【隣町の男子とプールで勝負する／たまちゃんちで日曜大工を】🈑🈖
宮城,8 仙台放送,2026-07-26,18:30,サザエさん【憧れの松／うっかりでしっかり ほか】🈑🈖🈓
宮城,8 仙台放送,2026-07-26,19:00,千鳥の鬼レンチャン◆鬼ハード初代女王誕生？STU池ちゃん＆高橋成美サビカラ登場🈑
宮城,8 仙台放送,2026-07-26,21:00,Mr．サンデー🈑🈓
宮城,8 仙台放送,2026-07-26,23:09,仙台放送8chオススメ！
宮城,8 仙台放送,2026-07-26,23:15,ワンピース【エルバフの大罪人 冥界のロキ解放！？】🈑🈖
宮城,8 仙台放送,2026-07-26,23:45,すぽると！ 大谷翔平のストレートは軌道が読めない⁉スター証言＆脳科学から紐解く🈑
秋田,1 NHK総合1..,2026-07-26,05:00,ニュース・気象情報
秋田,1 NHK総合1..,2026-07-26,05:10,Jリーグと私 あの試合を忘れない ＃17 横浜FM🈑
秋田,1 NHK総合1..,2026-07-26,05:15,週末のNスペは… 激変・安全保障 日本の進路は🈑
秋田,1 NHK総合1..,2026-07-26,05:20,桂文珍の演芸図鑑 レ・ロマネスクTOBI 柳亭小燕枝 三拍子🈑
秋田,1 NHK総合1..,2026-07-26,05:50,気象情報
秋田,1 NHK総合1..,2026-07-26,05:55,にっぽん百名山ミニ 3min「夏 五竜岳」🈑
秋田,1 NHK総合1..,2026-07-26,05:58,巡る世界絶景 ベネチアの冬🅍
秋田,1 NHK総合1..,2026-07-26,06:00,ニュース
秋田,1 NHK総合1..,2026-07-26,06:10,【特選！時代劇】大岡越前8 🈟（1）「燃える牢屋敷」🈖🈑
秋田,1 NHK総合1..,2026-07-26,06:53,気象情報
秋田,1 NHK総合1..,2026-07-26,06:55,ニュース・気象情報（東北）
秋田,1 NHK総合1..,2026-07-26,07:00,NHKニュース おはよう日本 7月26日（日）🈑
秋田,1 NHK総合1..,2026-07-26,07:40,ニュース・気象情報（東北）
秋田,1 NHK総合1..,2026-07-26,07:45,さわやか自然百景 青森 屏風山湿原池沼群🈑
秋田,1 NHK総合1..,2026-07-26,08:00,小さな旅「大原を継ぐ 〜京都市 左京区〜」🈖🈑
秋田,1 NHK総合1..,2026-07-26,08:25,Dearにっぽん「私たちが新聞を書く理由〜滋賀・虎姫高校〜」🈑
秋田,1 NHK総合1..,2026-07-26,08:50,あさイチの鈴木奈穂子アナが「NHK ONE」を解説🈑
秋田,1 NHK総合1..,2026-07-26,08:57,気象情報
秋田,1 NHK総合1..,2026-07-26,09:00,日曜討論 徹底解説！暑さはどこまで？対策は
秋田,1 NHK総合1..,2026-07-26,10:00,ニュース・気象情報🈑
秋田,1 NHK総合1..,2026-07-26,10:05,明日をまもるナビ選196 都市を襲う水害 内水氾濫〜見えない危険にどう備える🈖🈑
秋田,1 NHK総合1..,2026-07-26,10:29,命を守る 防災ポイント 熱中症から命を守れ🈑
秋田,1 NHK総合1..,2026-07-26,10:30,5分であさイチ（4）知ってトクする旅行術（2）バッグの詰め方🈑
秋田,1 NHK総合1..,2026-07-26,10:35,ゆったり温泉ひとり旅 北海道・登別温泉🈑
秋田,1 NHK総合1..,2026-07-26,11:04,ニュース🈑
秋田,1 NHK総合1..,2026-07-26,11:05,あしたが変わるトリセツショー 骨ケアで健康革命！今すぐできる運動＆食事ワザ🈖🈑🈞
秋田,1 NHK総合1..,2026-07-26,11:50,ふすま絵 奇跡の再会🈑
秋田,1 NHK総合1..,2026-07-26,11:54,気象情報
秋田,1 NHK総合1..,2026-07-26,12:00,ニュース🈑
秋田,1 NHK総合1..,2026-07-26,12:10,ニュース（東北）
秋田,1 NHK総合1..,2026-07-26,12:15,NHKのど自慢 熱唱熱演名場面 2026 Part1🈑
秋田,1 NHK総合1..,2026-07-26,12:55,ドキュメント72時間PR ドキュメント72時間の作り方＜編集・ナレーション編＞🈑
秋田,1 NHK総合1..,2026-07-26,13:00,ニュース・気象情報🈑
秋田,1 NHK総合1..,2026-07-26,13:05,ダーウィンが来た！「相葉さんと探せ！ミクロいきもの超ワールド」🈖🈑🈞
秋田,1 NHK総合1..,2026-07-26,13:35,さわやか自然百景10min．（37）兵庫 猫崎の海と黒川渓谷🈑
秋田,1 NHK総合1..,2026-07-26,13:45,学生ロボコン2026「めざせ！カンフーの達人」日本代表決定戦🈑
秋田,1 NHK総合1..,2026-07-26,14:40,秀サルでもわかる 豊臣兄弟！ なんで豊臣兄弟は明智光秀に勝てたの？🈑
秋田,1 NHK総合1..,2026-07-26,14:45,あしたが変わるトリセツショー 番外編 フレイル対策15分エクササイズ🈑
秋田,1 NHK総合1..,2026-07-26,15:00,ニュース・気象情報🈑
秋田,1 NHK総合1..,2026-07-26,15:05,大相撲（2026年） 名古屋場所 千秋楽🈑
秋田,1 NHK総合1..,2026-07-26,15:30,大相撲（2026年） 名古屋場所 千秋楽 優勝力士・三賞力士インタビュー🈔🈑
秋田,1 NHK総合1..,2026-07-26,18:00,ニュース🈑
秋田,1 NHK総合1..,2026-07-26,18:05,有吉のお金発見 突撃！カネオくん 令和に再ブーム！RCカーのヒミツ🈑
秋田,1 NHK総合1..,2026-07-26,18:45,ニュースこまちサンデー
秋田,1 NHK総合1..,2026-07-26,19:00,NHKニュース7🈔🈑
秋田,1 NHK総合1..,2026-07-26,19:30,ダーウィンが来た！「最大の味方！最強のライバル！？動物兄弟」🈖🈑
秋田,1 NHK総合1..,2026-07-26,20:00,豊臣兄弟！（29）天下への道🈖🈑
秋田,1 NHK総合1..,2026-07-26,20:45,ニュース🈑🈐
秋田,1 NHK総合1..,2026-07-26,20:55,ニュース・気象情報（東北）
秋田,1 NHK総合1..,2026-07-26,21:00,NHKスペシャル 激変・安全保障 “力の支配”と揺らぐ国際秩序 日本の針路は🈑
秋田,1 NHK総合1..,2026-07-26,22:00,サンデースポーツ🈑
秋田,1 NHK総合1..,2026-07-26,22:50,ニュース・気象情報🈑
秋田,1 NHK総合1..,2026-07-26,22:55,ハロー！NHKワールドJAPAN 7月の地域特集・山口県関連番組紹介🈑
秋田,1 NHK総合1..,2026-07-26,23:00,DOC（ドック）3 あすへのカルテ（8）「暗闇の先へ」🈔🈑
秋田,1 NHK総合1..,2026-07-26,23:59,連続テレビ小説「ひよっこ」再放送PR
秋田,2 NHKEテレ..,2026-07-26,05:00,こころの時代 わからなさのなかで〜最首悟の思想をたどる〜🈑🈞
秋田,2 NHKEテレ..,2026-07-26,06:00,NHK短歌 わたしの宮沢賢治 テーマ「月」🈑
秋田,2 NHKEテレ..,2026-07-26,06:25,テレビ体操🈑
秋田,2 NHKEテレ..,2026-07-26,06:35,NHK俳句 題「七夕」🈑
秋田,2 NHKEテレ..,2026-07-26,07:00,第93回NHK全国学校音楽コンクール みんなの合唱レッスン・高等学校の部🈑
秋田,2 NHKEテレ..,2026-07-26,07:10,第93回NHK全国学校音楽コンクール みんなの合唱レッスン・中学校の部🈑
秋田,2 NHKEテレ..,2026-07-26,07:20,第93回NHK全国学校音楽コンクール みんなの合唱レッスン・小学校の部🈑
秋田,2 NHKEテレ..,2026-07-26,07:30,おとうさんといっしょ「まねまねどんぐー」🈑🈞
秋田,2 NHKEテレ..,2026-07-26,08:00,やさいの時間 みんなの菜園物語 兵庫県（後編）🈑
秋田,2 NHKEテレ..,2026-07-26,08:25,趣味の園芸 京も一日陽だまり屋「の〜んびり 蘇鉄（そてつ）」🈑
秋田,2 NHKEテレ..,2026-07-26,08:30,趣味の園芸 選 ステキをセレクト！タネから育てるコスモス🈑
秋田,2 NHKEテレ..,2026-07-26,08:55,no art，no life「洋一」🈑
秋田,2 NHKEテレ..,2026-07-26,09:00,日曜美術館 陶芸家ルーシー・リー 繊細でたくましい器🈑
秋田,2 NHKEテレ..,2026-07-26,09:45,日曜美術館 アートシーン「まなざしの奇跡 日本女性写真家の冒険」展🈑
秋田,2 NHKEテレ..,2026-07-26,10:00,将棋フォーカス 選 フォーカス流・観る将検定 第2回！🈑
秋田,2 NHKEテレ..,2026-07-26,10:30,第76回 NHK杯テレビ将棋トーナメント 1回戦第17局 羽生九段×横山七段🈑
秋田,2 NHKEテレ..,2026-07-26,12:00,囲碁フォーカス 選 知らずに使っている！？「囲碁用語」🈑
秋田,2 NHKEテレ..,2026-07-26,12:30,第74回NHK杯テレビ囲碁トーナメント1回戦第17局酒井佑規七段×加藤千笑四段🈑
秋田,2 NHKEテレ..,2026-07-26,14:00,日本の話芸 柳家蝠丸 落語「叩き蟹」🈖🈑
秋田,2 NHKEテレ..,2026-07-26,14:30,アニメ 青のオーケストラ シーズン2（1）「ほころび」🈑
秋田,2 NHKEテレ..,2026-07-26,14:55,アニメ 青のオーケストラ シーズン2（2）「波紋」🈑
秋田,2 NHKEテレ..,2026-07-26,15:20,アニメ 青のオーケストラ シーズン2（3）「ケジメ」🈑
秋田,2 NHKEテレ..,2026-07-26,15:45,アニメ 青のオーケストラ シーズン2（4）「体育祭」🈑
秋田,2 NHKEテレ..,2026-07-26,16:10,ピタゴラミングスイッチ2🈑🈞
秋田,2 NHKEテレ..,2026-07-26,16:30,ざわざわ森のがんこちゃん30周年スペシャルがんこのびっくりおたんじょうび会🈖🈑🈞
秋田,2 NHKEテレ..,2026-07-26,17:00,アニメ アオアシ（17）東京都リーグ第7節 多摩体育大学附属高校戦🈑
秋田,2 NHKEテレ..,2026-07-26,17:25,レディー・グレース 女王陛下のスパイ（4）「迷える女王」🈔🈑
秋田,2 NHKEテレ..,2026-07-26,17:50,こども手話ウイークリー🈐
秋田,2 NHKEテレ..,2026-07-26,18:00,木村多江の、いまさらですが… アメリカ建国の立役者 初代財務長官ハミルトン🈖🈑🈞
秋田,2 NHKEテレ..,2026-07-26,18:30,ブリティッシュ・ベイクオフ6（17）チョコレート対決・前編🈔🈑🈞
秋田,2 NHKEテレ..,2026-07-26,19:00,未病息災を願います 選「骨密度」が気になったら🈖🈑
秋田,2 NHKEテレ..,2026-07-26,19:45,365日の献立日記「野菜ずし」🈑
秋田,2 NHKEテレ..,2026-07-26,19:50,5分であさイチ 夏休みの“お昼ごはん”に革命を！🈑
秋田,2 NHKEテレ..,2026-07-26,19:55,NHK手話ニュース🈐
秋田,2 NHKEテレ..,2026-07-26,20:00,日曜美術館 滅びゆく写真 そして人類 現代美術作家・杉本博司🈑🈞
秋田,2 NHKEテレ..,2026-07-26,20:45,日曜美術館 アートシーン「元禄！師宣劇場」展🈑
秋田,2 NHKEテレ..,2026-07-26,21:00,古典芸能への招待 歌舞伎「近江源氏先陣館 盛綱陣屋」大阪松竹座さよなら公演🈕🈑
秋田,2 NHKEテレ..,2026-07-26,23:00,美の壺 選「小さな芸術 干菓子」🈑
秋田,2 NHKEテレ..,2026-07-26,23:30,サイエンスZERO“次世代塗料”が未来を塗り替える！？🈖🈑
秋田,4 ABS秋田放送1,2026-07-26,04:40,テレビショッピング
秋田,4 ABS秋田放送1,2026-07-26,05:10,テレビショッピング
秋田,4 ABS秋田放送1,2026-07-26,05:40,ABSお天気情報
秋田,4 ABS秋田放送1,2026-07-26,05:45,テレビショッピング
秋田,4 ABS秋田放送1,2026-07-26,06:15,NNNニュースサンデー🈐
秋田,4 ABS秋田放送1,2026-07-26,06:30,日本のチカラ🈑
秋田,4 ABS秋田放送1,2026-07-26,07:00,五郎が斬る！
秋田,4 ABS秋田放送1,2026-07-26,07:15,ABSお天気情報
秋田,4 ABS秋田放送1,2026-07-26,07:20,知っトク 医療のつぼ「熱中症のリスクを知る」
秋田,4 ABS秋田放送1,2026-07-26,07:30,シューイチ🈑🈓8月から変わること＆新スポット▽秋山＆平子が南房総の体格グルメ堪能
秋田,4 ABS秋田放送1,2026-07-26,10:25,一茂×かまいたちゲンバ▼水族館でアシカとご対面▼驚き新食感「糸かき氷」とは？🈑
秋田,4 ABS秋田放送1,2026-07-26,11:25,ABSお天気情報
秋田,4 ABS秋田放送1,2026-07-26,11:30,NNN ストレイトニュース🈑
秋田,4 ABS秋田放送1,2026-07-26,11:36,さきがけ・ABSニュース
秋田,4 ABS秋田放送1,2026-07-26,11:40,ZIP！SUNDAY
秋田,4 ABS秋田放送1,2026-07-26,11:50,ABSヨンチャンなび
秋田,4 ABS秋田放送1,2026-07-26,11:55,こんにちは秋田市から
秋田,4 ABS秋田放送1,2026-07-26,12:00,神速料理人〜速さと美味さのシェフバトル！〜🈑
秋田,4 ABS秋田放送1,2026-07-26,12:55,ABSヨンチャンなび
秋田,4 ABS秋田放送1,2026-07-26,13:00,所さんの目がテン！🈑バグボーイズが南米エクアドルのアマゾンで生き物ウォッチング！
秋田,4 ABS秋田放送1,2026-07-26,13:30,そこまで言って委員会NP 「大戦争時代」SP！戦争終結シナリオを徹底討論🈑
秋田,4 ABS秋田放送1,2026-07-26,15:00,世界！ニッポン行きたい人応援団★まるで魔法のような日本伝統の裁縫技術「和裁」
秋田,4 ABS秋田放送1,2026-07-26,15:55,JAPANをスーツケースにつめ込んで！
秋田,4 ABS秋田放送1,2026-07-26,16:50,ABS news every．＋ 農を拓く〜JA秋田中央会 小松忠彦会長に聞く〜
秋田,4 ABS秋田放送1,2026-07-26,17:10,みんなに発信！秋田県議会🈐
秋田,4 ABS秋田放送1,2026-07-26,17:25,さきがけ・ABSニュース
秋田,4 ABS秋田放送1,2026-07-26,17:30,笑点🈖🈑🈓城島茂が座布団運び「ザ！鉄腕！DASH！！」×「笑点」夢のコラボDAY
秋田,4 ABS秋田放送1,2026-07-26,18:00,真相報道バンキシャ！🈑独自分析…熱中症患者10人の行動に教訓▽花火大会で湿度検証
秋田,4 ABS秋田放送1,2026-07-26,18:55,博士は今日も嫉妬する 人生が楽しくなる最新テクノロジー🈑
秋田,4 ABS秋田放送1,2026-07-26,19:00,ザ！鉄腕！DASH！！▽笑点60周年記念夏祭り！師匠全員参加で巨大お好み焼き！🈑
秋田,4 ABS秋田放送1,2026-07-26,19:58,イッテQ【お祭り男宮川＆二代目手越】フィンランドで丸太乗って川を下る木材選手権🈑
秋田,4 ABS秋田放送1,2026-07-26,20:54,さきがけ・ABSニュース
秋田,4 ABS秋田放送1,2026-07-26,20:57,ABSお天気情報
秋田,4 ABS秋田放送1,2026-07-26,21:00,ゴールデンストーンズ▽番組史上最大‼人気芸人軍団と総勢31名の大混戦バトル🈑
秋田,4 ABS秋田放送1,2026-07-26,21:54,ABSヨンチャンなび
秋田,4 ABS秋田放送1,2026-07-26,22:00,おしゃれクリップ🈖🈑出川哲朗はなぜ愛される？▼妻や一茂が忖度なしでガチ素顔告白
秋田,4 ABS秋田放送1,2026-07-26,22:30,ドラマ「一次元の挿し木」第4話【激動の真相が発覚…古人骨と義妹を巡る謎】🈖🈑🈓
秋田,4 ABS秋田放送1,2026-07-26,23:25,ダウンタウンのガキの使い！10人で男の勲章歌い切り！エース＆小田参戦で大波乱🈑
秋田,4 ABS秋田放送1,2026-07-26,23:55,Going！🈑生出演！渡邊雄太が明かす日本バスケの進化▼赤星絶賛！怪物高校生
秋田,5 秋田朝日放送,2026-07-26,04:47,テレビショッピング
秋田,5 秋田朝日放送,2026-07-26,05:17,AABウェザーリポート
秋田,5 秋田朝日放送,2026-07-26,05:20,ショップジャパン
秋田,5 秋田朝日放送,2026-07-26,05:50,テレビショッピング
秋田,5 秋田朝日放送,2026-07-26,06:20,グッド！モーニング🈓🈑
秋田,5 秋田朝日放送,2026-07-26,08:00,よ〜い！スターと！トビダスクール しなことリボンでTシャツデコ！🈓🈑
秋田,5 秋田朝日放送,2026-07-26,08:30,名探偵プリキュア！ #26 キュアエクレールの復活！🈓🈑
秋田,5 秋田朝日放送,2026-07-26,09:00,仮面ライダーゼッツ 第45話「惑わす」🈓🈑
秋田,5 秋田朝日放送,2026-07-26,09:30,🈟角醒ハンター オメガホーン 第1話「角醒せよ！赤き角獣王！」🈓🈑
秋田,5 秋田朝日放送,2026-07-26,10:00,ネコいぬワイドショー 「すべてのネコ・いぬが幸せ」となる情報をお届け！🈑
秋田,5 秋田朝日放送,2026-07-26,10:30,渡辺篤史の建もの探訪
秋田,5 秋田朝日放送,2026-07-26,10:55,スイッチ！
秋田,5 秋田朝日放送,2026-07-26,11:00,いぎなり放送中！ 宮城ご当地スーパー”爆売れ”惣菜トップ5を当てろ！
秋田,5 秋田朝日放送,2026-07-26,11:25,トレタテ！サンデー【57年ぶりに甲子園へ】
秋田,5 秋田朝日放送,2026-07-26,11:50,ANNニュース🈑
秋田,5 秋田朝日放送,2026-07-26,12:00,ビートたけしのTVタックル 昭和は驚きの光景が…令和のゴミ問題＆激安リユース店🈑
秋田,5 秋田朝日放送,2026-07-26,12:55,新婚さんいらっしゃい！ オーストラリア在住夫婦が出場！親戚100人の大運動会!?🈖🈑
秋田,5 秋田朝日放送,2026-07-26,13:25,華丸丼と大吉麺【荻窪で発見！あのドラマの監修をした三ツ星店の斬新沖縄そば】🈑
秋田,5 秋田朝日放送,2026-07-26,13:55,林修の今知りたいでしょ！ 傑作選 帯状疱疹・脳卒中・糖尿病！意外な病気のサイン🈑
秋田,5 秋田朝日放送,2026-07-26,15:20,路線バスで寄り道の旅 【世界の青木と徳光さんが願いをかなえる珍道中！】🈑
秋田,5 秋田朝日放送,2026-07-26,16:30,だがしと
秋田,5 秋田朝日放送,2026-07-26,17:00,じゅん散歩
秋田,5 秋田朝日放送,2026-07-26,17:25,イチオシっ！
秋田,5 秋田朝日放送,2026-07-26,17:30,ANNスーパーJチャンネル🈑
秋田,5 秋田朝日放送,2026-07-26,17:55,健康ナビ 知りたい！がん検診
秋田,5 秋田朝日放送,2026-07-26,18:00,相葉マナブ 初登場！timelesz佐藤勝利と地引き網！相模湾で何が獲れる？🈑
秋田,5 秋田朝日放送,2026-07-26,18:52,AABウェザーリポート
秋田,5 秋田朝日放送,2026-07-26,18:56,ポツンと一軒家 2時間SP！84歳チェーンソーアート挑戦！BBQ＆絶景岩風呂🈑
秋田,5 秋田朝日放送,2026-07-26,20:56,有働Times🈑
秋田,5 秋田朝日放送,2026-07-26,22:15,マイ・フィクション 第4話「刑務所にいるはずの人間」🈖🈑
秋田,5 秋田朝日放送,2026-07-26,23:09,イチオシっ！
秋田,5 秋田朝日放送,2026-07-26,23:15,EIGHT－JAM 【中森明菜特集‼松田聖子・小泉今日子との関係、振付秘話…】🈑
秋田,8 AKT秋田テ..,2026-07-26,05:00,テレショップ
秋田,8 AKT秋田テ..,2026-07-26,05:30,テレビ寺子屋【「さ・か・さ」の学校／加藤登紀子】
秋田,8 AKT秋田テ..,2026-07-26,06:00,FNNAKTニュース🈑
秋田,8 AKT秋田テ..,2026-07-26,06:15,ぱちぱちるんるん＃15🈑
秋田,8 AKT秋田テ..,2026-07-26,06:30,DIGIMON BEATBREAK【きれいごと】 ＃39🈑🈖
秋田,8 AKT秋田テ..,2026-07-26,07:00,SUNDAYブレイク． 千葉県勝浦でオズワルド伊藤が絶叫アクティビティ体験🈑🈕🈓
秋田,8 AKT秋田テ..,2026-07-26,08:55,ウェザースペース
秋田,8 AKT秋田テ..,2026-07-26,09:00,ポケモンとどこいく！？
秋田,8 AKT秋田テ..,2026-07-26,09:30,ポケットモンスター
秋田,8 AKT秋田テ..,2026-07-26,10:00,かのサンド◆学生街で絶品グルメSP！早稲田コスパ抜群グルメ＆学芸大学の名店中華🈑
秋田,8 AKT秋田テ..,2026-07-26,11:15,ミラモンGOLD🈑
秋田,8 AKT秋田テ..,2026-07-26,11:45,味どうらく・かくし味クッキング＃496
秋田,8 AKT秋田テ..,2026-07-26,11:50,FNN Live News days🈑
秋田,8 AKT秋田テ..,2026-07-26,12:00,プレバト！！＃522🈞
秋田,8 AKT秋田テ..,2026-07-26,13:00,あの歴代さんは今？宝くじ長者＆ミス日本…衝撃のイッキミ映像SHOW
秋田,8 AKT秋田テ..,2026-07-26,14:30,秋田銀行スペシャル ふるさと秋田再発見シリーズ 点描の秋田
秋田,8 AKT秋田テ..,2026-07-26,15:00,みんなのKEIBA 関屋記念・GⅢ＆東海S・GⅢ 夏の新潟開幕！ ゲスト中山優馬
秋田,8 AKT秋田テ..,2026-07-26,16:00,大久保・川村の温泉タオル集め旅23群馬・長野・新潟へ新緑露天SP
秋田,8 AKT秋田テ..,2026-07-26,17:25,あだまっこ体操！＃117
秋田,8 AKT秋田テ..,2026-07-26,17:30,FNN Live News イット！🈑
秋田,8 AKT秋田テ..,2026-07-26,17:55,ウェザースペース
秋田,8 AKT秋田テ..,2026-07-26,18:00,ちびまる子ちゃん【隣町の男子とプールで勝負する／たまちゃんちで日曜大工を】🈑🈖
秋田,8 AKT秋田テ..,2026-07-26,18:30,サザエさん【憧れの松／うっかりでしっかり ほか】🈑🈖🈓
秋田,8 AKT秋田テ..,2026-07-26,19:00,千鳥の鬼レンチャン◆鬼ハード初代女王誕生？STU池ちゃん＆高橋成美サビカラ登場🈑
秋田,8 AKT秋田テ..,2026-07-26,21:00,Mr．サンデー🈑🈓
秋田,8 AKT秋田テ..,2026-07-26,23:09,天気予報
秋田,8 AKT秋田テ..,2026-07-26,23:15,ワンピース【エルバフの大罪人 冥界のロキ解放！？】🈑🈖
秋田,8 AKT秋田テ..,2026-07-26,23:45,すぽると！ 大谷翔平のストレートは軌道が読めない⁉スター証言＆脳科学から紐解く🈑
山形,1 NHK総合1..,2026-07-26,05:00,ニュース・気象情報
山形,1 NHK総合1..,2026-07-26,05:10,Jリーグと私 あの試合を忘れない ＃17 横浜FM🈑
山形,1 NHK総合1..,2026-07-26,05:15,週末のNスペは… 激変・安全保障 日本の進路は🈑
山形,1 NHK総合1..,2026-07-26,05:20,桂文珍の演芸図鑑 レ・ロマネスクTOBI 柳亭小燕枝 三拍子🈑
山形,1 NHK総合1..,2026-07-26,05:50,気象情報
山形,1 NHK総合1..,2026-07-26,05:55,にっぽん百名山ミニ 3min「夏 五竜岳」🈑
山形,1 NHK総合1..,2026-07-26,05:58,巡る世界絶景 ベネチアの冬🅍
山形,1 NHK総合1..,2026-07-26,06:00,ニュース
山形,1 NHK総合1..,2026-07-26,06:10,【特選！時代劇】大岡越前8 🈟（1）「燃える牢屋敷」🈖🈑
山形,1 NHK総合1..,2026-07-26,06:53,気象情報
山形,1 NHK総合1..,2026-07-26,06:55,ニュース・気象情報（東北）
山形,1 NHK総合1..,2026-07-26,07:00,NHKニュース おはよう日本 7月26日（日）🈑
山形,1 NHK総合1..,2026-07-26,07:40,ニュース・気象情報（東北）
山形,1 NHK総合1..,2026-07-26,07:45,さわやか自然百景 青森 屏風山湿原池沼群🈑
山形,1 NHK総合1..,2026-07-26,08:00,小さな旅「大原を継ぐ 〜京都市 左京区〜」🈖🈑
山形,1 NHK総合1..,2026-07-26,08:25,Dearにっぽん「私たちが新聞を書く理由〜滋賀・虎姫高校〜」🈑
山形,1 NHK総合1..,2026-07-26,08:50,あさイチの鈴木奈穂子アナが「NHK ONE」を解説🈑
山形,1 NHK総合1..,2026-07-26,08:57,気象情報
山形,1 NHK総合1..,2026-07-26,09:00,日曜討論 徹底解説！暑さはどこまで？対策は
山形,1 NHK総合1..,2026-07-26,10:00,第108回全国高校野球選手権山形大会 決勝「鶴岡東」対「山形城北」
山形,1 NHK総合1..,2026-07-26,10:40,PLAY BACK！山形高校野球
山形,1 NHK総合1..,2026-07-26,10:55,釣りびと万歳 10min．青森・イシナギ
山形,1 NHK総合1..,2026-07-26,11:05,あしたが変わるトリセツショー 骨ケアで健康革命！今すぐできる運動＆食事ワザ🈖🈑🈞
山形,1 NHK総合1..,2026-07-26,11:50,ふすま絵 奇跡の再会🈑
山形,1 NHK総合1..,2026-07-26,11:54,気象情報
山形,1 NHK総合1..,2026-07-26,12:00,ニュース🈑
山形,1 NHK総合1..,2026-07-26,12:10,ニュース（東北）
山形,1 NHK総合1..,2026-07-26,12:15,NHKのど自慢 熱唱熱演名場面 2026 Part1🈑
山形,1 NHK総合1..,2026-07-26,12:55,ドキュメント72時間PR ドキュメント72時間の作り方＜編集・ナレーション編＞🈑
山形,1 NHK総合1..,2026-07-26,13:00,ニュース・気象情報🈑
山形,1 NHK総合1..,2026-07-26,13:05,ダーウィンが来た！「相葉さんと探せ！ミクロいきもの超ワールド」🈖🈑🈞
山形,1 NHK総合1..,2026-07-26,13:35,さわやか自然百景10min．（37）兵庫 猫崎の海と黒川渓谷🈑
山形,1 NHK総合1..,2026-07-26,13:45,JAPAN DELISH 5min カレーライス🈑
山形,1 NHK総合1..,2026-07-26,13:50,アニメまとめPR 放送中！注目の3番組ほか🈑
山形,1 NHK総合1..,2026-07-26,13:55,プロフェッショナル 仕事の流儀 旅する家族、春をつなぐ〜養蜂家・藤井髙治〜🈖🈑🈞
山形,1 NHK総合1..,2026-07-26,14:40,秀サルでもわかる 豊臣兄弟！ なんで豊臣兄弟は明智光秀に勝てたの？🈑
山形,1 NHK総合1..,2026-07-26,14:45,あしたが変わるトリセツショー 番外編 フレイル対策15分エクササイズ🈑
山形,1 NHK総合1..,2026-07-26,15:00,ニュース・気象情報🈑
山形,1 NHK総合1..,2026-07-26,15:05,大相撲（2026年） 名古屋場所 千秋楽🈑
山形,1 NHK総合1..,2026-07-26,15:30,大相撲（2026年） 名古屋場所 千秋楽 優勝力士・三賞力士インタビュー🈔🈑
山形,1 NHK総合1..,2026-07-26,18:00,ニュース🈑
山形,1 NHK総合1..,2026-07-26,18:05,有吉のお金発見 突撃！カネオくん 令和に再ブーム！RCカーのヒミツ🈑
山形,1 NHK総合1..,2026-07-26,18:45,やままるサンデー
山形,1 NHK総合1..,2026-07-26,19:00,NHKニュース7🈔🈑
山形,1 NHK総合1..,2026-07-26,19:30,ダーウィンが来た！「最大の味方！最強のライバル！？動物兄弟」🈖🈑
山形,1 NHK総合1..,2026-07-26,20:00,豊臣兄弟！（29）天下への道🈖🈑
山形,1 NHK総合1..,2026-07-26,20:45,ニュース🈑🈐
山形,1 NHK総合1..,2026-07-26,20:55,ニュース・気象情報（東北）
山形,1 NHK総合1..,2026-07-26,21:00,NHKスペシャル 激変・安全保障 “力の支配”と揺らぐ国際秩序 日本の針路は🈑
山形,1 NHK総合1..,2026-07-26,22:00,サンデースポーツ🈑
山形,1 NHK総合1..,2026-07-26,22:50,ニュース・気象情報🈑
山形,1 NHK総合1..,2026-07-26,22:55,ハロー！NHKワールドJAPAN 7月の地域特集・山口県関連番組紹介🈑
山形,1 NHK総合1..,2026-07-26,23:00,DOC（ドック）3 あすへのカルテ（8）「暗闇の先へ」🈔🈑
山形,1 NHK総合1..,2026-07-26,23:59,連続テレビ小説「ひよっこ」再放送PR
山形,2 NHKEテレ..,2026-07-26,05:00,こころの時代 わからなさのなかで〜最首悟の思想をたどる〜🈑🈞
山形,2 NHKEテレ..,2026-07-26,06:00,NHK短歌 わたしの宮沢賢治 テーマ「月」🈑
山形,2 NHKEテレ..,2026-07-26,06:25,テレビ体操🈑
山形,2 NHKEテレ..,2026-07-26,06:35,NHK俳句 題「七夕」🈑
山形,2 NHKEテレ..,2026-07-26,07:00,第93回NHK全国学校音楽コンクール みんなの合唱レッスン・高等学校の部🈑
山形,2 NHKEテレ..,2026-07-26,07:10,第93回NHK全国学校音楽コンクール みんなの合唱レッスン・中学校の部🈑
山形,2 NHKEテレ..,2026-07-26,07:20,第93回NHK全国学校音楽コンクール みんなの合唱レッスン・小学校の部🈑
山形,2 NHKEテレ..,2026-07-26,07:30,おとうさんといっしょ「まねまねどんぐー」🈑🈞
山形,2 NHKEテレ..,2026-07-26,08:00,やさいの時間 みんなの菜園物語 兵庫県（後編）🈑
山形,2 NHKEテレ..,2026-07-26,08:25,趣味の園芸 京も一日陽だまり屋「の〜んびり 蘇鉄（そてつ）」🈑
山形,2 NHKEテレ..,2026-07-26,08:30,趣味の園芸 選 ステキをセレクト！タネから育てるコスモス🈑
山形,2 NHKEテレ..,2026-07-26,08:55,no art，no life「洋一」🈑
山形,2 NHKEテレ..,2026-07-26,09:00,日曜美術館 陶芸家ルーシー・リー 繊細でたくましい器🈑
山形,2 NHKEテレ..,2026-07-26,09:45,日曜美術館 アートシーン「まなざしの奇跡 日本女性写真家の冒険」展🈑
山形,2 NHKEテレ..,2026-07-26,10:00,将棋フォーカス 選 フォーカス流・観る将検定 第2回！🈑
山形,2 NHKEテレ..,2026-07-26,10:30,第76回 NHK杯テレビ将棋トーナメント 1回戦第17局 羽生九段×横山七段🈑
山形,2 NHKEテレ..,2026-07-26,12:00,囲碁フォーカス 選 知らずに使っている！？「囲碁用語」🈑
山形,2 NHKEテレ..,2026-07-26,12:30,第74回NHK杯テレビ囲碁トーナメント1回戦第17局酒井佑規七段×加藤千笑四段🈑
山形,2 NHKEテレ..,2026-07-26,14:00,日本の話芸 柳家蝠丸 落語「叩き蟹」🈖🈑
山形,2 NHKEテレ..,2026-07-26,14:30,アニメ 青のオーケストラ シーズン2（1）「ほころび」🈑
山形,2 NHKEテレ..,2026-07-26,14:55,アニメ 青のオーケストラ シーズン2（2）「波紋」🈑
山形,2 NHKEテレ..,2026-07-26,15:20,アニメ 青のオーケストラ シーズン2（3）「ケジメ」🈑
山形,2 NHKEテレ..,2026-07-26,15:45,アニメ 青のオーケストラ シーズン2（4）「体育祭」🈑
山形,2 NHKEテレ..,2026-07-26,16:10,ピタゴラミングスイッチ2🈑🈞
山形,2 NHKEテレ..,2026-07-26,16:30,ざわざわ森のがんこちゃん30周年スペシャルがんこのびっくりおたんじょうび会🈖🈑🈞
山形,2 NHKEテレ..,2026-07-26,17:00,アニメ アオアシ（17）東京都リーグ第7節 多摩体育大学附属高校戦🈑
山形,2 NHKEテレ..,2026-07-26,17:25,レディー・グレース 女王陛下のスパイ（4）「迷える女王」🈔🈑
山形,2 NHKEテレ..,2026-07-26,17:50,こども手話ウイークリー🈐
山形,2 NHKEテレ..,2026-07-26,18:00,木村多江の、いまさらですが… アメリカ建国の立役者 初代財務長官ハミルトン🈖🈑🈞
山形,2 NHKEテレ..,2026-07-26,18:30,ブリティッシュ・ベイクオフ6（17）チョコレート対決・前編🈔🈑🈞
山形,2 NHKEテレ..,2026-07-26,19:00,未病息災を願います 選「骨密度」が気になったら🈖🈑
山形,2 NHKEテレ..,2026-07-26,19:45,365日の献立日記「野菜ずし」🈑
山形,2 NHKEテレ..,2026-07-26,19:50,5分であさイチ 夏休みの“お昼ごはん”に革命を！🈑
山形,2 NHKEテレ..,2026-07-26,19:55,NHK手話ニュース🈐
山形,2 NHKEテレ..,2026-07-26,20:00,日曜美術館 滅びゆく写真 そして人類 現代美術作家・杉本博司🈑🈞
山形,2 NHKEテレ..,2026-07-26,20:45,日曜美術館 アートシーン「元禄！師宣劇場」展🈑
山形,2 NHKEテレ..,2026-07-26,21:00,古典芸能への招待 歌舞伎「近江源氏先陣館 盛綱陣屋」大阪松竹座さよなら公演🈕🈑
山形,2 NHKEテレ..,2026-07-26,23:00,美の壺 選「小さな芸術 干菓子」🈑
山形,2 NHKEテレ..,2026-07-26,23:30,サイエンスZERO“次世代塗料”が未来を塗り替える！？🈖🈑
山形,4 山形放送1,2026-07-26,05:00,佐世保発テレショップ この時期にぴったりの季節商品や今だけの期間限定商品がお得
山形,4 山形放送1,2026-07-26,05:30,ショップジャパン
山形,4 山形放送1,2026-07-26,06:00,皇室日記🈑▽天皇ご一家那須ご静養▽佳子さま「重複障がい者」に寄せる思い
山形,4 山形放送1,2026-07-26,06:15,NNNニュースサンデー🈐
山形,4 山形放送1,2026-07-26,06:30,日本のチカラ🈑
山形,4 山形放送1,2026-07-26,07:00,所さんの目がテン！🈑所さんと奥田民生さんが絶品イノシシ肉で燻製作り⁉
山形,4 山形放送1,2026-07-26,07:30,シューイチ🈑🈓8月から変わること＆新スポット▽秋山＆平子が南房総の体格グルメ堪能
山形,4 山形放送1,2026-07-26,10:25,一茂×かまいたちゲンバ▼水族館でアシカとご対面▼驚き新食感「糸かき氷」とは？🈑
山形,4 山形放送1,2026-07-26,11:25,YBCお天気情報
山形,4 山形放送1,2026-07-26,11:30,NNN ストレイトニュース🈑
山形,4 山形放送1,2026-07-26,11:45,ハウジング・ロード
山形,4 山形放送1,2026-07-26,12:00,ソレダメ！
山形,4 山形放送1,2026-07-26,12:55,YBCお天気情報
山形,4 山形放送1,2026-07-26,13:00,YOUは何しに日本へ？
山形,4 山形放送1,2026-07-26,13:55,沸騰ワード10 SP🈞🈑
山形,4 山形放送1,2026-07-26,14:55,ぷにゅん！
山形,4 山形放送1,2026-07-26,15:00,24時間テレビ企画大公開SP🈑総合司会は内村光良！テーマは「わたしの家族の話」
山形,4 山形放送1,2026-07-26,15:55,【アメリカ横断ウルトラクイズ】新MC櫻井翔！地球一周特大スケールで復活SP🈑
山形,4 山形放送1,2026-07-26,16:55,狩野英孝のクセうまラーメン🈞
山形,4 山形放送1,2026-07-26,17:10,YBCニュースサンデー
山形,4 山形放送1,2026-07-26,17:15,やまがたサンデー5 27年春 新たな学びへ
山形,4 山形放送1,2026-07-26,17:30,笑点🈖🈑🈓城島茂が座布団運び「ザ！鉄腕！DASH！！」×「笑点」夢のコラボDAY
山形,4 山形放送1,2026-07-26,18:00,真相報道バンキシャ！🈑独自分析…熱中症患者10人の行動に教訓▽花火大会で湿度検証
山形,4 山形放送1,2026-07-26,18:55,博士は今日も嫉妬する 人生が楽しくなる最新テクノロジー🈑
山形,4 山形放送1,2026-07-26,19:00,ザ！鉄腕！DASH！！▽笑点60周年記念夏祭り！師匠全員参加で巨大お好み焼き！🈑
山形,4 山形放送1,2026-07-26,19:58,イッテQ【お祭り男宮川＆二代目手越】フィンランドで丸太乗って川を下る木材選手権🈑
山形,4 山形放送1,2026-07-26,20:54,YBCお天気情報
山形,4 山形放送1,2026-07-26,21:00,ゴールデンストーンズ▽番組史上最大‼人気芸人軍団と総勢31名の大混戦バトル🈑
山形,4 山形放送1,2026-07-26,21:54,ぷにゅん！
山形,4 山形放送1,2026-07-26,22:00,おしゃれクリップ🈖🈑出川哲朗はなぜ愛される？▼妻や一茂が忖度なしでガチ素顔告白
山形,4 山形放送1,2026-07-26,22:30,ドラマ「一次元の挿し木」第4話【激動の真相が発覚…古人骨と義妹を巡る謎】🈖🈑🈓
山形,4 山形放送1,2026-07-26,23:25,ダウンタウンのガキの使い！10人で男の勲章歌い切り！エース＆小田参戦で大波乱🈑
山形,4 山形放送1,2026-07-26,23:55,Going！🈑生出演！渡邊雄太が明かす日本バスケの進化▼赤星絶賛！怪物高校生
山形,5 山形テレビ,2026-07-26,04:48,テレビショッピング
山形,5 山形テレビ,2026-07-26,05:18,テレビショッピング
山形,5 山形テレビ,2026-07-26,05:48,Do〜んな天気
山形,5 山形テレビ,2026-07-26,05:50,グッド！モーニング🈓🈑
山形,5 山形テレビ,2026-07-26,08:00,よ〜い！スターと！トビダスクール しなことリボンでTシャツデコ！🈓🈑
山形,5 山形テレビ,2026-07-26,08:30,名探偵プリキュア！ #26 キュアエクレールの復活！🈓🈑
山形,5 山形テレビ,2026-07-26,09:00,仮面ライダーゼッツ 第45話「惑わす」🈓🈑
山形,5 山形テレビ,2026-07-26,09:30,🈟角醒ハンター オメガホーン 第1話「角醒せよ！赤き角獣王！」🈓🈑
山形,5 山形テレビ,2026-07-26,10:00,🈢第108回全国高等学校野球選手権山形大会 決勝 鶴岡東×山形城北
山形,5 山形テレビ,2026-07-26,10:55,山形いちまる傑作選 ロバート馬場の朝ごはん なに食べたい？
山形,5 山形テレビ,2026-07-26,11:50,ANNニュース🈑
山形,5 山形テレビ,2026-07-26,12:00,ビートたけしのTVタックル 昭和は驚きの光景が…令和のゴミ問題＆激安リユース店🈑
山形,5 山形テレビ,2026-07-26,12:55,新婚さんいらっしゃい！ オーストラリア在住夫婦が出場！親戚100人の大運動会!?🈖🈑
山形,5 山形テレビ,2026-07-26,13:25,華丸丼と大吉麺【荻窪で発見！あのドラマの監修をした三ツ星店の斬新沖縄そば】🈑
山形,5 山形テレビ,2026-07-26,13:55,相葉マナブ マナブ！ご当地名産品祭り！ひと手間で簡単絶品料理！🈑🈞
山形,5 山形テレビ,2026-07-26,14:55,1泊家族🈑🈞
山形,5 山形テレビ,2026-07-26,15:20,ちゃおちゃおパラダイス
山形,5 山形テレビ,2026-07-26,15:25,開運！なんでも鑑定団【蘇る＜伝説名馬＞＆日本画＜新境地＞巨匠作に驚き値】🈞
山形,5 山形テレビ,2026-07-26,16:30,にっぽん再発見〜ローカル線で行く小さな旅〜
山形,5 山形テレビ,2026-07-26,17:00,なにわ男子の逆転男子 どんな状況でもカメラ目線で「愛してるよ」対決！室龍太参戦
山形,5 山形テレビ,2026-07-26,17:30,ANNスーパーJチャンネル🈑
山形,5 山形テレビ,2026-07-26,17:55,Do〜んな天気
山形,5 山形テレビ,2026-07-26,18:00,相葉マナブ 初登場！timelesz佐藤勝利と地引き網！相模湾で何が獲れる？🈑
山形,5 山形テレビ,2026-07-26,18:52,Do〜んな天気
山形,5 山形テレビ,2026-07-26,18:56,ポツンと一軒家 2時間SP！84歳チェーンソーアート挑戦！仲間とBBQ宴会＆絶景岩風呂🈑
山形,5 山形テレビ,2026-07-26,20:56,有働Times🈑
山形,5 山形テレビ,2026-07-26,22:15,マイ・フィクション 第4話「刑務所にいるはずの人間」🈖🈑
山形,5 山形テレビ,2026-07-26,23:09,YTSニュース
山形,5 山形テレビ,2026-07-26,23:15,EIGHT－JAM 【中森明菜特集‼松田聖子・小泉今日子との関係、振付秘話…】🈑
山形,6 TUY1,2026-07-26,05:00,テレビショッピング
山形,6 TUY1,2026-07-26,05:30,テレビショッピング
山形,6 TUY1,2026-07-26,06:00,皇室アルバム
山形,6 TUY1,2026-07-26,06:15,ポケットモンスター【ドリームボールをキミに！】
山形,6 TUY1,2026-07-26,06:45,JNNニュース🈐
山形,6 TUY1,2026-07-26,07:00,健康カプセル！ゲンキの時間🈖🈑侮っていると一大事に！？消えないあざに隠れた恐怖
山形,6 TUY1,2026-07-26,07:30,がっちりマンデー‼CMで良く見るけど知らない会社！渡辺パイプ、INPEX、NGK
山形,6 TUY1,2026-07-26,08:00,サンデーモーニング🈑高市総理“寝てない”投稿の波紋▽消費税“迷走”と骨太ショック
山形,6 TUY1,2026-07-26,09:54,きになっちゃう。
山形,6 TUY1,2026-07-26,10:00,サンデー・ジャポン 延長国会閉幕…議員直撃！▽堺雅人が緊急生出演！スタジオ生考察
山形,6 TUY1,2026-07-26,11:24,ぐっじょぶYAMAGATA NEXT
山形,6 TUY1,2026-07-26,11:30,きになっちゃう。
山形,6 TUY1,2026-07-26,11:35,上田晋也のサンデーQ🈑堺雅人が生出演「VIVANT」エキストラは4千人！聖地先取り巡礼
山形,6 TUY1,2026-07-26,12:54,明日へのチカラ
山形,6 TUY1,2026-07-26,13:00,バナナマンのせっかくグルメ★日村は全国観光地へ！大物俳優・寺尾聰が初爆食旅🈕🈞🈑
山形,6 TUY1,2026-07-26,14:54,きになっちゃう。
山形,6 TUY1,2026-07-26,15:00,置賜LIFE〜Summer2026〜
山形,6 TUY1,2026-07-26,15:30,タクうま〜横浜VS松戸!TV初取材グルメ〜団地の穴場チャーハン/飲める崩しハンバーグ
山形,6 TUY1,2026-07-26,16:24,きになっちゃう。
山形,6 TUY1,2026-07-26,16:30,レッツゴー怪奇組 第四怪🈑
山形,6 TUY1,2026-07-26,17:00,日5「正反対な君と僕」 ＃16「新学期」🈑🈓
山形,6 TUY1,2026-07-26,17:30,Nスタ🈑 「飛鳥・藤原の宮都」が世界遺産新登録なるか▽「土用の丑の日」うなぎ店は
山形,6 TUY1,2026-07-26,18:00,世界遺産／バリ島 1000年続く棚田の絶景（インドネシア）🈖🈑
山形,6 TUY1,2026-07-26,18:30,ベスコングルメ★夏の軽井沢SP・そば通DEEN池森オススメの手打ちそば名店へ🈖🈑🈓
山形,6 TUY1,2026-07-26,19:00,バナナマンのせっかくグルメ★VIVANT堺雅人＆濱田岳と日村が人気リゾート地🈑🈓
山形,6 TUY1,2026-07-26,20:00,VIVANT直前生放送★堺×阿部×二宮×松坂が集結！今からでも間に合うSPダイジェスト🈑
山形,6 TUY1,2026-07-26,21:00,🈟日曜劇場「VIVANT」第11話🈖🈑
山形,6 TUY1,2026-07-26,22:19,お天気きになっちゃう。🈗
山形,6 TUY1,2026-07-26,22:25,日曜日の初耳学◆堺雅人×林修『VIVANT』放送直後90分SP阿部寛＆初出しメイキング映像
山形,6 TUY1,2026-07-26,23:49,お天気きになっちゃう。🈗
山形,6 TUY1,2026-07-26,23:55,黒猫と魔女の教室🈑🈓 ＃16「イオ・トーラス がんばります」【アガルアニメ】
山形,8 さくらんぼテ..,2026-07-26,04:57,テレショップ
山形,8 さくらんぼテ..,2026-07-26,05:27,ガイド
山形,8 さくらんぼテ..,2026-07-26,05:30,テレビ寺子屋【夢なんて持たなくていい／山田ルイ53世】🈐
山形,8 さくらんぼテ..,2026-07-26,06:00,FNNニュース🈑
山形,8 さくらんぼテ..,2026-07-26,06:15,ブルイズ！モンテディオ★期待の新加入選手を紹介！🈞
山形,8 さくらんぼテ..,2026-07-26,06:30,ニッポン美景めぐり 青森県・八戸〜六ケ所村
山形,8 さくらんぼテ..,2026-07-26,07:00,SUNDAYブレイク． 千葉県勝浦でオズワルド伊藤が絶叫アクティビティ体験🈑🈕🈓
山形,8 さくらんぼテ..,2026-07-26,08:25,ぷちウェザー
山形,8 さくらんぼテ..,2026-07-26,08:30,テレショップ
山形,8 さくらんぼテ..,2026-07-26,09:00,DIGIMON BEATBREAK【消せない夜】 ＃40🈑🈖
山形,8 さくらんぼテ..,2026-07-26,09:30,テレビアニメ「鬼滅の刃」シリーズ全編再放送【竈門炭治郎 立志編】🈑🈖🈓
山形,8 さくらんぼテ..,2026-07-26,10:00,かのサンド◆学生街で絶品グルメSP！早稲田コスパ抜群グルメ＆学芸大学の名店中華🈑
山形,8 さくらんぼテ..,2026-07-26,11:15,ミラモンGOLD🈑
山形,8 さくらんぼテ..,2026-07-26,11:45,ぷちウェザー
山形,8 さくらんぼテ..,2026-07-26,11:50,FNN Live News days🈑
山形,8 さくらんぼテ..,2026-07-26,12:00,選ばれし頂点サマ【生活激変！？家でマネできる凄テク＆トンデモ映像大連発SP】🈝
山形,8 さくらんぼテ..,2026-07-26,12:55,家、ついて行ってイイですか？下町の人情歯医者＆イトーヨーカドー愛が止まらない男
山形,8 さくらんぼテ..,2026-07-26,13:55,親切紳士★内村光良の新説コント番組★親切すぎる紳士がお節介を焼く！？★
山形,8 さくらんぼテ..,2026-07-26,14:55,ハートのイチ推し！
山形,8 さくらんぼテ..,2026-07-26,15:00,みんなのKEIBA 関屋記念・GⅢ＆東海S・GⅢ 夏の新潟開幕！ ゲスト中山優馬
山形,8 さくらんぼテ..,2026-07-26,16:00,テレショップ
山形,8 さくらんぼテ..,2026-07-26,16:30,ザ・ノンフィクション 結婚したい彼と彼女の場合〜令和の婚活漂流記2026〜後編🈑
山形,8 さくらんぼテ..,2026-07-26,17:25,ハートのイチ推し！
山形,8 さくらんぼテ..,2026-07-26,17:30,News イット！ やまがた🈑
山形,8 さくらんぼテ..,2026-07-26,18:00,ちびまる子ちゃん【隣町の男子とプールで勝負する／たまちゃんちで日曜大工を】🈑🈖
山形,8 さくらんぼテ..,2026-07-26,18:30,サザエさん【憧れの松／うっかりでしっかり ほか】🈑🈖🈓
山形,8 さくらんぼテ..,2026-07-26,19:00,千鳥の鬼レンチャン◆鬼ハード初代女王誕生？STU池ちゃん＆高橋成美サビカラ登場🈑
山形,8 さくらんぼテ..,2026-07-26,20:54,ぷちウェザー
山形,8 さくらんぼテ..,2026-07-26,21:00,Mr．サンデー🈑🈓
山形,8 さくらんぼテ..,2026-07-26,23:09,プライムボックス〜お天気情報〜
山形,8 さくらんぼテ..,2026-07-26,23:15,ワンピース【エルバフの大罪人 冥界のロキ解放！？】🈑🈖
山形,8 さくらんぼテ..,2026-07-26,23:45,すぽると！ 大谷翔平のストレートは軌道が読めない⁉スター証言＆脳科学から紐解く🈑
福島,1 NHK総合1..,2026-07-26,05:00,ニュース・気象情報
福島,1 NHK総合1..,2026-07-26,05:10,Jリーグと私 あの試合を忘れない ＃17 横浜FM🈑
福島,1 NHK総合1..,2026-07-26,05:15,週末のNスペは… 激変・安全保障 日本の進路は🈑
福島,1 NHK総合1..,2026-07-26,05:20,桂文珍の演芸図鑑 レ・ロマネスクTOBI 柳亭小燕枝 三拍子🈑
福島,1 NHK総合1..,2026-07-26,05:50,気象情報
福島,1 NHK総合1..,2026-07-26,05:55,にっぽん百名山ミニ 3min「夏 五竜岳」🈑
福島,1 NHK総合1..,2026-07-26,05:58,巡る世界絶景 ベネチアの冬🅍
福島,1 NHK総合1..,2026-07-26,06:00,ニュース
福島,1 NHK総合1..,2026-07-26,06:10,【特選！時代劇】大岡越前8 🈟（1）「燃える牢屋敷」🈖🈑
福島,1 NHK総合1..,2026-07-26,06:53,気象情報
福島,1 NHK総合1..,2026-07-26,06:55,ニュース・気象情報（東北）
福島,1 NHK総合1..,2026-07-26,07:00,NHKニュース おはよう日本 7月26日（日）🈑
福島,1 NHK総合1..,2026-07-26,07:40,ニュース・気象情報（東北）
福島,1 NHK総合1..,2026-07-26,07:45,さわやか自然百景 青森 屏風山湿原池沼群🈑
福島,1 NHK総合1..,2026-07-26,08:00,小さな旅「大原を継ぐ 〜京都市 左京区〜」🈖🈑
福島,1 NHK総合1..,2026-07-26,08:25,Dearにっぽん「私たちが新聞を書く理由〜滋賀・虎姫高校〜」🈑
福島,1 NHK総合1..,2026-07-26,08:50,あさイチの鈴木奈穂子アナが「NHK ONE」を解説🈑
福島,1 NHK総合1..,2026-07-26,08:57,気象情報
福島,1 NHK総合1..,2026-07-26,09:00,日曜討論 徹底解説！暑さはどこまで？対策は
福島,1 NHK総合1..,2026-07-26,10:00,ニュース・気象情報🈑
福島,1 NHK総合1..,2026-07-26,10:05,明日をまもるナビ選196 都市を襲う水害 内水氾濫〜見えない危険にどう備える🈖🈑
福島,1 NHK総合1..,2026-07-26,10:29,命を守る 防災ポイント 熱中症から命を守れ🈑
福島,1 NHK総合1..,2026-07-26,10:30,5分であさイチ（4）知ってトクする旅行術（2）バッグの詰め方🈑
福島,1 NHK総合1..,2026-07-26,10:35,ゆったり温泉ひとり旅 北海道・登別温泉🈑
福島,1 NHK総合1..,2026-07-26,11:04,ニュース🈑
福島,1 NHK総合1..,2026-07-26,11:05,あしたが変わるトリセツショー 骨ケアで健康革命！今すぐできる運動＆食事ワザ🈖🈑🈞
福島,1 NHK総合1..,2026-07-26,11:50,ふすま絵 奇跡の再会🈑
福島,1 NHK総合1..,2026-07-26,11:54,気象情報
福島,1 NHK総合1..,2026-07-26,12:00,ニュース🈑
福島,1 NHK総合1..,2026-07-26,12:10,ニュース（東北）
福島,1 NHK総合1..,2026-07-26,12:15,NHKのど自慢 熱唱熱演名場面 2026 Part1🈑
福島,1 NHK総合1..,2026-07-26,12:55,ドキュメント72時間PR ドキュメント72時間の作り方＜編集・ナレーション編＞🈑
福島,1 NHK総合1..,2026-07-26,13:00,ニュース・気象情報🈑
福島,1 NHK総合1..,2026-07-26,13:05,ダーウィンが来た！「相葉さんと探せ！ミクロいきもの超ワールド」🈖🈑🈞
福島,1 NHK総合1..,2026-07-26,13:35,さわやか自然百景10min．（37）兵庫 猫崎の海と黒川渓谷🈑
福島,1 NHK総合1..,2026-07-26,13:45,JAPAN DELISH 5min カレーライス🈑
福島,1 NHK総合1..,2026-07-26,13:50,アニメまとめPR 放送中！注目の3番組ほか🈑
福島,1 NHK総合1..,2026-07-26,13:55,プロフェッショナル 仕事の流儀 旅する家族、春をつなぐ〜養蜂家・藤井髙治〜🈖🈑🈞
福島,1 NHK総合1..,2026-07-26,14:40,秀サルでもわかる 豊臣兄弟！ なんで豊臣兄弟は明智光秀に勝てたの？🈑
福島,1 NHK総合1..,2026-07-26,14:45,あしたが変わるトリセツショー 番外編 フレイル対策15分エクササイズ🈑
福島,1 NHK総合1..,2026-07-26,15:00,ニュース・気象情報🈑
福島,1 NHK総合1..,2026-07-26,15:05,大相撲（2026年） 名古屋場所 千秋楽🈑
福島,1 NHK総合1..,2026-07-26,15:30,大相撲（2026年） 名古屋場所 千秋楽 優勝力士・三賞力士インタビュー🈔🈑
福島,1 NHK総合1..,2026-07-26,18:00,ニュース🈑
福島,1 NHK総合1..,2026-07-26,18:05,有吉のお金発見 突撃！カネオくん 令和に再ブーム！RCカーのヒミツ🈑
福島,1 NHK総合1..,2026-07-26,18:45,はまなかあいづサンデー
福島,1 NHK総合1..,2026-07-26,19:00,NHKニュース7🈔🈑
福島,1 NHK総合1..,2026-07-26,19:30,ダーウィンが来た！「最大の味方！最強のライバル！？動物兄弟」🈖🈑
福島,1 NHK総合1..,2026-07-26,20:00,豊臣兄弟！（29）天下への道🈖🈑
福島,1 NHK総合1..,2026-07-26,20:45,ニュース🈑🈐
福島,1 NHK総合1..,2026-07-26,20:55,ニュース・気象情報（東北）
福島,1 NHK総合1..,2026-07-26,21:00,NHKスペシャル 激変・安全保障 “力の支配”と揺らぐ国際秩序 日本の針路は🈑
福島,1 NHK総合1..,2026-07-26,22:00,サンデースポーツ🈑
福島,1 NHK総合1..,2026-07-26,22:50,ニュース・気象情報🈑
福島,1 NHK総合1..,2026-07-26,22:55,ハロー！NHKワールドJAPAN 7月の地域特集・山口県関連番組紹介🈑
福島,1 NHK総合1..,2026-07-26,23:00,DOC（ドック）3 あすへのカルテ（8）「暗闇の先へ」🈔🈑
福島,1 NHK総合1..,2026-07-26,23:59,連続テレビ小説「ひよっこ」再放送PR
福島,2 NHKEテレ..,2026-07-26,05:00,こころの時代 わからなさのなかで〜最首悟の思想をたどる〜🈑🈞
福島,2 NHKEテレ..,2026-07-26,06:00,NHK短歌 わたしの宮沢賢治 テーマ「月」🈑
福島,2 NHKEテレ..,2026-07-26,06:25,テレビ体操🈑
福島,2 NHKEテレ..,2026-07-26,06:35,NHK俳句 題「七夕」🈑
福島,2 NHKEテレ..,2026-07-26,07:00,第93回NHK全国学校音楽コンクール みんなの合唱レッスン・高等学校の部🈑
福島,2 NHKEテレ..,2026-07-26,07:10,第93回NHK全国学校音楽コンクール みんなの合唱レッスン・中学校の部🈑
福島,2 NHKEテレ..,2026-07-26,07:20,第93回NHK全国学校音楽コンクール みんなの合唱レッスン・小学校の部🈑
福島,2 NHKEテレ..,2026-07-26,07:30,おとうさんといっしょ「まねまねどんぐー」🈑🈞
福島,2 NHKEテレ..,2026-07-26,08:00,やさいの時間 みんなの菜園物語 兵庫県（後編）🈑
福島,2 NHKEテレ..,2026-07-26,08:25,趣味の園芸 京も一日陽だまり屋「の〜んびり 蘇鉄（そてつ）」🈑
福島,2 NHKEテレ..,2026-07-26,08:30,趣味の園芸 選 ステキをセレクト！タネから育てるコスモス🈑
福島,2 NHKEテレ..,2026-07-26,08:55,no art，no life「洋一」🈑
福島,2 NHKEテレ..,2026-07-26,09:00,日曜美術館 陶芸家ルーシー・リー 繊細でたくましい器🈑
福島,2 NHKEテレ..,2026-07-26,09:45,日曜美術館 アートシーン「まなざしの奇跡 日本女性写真家の冒険」展🈑
福島,2 NHKEテレ..,2026-07-26,10:00,将棋フォーカス 選 フォーカス流・観る将検定 第2回！🈑
福島,2 NHKEテレ..,2026-07-26,10:30,第76回 NHK杯テレビ将棋トーナメント 1回戦第17局 羽生九段×横山七段🈑
福島,2 NHKEテレ..,2026-07-26,12:00,囲碁フォーカス 選 知らずに使っている！？「囲碁用語」🈑
福島,2 NHKEテレ..,2026-07-26,12:30,第74回NHK杯テレビ囲碁トーナメント1回戦第17局酒井佑規七段×加藤千笑四段🈑
福島,2 NHKEテレ..,2026-07-26,14:00,日本の話芸 柳家蝠丸 落語「叩き蟹」🈖🈑
福島,2 NHKEテレ..,2026-07-26,14:30,アニメ 青のオーケストラ シーズン2（1）「ほころび」🈑
福島,2 NHKEテレ..,2026-07-26,14:55,アニメ 青のオーケストラ シーズン2（2）「波紋」🈑
福島,2 NHKEテレ..,2026-07-26,15:20,アニメ 青のオーケストラ シーズン2（3）「ケジメ」🈑
福島,2 NHKEテレ..,2026-07-26,15:45,アニメ 青のオーケストラ シーズン2（4）「体育祭」🈑
福島,2 NHKEテレ..,2026-07-26,16:10,ピタゴラミングスイッチ2🈑🈞
福島,2 NHKEテレ..,2026-07-26,16:30,ざわざわ森のがんこちゃん30周年スペシャルがんこのびっくりおたんじょうび会🈖🈑🈞
福島,2 NHKEテレ..,2026-07-26,17:00,アニメ アオアシ（17）東京都リーグ第7節 多摩体育大学附属高校戦🈑
福島,2 NHKEテレ..,2026-07-26,17:25,レディー・グレース 女王陛下のスパイ（4）「迷える女王」🈔🈑
福島,2 NHKEテレ..,2026-07-26,17:50,こども手話ウイークリー🈐
福島,2 NHKEテレ..,2026-07-26,18:00,木村多江の、いまさらですが… アメリカ建国の立役者 初代財務長官ハミルトン🈖🈑🈞
福島,2 NHKEテレ..,2026-07-26,18:30,ブリティッシュ・ベイクオフ6（17）チョコレート対決・前編🈔🈑🈞
福島,2 NHKEテレ..,2026-07-26,19:00,未病息災を願います 選「骨密度」が気になったら🈖🈑
福島,2 NHKEテレ..,2026-07-26,19:45,365日の献立日記「野菜ずし」🈑
福島,2 NHKEテレ..,2026-07-26,19:50,5分であさイチ 夏休みの“お昼ごはん”に革命を！🈑
福島,2 NHKEテレ..,2026-07-26,19:55,NHK手話ニュース🈐
福島,2 NHKEテレ..,2026-07-26,20:00,日曜美術館 滅びゆく写真 そして人類 現代美術作家・杉本博司🈑🈞
福島,2 NHKEテレ..,2026-07-26,20:45,日曜美術館 アートシーン「元禄！師宣劇場」展🈑
福島,2 NHKEテレ..,2026-07-26,21:00,古典芸能への招待 歌舞伎「近江源氏先陣館 盛綱陣屋」大阪松竹座さよなら公演🈕🈑
福島,2 NHKEテレ..,2026-07-26,23:00,美の壺 選「小さな芸術 干菓子」🈑
福島,2 NHKEテレ..,2026-07-26,23:30,サイエンスZERO“次世代塗料”が未来を塗り替える！？🈖🈑
福島,4 福島中央テレビ1,2026-07-26,04:40,テレビショッピング
福島,4 福島中央テレビ1,2026-07-26,05:10,24時間テレビ チャリティー・リポート🈑
福島,4 福島中央テレビ1,2026-07-26,05:15,THEフィッシング 初夏の本流釣り 延べ竿で狙うヤマメ・アマゴ
福島,4 福島中央テレビ1,2026-07-26,05:45,それいけ！アンパンマン🈖★ぼくらはふくしまキッズマン放送中！★
福島,4 福島中央テレビ1,2026-07-26,06:15,NNNニュースサンデー🈐
福島,4 福島中央テレビ1,2026-07-26,06:30,パウ・パトロール🈔「マーシャルのいえで」「こおりのうえでだいぼうそう」
福島,4 福島中央テレビ1,2026-07-26,07:00,所さんの目がテン！🈑所さんと奥田民生さんが絶品イノシシ肉で燻製作り⁉
福島,4 福島中央テレビ1,2026-07-26,07:30,シューイチ🈑🈓8月から変わること＆新スポット▽秋山＆平子が南房総の体格グルメ堪能
福島,4 福島中央テレビ1,2026-07-26,10:25,一茂×かまいたちゲンバ▼水族館でアシカとご対面▼驚き新食感「糸かき氷」とは？🈑
福島,4 福島中央テレビ1,2026-07-26,11:25,天気予報
福島,4 福島中央テレビ1,2026-07-26,11:30,NNN ストレイトニュース🈑
福島,4 福島中央テレビ1,2026-07-26,11:45,スクール革命！絵と図！真夏のクイズ祭り▼山田＆めるる「即興絵描き歌」で波乱！？🈑
福島,4 福島中央テレビ1,2026-07-26,12:45,ふくしま未来ストーリー🈑🈞
福島,4 福島中央テレビ1,2026-07-26,13:00,サクマ＆ピース シーズン6 佐久間宣行＆平子祐希が郡山市でプロデュース！
福島,4 福島中央テレビ1,2026-07-26,13:30,では問題です！クイズでひも解く人生劇場★МC田中樹も爆笑の難問珍問から密着劇
福島,4 福島中央テレビ1,2026-07-26,14:55,中テレナビ
福島,4 福島中央テレビ1,2026-07-26,15:00,24時間テレビ企画大公開SP🈑総合司会は内村光良！テーマは「わたしの家族の話」
福島,4 福島中央テレビ1,2026-07-26,15:55,大悟の芸人領収書傑作選 こどもの日親子参観SP
福島,4 福島中央テレビ1,2026-07-26,16:25,ゴジてれ×Sun！GRe4NBOYZ青春の味はドライブインの巨大から揚げ定食
福島,4 福島中央テレビ1,2026-07-26,17:25,郡山市週間トピックス
福島,4 福島中央テレビ1,2026-07-26,17:30,笑点🈖🈑🈓城島茂が座布団運び「ザ！鉄腕！DASH！！」×「笑点」夢のコラボDAY
福島,4 福島中央テレビ1,2026-07-26,18:00,真相報道バンキシャ！🈑独自分析…熱中症患者10人の行動に教訓▽花火大会で湿度検証
福島,4 福島中央テレビ1,2026-07-26,18:55,博士は今日も嫉妬する 人生が楽しくなる最新テクノロジー🈑
福島,4 福島中央テレビ1,2026-07-26,19:00,ザ！鉄腕！DASH！！▽笑点60周年記念夏祭り！師匠全員参加で巨大お好み焼き！🈑
福島,4 福島中央テレビ1,2026-07-26,19:58,イッテQ【お祭り男宮川＆二代目手越】フィンランドで丸太乗って川を下る木材選手権🈑
福島,4 福島中央テレビ1,2026-07-26,20:54,中テレニュース
福島,4 福島中央テレビ1,2026-07-26,20:57,天気予報
福島,4 福島中央テレビ1,2026-07-26,21:00,ゴールデンストーンズ▽番組史上最大‼人気芸人軍団と総勢31名の大混戦バトル🈑
福島,4 福島中央テレビ1,2026-07-26,21:54,天気予報
福島,4 福島中央テレビ1,2026-07-26,22:00,おしゃれクリップ🈖🈑出川哲朗はなぜ愛される？▼妻や一茂が忖度なしでガチ素顔告白
福島,4 福島中央テレビ1,2026-07-26,22:30,ドラマ「一次元の挿し木」第4話【激動の真相が発覚…古人骨と義妹を巡る謎】🈖🈑🈓
福島,4 福島中央テレビ1,2026-07-26,23:25,ダウンタウンのガキの使い！10人で男の勲章歌い切り！エース＆小田参戦で大波乱🈑
福島,4 福島中央テレビ1,2026-07-26,23:55,Going！🈑生出演！渡邊雄太が明かす日本バスケの進化▼赤星絶賛！怪物高校生
福島,5 KFB福島放送1,2026-07-26,04:45,題名のない音楽会「オペラ歌手が秘密を打ち明ける休日」🈑
福島,5 KFB福島放送1,2026-07-26,05:15,さわやかショッピング
福島,5 KFB福島放送1,2026-07-26,05:45,ウェザー情報
福島,5 KFB福島放送1,2026-07-26,05:50,グッド！モーニング🈓🈑
福島,5 KFB福島放送1,2026-07-26,08:00,よ〜い！スターと！トビダスクール しなことリボンでTシャツデコ！🈓🈑
福島,5 KFB福島放送1,2026-07-26,08:30,名探偵プリキュア！ ＃26 キュアエクレールの復活！🈓🈑
福島,5 KFB福島放送1,2026-07-26,09:00,仮面ライダーゼッツ 第45話「惑わす」🈓🈑
福島,5 KFB福島放送1,2026-07-26,09:30,🈟角醒ハンター オメガホーン 第1話「角醒せよ！赤き角獣王！」🈓🈑
福島,5 KFB福島放送1,2026-07-26,10:00,出没！アド街ック天国 「町屋」味覚の穴場☆荒川区イチの繁華街！都電荒川線走る下町
福島,5 KFB福島放送1,2026-07-26,10:55,ナニコレ珍百景 エコノミクス甲子園○○クイズ日本一決定＆民家の庭が巨大古墳🈑🈞
福島,5 KFB福島放送1,2026-07-26,11:50,ANNニュース🈑
福島,5 KFB福島放送1,2026-07-26,12:00,ビートたけしのTVタックル 昭和は驚きの光景が…令和のゴミ問題＆激安リユース店🈑
福島,5 KFB福島放送1,2026-07-26,12:55,新婚さんいらっしゃい！ オーストラリア在住夫婦出場！親戚100人大運動会⁉ 🈖🈑
福島,5 KFB福島放送1,2026-07-26,13:25,華丸丼と大吉麺 荻窪で発見！あのドラマの監修をした三ツ星店の斬新沖縄そば🈑
福島,5 KFB福島放送1,2026-07-26,13:55,林修の今知りたいでしょ！ 傑作選 帯状疱疹・脳卒中・糖尿病！意外な病気のサイン🈑
福島,5 KFB福島放送1,2026-07-26,15:20,路線バスで寄り道の旅 【世界の青木と徳光さんが願いをかなえる珍道中！】🈑
福島,5 KFB福島放送1,2026-07-26,16:30,日曜マイチョイス 日本人になじみの町中華と本場の味㊙ガチ中華を食べ比べる満腹旅🈑
福島,5 KFB福島放送1,2026-07-26,17:25,GO！GO！5チャンネル
福島,5 KFB福島放送1,2026-07-26,17:30,ANNスーパーJチャンネル🈑
福島,5 KFB福島放送1,2026-07-26,17:55,郡山市週間トピックス🈐
福島,5 KFB福島放送1,2026-07-26,18:00,相葉マナブ 初登場！timelesz佐藤勝利と地引き網！相模湾で何が獲れる？🈑
福島,5 KFB福島放送1,2026-07-26,18:52,ウェザー情報
福島,5 KFB福島放送1,2026-07-26,18:56,ポツンと一軒家 2時間SP！84歳チェーンソーアート挑戦！BBQ＆絶景岩風呂🈑
福島,5 KFB福島放送1,2026-07-26,20:56,有働Times🈑
福島,5 KFB福島放送1,2026-07-26,22:15,マイ・フィクション ＃4 刑務所にいるはずの人間🈖🈑
福島,5 KFB福島放送1,2026-07-26,23:09,ウェザー情報
福島,5 KFB福島放送1,2026-07-26,23:15,EIGHT－JAM 【中森明菜特集‼松田聖子・小泉今日子との関係、振付秘話…】🈑
福島,6 テレビユー福島,2026-07-26,04:55,テレショップ
福島,6 テレビユー福島,2026-07-26,05:25,TUFお天気情報🈗
福島,6 テレビユー福島,2026-07-26,05:30,テレショップ
福島,6 テレビユー福島,2026-07-26,06:00,バナナマンの早起きせっかくグルメ★全国から厳選！極上焼肉のタレでお肉を大満喫！🈑
福島,6 テレビユー福島,2026-07-26,06:45,JNNニュース🈐
福島,6 テレビユー福島,2026-07-26,07:00,健康カプセル！ゲンキの時間🈖🈑侮っていると一大事に！？消えないあざに隠れた恐怖
福島,6 テレビユー福島,2026-07-26,07:30,がっちりマンデー‼CMで良く見るけど知らない会社！渡辺パイプ、INPEX、NGK
福島,6 テレビユー福島,2026-07-26,08:00,サンデーモーニング🈑高市総理“寝てない”投稿の波紋▽消費税“迷走”と骨太ショック
福島,6 テレビユー福島,2026-07-26,09:54,DO！エイト・ユアセルフ
福島,6 テレビユー福島,2026-07-26,10:00,サンデー・ジャポン 延長国会閉幕…議員直撃！▽堺雅人が緊急生出演！スタジオ生考察
福島,6 テレビユー福島,2026-07-26,11:35,上田晋也のサンデーQ🈑堺雅人が生出演「VIVANT」エキストラは4千人！聖地先取り巡礼
福島,6 テレビユー福島,2026-07-26,12:54,大和の風 東寺〜密教が描く宇宙のかたち〜
福島,6 テレビユー福島,2026-07-26,13:00,バナナマンのせっかくグルメ！！★日村×佐藤浩市×横浜流星の爆食旅🅂🈞
福島,6 テレビユー福島,2026-07-26,14:57,TUFお天気情報🈗
福島,6 テレビユー福島,2026-07-26,15:00,バナナサンド スキマスイッチがハモリ隊にSP参戦！三代目JSBと豪華ハモリ合戦🈞
福島,6 テレビユー福島,2026-07-26,16:00,サンドのぼんやり〜ぬTV 目指せ交流戦連覇！楽天イーグルスを全力応援！
福島,6 テレビユー福島,2026-07-26,16:30,レッツゴー怪奇組 第四怪🈑
福島,6 テレビユー福島,2026-07-26,17:00,日5「正反対な君と僕」 ＃16「新学期」🈑🈓
福島,6 テレビユー福島,2026-07-26,17:30,Nスタ🈑 「飛鳥・藤原の宮都」が世界遺産新登録なるか▽「土用の丑の日」うなぎ店は
福島,6 テレビユー福島,2026-07-26,18:00,世界遺産／バリ島 1000年続く棚田の絶景（インドネシア）🈖🈑
福島,6 テレビユー福島,2026-07-26,18:30,ベスコングルメ★夏の軽井沢SP・そば通DEEN池森オススメの手打ちそば名店へ🈖🈑🈓
福島,6 テレビユー福島,2026-07-26,19:00,バナナマンのせっかくグルメ★VIVANT堺雅人＆濱田岳と日村が人気リゾート地🈑🈓
福島,6 テレビユー福島,2026-07-26,20:00,VIVANT直前生放送★堺×阿部×二宮×松坂が集結！今からでも間に合うSPダイジェスト🈑
福島,6 テレビユー福島,2026-07-26,21:00,🈟日曜劇場「VIVANT」第11話🈖🈑
福島,6 テレビユー福島,2026-07-26,22:19,TUFお天気情報🈗
福島,6 テレビユー福島,2026-07-26,22:25,日曜日の初耳学◆堺雅人×林修『VIVANT』放送直後90分SP阿部寛＆初出しメイキング映像
福島,6 テレビユー福島,2026-07-26,23:49,TUFお天気情報🈗
福島,6 テレビユー福島,2026-07-26,23:55,黒猫と魔女の教室🈑🈓 ＃16「イオ・トーラス がんばります」【アガルアニメ】
福島,8 FTV福島テ..,2026-07-26,05:00,🈐テレビ寺子屋【内藤いづみ／いい塩梅で生き抜く】
福島,8 FTV福島テ..,2026-07-26,05:30,ライフ・ライン 「人生最高の出会い〜私が見つけた生きる意味〜」千葉明徳さん
福島,8 FTV福島テ..,2026-07-26,06:00,FNNニュース🈑
福島,8 FTV福島テ..,2026-07-26,06:15,ぱちぱちるんるん★チャギントン★ぱちるんどこどこ★ゴー！ゴー！コニーちゃんほか🈑
福島,8 FTV福島テ..,2026-07-26,06:30,ポケモンとどこいく！？【シェフピカチュウがお出迎え！ポケモンカフェSP】
福島,8 FTV福島テ..,2026-07-26,07:00,SUNDAYブレイク． 千葉県勝浦でオズワルド伊藤が絶叫アクティビティ体験🈑🈕🈓
福島,8 FTV福島テ..,2026-07-26,08:25,テレビショッピング【ヒザにも、腰にも、歩みにも】
福島,8 FTV福島テ..,2026-07-26,08:55,ショップジャパン
福島,8 FTV福島テ..,2026-07-26,09:25,ハウジング情報🈑
福島,8 FTV福島テ..,2026-07-26,09:30,ポケットモンスター【ドリームボールをキミに！】
福島,8 FTV福島テ..,2026-07-26,10:00,かのサンド◆学生街で絶品グルメSP！早稲田コスパ抜群グルメ＆学芸大学の名店中華🈑
福島,8 FTV福島テ..,2026-07-26,11:15,ミラモンGOLD🈑
福島,8 FTV福島テ..,2026-07-26,11:45,福テレの8ミニ
福島,8 FTV福島テ..,2026-07-26,11:50,FNN Live News days🈑
福島,8 FTV福島テ..,2026-07-26,12:00,開運！なんでも鑑定団【大河ドラマで注目！＜蔦屋重三郎＞の希少本】
福島,8 FTV福島テ..,2026-07-26,13:00,所さんのそこんトコロ【珍！新世界記録＆今すぐ帰省しませんか？＆限界突破グッズ】
福島,8 FTV福島テ..,2026-07-26,13:55,福テレの8ミニ
福島,8 FTV福島テ..,2026-07-26,14:00,家、ついて行ってイイですか？余命宣告からの復活！？アート仙人＆クマと暮らす女性
福島,8 FTV福島テ..,2026-07-26,14:55,福テレてんき
福島,8 FTV福島テ..,2026-07-26,15:00,みんなのKEIBA 関屋記念・GⅢ＆東海S・GⅢ 夏の新潟開幕！ ゲスト中山優馬
福島,8 FTV福島テ..,2026-07-26,16:00,テレビショッピング・科学する寝具スリープエンリッチ テレビショッピング＃3
福島,8 FTV福島テ..,2026-07-26,16:30,ザ・ノンフィクション 結婚したい 彼と彼女の場合2026 後編＃2🈑
福島,8 FTV福島テ..,2026-07-26,17:25,BEAUTIFUL VIEW PROJECT
福島,8 FTV福島テ..,2026-07-26,17:30,FNN Live News イット！🈑
福島,8 FTV福島テ..,2026-07-26,18:00,ちびまる子ちゃん【隣町の男子とプールで勝負する／たまちゃんちで日曜大工を】🈑🈖
福島,8 FTV福島テ..,2026-07-26,18:30,サザエさん【憧れの松／うっかりでしっかり ほか】🈑🈖🈓
福島,8 FTV福島テ..,2026-07-26,19:00,千鳥の鬼レンチャン◆鬼ハード初代女王誕生？STU池ちゃん＆高橋成美サビカラ登場🈑
福島,8 FTV福島テ..,2026-07-26,20:54,福テレてんき
福島,8 FTV福島テ..,2026-07-26,21:00,Mr．サンデー🈑🈓
福島,8 FTV福島テ..,2026-07-26,23:09,福テレてんき
福島,8 FTV福島テ..,2026-07-26,23:15,ワンピース【エルバフの大罪人 冥界のロキ解放！？】🈑🈖
福島,8 FTV福島テ..,2026-07-26,23:45,すぽると！ 大谷翔平のストレートは軌道が読めない⁉スター証言＆脳科学から紐解く🈑
東京,1 NHK総合1..,2026-07-26,05:00,ニュース・気象情報
東京,1 NHK総合1..,2026-07-26,05:10,Jリーグと私 あの試合を忘れない ＃17 横浜FM🈑
東京,1 NHK総合1..,2026-07-26,05:15,週末のNスペは… 激変・安全保障 日本の進路は🈑
東京,1 NHK総合1..,2026-07-26,05:20,桂文珍の演芸図鑑 レ・ロマネスクTOBI 柳亭小燕枝 三拍子🈑
東京,1 NHK総合1..,2026-07-26,05:50,気象情報
東京,1 NHK総合1..,2026-07-26,06:00,ニュース
東京,1 NHK総合1..,2026-07-26,06:10,【特選！時代劇】大岡越前8 🈟（1）「燃える牢屋敷」🈖🈑
東京,1 NHK総合1..,2026-07-26,06:53,気象情報
東京,1 NHK総合1..,2026-07-26,06:55,ニュース・気象情報（関東甲信越）🈑
東京,1 NHK総合1..,2026-07-26,07:00,NHKニュース おはよう日本 7月26日（日）🈑
東京,1 NHK総合1..,2026-07-26,07:40,NHKニュース おはよう首都圏（関東甲信越）🈑
東京,1 NHK総合1..,2026-07-26,07:45,さわやか自然百景 青森 屏風山湿原池沼群🈑
東京,1 NHK総合1..,2026-07-26,08:00,小さな旅「大原を継ぐ 〜京都市 左京区〜」🈖🈑
東京,1 NHK総合1..,2026-07-26,08:25,Dearにっぽん「私たちが新聞を書く理由〜滋賀・虎姫高校〜」🈑
東京,1 NHK総合1..,2026-07-26,08:50,あさイチの鈴木奈穂子アナが「NHK ONE」を解説🈑
東京,1 NHK総合1..,2026-07-26,08:57,気象情報
東京,1 NHK総合1..,2026-07-26,09:00,日曜討論 徹底解説！暑さはどこまで？対策は
東京,1 NHK総合1..,2026-07-26,10:00,ニュース・気象情報🈑
東京,1 NHK総合1..,2026-07-26,10:05,第108回全国高校野球選手権埼玉大会 決勝「浦和学院」対「花咲徳栄」🈑
東京,1 NHK総合1..,2026-07-26,11:53,サブチャンネル切り替え方法のご案内
東京,1 NHK総合1..,2026-07-26,11:54,気象情報
東京,1 NHK総合1..,2026-07-26,12:00,ニュース🈑
東京,1 NHK総合1..,2026-07-26,12:10,ニュース（関東甲信越）🈑
東京,1 NHK総合1..,2026-07-26,12:15,第108回全国高校野球選手権埼玉大会 決勝「浦和学院」対「花咲徳栄」🈑
東京,1 NHK総合1..,2026-07-26,13:00,ニュース・気象情報🈑
東京,1 NHK総合1..,2026-07-26,13:05,ダーウィンが来た！「相葉さんと探せ！ミクロいきもの超ワールド」🈖🈑🈞
東京,1 NHK総合1..,2026-07-26,13:35,さわやか自然百景10min．（37）兵庫 猫崎の海と黒川渓谷🈑
東京,1 NHK総合1..,2026-07-26,13:45,JAPAN DELISH 5min カレーライス🈑
東京,1 NHK総合1..,2026-07-26,13:50,アニメまとめPR 放送中！注目の3番組ほか🈑
東京,1 NHK総合1..,2026-07-26,13:55,第108回全国高校野球選手権神奈川大会 決勝「横浜」対「桐光学園」🈑
東京,1 NHK総合1..,2026-07-26,14:59,サブチャンネル切り替え方法のご案内
東京,1 NHK総合1..,2026-07-26,15:00,ニュース・気象情報🈑
東京,1 NHK総合1..,2026-07-26,15:05,大相撲（2026年） 名古屋場所 千秋楽🈑
東京,1 NHK総合1..,2026-07-26,15:30,大相撲（2026年） 名古屋場所 千秋楽 優勝力士・三賞力士インタビュー🈔🈑
東京,1 NHK総合1..,2026-07-26,18:00,ニュース🈑
東京,1 NHK総合1..,2026-07-26,18:05,有吉のお金発見 突撃！カネオくん 令和に再ブーム！RCカーのヒミツ🈑
東京,1 NHK総合1..,2026-07-26,18:45,ニュース645（関東・山梨）🈑
東京,1 NHK総合1..,2026-07-26,19:00,NHKニュース7🈔🈑
東京,1 NHK総合1..,2026-07-26,19:30,ダーウィンが来た！「最大の味方！最強のライバル！？動物兄弟」🈖🈑
東京,1 NHK総合1..,2026-07-26,20:00,豊臣兄弟！（29）天下への道🈖🈑
東京,1 NHK総合1..,2026-07-26,20:45,ニュース🈑🈐
東京,1 NHK総合1..,2026-07-26,20:55,ニュース・気象情報（関東甲信越）🈑🈐
東京,1 NHK総合1..,2026-07-26,21:00,NHKスペシャル 激変・安全保障 “力の支配”と揺らぐ国際秩序 日本の針路は🈑
東京,1 NHK総合1..,2026-07-26,22:00,サンデースポーツ🈑
東京,1 NHK総合1..,2026-07-26,22:50,ニュース・気象情報🈑
東京,1 NHK総合1..,2026-07-26,22:55,ハロー！NHKワールドJAPAN 7月の地域特集・山口県関連番組紹介🈑
東京,1 NHK総合1..,2026-07-26,23:00,DOC（ドック）3 あすへのカルテ（8）「暗闇の先へ」🈔🈑
東京,1 NHK総合1..,2026-07-26,23:59,連続テレビ小説「ひよっこ」再放送PR
東京,2 NHKEテレ..,2026-07-26,05:00,こころの時代 わからなさのなかで〜最首悟の思想をたどる〜🈑🈞
東京,2 NHKEテレ..,2026-07-26,06:00,NHK短歌 わたしの宮沢賢治 テーマ「月」🈑
東京,2 NHKEテレ..,2026-07-26,06:25,テレビ体操🈑
東京,2 NHKEテレ..,2026-07-26,06:35,NHK俳句 題「七夕」🈑
東京,2 NHKEテレ..,2026-07-26,07:00,第93回NHK全国学校音楽コンクール みんなの合唱レッスン・高等学校の部🈑
東京,2 NHKEテレ..,2026-07-26,07:10,第93回NHK全国学校音楽コンクール みんなの合唱レッスン・中学校の部🈑
東京,2 NHKEテレ..,2026-07-26,07:20,第93回NHK全国学校音楽コンクール みんなの合唱レッスン・小学校の部🈑
東京,2 NHKEテレ..,2026-07-26,07:30,おとうさんといっしょ「まねまねどんぐー」🈑🈞
東京,2 NHKEテレ..,2026-07-26,08:00,やさいの時間 みんなの菜園物語 兵庫県（後編）🈑
東京,2 NHKEテレ..,2026-07-26,08:25,趣味の園芸 京も一日陽だまり屋「の〜んびり 蘇鉄（そてつ）」🈑
東京,2 NHKEテレ..,2026-07-26,08:30,趣味の園芸 選 ステキをセレクト！タネから育てるコスモス🈑
東京,2 NHKEテレ..,2026-07-26,08:55,no art，no life「洋一」🈑
東京,2 NHKEテレ..,2026-07-26,09:00,日曜美術館 陶芸家ルーシー・リー 繊細でたくましい器🈑
東京,2 NHKEテレ..,2026-07-26,09:45,日曜美術館 アートシーン「まなざしの奇跡 日本女性写真家の冒険」展🈑
東京,2 NHKEテレ..,2026-07-26,10:00,将棋フォーカス 選 フォーカス流・観る将検定 第2回！🈑
東京,2 NHKEテレ..,2026-07-26,10:30,第76回 NHK杯テレビ将棋トーナメント 1回戦第17局 羽生九段×横山七段🈑
東京,2 NHKEテレ..,2026-07-26,12:00,囲碁フォーカス 選 知らずに使っている！？「囲碁用語」🈑
東京,2 NHKEテレ..,2026-07-26,12:30,第74回NHK杯テレビ囲碁トーナメント1回戦第17局酒井佑規七段×加藤千笑四段🈑
東京,2 NHKEテレ..,2026-07-26,14:00,日本の話芸 柳家蝠丸 落語「叩き蟹」🈖🈑
東京,2 NHKEテレ..,2026-07-26,14:30,アニメ 青のオーケストラ シーズン2（1）「ほころび」🈑
東京,2 NHKEテレ..,2026-07-26,14:55,アニメ 青のオーケストラ シーズン2（2）「波紋」🈑
東京,2 NHKEテレ..,2026-07-26,15:20,アニメ 青のオーケストラ シーズン2（3）「ケジメ」🈑
東京,2 NHKEテレ..,2026-07-26,15:45,アニメ 青のオーケストラ シーズン2（4）「体育祭」🈑
東京,2 NHKEテレ..,2026-07-26,16:10,ピタゴラミングスイッチ2🈑🈞
東京,2 NHKEテレ..,2026-07-26,16:30,ざわざわ森のがんこちゃん30周年スペシャルがんこのびっくりおたんじょうび会🈖🈑🈞
東京,2 NHKEテレ..,2026-07-26,17:00,アニメ アオアシ（17）東京都リーグ第7節 多摩体育大学附属高校戦🈑
東京,2 NHKEテレ..,2026-07-26,17:25,レディー・グレース 女王陛下のスパイ（4）「迷える女王」🈔🈑
東京,2 NHKEテレ..,2026-07-26,17:50,こども手話ウイークリー🈐
東京,2 NHKEテレ..,2026-07-26,18:00,木村多江の、いまさらですが… アメリカ建国の立役者 初代財務長官ハミルトン🈖🈑🈞
東京,2 NHKEテレ..,2026-07-26,18:30,ブリティッシュ・ベイクオフ6（17）チョコレート対決・前編🈔🈑🈞
東京,2 NHKEテレ..,2026-07-26,19:00,未病息災を願います 選「骨密度」が気になったら🈖🈑
東京,2 NHKEテレ..,2026-07-26,19:45,365日の献立日記「野菜ずし」🈑
東京,2 NHKEテレ..,2026-07-26,19:50,5分であさイチ 夏休みの“お昼ごはん”に革命を！🈑
東京,2 NHKEテレ..,2026-07-26,19:55,NHK手話ニュース🈐
東京,2 NHKEテレ..,2026-07-26,20:00,日曜美術館 滅びゆく写真 そして人類 現代美術作家・杉本博司🈑🈞
東京,2 NHKEテレ..,2026-07-26,20:45,日曜美術館 アートシーン「元禄！師宣劇場」展🈑
東京,2 NHKEテレ..,2026-07-26,21:00,古典芸能への招待 歌舞伎「近江源氏先陣館 盛綱陣屋」大阪松竹座さよなら公演🈕🈑
東京,2 NHKEテレ..,2026-07-26,23:00,美の壺 選「小さな芸術 干菓子」🈑
東京,2 NHKEテレ..,2026-07-26,23:30,サイエンスZERO“次世代塗料”が未来を塗り替える！？🈖🈑
東京,4 日テレ1,2026-07-26,05:00,最新作『キングダム 魂の決戦』に懸けた出演者たちの熱い想い🈞
東京,4 日テレ1,2026-07-26,05:05,『キングダム 魂の決戦』×米津玄師🈞
東京,4 日テレ1,2026-07-26,05:10,日テレポシュレモーニング
東京,4 日テレ1,2026-07-26,05:40,日テレアップDate！🈖🈑
東京,4 日テレ1,2026-07-26,06:00,皇室日記🈑▽天皇ご一家那須ご静養▽佳子さま「重複障がい者」に寄せる思い
東京,4 日テレ1,2026-07-26,06:15,NNNニュースサンデー🈐
東京,4 日テレ1,2026-07-26,06:30,遠くへ行きたい【高橋成美が信州・長野へ】くるみ蕎麦＆清流が育む薬用魚🈖🈑
東京,4 日テレ1,2026-07-26,07:00,所さんの目がテン！🈑所さんと奥田民生さんが絶品イノシシ肉で燻製作り⁉
東京,4 日テレ1,2026-07-26,07:30,シューイチ🈑🈓8月から変わること＆新スポット▽秋山＆平子が南房総の体格グルメ堪能
東京,4 日テレ1,2026-07-26,10:25,一茂×かまいたちゲンバ▼水族館でアシカとご対面▼驚き新食感「糸かき氷」とは？🈑
東京,4 日テレ1,2026-07-26,11:25,biz search🈑佐藤真知子アナが、JKAの「補助事業」を調査！
東京,4 日テレ1,2026-07-26,11:30,NNN ストレイトニュース🈑
東京,4 日テレ1,2026-07-26,11:45,スクール革命！絵と図！真夏のクイズ祭り▼山田＆めるる「即興絵描き歌」で波乱!?🈑
東京,4 日テレ1,2026-07-26,12:45,メシドラ🈑芸能生活50年の山本耕史とグルメ旅！筋肉・俳優・家族について語りまくる
東京,4 日テレ1,2026-07-26,14:00,timeleszファミリア▼CanCam編集部に潜入＆爆売れ雑誌ハルメクの秘密🈑
東京,4 日テレ1,2026-07-26,15:00,24時間テレビ企画大公開SP🈑総合司会は内村光良！テーマは「わたしの家族の話」
東京,4 日テレ1,2026-07-26,15:55,【アメリカ横断ウルトラクイズ】新MC櫻井翔！地球一周特大スケールで復活SP🈑
東京,4 日テレ1,2026-07-26,16:55,サンデーPUSHスポーツ🈑ここが辛いよ救援投手…巨人SP！WBC戦士が本音を激白
東京,4 日テレ1,2026-07-26,17:25,もう笑点🈖🈑「笑点」が始まる前に「もう」始まるのが「もう笑点」。
東京,4 日テレ1,2026-07-26,17:30,笑点🈖🈑🈓城島茂が座布団運び「ザ！鉄腕！DASH！！」×「笑点」夢のコラボDAY
東京,4 日テレ1,2026-07-26,18:00,真相報道バンキシャ！🈑独自分析…熱中症患者10人の行動に教訓▽花火大会で湿度検証
東京,4 日テレ1,2026-07-26,18:55,博士は今日も嫉妬する 人生が楽しくなる最新テクノロジー🈑
東京,4 日テレ1,2026-07-26,19:00,ザ！鉄腕！DASH！！▽笑点60周年記念夏祭り！師匠全員参加で巨大お好み焼き！🈑
東京,4 日テレ1,2026-07-26,19:58,イッテQ【お祭り男宮川＆二代目手越】フィンランドで丸太乗って川を下る木材選手権🈑
東京,4 日テレ1,2026-07-26,20:54,音のソノリティ🈑
東京,4 日テレ1,2026-07-26,21:00,ゴールデンストーンズ▽番組史上最大‼人気芸人軍団と総勢31名の大混戦バトル🈑
東京,4 日テレ1,2026-07-26,21:54,日テレ＋「火曜日ははじめてのおつかい」🈑
東京,4 日テレ1,2026-07-26,22:00,おしゃれクリップ🈖🈑出川哲朗はなぜ愛される？▼妻や一茂が忖度なしでガチ素顔告白
東京,4 日テレ1,2026-07-26,22:30,ドラマ「一次元の挿し木」第4話【激動の真相が発覚…古人骨と義妹を巡る謎】🈖🈑🈓
東京,4 日テレ1,2026-07-26,23:25,ダウンタウンのガキの使い！10人で男の勲章歌い切り！エース＆小田参戦で大波乱🈑
東京,4 日テレ1,2026-07-26,23:55,Going！🈑生出演！渡邊雄太が明かす日本バスケの進化▼赤星絶賛！怪物高校生
東京,5 テレビ朝日,2026-07-26,05:00,はい！テレビ朝日です🈑
東京,5 テレビ朝日,2026-07-26,05:20,健康家族テレショップ
東京,5 テレビ朝日,2026-07-26,05:50,グッド！モーニング🈓🈑
東京,5 テレビ朝日,2026-07-26,08:00,コウペンちゃん ＃69🈑
東京,5 テレビ朝日,2026-07-26,08:01,よ〜い！スターと！トビダスクール しなことリボンでTシャツデコ！🈓🈑
東京,5 テレビ朝日,2026-07-26,08:30,名探偵プリキュア！ ＃26 キュアエクレールの復活！🈓🈑
東京,5 テレビ朝日,2026-07-26,09:00,仮面ライダーゼッツ 第45話「惑わす」🈓🈑
東京,5 テレビ朝日,2026-07-26,09:30,🈟角醒ハンター オメガホーン 第1話「角醒せよ！赤き角獣王！」🈓🈑
東京,5 テレビ朝日,2026-07-26,10:00,新作映画公開記念「映画クレヨンしんちゃん超華麗！灼熱のカスカベダンサーズ」🈑
東京,5 テレビ朝日,2026-07-26,11:45,つながるピックル🈑
東京,5 テレビ朝日,2026-07-26,11:50,ANNニュース🈑
東京,5 テレビ朝日,2026-07-26,12:00,ビートたけしのTVタックル 昭和は驚きの光景が…令和のゴミ問題＆激安リユース店🈑
東京,5 テレビ朝日,2026-07-26,12:55,新婚さんいらっしゃい！ オーストラリア在住夫婦出場！親戚100人大運動会⁉ 🈖🈑
東京,5 テレビ朝日,2026-07-26,13:25,華丸丼と大吉麺 荻窪で発見！あのドラマの監修をした三ツ星店の斬新沖縄そば🈑
東京,5 テレビ朝日,2026-07-26,13:55,林修の今知りたいでしょ！ 傑作選 帯状疱疹・脳卒中・糖尿病！意外な病気のサイン🈑
東京,5 テレビ朝日,2026-07-26,15:20,路線バスで寄り道の旅 【世界の青木と徳光さんが願いをかなえる珍道中！】🈑
東京,5 テレビ朝日,2026-07-26,16:30,日曜マイチョイス 日本人になじみの町中華と本場の味㊙ガチ中華を食べ比べる満腹旅🈑
東京,5 テレビ朝日,2026-07-26,17:25,部活 on Campus🈑
東京,5 テレビ朝日,2026-07-26,17:30,ANNスーパーJチャンネル🈑
東京,5 テレビ朝日,2026-07-26,18:00,相葉マナブ 初登場！timelesz佐藤勝利と地引き網！相模湾で何が獲れる？🈑
東京,5 テレビ朝日,2026-07-26,18:52,食ノ音色🈑
東京,5 テレビ朝日,2026-07-26,18:56,ポツンと一軒家 2時間SP！84歳チェーンソーアート挑戦！BBQ＆絶景岩風呂🈑
東京,5 テレビ朝日,2026-07-26,20:56,有働Times🈑
東京,5 テレビ朝日,2026-07-26,22:15,マイ・フィクション ＃4 刑務所にいるはずの人間🈖🈑
東京,5 テレビ朝日,2026-07-26,23:09,ペダる！東京🈑
東京,5 テレビ朝日,2026-07-26,23:15,EIGHT－JAM 【中森明菜特集‼松田聖子・小泉今日子との関係、振付秘話…】🈑
東京,6 TBS1,2026-07-26,04:40,ぜひモノ
東京,6 TBS1,2026-07-26,05:40,TBSレビュー🈐
東京,6 TBS1,2026-07-26,06:00,バナナマンの早起きせっかくグルメ★全国から厳選！極上焼肉のタレでお肉を大満喫！🈑
東京,6 TBS1,2026-07-26,06:45,JNNニュース🈐
東京,6 TBS1,2026-07-26,07:00,健康カプセル！ゲンキの時間🈖🈑侮っていると一大事に！？消えないあざに隠れた恐怖
東京,6 TBS1,2026-07-26,07:30,がっちりマンデー‼CMで良く見るけど知らない会社！渡辺パイプ、INPEX、NGK
東京,6 TBS1,2026-07-26,08:00,サンデーモーニング🈑高市総理“寝てない”投稿の波紋▽消費税“迷走”と骨太ショック
東京,6 TBS1,2026-07-26,09:54,サンデー・ジャポン 延長国会閉幕…議員直撃！▽堺雅人が緊急生出演！スタジオ生考察
東京,6 TBS1,2026-07-26,11:35,上田晋也のサンデーQ🈑堺雅人が生出演「VIVANT」エキストラは4千人！聖地先取り巡礼
東京,6 TBS1,2026-07-26,12:54,ゆたかな食の未来をさがして【長野「姨捨の棚田」初夏の田植え】🈖🈑
東京,6 TBS1,2026-07-26,12:57,デジタル一番星＋🈖🈑
東京,6 TBS1,2026-07-26,13:00,週刊さんまとマツコ🈖🈑 婚活界の女帝・植草美幸が翔工務店のダメ社員軍団を徹底指導
東京,6 TBS1,2026-07-26,13:27,四季折々の贈り物 〜ミルクセーキ〜🈖🈑
東京,6 TBS1,2026-07-26,13:30,日本くらべてみたら★有名タレントを地方局にレンタルしてみたら？🈑
東京,6 TBS1,2026-07-26,14:30,THE神業チャレンジ★28日よる7時！タイムレス篠塚VSクレーン＆桃田VS強豪校🈑
東京,6 TBS1,2026-07-26,15:30,今夜予定どうですか？🈑
東京,6 TBS1,2026-07-26,16:27,With☆ベイ サンデー🈑
東京,6 TBS1,2026-07-26,16:30,レッツゴー怪奇組 第四怪🈑
東京,6 TBS1,2026-07-26,17:00,日5「正反対な君と僕」 ＃16「新学期」🈑🈓
東京,6 TBS1,2026-07-26,17:30,Nスタ🈑 「飛鳥・藤原の宮都」が世界遺産新登録なるか▽「土用の丑の日」うなぎ店は
東京,6 TBS1,2026-07-26,18:00,世界遺産／バリ島 1000年続く棚田の絶景（インドネシア）🈖🈑
東京,6 TBS1,2026-07-26,18:30,ベスコングルメ★夏の軽井沢SP・そば通DEEN池森オススメの手打ちそば名店へ🈖🈑🈓
東京,6 TBS1,2026-07-26,19:00,バナナマンのせっかくグルメ★VIVANT堺雅人＆濱田岳と日村が人気リゾート地🈑🈓
東京,6 TBS1,2026-07-26,20:00,VIVANT直前生放送★堺×阿部×二宮×松坂が集結！今からでも間に合うSPダイジェスト🈑
東京,6 TBS1,2026-07-26,21:00,🈟日曜劇場「VIVANT」第11話🈖🈑
東京,6 TBS1,2026-07-26,22:19,むしめがね 〜真の価値をのぞく〜🈖🈑
東京,6 TBS1,2026-07-26,22:25,日曜日の初耳学◆堺雅人×林修『VIVANT』放送直後90分SP阿部寛＆初出しメイキング映像
東京,6 TBS1,2026-07-26,23:49,東京空色さんぽ🈖🈑
東京,6 TBS1,2026-07-26,23:55,黒猫と魔女の教室🈑🈓 ＃16「イオ・トーラス がんばります」【アガルアニメ】
東京,7 テレ東,2026-07-26,03:55,ものスタ サンデー
東京,7 テレ東,2026-07-26,05:20,ウオッチ！7🈑🈐
東京,7 テレ東,2026-07-26,05:30,洋子の演歌一直線
東京,7 テレ東,2026-07-26,06:00,韓流朝ドラ6 夏の香り ＃8 疑惑の発覚（後編）🈓🈔
東京,7 テレ東,2026-07-26,06:30,サンデーテレショップ
東京,7 テレ東,2026-07-26,07:00,アニもり！🈑
東京,7 テレ東,2026-07-26,07:30,ポケモンとどこいく！？【チャンピオンズ対決に派手刺客でバトル部ピンチ！】🈑🈓
東京,7 テレ東,2026-07-26,08:30,トミプラワールドのりのりタイムズ！！🈑
東京,7 テレ東,2026-07-26,09:00,ギャビーのドールハウス 118話 新しい家族のベニー・ボックス（前編）🈑🈔
東京,7 テレ東,2026-07-26,09:15,ぷにるんず ぷに3 第17話『くーるんとカチコチあいるん♪』🈞🈑
東京,7 テレ東,2026-07-26,09:30,おねがいアイプリ あおいとおねがいかなえ隊🈑
東京,7 テレ東,2026-07-26,10:00,武井壮のゴルフバッグ担いでください▽永久保存版！宮里優作プロのゴルフレッスン🈑
東京,7 テレ東,2026-07-26,10:30,優香のサンデークッキング【レンジde簡単ナスキーマ&グリルde焼きナス】🈑
東京,7 テレ東,2026-07-26,11:00,ぺこもぐキッチン【真夏のアジフライSP】石原良純の大好物を三枚おろしから調理！🈑
東京,7 テレ東,2026-07-26,11:30,種から植えるTV【児嶋＆Girls2がDIYビニールハウス大修復＆爽やか梅パスタ】🈑
東京,7 テレ東,2026-07-26,12:00,家、ついて行ってイイですか？予習復習スペシャル 最新作は今夜8時50分から！🈑
東京,7 テレ東,2026-07-26,12:54,開運！なんでも鑑定団【1万円で購入！日本洋画界を代表する巨匠の画に衝撃値】🈞🈑🈖
東京,7 テレ東,2026-07-26,13:58,大東建託・いい部屋ネットレディス🈑
東京,7 テレ東,2026-07-26,15:15,日曜ミステリー『作家・如月祥子の事件ルポ』主演：賀来千香子🈞🈑🈕🈖
東京,7 テレ東,2026-07-26,17:15,全力イノベーターズ〜SDGsに挑むZ世代〜子どもを運動好きに🈑
東京,7 テレ東,2026-07-26,17:20,TXNニュース🈑🈐
東京,7 テレ東,2026-07-26,17:30,鉄鍋のジャン！「毒を御す者」🈑
東京,7 テレ東,2026-07-26,18:00,パズドラ「吹き矢コンボバトル／もう一度見たい！アニメセレクション」🈑🈓
東京,7 テレ東,2026-07-26,18:30,日本の海を守る！海上保安庁の激ヤバすぎる最前線100連発SP🈑🈓
東京,7 テレ東,2026-07-26,20:50,家、ついて行ってイイですか？菊池風磨愛止まらない女子＆妻夫木涙…亡き妻への想い🈑
東京,7 テレ東,2026-07-26,21:54,乾杯、ご一緒してもイイですか？飲食店で一杯おごる代わりに乾杯の理由を聞く番組🈑
東京,7 テレ東,2026-07-26,22:00,有吉ぃぃeeeee!【アモアス】クセ者10人でダマし合い！裏切り者は誰だ？🈑
東京,7 テレ東,2026-07-26,22:48,高校生ぃぃeeeee!〜STAGE:0への道〜🈑
東京,7 テレ東,2026-07-26,22:54,スポーツリアライブ
東京,7 テレ東,2026-07-26,23:20,Weekly女子ゴルフ
東京,7 テレ東,2026-07-26,23:45,ふつつかな悪女ではございますが〜雛宮蝶鼠とりかえ伝〜 第3話🈑
東京,8 フジテレビ,2026-07-26,04:45,ゴルフトリプルマッチ〜世代と性別を超えたガチンコバトル！〜 男子女子シニアが激突
東京,8 フジテレビ,2026-07-26,05:40,スワローズ キッズアカデミー🈑
東京,8 フジテレビ,2026-07-26,05:45,皇室ご一家🈑
東京,8 フジテレビ,2026-07-26,06:00,FNNニュース🈑
東京,8 フジテレビ,2026-07-26,06:15,ぱちぱちるんるん★新企画「ムックのうんちくポンッ！」みんなでスッキリしよう！他🈑
東京,8 フジテレビ,2026-07-26,07:00,SUNDAYブレイク． 千葉県勝浦でオズワルド伊藤が絶叫アクティビティ体験🈑🈕🈓
東京,8 フジテレビ,2026-07-26,08:55,千葉の贈り物〜まごころ配達人〜🈑🈖
東京,8 フジテレビ,2026-07-26,09:00,DIGIMON BEATBREAK【消せない夜】 ＃40🈑🈖
東京,8 フジテレビ,2026-07-26,09:30,テレビアニメ「鬼滅の刃」シリーズ全編再放送【竈門炭治郎 立志編】🈑🈖🈓
東京,8 フジテレビ,2026-07-26,10:00,かのサンド◆学生街で絶品グルメSP！早稲田コスパ抜群グルメ＆学芸大学の名店中華🈑
東京,8 フジテレビ,2026-07-26,11:15,ミラモンGOLD🈑
東京,8 フジテレビ,2026-07-26,11:45,いいものディノス🈑
東京,8 フジテレビ,2026-07-26,11:50,FNN Live News days🈑
東京,8 フジテレビ,2026-07-26,12:00,なりゆき街道旅【夏涼しい奥久慈で袋田の滝に感動！名産そば＆奥久慈しゃも親子丼】🈑
東京,8 フジテレビ,2026-07-26,14:00,ザ・ノンフィクション 就職先はさる軍団3怒られない時代に芸を磨くということ後編🈑
東京,8 フジテレビ,2026-07-26,14:55,ビジネスSwitch 〜時代を照らす企業の戦略〜🈑
東京,8 フジテレビ,2026-07-26,15:00,みんなのKEIBA 関屋記念・GⅢ＆東海S・GⅢ 夏の新潟開幕！ ゲスト中山優馬
東京,8 フジテレビ,2026-07-26,16:00,個人麺談★谷原章介ラーメン愛爆発トラジャ中村＆松倉の味覚に合う究極の一杯を紹介🈑
東京,8 フジテレビ,2026-07-26,17:00,フォーミュラE世界選手権2026東京・第14戦ハイライト🈑
東京,8 フジテレビ,2026-07-26,17:25,Live News イット！🈑
東京,8 フジテレビ,2026-07-26,18:00,ちびまる子ちゃん【隣町の男子とプールで勝負する／たまちゃんちで日曜大工を】🈑🈖
東京,8 フジテレビ,2026-07-26,18:30,サザエさん【憧れの松／うっかりでしっかり ほか】🈑🈖🈓
東京,8 フジテレビ,2026-07-26,19:00,千鳥の鬼レンチャン◆鬼ハード初代女王誕生？STU池ちゃん＆高橋成美サビカラ登場🈑
東京,8 フジテレビ,2026-07-26,21:00,Mr．サンデー🈑🈓
東京,8 フジテレビ,2026-07-26,23:09,ブラックトリック みどころ【新月9ドラマの1話振り返り＆2話先見せ！】🈑
東京,8 フジテレビ,2026-07-26,23:15,ワンピース【エルバフの大罪人 冥界のロキ解放！？】🈑🈖
東京,8 フジテレビ,2026-07-26,23:45,すぽると！ 大谷翔平のストレートは軌道が読めない⁉スター証言＆脳科学から紐解く🈑
東京,9 TOKYO　..,2026-07-26,05:00,MXショッピング
東京,9 TOKYO　..,2026-07-26,05:30,お買い物情報
東京,9 TOKYO　..,2026-07-26,06:00,MXショッピング
東京,9 TOKYO　..,2026-07-26,06:30,MXショッピング
東京,9 TOKYO　..,2026-07-26,07:00,宝塚カフェブレイク ★宙組公演スタートでトップスター会見▼黒蜥蜴の魅力とは？
東京,9 TOKYO　..,2026-07-26,07:30,MXショッピング
東京,9 TOKYO　..,2026-07-26,08:00,いびってこない義母と義姉 ＃3「名家の娘たち」
東京,9 TOKYO　..,2026-07-26,08:26,PUI PUI モルカー ＃3「ネコ救出大作戦」
東京,9 TOKYO　..,2026-07-26,08:30,お買い物情報
東京,9 TOKYO　..,2026-07-26,09:00,お買い物情報
東京,9 TOKYO　..,2026-07-26,09:30,MXショッピング
東京,9 TOKYO　..,2026-07-26,09:59,第108回全国高校野球選手権 西東京大会▽決勝〜閉会式
東京,9 TOKYO　..,2026-07-26,14:00,MXショッピング
東京,9 TOKYO　..,2026-07-26,14:30,水曜どうでしょうプレミア ★試験に出るどうでしょう 日本史⑥🈑
東京,9 TOKYO　..,2026-07-26,15:00,MXショッピング
東京,9 TOKYO　..,2026-07-26,15:59,番組ガイド
東京,9 TOKYO　..,2026-07-26,16:00,スケバン刑事Ⅱ 少女鉄仮面伝説 ★第11話「ベールをぬいだ影の総統」
東京,9 TOKYO　..,2026-07-26,16:30,MXショッピング
東京,9 TOKYO　..,2026-07-26,17:00,探偵！ナイトスクープ🈖
東京,9 TOKYO　..,2026-07-26,17:55,TOKYO MX NEWS
東京,9 TOKYO　..,2026-07-26,18:00,東京ホンマもん教室 ★骨太ショックは“ホンマ”か？▼ゲストは門田隆将さん
東京,9 TOKYO　..,2026-07-26,19:00,MXショッピング
東京,9 TOKYO　..,2026-07-26,19:30,日本のチカラ🈞🈑
東京,9 TOKYO　..,2026-07-26,20:00,トウキョウもっともっと！元気計画研究所 ★もっと交通ルールを守れる東京に！
東京,9 TOKYO　..,2026-07-26,21:00,ぐらぶるTVちゃんねるっ！ ★小野友樹と加藤英美里がグラブルの魅力をお届けっ！
東京,9 TOKYO　..,2026-07-26,21:30,青春ブタ野郎はサンタクロースの夢を見ない ＃4「正義の味方」🈞
東京,9 TOKYO　..,2026-07-26,22:00,世界最強の後衛 〜迷宮国の新人探索者〜 ＃4「危急存亡の混浴」
東京,9 TOKYO　..,2026-07-26,22:30,君のことが大大大大大好きな100人の彼女 第3期 ＃28
東京,9 TOKYO　..,2026-07-26,23:00,二十世紀電氣目録-ユーレカ・エヴリカ- ＃4「信心の娘」
東京,9 TOKYO　..,2026-07-26,23:30,刃牙道 ＃4「少年(ボン)」
東京,9 TOKYO　..,2026-07-26,05:00,ヒーリングタイム＆ヘッドラインニュース
東京,9 TOKYO　..,2026-07-26,06:00,ヒーリングタイム＆ヘッドラインニュース
東京,9 TOKYO　..,2026-07-26,06:38,ごりやくさん🈞🈑
東京,9 TOKYO　..,2026-07-26,07:00,MXショッピング
東京,9 TOKYO　..,2026-07-26,07:30,ヒーリングタイム＆ヘッドラインニュース
東京,9 TOKYO　..,2026-07-26,08:00,フラッシュ天気
東京,9 TOKYO　..,2026-07-26,08:05,日本ふるさと百景🈑
東京,9 TOKYO　..,2026-07-26,08:30,ドルアーガの塔〜the Sword of URUK〜 ＃4「幻影の中へ」🈞
東京,9 TOKYO　..,2026-07-26,09:00,ヒーリングタイム＆ヘッドラインニュース
東京,9 TOKYO　..,2026-07-26,09:30,童謡コーラス♪名曲大合唱＆みんなの音楽会テレビ
東京,9 TOKYO　..,2026-07-26,09:45,ヒーリングタイム＆ヘッドラインニュース
東京,9 TOKYO　..,2026-07-26,10:00,Car Xs with NAPAC
東京,9 TOKYO　..,2026-07-26,10:30,MXショッピング
東京,9 TOKYO　..,2026-07-26,11:00,日本ふるさと百景🈑
東京,9 TOKYO　..,2026-07-26,11:25,フラッシュ天気
東京,9 TOKYO　..,2026-07-26,11:30,MXショッピング
東京,9 TOKYO　..,2026-07-26,12:00,あんぎゃでござる！！
東京,9 TOKYO　..,2026-07-26,12:30,MXショッピング
東京,9 TOKYO　..,2026-07-26,13:00,ヒーリングタイム＆ヘッドラインニュース
東京,9 TOKYO　..,2026-07-26,13:25,ごりやくさん🈑
東京,9 TOKYO　..,2026-07-26,13:50,ヒーリングタイム＆ヘッドラインニュース
東京,9 TOKYO　..,2026-07-26,13:55,TOKYO MX NEWS
東京,9 TOKYO　..,2026-07-26,14:00,第108回全国高校野球選手権 西東京大会▽決勝〜閉会式
東京,9 TOKYO　..,2026-07-26,14:30,MXショッピング
東京,9 TOKYO　..,2026-07-26,15:00,ヒーリングタイム＆ヘッドラインニュース
東京,9 TOKYO　..,2026-07-26,15:38,ごりやくさん🈞🈑
東京,9 TOKYO　..,2026-07-26,16:00,MXショッピング
東京,9 TOKYO　..,2026-07-26,16:30,ヒーリングタイム＆ヘッドラインニュース
東京,9 TOKYO　..,2026-07-26,16:38,日本ふるさと百景🈑
東京,9 TOKYO　..,2026-07-26,17:00,MXショッピング
東京,9 TOKYO　..,2026-07-26,17:30,ヒーリングタイム＆ヘッドラインニュース
東京,9 TOKYO　..,2026-07-26,17:38,ごりやくさん🈞🈑
東京,9 TOKYO　..,2026-07-26,18:00,MXショッピング
東京,9 TOKYO　..,2026-07-26,18:30,ヒーリングタイム＆ヘッドラインニュース
東京,9 TOKYO　..,2026-07-26,18:38,ごりやくさん🈞🈑
東京,9 TOKYO　..,2026-07-26,19:00,ヒーリングタイム＆ヘッドラインニュース
東京,9 TOKYO　..,2026-07-26,20:00,MXショッピング
東京,9 TOKYO　..,2026-07-26,20:30,ヒーリングタイム＆ヘッドラインニュース
東京,9 TOKYO　..,2026-07-26,20:38,ごりやくさん🈑
東京,9 TOKYO　..,2026-07-26,21:00,MXショッピング
東京,9 TOKYO　..,2026-07-26,21:30,MXショッピング
東京,9 TOKYO　..,2026-07-26,22:00,ヒーリングタイム＆ヘッドラインニュース
東京,9 TOKYO　..,2026-07-26,23:00,ヒーリングタイム＆ヘッドラインニュース
東京,3 tvk1,2026-07-26,04:50,朝の周波数カード
東京,3 tvk1,2026-07-26,05:20,ドロンコロン
東京,3 tvk1,2026-07-26,05:25,tvkお買物情報
東京,3 tvk1,2026-07-26,05:54,weather report
東京,3 tvk1,2026-07-26,05:55,tvkお買物情報
東京,3 tvk1,2026-07-26,06:24,weather report
東京,3 tvk1,2026-07-26,06:25,tvkお買物情報
東京,3 tvk1,2026-07-26,06:55,weather report
東京,3 tvk1,2026-07-26,07:00,ルアルアチャンネル▽広瀬達樹さんと岩手宮古湾でボートロックフィッシュ
東京,3 tvk1,2026-07-26,07:30,田村亮の釣りならまかせろ！
東京,3 tvk1,2026-07-26,08:00,tvkお買物情報
東京,3 tvk1,2026-07-26,08:30,ライフ・ライン▽人生最高の出会い〜私が見つけた生きる意味〜
東京,3 tvk1,2026-07-26,09:00,かながわ旬菜ナビ▽旬のフルーツを満喫！ 〜かわさき〜
東京,3 tvk1,2026-07-26,09:30,tvkお買物情報
東京,3 tvk1,2026-07-26,10:00,竹村真琴と望月理恵の『ビューティーゴルフ3〜南澤からの挑戦状〜』 第4回
東京,3 tvk1,2026-07-26,10:15,tvkお買物情報
東京,3 tvk1,2026-07-26,10:30,tvkお買物情報
東京,3 tvk1,2026-07-26,11:00,岡崎体育の京の観察日記▽下鴨界隈後編
東京,3 tvk1,2026-07-26,11:30,tvkお買物情報
東京,3 tvk1,2026-07-26,11:59,weather report
東京,3 tvk1,2026-07-26,12:00,音楽缶
東京,3 tvk1,2026-07-26,12:25,PPV
東京,3 tvk1,2026-07-26,12:30,ごりやくさん▽吉備津神社🈑🈞
東京,3 tvk1,2026-07-26,12:55,tvkお買物情報
東京,3 tvk1,2026-07-26,13:25,weather report
東京,3 tvk1,2026-07-26,13:30,限界テレビRemix
東京,3 tvk1,2026-07-26,13:45,第108回全国高等学校野球選手権神奈川大会「決勝・閉会式」
東京,3 tvk1,2026-07-26,17:55,tvkニュース
東京,3 tvk1,2026-07-26,18:00,カナフルTV▽知って安心！かながわ夏の涼スポット🈐🈓
東京,3 tvk1,2026-07-26,18:30,ハートビート・ボイス 津久井やまゆり園事件から10年、心の声を聴く
東京,3 tvk1,2026-07-26,19:00,tvkお買物情報
東京,3 tvk1,2026-07-26,19:30,ごりやくさん▽橿原神宮🈑🈞
東京,3 tvk1,2026-07-26,19:55,weather report
東京,3 tvk1,2026-07-26,20:00,tvkお買物情報
東京,3 tvk1,2026-07-26,20:30,音楽缶
東京,3 tvk1,2026-07-26,20:55,tvkニュース
東京,3 tvk1,2026-07-26,21:00,ミスター味っ子 第70話「島巡り磯鍋競争！瀬戸内少年料理団の挑戦」
東京,3 tvk1,2026-07-26,21:30,ルパン三世 PART2 第23話「第4次元の魔女」
東京,3 tvk1,2026-07-26,22:00,クルマでいこう！▽メーカー深掘り 〜理想を現実に スバル〜
東京,3 tvk1,2026-07-26,22:30,原田伸郎のめざせパーゴルフⅢ▽ドッキーチーム！バーディーが止まらない？
東京,3 tvk1,2026-07-26,23:00,ゴルフ★パラダイス-THE GAME CHANGER-
東京,3 tvk1,2026-07-26,23:30,洋楽天国＋▽マイケル・ジャクソン特集
東京,3 チバテレ1,2026-07-26,04:55,生活情報
東京,3 チバテレ1,2026-07-26,05:25,ちば美彩 extra Animals
東京,3 チバテレ1,2026-07-26,05:30,生活情報
東京,3 チバテレ1,2026-07-26,06:00,田村亮の釣りならまかせろ！
東京,3 チバテレ1,2026-07-26,06:30,ショップジャパン
東京,3 チバテレ1,2026-07-26,07:00,竹島宏の歌MAX
東京,3 チバテレ1,2026-07-26,07:30,知里と修右のミュージックエッセンス🈞
東京,3 チバテレ1,2026-07-26,08:00,生活情報
東京,3 チバテレ1,2026-07-26,08:30,ちば文化資産🈑▽館山城・館山公園／猪鼻城址／佐倉チューリップフェスタ
東京,3 チバテレ1,2026-07-26,08:45,ほっと！ヒット！歌謡曲
東京,3 チバテレ1,2026-07-26,09:00,ショップジャパン
東京,3 チバテレ1,2026-07-26,09:30,夏の高校野球千葉大会▽決勝
東京,3 チバテレ1,2026-07-26,14:00,生活情報
東京,3 チバテレ1,2026-07-26,14:30,ONGAX
東京,3 チバテレ1,2026-07-26,15:00,ちば歴史散歩 千葉の偉人「大原幽学」
東京,3 チバテレ1,2026-07-26,15:05,日本ふるさと百景▽群馬編3🈑
東京,3 チバテレ1,2026-07-26,15:30,ショップジャパン
東京,3 チバテレ1,2026-07-26,16:00,佐世保発ショッピング 期間限定商品がお得
東京,3 チバテレ1,2026-07-26,16:55,天気予報
東京,3 チバテレ1,2026-07-26,17:00,お昼の快傑！TV
東京,3 チバテレ1,2026-07-26,17:30,生活情報
東京,3 チバテレ1,2026-07-26,18:00,newsチバ
東京,3 チバテレ1,2026-07-26,18:05,浅草お茶の間寄席
東京,3 チバテレ1,2026-07-26,18:35,ごりやくさん▽吉備津神社🈞🈑
東京,3 チバテレ1,2026-07-26,19:00,Rising Reysol！▽2026/27シーズン新戦力を分析！
東京,3 チバテレ1,2026-07-26,19:30,WIN BY ALL！
東京,3 チバテレ1,2026-07-26,19:45,チュバチュバワンダーランド つくってみチャオ！「ヘアアレンジボード」🈞🈑
東京,3 チバテレ1,2026-07-26,20:00,成田祇園祭
東京,3 チバテレ1,2026-07-26,20:30,ちば見聞録 「成田空港と牧士の里」（成田・富里）🈑
東京,3 チバテレ1,2026-07-26,20:55,生活情報
東京,3 チバテレ1,2026-07-26,21:25,天気予報
東京,3 チバテレ1,2026-07-26,21:30,牧野裕のEnjoy Golf
東京,3 チバテレ1,2026-07-26,22:00,高校野球ダイジェスト
東京,3 チバテレ1,2026-07-26,23:00,生活情報
東京,3 チバテレ1,2026-07-26,23:30,週刊バイクTV🈞▽JAIA輸入車試乗会に初参加！②
東京,3 テレ玉1,2026-07-26,05:00,ミュージックパーク「歌仲間全員集合」🅂
東京,3 テレ玉1,2026-07-26,05:30,お買い物生活情報・とれたて！美味いもの市 テレビショッピング
東京,3 テレ玉1,2026-07-26,06:00,塩谷育代のベストショット🅂🈞
東京,3 テレ玉1,2026-07-26,06:30,TVショッピング・エムズサイエンステレビショッピング🅂
東京,3 テレ玉1,2026-07-26,07:00,ゴルフ★パラダイス THE GAME CHANGER🅂🅊
東京,3 テレ玉1,2026-07-26,07:30,TVショッピング・ショップジャパン🅂
東京,3 テレ玉1,2026-07-26,08:00,テレ玉認定！たまぐるめ 15分版🅂
東京,3 テレ玉1,2026-07-26,08:15,カラ1🅂
東京,3 テレ玉1,2026-07-26,08:20,彩の国百科🈑🅂
東京,3 テレ玉1,2026-07-26,08:30,TVショッピング・新甲賀漢方テレビショッピング🅂
東京,3 テレ玉1,2026-07-26,09:00,小桜舞子と三里ゆうじの歌日和🅂
東京,3 テレ玉1,2026-07-26,09:15,童謡コーラス♪名曲大合唱＆みんなの音楽会テレビ
東京,3 テレ玉1,2026-07-26,09:30,テレ玉認定！たまぐるめ 15分版🅂
東京,3 テレ玉1,2026-07-26,09:45,第108回全国高校野球選手権埼玉大会🅂
東京,3 テレ玉1,2026-07-26,16:00,佐世保発！生放送テレビショッピング🅂
東京,3 テレ玉1,2026-07-26,16:55,テレ玉くんのうた🅂
東京,3 テレ玉1,2026-07-26,17:00,彩の国百科🅂
東京,3 テレ玉1,2026-07-26,17:05,リリックのうたっておぼえよう！🅂
東京,3 テレ玉1,2026-07-26,17:15,ショッピング・野草酵素テレビショッピング🅂
東京,3 テレ玉1,2026-07-26,17:45,ウィークエンドニュース サンデー🅂
東京,3 テレ玉1,2026-07-26,17:55,テレ玉認定！たまぐるめ🅂
東京,3 テレ玉1,2026-07-26,18:00,買物情報・富山常備薬 テレビショッピング🅂
東京,3 テレ玉1,2026-07-26,18:30,仮面ライダー＃74
東京,3 テレ玉1,2026-07-26,19:00,埼玉ビジネスウオッチ🅂🈞
東京,3 テレ玉1,2026-07-26,19:30,大学発掘バラエティ キャンパスライフTV〜尚美学園大学編〜＃1🅂
東京,3 テレ玉1,2026-07-26,20:00,祭りの形〜三重に受け継がれる華〜🅂
東京,3 テレ玉1,2026-07-26,20:55,テレ玉くんのうた🅂
東京,3 テレ玉1,2026-07-26,21:00,高校野球ダイジェスト2026🅂
東京,3 テレ玉1,2026-07-26,21:30,サンデーナイトショッピング・ダイレクトテレショップ🅂
東京,3 テレ玉1,2026-07-26,22:00,鈴木福 ゴルフはじめました🅂
東京,3 テレ玉1,2026-07-26,22:30,BACHプラザ🅂
東京,3 テレ玉1,2026-07-26,23:00,シブサワ解体深書🈑🅂🈞
東京,3 テレ玉1,2026-07-26,23:30,牧野裕のEnjoyGolf🅂🅊
神奈川,1 NHK総合1..,2026-07-26,05:00,ニュース・気象情報
神奈川,1 NHK総合1..,2026-07-26,05:10,Jリーグと私 あの試合を忘れない ＃17 横浜FM🈑
神奈川,1 NHK総合1..,2026-07-26,05:15,週末のNスペは… 激変・安全保障 日本の進路は🈑
神奈川,1 NHK総合1..,2026-07-26,05:20,桂文珍の演芸図鑑 レ・ロマネスクTOBI 柳亭小燕枝 三拍子🈑
神奈川,1 NHK総合1..,2026-07-26,05:50,気象情報
神奈川,1 NHK総合1..,2026-07-26,06:00,ニュース
神奈川,1 NHK総合1..,2026-07-26,06:10,【特選！時代劇】大岡越前8 🈟（1）「燃える牢屋敷」🈖🈑
神奈川,1 NHK総合1..,2026-07-26,06:53,気象情報
神奈川,1 NHK総合1..,2026-07-26,06:55,ニュース・気象情報（関東甲信越）🈑
神奈川,1 NHK総合1..,2026-07-26,07:00,NHKニュース おはよう日本 7月26日（日）🈑
神奈川,1 NHK総合1..,2026-07-26,07:40,NHKニュース おはよう首都圏（関東甲信越）🈑
神奈川,1 NHK総合1..,2026-07-26,07:45,さわやか自然百景 青森 屏風山湿原池沼群🈑
神奈川,1 NHK総合1..,2026-07-26,08:00,小さな旅「大原を継ぐ 〜京都市 左京区〜」🈖🈑
神奈川,1 NHK総合1..,2026-07-26,08:25,Dearにっぽん「私たちが新聞を書く理由〜滋賀・虎姫高校〜」🈑
神奈川,1 NHK総合1..,2026-07-26,08:50,あさイチの鈴木奈穂子アナが「NHK ONE」を解説🈑
神奈川,1 NHK総合1..,2026-07-26,08:57,気象情報
神奈川,1 NHK総合1..,2026-07-26,09:00,日曜討論 徹底解説！暑さはどこまで？対策は
神奈川,1 NHK総合1..,2026-07-26,10:00,ニュース・気象情報🈑
神奈川,1 NHK総合1..,2026-07-26,10:05,第108回全国高校野球選手権埼玉大会 決勝「浦和学院」対「花咲徳栄」🈑
神奈川,1 NHK総合1..,2026-07-26,11:53,サブチャンネル切り替え方法のご案内
神奈川,1 NHK総合1..,2026-07-26,11:54,気象情報
神奈川,1 NHK総合1..,2026-07-26,12:00,ニュース🈑
神奈川,1 NHK総合1..,2026-07-26,12:10,ニュース（関東甲信越）🈑
神奈川,1 NHK総合1..,2026-07-26,12:15,第108回全国高校野球選手権埼玉大会 決勝「浦和学院」対「花咲徳栄」🈑
神奈川,1 NHK総合1..,2026-07-26,13:00,ニュース・気象情報🈑
神奈川,1 NHK総合1..,2026-07-26,13:05,ダーウィンが来た！「相葉さんと探せ！ミクロいきもの超ワールド」🈖🈑🈞
神奈川,1 NHK総合1..,2026-07-26,13:35,さわやか自然百景10min．（37）兵庫 猫崎の海と黒川渓谷🈑
神奈川,1 NHK総合1..,2026-07-26,13:45,JAPAN DELISH 5min カレーライス🈑
神奈川,1 NHK総合1..,2026-07-26,13:50,アニメまとめPR 放送中！注目の3番組ほか🈑
神奈川,1 NHK総合1..,2026-07-26,13:55,第108回全国高校野球選手権神奈川大会 決勝「横浜」対「桐光学園」🈑
神奈川,1 NHK総合1..,2026-07-26,14:59,サブチャンネル切り替え方法のご案内
神奈川,1 NHK総合1..,2026-07-26,15:00,ニュース・気象情報🈑
神奈川,1 NHK総合1..,2026-07-26,15:05,大相撲（2026年） 名古屋場所 千秋楽🈑
神奈川,1 NHK総合1..,2026-07-26,15:30,大相撲（2026年） 名古屋場所 千秋楽 優勝力士・三賞力士インタビュー🈔🈑
神奈川,1 NHK総合1..,2026-07-26,18:00,ニュース🈑
神奈川,1 NHK総合1..,2026-07-26,18:05,有吉のお金発見 突撃！カネオくん 令和に再ブーム！RCカーのヒミツ🈑
神奈川,1 NHK総合1..,2026-07-26,18:45,ニュース645（関東・山梨）🈑
神奈川,1 NHK総合1..,2026-07-26,19:00,NHKニュース7🈔🈑
神奈川,1 NHK総合1..,2026-07-26,19:30,ダーウィンが来た！「最大の味方！最強のライバル！？動物兄弟」🈖🈑
神奈川,1 NHK総合1..,2026-07-26,20:00,豊臣兄弟！（29）天下への道🈖🈑
神奈川,1 NHK総合1..,2026-07-26,20:45,ニュース🈑🈐
神奈川,1 NHK総合1..,2026-07-26,20:55,ニュース・気象情報（関東甲信越）🈑🈐
神奈川,1 NHK総合1..,2026-07-26,21:00,NHKスペシャル 激変・安全保障 “力の支配”と揺らぐ国際秩序 日本の針路は🈑
神奈川,1 NHK総合1..,2026-07-26,22:00,サンデースポーツ🈑
神奈川,1 NHK総合1..,2026-07-26,22:50,ニュース・気象情報🈑
神奈川,1 NHK総合1..,2026-07-26,22:55,ハロー！NHKワールドJAPAN 7月の地域特集・山口県関連番組紹介🈑
神奈川,1 NHK総合1..,2026-07-26,23:00,DOC（ドック）3 あすへのカルテ（8）「暗闇の先へ」🈔🈑
神奈川,1 NHK総合1..,2026-07-26,23:59,連続テレビ小説「ひよっこ」再放送PR
神奈川,2 NHKEテレ..,2026-07-26,05:00,こころの時代 わからなさのなかで〜最首悟の思想をたどる〜🈑🈞
神奈川,2 NHKEテレ..,2026-07-26,06:00,NHK短歌 わたしの宮沢賢治 テーマ「月」🈑
神奈川,2 NHKEテレ..,2026-07-26,06:25,テレビ体操🈑
神奈川,2 NHKEテレ..,2026-07-26,06:35,NHK俳句 題「七夕」🈑
神奈川,2 NHKEテレ..,2026-07-26,07:00,第93回NHK全国学校音楽コンクール みんなの合唱レッスン・高等学校の部🈑
神奈川,2 NHKEテレ..,2026-07-26,07:10,第93回NHK全国学校音楽コンクール みんなの合唱レッスン・中学校の部🈑
神奈川,2 NHKEテレ..,2026-07-26,07:20,第93回NHK全国学校音楽コンクール みんなの合唱レッスン・小学校の部🈑
神奈川,2 NHKEテレ..,2026-07-26,07:30,おとうさんといっしょ「まねまねどんぐー」🈑🈞
神奈川,2 NHKEテレ..,2026-07-26,08:00,やさいの時間 みんなの菜園物語 兵庫県（後編）🈑
神奈川,2 NHKEテレ..,2026-07-26,08:25,趣味の園芸 京も一日陽だまり屋「の〜んびり 蘇鉄（そてつ）」🈑
神奈川,2 NHKEテレ..,2026-07-26,08:30,趣味の園芸 選 ステキをセレクト！タネから育てるコスモス🈑
神奈川,2 NHKEテレ..,2026-07-26,08:55,no art，no life「洋一」🈑
神奈川,2 NHKEテレ..,2026-07-26,09:00,日曜美術館 陶芸家ルーシー・リー 繊細でたくましい器🈑
神奈川,2 NHKEテレ..,2026-07-26,09:45,日曜美術館 アートシーン「まなざしの奇跡 日本女性写真家の冒険」展🈑
神奈川,2 NHKEテレ..,2026-07-26,10:00,将棋フォーカス 選 フォーカス流・観る将検定 第2回！🈑
神奈川,2 NHKEテレ..,2026-07-26,10:30,第76回 NHK杯テレビ将棋トーナメント 1回戦第17局 羽生九段×横山七段🈑
神奈川,2 NHKEテレ..,2026-07-26,12:00,囲碁フォーカス 選 知らずに使っている！？「囲碁用語」🈑
神奈川,2 NHKEテレ..,2026-07-26,12:30,第74回NHK杯テレビ囲碁トーナメント1回戦第17局酒井佑規七段×加藤千笑四段🈑
神奈川,2 NHKEテレ..,2026-07-26,14:00,日本の話芸 柳家蝠丸 落語「叩き蟹」🈖🈑
神奈川,2 NHKEテレ..,2026-07-26,14:30,アニメ 青のオーケストラ シーズン2（1）「ほころび」🈑
神奈川,2 NHKEテレ..,2026-07-26,14:55,アニメ 青のオーケストラ シーズン2（2）「波紋」🈑
神奈川,2 NHKEテレ..,2026-07-26,15:20,アニメ 青のオーケストラ シーズン2（3）「ケジメ」🈑
神奈川,2 NHKEテレ..,2026-07-26,15:45,アニメ 青のオーケストラ シーズン2（4）「体育祭」🈑
神奈川,2 NHKEテレ..,2026-07-26,16:10,ピタゴラミングスイッチ2🈑🈞
神奈川,2 NHKEテレ..,2026-07-26,16:30,ざわざわ森のがんこちゃん30周年スペシャルがんこのびっくりおたんじょうび会🈖🈑🈞
神奈川,2 NHKEテレ..,2026-07-26,17:00,アニメ アオアシ（17）東京都リーグ第7節 多摩体育大学附属高校戦🈑
神奈川,2 NHKEテレ..,2026-07-26,17:25,レディー・グレース 女王陛下のスパイ（4）「迷える女王」🈔🈑
神奈川,2 NHKEテレ..,2026-07-26,17:50,こども手話ウイークリー🈐
神奈川,2 NHKEテレ..,2026-07-26,18:00,木村多江の、いまさらですが… アメリカ建国の立役者 初代財務長官ハミルトン🈖🈑🈞
神奈川,2 NHKEテレ..,2026-07-26,18:30,ブリティッシュ・ベイクオフ6（17）チョコレート対決・前編🈔🈑🈞
神奈川,2 NHKEテレ..,2026-07-26,19:00,未病息災を願います 選「骨密度」が気になったら🈖🈑
神奈川,2 NHKEテレ..,2026-07-26,19:45,365日の献立日記「野菜ずし」🈑
神奈川,2 NHKEテレ..,2026-07-26,19:50,5分であさイチ 夏休みの“お昼ごはん”に革命を！🈑
神奈川,2 NHKEテレ..,2026-07-26,19:55,NHK手話ニュース🈐
神奈川,2 NHKEテレ..,2026-07-26,20:00,日曜美術館 滅びゆく写真 そして人類 現代美術作家・杉本博司🈑🈞
神奈川,2 NHKEテレ..,2026-07-26,20:45,日曜美術館 アートシーン「元禄！師宣劇場」展🈑
神奈川,2 NHKEテレ..,2026-07-26,21:00,古典芸能への招待 歌舞伎「近江源氏先陣館 盛綱陣屋」大阪松竹座さよなら公演🈕🈑
神奈川,2 NHKEテレ..,2026-07-26,23:00,美の壺 選「小さな芸術 干菓子」🈑
神奈川,2 NHKEテレ..,2026-07-26,23:30,サイエンスZERO“次世代塗料”が未来を塗り替える！？🈖🈑
神奈川,4 日テレ1,2026-07-26,05:00,最新作『キングダム 魂の決戦』に懸けた出演者たちの熱い想い🈞
神奈川,4 日テレ1,2026-07-26,05:05,『キングダム 魂の決戦』×米津玄師🈞
神奈川,4 日テレ1,2026-07-26,05:10,日テレポシュレモーニング
神奈川,4 日テレ1,2026-07-26,05:40,日テレアップDate！🈖🈑
神奈川,4 日テレ1,2026-07-26,06:00,皇室日記🈑▽天皇ご一家那須ご静養▽佳子さま「重複障がい者」に寄せる思い
神奈川,4 日テレ1,2026-07-26,06:15,NNNニュースサンデー🈐
神奈川,4 日テレ1,2026-07-26,06:30,遠くへ行きたい【高橋成美が信州・長野へ】くるみ蕎麦＆清流が育む薬用魚🈖🈑
神奈川,4 日テレ1,2026-07-26,07:00,所さんの目がテン！🈑所さんと奥田民生さんが絶品イノシシ肉で燻製作り⁉
神奈川,4 日テレ1,2026-07-26,07:30,シューイチ🈑🈓8月から変わること＆新スポット▽秋山＆平子が南房総の体格グルメ堪能
神奈川,4 日テレ1,2026-07-26,10:25,一茂×かまいたちゲンバ▼水族館でアシカとご対面▼驚き新食感「糸かき氷」とは？🈑
神奈川,4 日テレ1,2026-07-26,11:25,biz search🈑佐藤真知子アナが、JKAの「補助事業」を調査！
神奈川,4 日テレ1,2026-07-26,11:30,NNN ストレイトニュース🈑
神奈川,4 日テレ1,2026-07-26,11:45,スクール革命！絵と図！真夏のクイズ祭り▼山田＆めるる「即興絵描き歌」で波乱!?🈑
神奈川,4 日テレ1,2026-07-26,12:45,メシドラ🈑芸能生活50年の山本耕史とグルメ旅！筋肉・俳優・家族について語りまくる
神奈川,4 日テレ1,2026-07-26,14:00,timeleszファミリア▼CanCam編集部に潜入＆爆売れ雑誌ハルメクの秘密🈑
神奈川,4 日テレ1,2026-07-26,15:00,24時間テレビ企画大公開SP🈑総合司会は内村光良！テーマは「わたしの家族の話」
神奈川,4 日テレ1,2026-07-26,15:55,【アメリカ横断ウルトラクイズ】新MC櫻井翔！地球一周特大スケールで復活SP🈑
神奈川,4 日テレ1,2026-07-26,16:55,サンデーPUSHスポーツ🈑ここが辛いよ救援投手…巨人SP！WBC戦士が本音を激白
神奈川,4 日テレ1,2026-07-26,17:25,もう笑点🈖🈑「笑点」が始まる前に「もう」始まるのが「もう笑点」。
神奈川,4 日テレ1,2026-07-26,17:30,笑点🈖🈑🈓城島茂が座布団運び「ザ！鉄腕！DASH！！」×「笑点」夢のコラボDAY
神奈川,4 日テレ1,2026-07-26,18:00,真相報道バンキシャ！🈑独自分析…熱中症患者10人の行動に教訓▽花火大会で湿度検証
神奈川,4 日テレ1,2026-07-26,18:55,博士は今日も嫉妬する 人生が楽しくなる最新テクノロジー🈑
神奈川,4 日テレ1,2026-07-26,19:00,ザ！鉄腕！DASH！！▽笑点60周年記念夏祭り！師匠全員参加で巨大お好み焼き！🈑
神奈川,4 日テレ1,2026-07-26,19:58,イッテQ【お祭り男宮川＆二代目手越】フィンランドで丸太乗って川を下る木材選手権🈑
神奈川,4 日テレ1,2026-07-26,20:54,音のソノリティ🈑
神奈川,4 日テレ1,2026-07-26,21:00,ゴールデンストーンズ▽番組史上最大‼人気芸人軍団と総勢31名の大混戦バトル🈑
神奈川,4 日テレ1,2026-07-26,21:54,日テレ＋「火曜日ははじめてのおつかい」🈑
神奈川,4 日テレ1,2026-07-26,22:00,おしゃれクリップ🈖🈑出川哲朗はなぜ愛される？▼妻や一茂が忖度なしでガチ素顔告白
神奈川,4 日テレ1,2026-07-26,22:30,ドラマ「一次元の挿し木」第4話【激動の真相が発覚…古人骨と義妹を巡る謎】🈖🈑🈓
神奈川,4 日テレ1,2026-07-26,23:25,ダウンタウンのガキの使い！10人で男の勲章歌い切り！エース＆小田参戦で大波乱🈑
神奈川,4 日テレ1,2026-07-26,23:55,Going！🈑生出演！渡邊雄太が明かす日本バスケの進化▼赤星絶賛！怪物高校生
神奈川,5 テレビ朝日,2026-07-26,05:00,はい！テレビ朝日です🈑
神奈川,5 テレビ朝日,2026-07-26,05:20,健康家族テレショップ
神奈川,5 テレビ朝日,2026-07-26,05:50,グッド！モーニング🈓🈑
神奈川,5 テレビ朝日,2026-07-26,08:00,コウペンちゃん ＃69🈑
神奈川,5 テレビ朝日,2026-07-26,08:01,よ〜い！スターと！トビダスクール しなことリボンでTシャツデコ！🈓🈑
神奈川,5 テレビ朝日,2026-07-26,08:30,名探偵プリキュア！ ＃26 キュアエクレールの復活！🈓🈑
神奈川,5 テレビ朝日,2026-07-26,09:00,仮面ライダーゼッツ 第45話「惑わす」🈓🈑
神奈川,5 テレビ朝日,2026-07-26,09:30,🈟角醒ハンター オメガホーン 第1話「角醒せよ！赤き角獣王！」🈓🈑
神奈川,5 テレビ朝日,2026-07-26,10:00,新作映画公開記念「映画クレヨンしんちゃん超華麗！灼熱のカスカベダンサーズ」🈑
神奈川,5 テレビ朝日,2026-07-26,11:45,つながるピックル🈑
神奈川,5 テレビ朝日,2026-07-26,11:50,ANNニュース🈑
神奈川,5 テレビ朝日,2026-07-26,12:00,ビートたけしのTVタックル 昭和は驚きの光景が…令和のゴミ問題＆激安リユース店🈑
神奈川,5 テレビ朝日,2026-07-26,12:55,新婚さんいらっしゃい！ オーストラリア在住夫婦出場！親戚100人大運動会⁉ 🈖🈑
神奈川,5 テレビ朝日,2026-07-26,13:25,華丸丼と大吉麺 荻窪で発見！あのドラマの監修をした三ツ星店の斬新沖縄そば🈑
神奈川,5 テレビ朝日,2026-07-26,13:55,林修の今知りたいでしょ！ 傑作選 帯状疱疹・脳卒中・糖尿病！意外な病気のサイン🈑
神奈川,5 テレビ朝日,2026-07-26,15:20,路線バスで寄り道の旅 【世界の青木と徳光さんが願いをかなえる珍道中！】🈑
神奈川,5 テレビ朝日,2026-07-26,16:30,日曜マイチョイス 日本人になじみの町中華と本場の味㊙ガチ中華を食べ比べる満腹旅🈑
神奈川,5 テレビ朝日,2026-07-26,17:25,部活 on Campus🈑
神奈川,5 テレビ朝日,2026-07-26,17:30,ANNスーパーJチャンネル🈑
神奈川,5 テレビ朝日,2026-07-26,18:00,相葉マナブ 初登場！timelesz佐藤勝利と地引き網！相模湾で何が獲れる？🈑
神奈川,5 テレビ朝日,2026-07-26,18:52,食ノ音色🈑
神奈川,5 テレビ朝日,2026-07-26,18:56,ポツンと一軒家 2時間SP！84歳チェーンソーアート挑戦！BBQ＆絶景岩風呂🈑
神奈川,5 テレビ朝日,2026-07-26,20:56,有働Times🈑
神奈川,5 テレビ朝日,2026-07-26,22:15,マイ・フィクション ＃4 刑務所にいるはずの人間🈖🈑
神奈川,5 テレビ朝日,2026-07-26,23:09,ペダる！東京🈑
神奈川,5 テレビ朝日,2026-07-26,23:15,EIGHT－JAM 【中森明菜特集‼松田聖子・小泉今日子との関係、振付秘話…】🈑
神奈川,6 TBS1,2026-07-26,04:40,ぜひモノ
神奈川,6 TBS1,2026-07-26,05:40,TBSレビュー🈐
神奈川,6 TBS1,2026-07-26,06:00,バナナマンの早起きせっかくグルメ★全国から厳選！極上焼肉のタレでお肉を大満喫！🈑
神奈川,6 TBS1,2026-07-26,06:45,JNNニュース🈐
神奈川,6 TBS1,2026-07-26,07:00,健康カプセル！ゲンキの時間🈖🈑侮っていると一大事に！？消えないあざに隠れた恐怖
神奈川,6 TBS1,2026-07-26,07:30,がっちりマンデー‼CMで良く見るけど知らない会社！渡辺パイプ、INPEX、NGK
神奈川,6 TBS1,2026-07-26,08:00,サンデーモーニング🈑高市総理“寝てない”投稿の波紋▽消費税“迷走”と骨太ショック
神奈川,6 TBS1,2026-07-26,09:54,サンデー・ジャポン 延長国会閉幕…議員直撃！▽堺雅人が緊急生出演！スタジオ生考察
神奈川,6 TBS1,2026-07-26,11:35,上田晋也のサンデーQ🈑堺雅人が生出演「VIVANT」エキストラは4千人！聖地先取り巡礼
神奈川,6 TBS1,2026-07-26,12:54,ゆたかな食の未来をさがして【長野「姨捨の棚田」初夏の田植え】🈖🈑
神奈川,6 TBS1,2026-07-26,12:57,デジタル一番星＋🈖🈑
神奈川,6 TBS1,2026-07-26,13:00,週刊さんまとマツコ🈖🈑 婚活界の女帝・植草美幸が翔工務店のダメ社員軍団を徹底指導
神奈川,6 TBS1,2026-07-26,13:27,四季折々の贈り物 〜ミルクセーキ〜🈖🈑
神奈川,6 TBS1,2026-07-26,13:30,日本くらべてみたら★有名タレントを地方局にレンタルしてみたら？🈑
神奈川,6 TBS1,2026-07-26,14:30,THE神業チャレンジ★28日よる7時！タイムレス篠塚VSクレーン＆桃田VS強豪校🈑
神奈川,6 TBS1,2026-07-26,15:30,今夜予定どうですか？🈑
神奈川,6 TBS1,2026-07-26,16:27,With☆ベイ サンデー🈑
神奈川,6 TBS1,2026-07-26,16:30,レッツゴー怪奇組 第四怪🈑
神奈川,6 TBS1,2026-07-26,17:00,日5「正反対な君と僕」 ＃16「新学期」🈑🈓
神奈川,6 TBS1,2026-07-26,17:30,Nスタ🈑 「飛鳥・藤原の宮都」が世界遺産新登録なるか▽「土用の丑の日」うなぎ店は
神奈川,6 TBS1,2026-07-26,18:00,世界遺産／バリ島 1000年続く棚田の絶景（インドネシア）🈖🈑
神奈川,6 TBS1,2026-07-26,18:30,ベスコングルメ★夏の軽井沢SP・そば通DEEN池森オススメの手打ちそば名店へ🈖🈑🈓
神奈川,6 TBS1,2026-07-26,19:00,バナナマンのせっかくグルメ★VIVANT堺雅人＆濱田岳と日村が人気リゾート地🈑🈓
神奈川,6 TBS1,2026-07-26,20:00,VIVANT直前生放送★堺×阿部×二宮×松坂が集結！今からでも間に合うSPダイジェスト🈑
神奈川,6 TBS1,2026-07-26,21:00,🈟日曜劇場「VIVANT」第11話🈖🈑
神奈川,6 TBS1,2026-07-26,22:19,むしめがね 〜真の価値をのぞく〜🈖🈑
神奈川,6 TBS1,2026-07-26,22:25,日曜日の初耳学◆堺雅人×林修『VIVANT』放送直後90分SP阿部寛＆初出しメイキング映像
神奈川,6 TBS1,2026-07-26,23:49,東京空色さんぽ🈖🈑
神奈川,6 TBS1,2026-07-26,23:55,黒猫と魔女の教室🈑🈓 ＃16「イオ・トーラス がんばります」【アガルアニメ】
神奈川,7 テレ東,2026-07-26,03:55,ものスタ サンデー
神奈川,7 テレ東,2026-07-26,05:20,ウオッチ！7🈑🈐
神奈川,7 テレ東,2026-07-26,05:30,洋子の演歌一直線
神奈川,7 テレ東,2026-07-26,06:00,韓流朝ドラ6 夏の香り ＃8 疑惑の発覚（後編）🈓🈔
神奈川,7 テレ東,2026-07-26,06:30,サンデーテレショップ
神奈川,7 テレ東,2026-07-26,07:00,アニもり！🈑
神奈川,7 テレ東,2026-07-26,07:30,ポケモンとどこいく！？【チャンピオンズ対決に派手刺客でバトル部ピンチ！】🈑🈓
神奈川,7 テレ東,2026-07-26,08:30,トミプラワールドのりのりタイムズ！！🈑
神奈川,7 テレ東,2026-07-26,09:00,ギャビーのドールハウス 118話 新しい家族のベニー・ボックス（前編）🈑🈔
神奈川,7 テレ東,2026-07-26,09:15,ぷにるんず ぷに3 第17話『くーるんとカチコチあいるん♪』🈞🈑
神奈川,7 テレ東,2026-07-26,09:30,おねがいアイプリ あおいとおねがいかなえ隊🈑
神奈川,7 テレ東,2026-07-26,10:00,武井壮のゴルフバッグ担いでください▽永久保存版！宮里優作プロのゴルフレッスン🈑
神奈川,7 テレ東,2026-07-26,10:30,優香のサンデークッキング【レンジde簡単ナスキーマ&グリルde焼きナス】🈑
神奈川,7 テレ東,2026-07-26,11:00,ぺこもぐキッチン【真夏のアジフライSP】石原良純の大好物を三枚おろしから調理！🈑
神奈川,7 テレ東,2026-07-26,11:30,種から植えるTV【児嶋＆Girls2がDIYビニールハウス大修復＆爽やか梅パスタ】🈑
神奈川,7 テレ東,2026-07-26,12:00,家、ついて行ってイイですか？予習復習スペシャル 最新作は今夜8時50分から！🈑
神奈川,7 テレ東,2026-07-26,12:54,開運！なんでも鑑定団【1万円で購入！日本洋画界を代表する巨匠の画に衝撃値】🈞🈑🈖
神奈川,7 テレ東,2026-07-26,13:58,大東建託・いい部屋ネットレディス🈑
神奈川,7 テレ東,2026-07-26,15:15,日曜ミステリー『作家・如月祥子の事件ルポ』主演：賀来千香子🈞🈑🈕🈖
神奈川,7 テレ東,2026-07-26,17:15,全力イノベーターズ〜SDGsに挑むZ世代〜子どもを運動好きに🈑
神奈川,7 テレ東,2026-07-26,17:20,TXNニュース🈑🈐
神奈川,7 テレ東,2026-07-26,17:30,鉄鍋のジャン！「毒を御す者」🈑
神奈川,7 テレ東,2026-07-26,18:00,パズドラ「吹き矢コンボバトル／もう一度見たい！アニメセレクション」🈑🈓
神奈川,7 テレ東,2026-07-26,18:30,日本の海を守る！海上保安庁の激ヤバすぎる最前線100連発SP🈑🈓
神奈川,7 テレ東,2026-07-26,20:50,家、ついて行ってイイですか？菊池風磨愛止まらない女子＆妻夫木涙…亡き妻への想い🈑
神奈川,7 テレ東,2026-07-26,21:54,乾杯、ご一緒してもイイですか？飲食店で一杯おごる代わりに乾杯の理由を聞く番組🈑
神奈川,7 テレ東,2026-07-26,22:00,有吉ぃぃeeeee!【アモアス】クセ者10人でダマし合い！裏切り者は誰だ？🈑
神奈川,7 テレ東,2026-07-26,22:48,高校生ぃぃeeeee!〜STAGE:0への道〜🈑
神奈川,7 テレ東,2026-07-26,22:54,スポーツリアライブ
神奈川,7 テレ東,2026-07-26,23:20,Weekly女子ゴルフ
神奈川,7 テレ東,2026-07-26,23:45,ふつつかな悪女ではございますが〜雛宮蝶鼠とりかえ伝〜 第3話🈑
神奈川,8 フジテレビ,2026-07-26,04:45,ゴルフトリプルマッチ〜世代と性別を超えたガチンコバトル！〜 男子女子シニアが激突
神奈川,8 フジテレビ,2026-07-26,05:40,スワローズ キッズアカデミー🈑
神奈川,8 フジテレビ,2026-07-26,05:45,皇室ご一家🈑
神奈川,8 フジテレビ,2026-07-26,06:00,FNNニュース🈑
神奈川,8 フジテレビ,2026-07-26,06:15,ぱちぱちるんるん★新企画「ムックのうんちくポンッ！」みんなでスッキリしよう！他🈑
神奈川,8 フジテレビ,2026-07-26,07:00,SUNDAYブレイク． 千葉県勝浦でオズワルド伊藤が絶叫アクティビティ体験🈑🈕🈓
神奈川,8 フジテレビ,2026-07-26,08:55,千葉の贈り物〜まごころ配達人〜🈑🈖
神奈川,8 フジテレビ,2026-07-26,09:00,DIGIMON BEATBREAK【消せない夜】 ＃40🈑🈖
神奈川,8 フジテレビ,2026-07-26,09:30,テレビアニメ「鬼滅の刃」シリーズ全編再放送【竈門炭治郎 立志編】🈑🈖🈓
神奈川,8 フジテレビ,2026-07-26,10:00,かのサンド◆学生街で絶品グルメSP！早稲田コスパ抜群グルメ＆学芸大学の名店中華🈑
神奈川,8 フジテレビ,2026-07-26,11:15,ミラモンGOLD🈑
神奈川,8 フジテレビ,2026-07-26,11:45,いいものディノス🈑
神奈川,8 フジテレビ,2026-07-26,11:50,FNN Live News days🈑
神奈川,8 フジテレビ,2026-07-26,12:00,なりゆき街道旅【夏涼しい奥久慈で袋田の滝に感動！名産そば＆奥久慈しゃも親子丼】🈑
神奈川,8 フジテレビ,2026-07-26,14:00,ザ・ノンフィクション 就職先はさる軍団3怒られない時代に芸を磨くということ後編🈑
神奈川,8 フジテレビ,2026-07-26,14:55,ビジネスSwitch 〜時代を照らす企業の戦略〜🈑
神奈川,8 フジテレビ,2026-07-26,15:00,みんなのKEIBA 関屋記念・GⅢ＆東海S・GⅢ 夏の新潟開幕！ ゲスト中山優馬
神奈川,8 フジテレビ,2026-07-26,16:00,個人麺談★谷原章介ラーメン愛爆発トラジャ中村＆松倉の味覚に合う究極の一杯を紹介🈑
神奈川,8 フジテレビ,2026-07-26,17:00,フォーミュラE世界選手権2026東京・第14戦ハイライト🈑
神奈川,8 フジテレビ,2026-07-26,17:25,Live News イット！🈑
神奈川,8 フジテレビ,2026-07-26,18:00,ちびまる子ちゃん【隣町の男子とプールで勝負する／たまちゃんちで日曜大工を】🈑🈖
神奈川,8 フジテレビ,2026-07-26,18:30,サザエさん【憧れの松／うっかりでしっかり ほか】🈑🈖🈓
神奈川,8 フジテレビ,2026-07-26,19:00,千鳥の鬼レンチャン◆鬼ハード初代女王誕生？STU池ちゃん＆高橋成美サビカラ登場🈑
神奈川,8 フジテレビ,2026-07-26,21:00,Mr．サンデー🈑🈓
神奈川,8 フジテレビ,2026-07-26,23:09,ブラックトリック みどころ【新月9ドラマの1話振り返り＆2話先見せ！】🈑
神奈川,8 フジテレビ,2026-07-26,23:15,ワンピース【エルバフの大罪人 冥界のロキ解放！？】🈑🈖
神奈川,8 フジテレビ,2026-07-26,23:45,すぽると！ 大谷翔平のストレートは軌道が読めない⁉スター証言＆脳科学から紐解く🈑
神奈川,3 tvk1,2026-07-26,04:50,朝の周波数カード
神奈川,3 tvk1,2026-07-26,05:20,ドロンコロン
神奈川,3 tvk1,2026-07-26,05:25,tvkお買物情報
神奈川,3 tvk1,2026-07-26,05:54,weather report
神奈川,3 tvk1,2026-07-26,05:55,tvkお買物情報
神奈川,3 tvk1,2026-07-26,06:24,weather report
神奈川,3 tvk1,2026-07-26,06:25,tvkお買物情報
神奈川,3 tvk1,2026-07-26,06:55,weather report
神奈川,3 tvk1,2026-07-26,07:00,ルアルアチャンネル▽広瀬達樹さんと岩手宮古湾でボートロックフィッシュ
神奈川,3 tvk1,2026-07-26,07:30,田村亮の釣りならまかせろ！
神奈川,3 tvk1,2026-07-26,08:00,tvkお買物情報
神奈川,3 tvk1,2026-07-26,08:30,ライフ・ライン▽人生最高の出会い〜私が見つけた生きる意味〜
神奈川,3 tvk1,2026-07-26,09:00,かながわ旬菜ナビ▽旬のフルーツを満喫！ 〜かわさき〜
神奈川,3 tvk1,2026-07-26,09:30,tvkお買物情報
神奈川,3 tvk1,2026-07-26,10:00,竹村真琴と望月理恵の『ビューティーゴルフ3〜南澤からの挑戦状〜』 第4回
神奈川,3 tvk1,2026-07-26,10:15,tvkお買物情報
神奈川,3 tvk1,2026-07-26,10:30,tvkお買物情報
神奈川,3 tvk1,2026-07-26,11:00,岡崎体育の京の観察日記▽下鴨界隈後編
神奈川,3 tvk1,2026-07-26,11:30,tvkお買物情報
神奈川,3 tvk1,2026-07-26,11:59,weather report
神奈川,3 tvk1,2026-07-26,12:00,音楽缶
神奈川,3 tvk1,2026-07-26,12:25,PPV
神奈川,3 tvk1,2026-07-26,12:30,ごりやくさん▽吉備津神社🈑🈞
神奈川,3 tvk1,2026-07-26,12:55,tvkお買物情報
神奈川,3 tvk1,2026-07-26,13:25,weather report
神奈川,3 tvk1,2026-07-26,13:30,限界テレビRemix
神奈川,3 tvk1,2026-07-26,13:45,第108回全国高等学校野球選手権神奈川大会「決勝・閉会式」
神奈川,3 tvk1,2026-07-26,17:55,tvkニュース
神奈川,3 tvk1,2026-07-26,18:00,カナフルTV▽知って安心！かながわ夏の涼スポット🈐🈓
神奈川,3 tvk1,2026-07-26,18:30,ハートビート・ボイス 津久井やまゆり園事件から10年、心の声を聴く
神奈川,3 tvk1,2026-07-26,19:00,tvkお買物情報
神奈川,3 tvk1,2026-07-26,19:30,ごりやくさん▽橿原神宮🈑🈞
神奈川,3 tvk1,2026-07-26,19:55,weather report
神奈川,3 tvk1,2026-07-26,20:00,tvkお買物情報
神奈川,3 tvk1,2026-07-26,20:30,音楽缶
神奈川,3 tvk1,2026-07-26,20:55,tvkニュース
神奈川,3 tvk1,2026-07-26,21:00,ミスター味っ子 第70話「島巡り磯鍋競争！瀬戸内少年料理団の挑戦」
神奈川,3 tvk1,2026-07-26,21:30,ルパン三世 PART2 第23話「第4次元の魔女」
神奈川,3 tvk1,2026-07-26,22:00,クルマでいこう！▽メーカー深掘り 〜理想を現実に スバル〜
神奈川,3 tvk1,2026-07-26,22:30,原田伸郎のめざせパーゴルフⅢ▽ドッキーチーム！バーディーが止まらない？
神奈川,3 tvk1,2026-07-26,23:00,ゴルフ★パラダイス-THE GAME CHANGER-
神奈川,3 tvk1,2026-07-26,23:30,洋楽天国＋▽マイケル・ジャクソン特集
神奈川,9 TOKYO　..,2026-07-26,05:00,MXショッピング
神奈川,9 TOKYO　..,2026-07-26,05:30,お買い物情報
神奈川,9 TOKYO　..,2026-07-26,06:00,MXショッピング
神奈川,9 TOKYO　..,2026-07-26,06:30,MXショッピング
神奈川,9 TOKYO　..,2026-07-26,07:00,宝塚カフェブレイク ★宙組公演スタートでトップスター会見▼黒蜥蜴の魅力とは？
神奈川,9 TOKYO　..,2026-07-26,07:30,MXショッピング
神奈川,9 TOKYO　..,2026-07-26,08:00,いびってこない義母と義姉 ＃3「名家の娘たち」
神奈川,9 TOKYO　..,2026-07-26,08:26,PUI PUI モルカー ＃3「ネコ救出大作戦」
神奈川,9 TOKYO　..,2026-07-26,08:30,お買い物情報
神奈川,9 TOKYO　..,2026-07-26,09:00,お買い物情報
神奈川,9 TOKYO　..,2026-07-26,09:30,MXショッピング
神奈川,9 TOKYO　..,2026-07-26,09:59,第108回全国高校野球選手権 西東京大会▽決勝〜閉会式
神奈川,9 TOKYO　..,2026-07-26,14:00,MXショッピング
神奈川,9 TOKYO　..,2026-07-26,14:30,水曜どうでしょうプレミア ★試験に出るどうでしょう 日本史⑥🈑
神奈川,9 TOKYO　..,2026-07-26,15:00,MXショッピング
神奈川,9 TOKYO　..,2026-07-26,15:59,番組ガイド
神奈川,9 TOKYO　..,2026-07-26,16:00,スケバン刑事Ⅱ 少女鉄仮面伝説 ★第11話「ベールをぬいだ影の総統」
神奈川,9 TOKYO　..,2026-07-26,16:30,MXショッピング
神奈川,9 TOKYO　..,2026-07-26,17:00,探偵！ナイトスクープ🈖
神奈川,9 TOKYO　..,2026-07-26,17:55,TOKYO MX NEWS
神奈川,9 TOKYO　..,2026-07-26,18:00,東京ホンマもん教室 ★骨太ショックは“ホンマ”か？▼ゲストは門田隆将さん
神奈川,9 TOKYO　..,2026-07-26,19:00,MXショッピング
神奈川,9 TOKYO　..,2026-07-26,19:30,日本のチカラ🈞🈑
神奈川,9 TOKYO　..,2026-07-26,20:00,トウキョウもっともっと！元気計画研究所 ★もっと交通ルールを守れる東京に！
神奈川,9 TOKYO　..,2026-07-26,21:00,ぐらぶるTVちゃんねるっ！ ★小野友樹と加藤英美里がグラブルの魅力をお届けっ！
神奈川,9 TOKYO　..,2026-07-26,21:30,青春ブタ野郎はサンタクロースの夢を見ない ＃4「正義の味方」🈞
神奈川,9 TOKYO　..,2026-07-26,22:00,世界最強の後衛 〜迷宮国の新人探索者〜 ＃4「危急存亡の混浴」
神奈川,9 TOKYO　..,2026-07-26,22:30,君のことが大大大大大好きな100人の彼女 第3期 ＃28
神奈川,9 TOKYO　..,2026-07-26,23:00,二十世紀電氣目録-ユーレカ・エヴリカ- ＃4「信心の娘」
神奈川,9 TOKYO　..,2026-07-26,23:30,刃牙道 ＃4「少年(ボン)」
神奈川,9 TOKYO　..,2026-07-26,05:00,ヒーリングタイム＆ヘッドラインニュース
神奈川,9 TOKYO　..,2026-07-26,06:00,ヒーリングタイム＆ヘッドラインニュース
神奈川,9 TOKYO　..,2026-07-26,06:38,ごりやくさん🈞🈑
神奈川,9 TOKYO　..,2026-07-26,07:00,MXショッピング
神奈川,9 TOKYO　..,2026-07-26,07:30,ヒーリングタイム＆ヘッドラインニュース
神奈川,9 TOKYO　..,2026-07-26,08:00,フラッシュ天気
神奈川,9 TOKYO　..,2026-07-26,08:05,日本ふるさと百景🈑
神奈川,9 TOKYO　..,2026-07-26,08:30,ドルアーガの塔〜the Sword of URUK〜 ＃4「幻影の中へ」🈞
神奈川,9 TOKYO　..,2026-07-26,09:00,ヒーリングタイム＆ヘッドラインニュース
神奈川,9 TOKYO　..,2026-07-26,09:30,童謡コーラス♪名曲大合唱＆みんなの音楽会テレビ
神奈川,9 TOKYO　..,2026-07-26,09:45,ヒーリングタイム＆ヘッドラインニュース
神奈川,9 TOKYO　..,2026-07-26,10:00,Car Xs with NAPAC
神奈川,9 TOKYO　..,2026-07-26,10:30,MXショッピング
神奈川,9 TOKYO　..,2026-07-26,11:00,日本ふるさと百景🈑
神奈川,9 TOKYO　..,2026-07-26,11:25,フラッシュ天気
神奈川,9 TOKYO　..,2026-07-26,11:30,MXショッピング
神奈川,9 TOKYO　..,2026-07-26,12:00,あんぎゃでござる！！
神奈川,9 TOKYO　..,2026-07-26,12:30,MXショッピング
神奈川,9 TOKYO　..,2026-07-26,13:00,ヒーリングタイム＆ヘッドラインニュース
神奈川,9 TOKYO　..,2026-07-26,13:25,ごりやくさん🈑
神奈川,9 TOKYO　..,2026-07-26,13:50,ヒーリングタイム＆ヘッドラインニュース
神奈川,9 TOKYO　..,2026-07-26,13:55,TOKYO MX NEWS
神奈川,9 TOKYO　..,2026-07-26,14:00,第108回全国高校野球選手権 西東京大会▽決勝〜閉会式
神奈川,9 TOKYO　..,2026-07-26,14:30,MXショッピング
神奈川,9 TOKYO　..,2026-07-26,15:00,ヒーリングタイム＆ヘッドラインニュース
神奈川,9 TOKYO　..,2026-07-26,15:38,ごりやくさん🈞🈑
神奈川,9 TOKYO　..,2026-07-26,16:00,MXショッピング
神奈川,9 TOKYO　..,2026-07-26,16:30,ヒーリングタイム＆ヘッドラインニュース
神奈川,9 TOKYO　..,2026-07-26,16:38,日本ふるさと百景🈑
神奈川,9 TOKYO　..,2026-07-26,17:00,MXショッピング
神奈川,9 TOKYO　..,2026-07-26,17:30,ヒーリングタイム＆ヘッドラインニュース
神奈川,9 TOKYO　..,2026-07-26,17:38,ごりやくさん🈞🈑
神奈川,9 TOKYO　..,2026-07-26,18:00,MXショッピング
神奈川,9 TOKYO　..,2026-07-26,18:30,ヒーリングタイム＆ヘッドラインニュース
神奈川,9 TOKYO　..,2026-07-26,18:38,ごりやくさん🈞🈑
神奈川,9 TOKYO　..,2026-07-26,19:00,ヒーリングタイム＆ヘッドラインニュース
神奈川,9 TOKYO　..,2026-07-26,20:00,MXショッピング
神奈川,9 TOKYO　..,2026-07-26,20:30,ヒーリングタイム＆ヘッドラインニュース
神奈川,9 TOKYO　..,2026-07-26,20:38,ごりやくさん🈑
神奈川,9 TOKYO　..,2026-07-26,21:00,MXショッピング
神奈川,9 TOKYO　..,2026-07-26,21:30,MXショッピング
神奈川,9 TOKYO　..,2026-07-26,22:00,ヒーリングタイム＆ヘッドラインニュース
神奈川,9 TOKYO　..,2026-07-26,23:00,ヒーリングタイム＆ヘッドラインニュース
埼玉,1 NHK総合1..,2026-07-26,05:00,ニュース・気象情報
埼玉,1 NHK総合1..,2026-07-26,05:10,Jリーグと私 あの試合を忘れない ＃17 横浜FM🈑
埼玉,1 NHK総合1..,2026-07-26,05:15,週末のNスペは… 激変・安全保障 日本の進路は🈑
埼玉,1 NHK総合1..,2026-07-26,05:20,桂文珍の演芸図鑑 レ・ロマネスクTOBI 柳亭小燕枝 三拍子🈑
埼玉,1 NHK総合1..,2026-07-26,05:50,気象情報
埼玉,1 NHK総合1..,2026-07-26,06:00,ニュース
埼玉,1 NHK総合1..,2026-07-26,06:10,【特選！時代劇】大岡越前8 🈟（1）「燃える牢屋敷」🈖🈑
埼玉,1 NHK総合1..,2026-07-26,06:53,気象情報
埼玉,1 NHK総合1..,2026-07-26,06:55,ニュース・気象情報（関東甲信越）🈑
埼玉,1 NHK総合1..,2026-07-26,07:00,NHKニュース おはよう日本 7月26日（日）🈑
埼玉,1 NHK総合1..,2026-07-26,07:40,NHKニュース おはよう首都圏（関東甲信越）🈑
埼玉,1 NHK総合1..,2026-07-26,07:45,さわやか自然百景 青森 屏風山湿原池沼群🈑
埼玉,1 NHK総合1..,2026-07-26,08:00,小さな旅「大原を継ぐ 〜京都市 左京区〜」🈖🈑
埼玉,1 NHK総合1..,2026-07-26,08:25,Dearにっぽん「私たちが新聞を書く理由〜滋賀・虎姫高校〜」🈑
埼玉,1 NHK総合1..,2026-07-26,08:50,あさイチの鈴木奈穂子アナが「NHK ONE」を解説🈑
埼玉,1 NHK総合1..,2026-07-26,08:57,気象情報
埼玉,1 NHK総合1..,2026-07-26,09:00,日曜討論 徹底解説！暑さはどこまで？対策は
埼玉,1 NHK総合1..,2026-07-26,10:00,ニュース・気象情報🈑
埼玉,1 NHK総合1..,2026-07-26,10:05,第108回全国高校野球選手権埼玉大会 決勝「浦和学院」対「花咲徳栄」🈑
埼玉,1 NHK総合1..,2026-07-26,11:53,サブチャンネル切り替え方法のご案内
埼玉,1 NHK総合1..,2026-07-26,11:54,気象情報
埼玉,1 NHK総合1..,2026-07-26,12:00,ニュース🈑
埼玉,1 NHK総合1..,2026-07-26,12:10,ニュース（関東甲信越）🈑
埼玉,1 NHK総合1..,2026-07-26,12:15,第108回全国高校野球選手権埼玉大会 決勝「浦和学院」対「花咲徳栄」🈑
埼玉,1 NHK総合1..,2026-07-26,13:00,ニュース・気象情報🈑
埼玉,1 NHK総合1..,2026-07-26,13:05,ダーウィンが来た！「相葉さんと探せ！ミクロいきもの超ワールド」🈖🈑🈞
埼玉,1 NHK総合1..,2026-07-26,13:35,さわやか自然百景10min．（37）兵庫 猫崎の海と黒川渓谷🈑
埼玉,1 NHK総合1..,2026-07-26,13:45,JAPAN DELISH 5min カレーライス🈑
埼玉,1 NHK総合1..,2026-07-26,13:50,アニメまとめPR 放送中！注目の3番組ほか🈑
埼玉,1 NHK総合1..,2026-07-26,13:55,第108回全国高校野球選手権神奈川大会 決勝「横浜」対「桐光学園」🈑
埼玉,1 NHK総合1..,2026-07-26,14:59,サブチャンネル切り替え方法のご案内
埼玉,1 NHK総合1..,2026-07-26,15:00,ニュース・気象情報🈑
埼玉,1 NHK総合1..,2026-07-26,15:05,大相撲（2026年） 名古屋場所 千秋楽🈑
埼玉,1 NHK総合1..,2026-07-26,15:30,大相撲（2026年） 名古屋場所 千秋楽 優勝力士・三賞力士インタビュー🈔🈑
埼玉,1 NHK総合1..,2026-07-26,18:00,ニュース🈑
埼玉,1 NHK総合1..,2026-07-26,18:05,有吉のお金発見 突撃！カネオくん 令和に再ブーム！RCカーのヒミツ🈑
埼玉,1 NHK総合1..,2026-07-26,18:45,ニュース645（関東・山梨）🈑
埼玉,1 NHK総合1..,2026-07-26,19:00,NHKニュース7🈔🈑
埼玉,1 NHK総合1..,2026-07-26,19:30,ダーウィンが来た！「最大の味方！最強のライバル！？動物兄弟」🈖🈑
埼玉,1 NHK総合1..,2026-07-26,20:00,豊臣兄弟！（29）天下への道🈖🈑
埼玉,1 NHK総合1..,2026-07-26,20:45,ニュース🈑🈐
埼玉,1 NHK総合1..,2026-07-26,20:55,ニュース・気象情報（関東甲信越）🈑🈐
埼玉,1 NHK総合1..,2026-07-26,21:00,NHKスペシャル 激変・安全保障 “力の支配”と揺らぐ国際秩序 日本の針路は🈑
埼玉,1 NHK総合1..,2026-07-26,22:00,サンデースポーツ🈑
埼玉,1 NHK総合1..,2026-07-26,22:50,ニュース・気象情報🈑
埼玉,1 NHK総合1..,2026-07-26,22:55,ハロー！NHKワールドJAPAN 7月の地域特集・山口県関連番組紹介🈑
埼玉,1 NHK総合1..,2026-07-26,23:00,DOC（ドック）3 あすへのカルテ（8）「暗闇の先へ」🈔🈑
埼玉,1 NHK総合1..,2026-07-26,23:59,連続テレビ小説「ひよっこ」再放送PR
埼玉,2 NHKEテレ..,2026-07-26,05:00,こころの時代 わからなさのなかで〜最首悟の思想をたどる〜🈑🈞
埼玉,2 NHKEテレ..,2026-07-26,06:00,NHK短歌 わたしの宮沢賢治 テーマ「月」🈑
埼玉,2 NHKEテレ..,2026-07-26,06:25,テレビ体操🈑
埼玉,2 NHKEテレ..,2026-07-26,06:35,NHK俳句 題「七夕」🈑
埼玉,2 NHKEテレ..,2026-07-26,07:00,第93回NHK全国学校音楽コンクール みんなの合唱レッスン・高等学校の部🈑
埼玉,2 NHKEテレ..,2026-07-26,07:10,第93回NHK全国学校音楽コンクール みんなの合唱レッスン・中学校の部🈑
埼玉,2 NHKEテレ..,2026-07-26,07:20,第93回NHK全国学校音楽コンクール みんなの合唱レッスン・小学校の部🈑
埼玉,2 NHKEテレ..,2026-07-26,07:30,おとうさんといっしょ「まねまねどんぐー」🈑🈞
埼玉,2 NHKEテレ..,2026-07-26,08:00,やさいの時間 みんなの菜園物語 兵庫県（後編）🈑
埼玉,2 NHKEテレ..,2026-07-26,08:25,趣味の園芸 京も一日陽だまり屋「の〜んびり 蘇鉄（そてつ）」🈑
埼玉,2 NHKEテレ..,2026-07-26,08:30,趣味の園芸 選 ステキをセレクト！タネから育てるコスモス🈑
埼玉,2 NHKEテレ..,2026-07-26,08:55,no art，no life「洋一」🈑
埼玉,2 NHKEテレ..,2026-07-26,09:00,日曜美術館 陶芸家ルーシー・リー 繊細でたくましい器🈑
埼玉,2 NHKEテレ..,2026-07-26,09:45,日曜美術館 アートシーン「まなざしの奇跡 日本女性写真家の冒険」展🈑
埼玉,2 NHKEテレ..,2026-07-26,10:00,将棋フォーカス 選 フォーカス流・観る将検定 第2回！🈑
埼玉,2 NHKEテレ..,2026-07-26,10:30,第76回 NHK杯テレビ将棋トーナメント 1回戦第17局 羽生九段×横山七段🈑
埼玉,2 NHKEテレ..,2026-07-26,12:00,囲碁フォーカス 選 知らずに使っている！？「囲碁用語」🈑
埼玉,2 NHKEテレ..,2026-07-26,12:30,第74回NHK杯テレビ囲碁トーナメント1回戦第17局酒井佑規七段×加藤千笑四段🈑
埼玉,2 NHKEテレ..,2026-07-26,14:00,日本の話芸 柳家蝠丸 落語「叩き蟹」🈖🈑
埼玉,2 NHKEテレ..,2026-07-26,14:30,アニメ 青のオーケストラ シーズン2（1）「ほころび」🈑
埼玉,2 NHKEテレ..,2026-07-26,14:55,アニメ 青のオーケストラ シーズン2（2）「波紋」🈑
埼玉,2 NHKEテレ..,2026-07-26,15:20,アニメ 青のオーケストラ シーズン2（3）「ケジメ」🈑
埼玉,2 NHKEテレ..,2026-07-26,15:45,アニメ 青のオーケストラ シーズン2（4）「体育祭」🈑
埼玉,2 NHKEテレ..,2026-07-26,16:10,ピタゴラミングスイッチ2🈑🈞
埼玉,2 NHKEテレ..,2026-07-26,16:30,ざわざわ森のがんこちゃん30周年スペシャルがんこのびっくりおたんじょうび会🈖🈑🈞
埼玉,2 NHKEテレ..,2026-07-26,17:00,アニメ アオアシ（17）東京都リーグ第7節 多摩体育大学附属高校戦🈑
埼玉,2 NHKEテレ..,2026-07-26,17:25,レディー・グレース 女王陛下のスパイ（4）「迷える女王」🈔🈑
埼玉,2 NHKEテレ..,2026-07-26,17:50,こども手話ウイークリー🈐
埼玉,2 NHKEテレ..,2026-07-26,18:00,木村多江の、いまさらですが… アメリカ建国の立役者 初代財務長官ハミルトン🈖🈑🈞
埼玉,2 NHKEテレ..,2026-07-26,18:30,ブリティッシュ・ベイクオフ6（17）チョコレート対決・前編🈔🈑🈞
埼玉,2 NHKEテレ..,2026-07-26,19:00,未病息災を願います 選「骨密度」が気になったら🈖🈑
埼玉,2 NHKEテレ..,2026-07-26,19:45,365日の献立日記「野菜ずし」🈑
埼玉,2 NHKEテレ..,2026-07-26,19:50,5分であさイチ 夏休みの“お昼ごはん”に革命を！🈑
埼玉,2 NHKEテレ..,2026-07-26,19:55,NHK手話ニュース🈐
埼玉,2 NHKEテレ..,2026-07-26,20:00,日曜美術館 滅びゆく写真 そして人類 現代美術作家・杉本博司🈑🈞
埼玉,2 NHKEテレ..,2026-07-26,20:45,日曜美術館 アートシーン「元禄！師宣劇場」展🈑
埼玉,2 NHKEテレ..,2026-07-26,21:00,古典芸能への招待 歌舞伎「近江源氏先陣館 盛綱陣屋」大阪松竹座さよなら公演🈕🈑
埼玉,2 NHKEテレ..,2026-07-26,23:00,美の壺 選「小さな芸術 干菓子」🈑
埼玉,2 NHKEテレ..,2026-07-26,23:30,サイエンスZERO“次世代塗料”が未来を塗り替える！？🈖🈑
埼玉,4 日テレ1,2026-07-26,05:00,最新作『キングダム 魂の決戦』に懸けた出演者たちの熱い想い🈞
埼玉,4 日テレ1,2026-07-26,05:05,『キングダム 魂の決戦』×米津玄師🈞
埼玉,4 日テレ1,2026-07-26,05:10,日テレポシュレモーニング
埼玉,4 日テレ1,2026-07-26,05:40,日テレアップDate！🈖🈑
埼玉,4 日テレ1,2026-07-26,06:00,皇室日記🈑▽天皇ご一家那須ご静養▽佳子さま「重複障がい者」に寄せる思い
埼玉,4 日テレ1,2026-07-26,06:15,NNNニュースサンデー🈐
埼玉,4 日テレ1,2026-07-26,06:30,遠くへ行きたい【高橋成美が信州・長野へ】くるみ蕎麦＆清流が育む薬用魚🈖🈑
埼玉,4 日テレ1,2026-07-26,07:00,所さんの目がテン！🈑所さんと奥田民生さんが絶品イノシシ肉で燻製作り⁉
埼玉,4 日テレ1,2026-07-26,07:30,シューイチ🈑🈓8月から変わること＆新スポット▽秋山＆平子が南房総の体格グルメ堪能
埼玉,4 日テレ1,2026-07-26,10:25,一茂×かまいたちゲンバ▼水族館でアシカとご対面▼驚き新食感「糸かき氷」とは？🈑
埼玉,4 日テレ1,2026-07-26,11:25,biz search🈑佐藤真知子アナが、JKAの「補助事業」を調査！
埼玉,4 日テレ1,2026-07-26,11:30,NNN ストレイトニュース🈑
埼玉,4 日テレ1,2026-07-26,11:45,スクール革命！絵と図！真夏のクイズ祭り▼山田＆めるる「即興絵描き歌」で波乱!?🈑
埼玉,4 日テレ1,2026-07-26,12:45,メシドラ🈑芸能生活50年の山本耕史とグルメ旅！筋肉・俳優・家族について語りまくる
埼玉,4 日テレ1,2026-07-26,14:00,timeleszファミリア▼CanCam編集部に潜入＆爆売れ雑誌ハルメクの秘密🈑
埼玉,4 日テレ1,2026-07-26,15:00,24時間テレビ企画大公開SP🈑総合司会は内村光良！テーマは「わたしの家族の話」
埼玉,4 日テレ1,2026-07-26,15:55,【アメリカ横断ウルトラクイズ】新MC櫻井翔！地球一周特大スケールで復活SP🈑
埼玉,4 日テレ1,2026-07-26,16:55,サンデーPUSHスポーツ🈑ここが辛いよ救援投手…巨人SP！WBC戦士が本音を激白
埼玉,4 日テレ1,2026-07-26,17:25,もう笑点🈖🈑「笑点」が始まる前に「もう」始まるのが「もう笑点」。
埼玉,4 日テレ1,2026-07-26,17:30,笑点🈖🈑🈓城島茂が座布団運び「ザ！鉄腕！DASH！！」×「笑点」夢のコラボDAY
埼玉,4 日テレ1,2026-07-26,18:00,真相報道バンキシャ！🈑独自分析…熱中症患者10人の行動に教訓▽花火大会で湿度検証
埼玉,4 日テレ1,2026-07-26,18:55,博士は今日も嫉妬する 人生が楽しくなる最新テクノロジー🈑
埼玉,4 日テレ1,2026-07-26,19:00,ザ！鉄腕！DASH！！▽笑点60周年記念夏祭り！師匠全員参加で巨大お好み焼き！🈑
埼玉,4 日テレ1,2026-07-26,19:58,イッテQ【お祭り男宮川＆二代目手越】フィンランドで丸太乗って川を下る木材選手権🈑
埼玉,4 日テレ1,2026-07-26,20:54,音のソノリティ🈑
埼玉,4 日テレ1,2026-07-26,21:00,ゴールデンストーンズ▽番組史上最大‼人気芸人軍団と総勢31名の大混戦バトル🈑
埼玉,4 日テレ1,2026-07-26,21:54,日テレ＋「火曜日ははじめてのおつかい」🈑
埼玉,4 日テレ1,2026-07-26,22:00,おしゃれクリップ🈖🈑出川哲朗はなぜ愛される？▼妻や一茂が忖度なしでガチ素顔告白
埼玉,4 日テレ1,2026-07-26,22:30,ドラマ「一次元の挿し木」第4話【激動の真相が発覚…古人骨と義妹を巡る謎】🈖🈑🈓
埼玉,4 日テレ1,2026-07-26,23:25,ダウンタウンのガキの使い！10人で男の勲章歌い切り！エース＆小田参戦で大波乱🈑
埼玉,4 日テレ1,2026-07-26,23:55,Going！🈑生出演！渡邊雄太が明かす日本バスケの進化▼赤星絶賛！怪物高校生
埼玉,5 テレビ朝日,2026-07-26,05:00,はい！テレビ朝日です🈑
埼玉,5 テレビ朝日,2026-07-26,05:20,健康家族テレショップ
埼玉,5 テレビ朝日,2026-07-26,05:50,グッド！モーニング🈓🈑
埼玉,5 テレビ朝日,2026-07-26,08:00,コウペンちゃん ＃69🈑
埼玉,5 テレビ朝日,2026-07-26,08:01,よ〜い！スターと！トビダスクール しなことリボンでTシャツデコ！🈓🈑
埼玉,5 テレビ朝日,2026-07-26,08:30,名探偵プリキュア！ ＃26 キュアエクレールの復活！🈓🈑
埼玉,5 テレビ朝日,2026-07-26,09:00,仮面ライダーゼッツ 第45話「惑わす」🈓🈑
埼玉,5 テレビ朝日,2026-07-26,09:30,🈟角醒ハンター オメガホーン 第1話「角醒せよ！赤き角獣王！」🈓🈑
埼玉,5 テレビ朝日,2026-07-26,10:00,新作映画公開記念「映画クレヨンしんちゃん超華麗！灼熱のカスカベダンサーズ」🈑
埼玉,5 テレビ朝日,2026-07-26,11:45,つながるピックル🈑
埼玉,5 テレビ朝日,2026-07-26,11:50,ANNニュース🈑
埼玉,5 テレビ朝日,2026-07-26,12:00,ビートたけしのTVタックル 昭和は驚きの光景が…令和のゴミ問題＆激安リユース店🈑
埼玉,5 テレビ朝日,2026-07-26,12:55,新婚さんいらっしゃい！ オーストラリア在住夫婦出場！親戚100人大運動会⁉ 🈖🈑
埼玉,5 テレビ朝日,2026-07-26,13:25,華丸丼と大吉麺 荻窪で発見！あのドラマの監修をした三ツ星店の斬新沖縄そば🈑
埼玉,5 テレビ朝日,2026-07-26,13:55,林修の今知りたいでしょ！ 傑作選 帯状疱疹・脳卒中・糖尿病！意外な病気のサイン🈑
埼玉,5 テレビ朝日,2026-07-26,15:20,路線バスで寄り道の旅 【世界の青木と徳光さんが願いをかなえる珍道中！】🈑
埼玉,5 テレビ朝日,2026-07-26,16:30,日曜マイチョイス 日本人になじみの町中華と本場の味㊙ガチ中華を食べ比べる満腹旅🈑
埼玉,5 テレビ朝日,2026-07-26,17:25,部活 on Campus🈑
埼玉,5 テレビ朝日,2026-07-26,17:30,ANNスーパーJチャンネル🈑
埼玉,5 テレビ朝日,2026-07-26,18:00,相葉マナブ 初登場！timelesz佐藤勝利と地引き網！相模湾で何が獲れる？🈑
埼玉,5 テレビ朝日,2026-07-26,18:52,食ノ音色🈑
埼玉,5 テレビ朝日,2026-07-26,18:56,ポツンと一軒家 2時間SP！84歳チェーンソーアート挑戦！BBQ＆絶景岩風呂🈑
埼玉,5 テレビ朝日,2026-07-26,20:56,有働Times🈑
埼玉,5 テレビ朝日,2026-07-26,22:15,マイ・フィクション ＃4 刑務所にいるはずの人間🈖🈑
埼玉,5 テレビ朝日,2026-07-26,23:09,ペダる！東京🈑
埼玉,5 テレビ朝日,2026-07-26,23:15,EIGHT－JAM 【中森明菜特集‼松田聖子・小泉今日子との関係、振付秘話…】🈑
埼玉,6 TBS1,2026-07-26,04:40,ぜひモノ
埼玉,6 TBS1,2026-07-26,05:40,TBSレビュー🈐
埼玉,6 TBS1,2026-07-26,06:00,バナナマンの早起きせっかくグルメ★全国から厳選！極上焼肉のタレでお肉を大満喫！🈑
埼玉,6 TBS1,2026-07-26,06:45,JNNニュース🈐
埼玉,6 TBS1,2026-07-26,07:00,健康カプセル！ゲンキの時間🈖🈑侮っていると一大事に！？消えないあざに隠れた恐怖
埼玉,6 TBS1,2026-07-26,07:30,がっちりマンデー‼CMで良く見るけど知らない会社！渡辺パイプ、INPEX、NGK
埼玉,6 TBS1,2026-07-26,08:00,サンデーモーニング🈑高市総理“寝てない”投稿の波紋▽消費税“迷走”と骨太ショック
埼玉,6 TBS1,2026-07-26,09:54,サンデー・ジャポン 延長国会閉幕…議員直撃！▽堺雅人が緊急生出演！スタジオ生考察
埼玉,6 TBS1,2026-07-26,11:35,上田晋也のサンデーQ🈑堺雅人が生出演「VIVANT」エキストラは4千人！聖地先取り巡礼
埼玉,6 TBS1,2026-07-26,12:54,ゆたかな食の未来をさがして【長野「姨捨の棚田」初夏の田植え】🈖🈑
埼玉,6 TBS1,2026-07-26,12:57,デジタル一番星＋🈖🈑
埼玉,6 TBS1,2026-07-26,13:00,週刊さんまとマツコ🈖🈑 婚活界の女帝・植草美幸が翔工務店のダメ社員軍団を徹底指導
埼玉,6 TBS1,2026-07-26,13:27,四季折々の贈り物 〜ミルクセーキ〜🈖🈑
埼玉,6 TBS1,2026-07-26,13:30,日本くらべてみたら★有名タレントを地方局にレンタルしてみたら？🈑
埼玉,6 TBS1,2026-07-26,14:30,THE神業チャレンジ★28日よる7時！タイムレス篠塚VSクレーン＆桃田VS強豪校🈑
埼玉,6 TBS1,2026-07-26,15:30,今夜予定どうですか？🈑
埼玉,6 TBS1,2026-07-26,16:27,With☆ベイ サンデー🈑
埼玉,6 TBS1,2026-07-26,16:30,レッツゴー怪奇組 第四怪🈑
埼玉,6 TBS1,2026-07-26,17:00,日5「正反対な君と僕」 ＃16「新学期」🈑🈓
埼玉,6 TBS1,2026-07-26,17:30,Nスタ🈑 「飛鳥・藤原の宮都」が世界遺産新登録なるか▽「土用の丑の日」うなぎ店は
埼玉,6 TBS1,2026-07-26,18:00,世界遺産／バリ島 1000年続く棚田の絶景（インドネシア）🈖🈑
埼玉,6 TBS1,2026-07-26,18:30,ベスコングルメ★夏の軽井沢SP・そば通DEEN池森オススメの手打ちそば名店へ🈖🈑🈓
埼玉,6 TBS1,2026-07-26,19:00,バナナマンのせっかくグルメ★VIVANT堺雅人＆濱田岳と日村が人気リゾート地🈑🈓
埼玉,6 TBS1,2026-07-26,20:00,VIVANT直前生放送★堺×阿部×二宮×松坂が集結！今からでも間に合うSPダイジェスト🈑
埼玉,6 TBS1,2026-07-26,21:00,🈟日曜劇場「VIVANT」第11話🈖🈑
埼玉,6 TBS1,2026-07-26,22:19,むしめがね 〜真の価値をのぞく〜🈖🈑
埼玉,6 TBS1,2026-07-26,22:25,日曜日の初耳学◆堺雅人×林修『VIVANT』放送直後90分SP阿部寛＆初出しメイキング映像
埼玉,6 TBS1,2026-07-26,23:49,東京空色さんぽ🈖🈑
埼玉,6 TBS1,2026-07-26,23:55,黒猫と魔女の教室🈑🈓 ＃16「イオ・トーラス がんばります」【アガルアニメ】
埼玉,7 テレ東,2026-07-26,03:55,ものスタ サンデー
埼玉,7 テレ東,2026-07-26,05:20,ウオッチ！7🈑🈐
埼玉,7 テレ東,2026-07-26,05:30,洋子の演歌一直線
埼玉,7 テレ東,2026-07-26,06:00,韓流朝ドラ6 夏の香り ＃8 疑惑の発覚（後編）🈓🈔
埼玉,7 テレ東,2026-07-26,06:30,サンデーテレショップ
埼玉,7 テレ東,2026-07-26,07:00,アニもり！🈑
埼玉,7 テレ東,2026-07-26,07:30,ポケモンとどこいく！？【チャンピオンズ対決に派手刺客でバトル部ピンチ！】🈑🈓
埼玉,7 テレ東,2026-07-26,08:30,トミプラワールドのりのりタイムズ！！🈑
埼玉,7 テレ東,2026-07-26,09:00,ギャビーのドールハウス 118話 新しい家族のベニー・ボックス（前編）🈑🈔
埼玉,7 テレ東,2026-07-26,09:15,ぷにるんず ぷに3 第17話『くーるんとカチコチあいるん♪』🈞🈑
埼玉,7 テレ東,2026-07-26,09:30,おねがいアイプリ あおいとおねがいかなえ隊🈑
埼玉,7 テレ東,2026-07-26,10:00,武井壮のゴルフバッグ担いでください▽永久保存版！宮里優作プロのゴルフレッスン🈑
埼玉,7 テレ東,2026-07-26,10:30,優香のサンデークッキング【レンジde簡単ナスキーマ&グリルde焼きナス】🈑
埼玉,7 テレ東,2026-07-26,11:00,ぺこもぐキッチン【真夏のアジフライSP】石原良純の大好物を三枚おろしから調理！🈑
埼玉,7 テレ東,2026-07-26,11:30,種から植えるTV【児嶋＆Girls2がDIYビニールハウス大修復＆爽やか梅パスタ】🈑
埼玉,7 テレ東,2026-07-26,12:00,家、ついて行ってイイですか？予習復習スペシャル 最新作は今夜8時50分から！🈑
埼玉,7 テレ東,2026-07-26,12:54,開運！なんでも鑑定団【1万円で購入！日本洋画界を代表する巨匠の画に衝撃値】🈞🈑🈖
埼玉,7 テレ東,2026-07-26,13:58,大東建託・いい部屋ネットレディス🈑
埼玉,7 テレ東,2026-07-26,15:15,日曜ミステリー『作家・如月祥子の事件ルポ』主演：賀来千香子🈞🈑🈕🈖
埼玉,7 テレ東,2026-07-26,17:15,全力イノベーターズ〜SDGsに挑むZ世代〜子どもを運動好きに🈑
埼玉,7 テレ東,2026-07-26,17:20,TXNニュース🈑🈐
埼玉,7 テレ東,2026-07-26,17:30,鉄鍋のジャン！「毒を御す者」🈑
埼玉,7 テレ東,2026-07-26,18:00,パズドラ「吹き矢コンボバトル／もう一度見たい！アニメセレクション」🈑🈓
埼玉,7 テレ東,2026-07-26,18:30,日本の海を守る！海上保安庁の激ヤバすぎる最前線100連発SP🈑🈓
埼玉,7 テレ東,2026-07-26,20:50,家、ついて行ってイイですか？菊池風磨愛止まらない女子＆妻夫木涙…亡き妻への想い🈑
埼玉,7 テレ東,2026-07-26,21:54,乾杯、ご一緒してもイイですか？飲食店で一杯おごる代わりに乾杯の理由を聞く番組🈑
埼玉,7 テレ東,2026-07-26,22:00,有吉ぃぃeeeee!【アモアス】クセ者10人でダマし合い！裏切り者は誰だ？🈑
埼玉,7 テレ東,2026-07-26,22:48,高校生ぃぃeeeee!〜STAGE:0への道〜🈑
埼玉,7 テレ東,2026-07-26,22:54,スポーツリアライブ
埼玉,7 テレ東,2026-07-26,23:20,Weekly女子ゴルフ
埼玉,7 テレ東,2026-07-26,23:45,ふつつかな悪女ではございますが〜雛宮蝶鼠とりかえ伝〜 第3話🈑
埼玉,8 フジテレビ,2026-07-26,04:45,ゴルフトリプルマッチ〜世代と性別を超えたガチンコバトル！〜 男子女子シニアが激突
埼玉,8 フジテレビ,2026-07-26,05:40,スワローズ キッズアカデミー🈑
埼玉,8 フジテレビ,2026-07-26,05:45,皇室ご一家🈑
埼玉,8 フジテレビ,2026-07-26,06:00,FNNニュース🈑
埼玉,8 フジテレビ,2026-07-26,06:15,ぱちぱちるんるん★新企画「ムックのうんちくポンッ！」みんなでスッキリしよう！他🈑
埼玉,8 フジテレビ,2026-07-26,07:00,SUNDAYブレイク． 千葉県勝浦でオズワルド伊藤が絶叫アクティビティ体験🈑🈕🈓
埼玉,8 フジテレビ,2026-07-26,08:55,千葉の贈り物〜まごころ配達人〜🈑🈖
埼玉,8 フジテレビ,2026-07-26,09:00,DIGIMON BEATBREAK【消せない夜】 ＃40🈑🈖
埼玉,8 フジテレビ,2026-07-26,09:30,テレビアニメ「鬼滅の刃」シリーズ全編再放送【竈門炭治郎 立志編】🈑🈖🈓
埼玉,8 フジテレビ,2026-07-26,10:00,かのサンド◆学生街で絶品グルメSP！早稲田コスパ抜群グルメ＆学芸大学の名店中華🈑
埼玉,8 フジテレビ,2026-07-26,11:15,ミラモンGOLD🈑
埼玉,8 フジテレビ,2026-07-26,11:45,いいものディノス🈑
埼玉,8 フジテレビ,2026-07-26,11:50,FNN Live News days🈑
埼玉,8 フジテレビ,2026-07-26,12:00,なりゆき街道旅【夏涼しい奥久慈で袋田の滝に感動！名産そば＆奥久慈しゃも親子丼】🈑
埼玉,8 フジテレビ,2026-07-26,14:00,ザ・ノンフィクション 就職先はさる軍団3怒られない時代に芸を磨くということ後編🈑
埼玉,8 フジテレビ,2026-07-26,14:55,ビジネスSwitch 〜時代を照らす企業の戦略〜🈑
埼玉,8 フジテレビ,2026-07-26,15:00,みんなのKEIBA 関屋記念・GⅢ＆東海S・GⅢ 夏の新潟開幕！ ゲスト中山優馬
埼玉,8 フジテレビ,2026-07-26,16:00,個人麺談★谷原章介ラーメン愛爆発トラジャ中村＆松倉の味覚に合う究極の一杯を紹介🈑
埼玉,8 フジテレビ,2026-07-26,17:00,フォーミュラE世界選手権2026東京・第14戦ハイライト🈑
埼玉,8 フジテレビ,2026-07-26,17:25,Live News イット！🈑
埼玉,8 フジテレビ,2026-07-26,18:00,ちびまる子ちゃん【隣町の男子とプールで勝負する／たまちゃんちで日曜大工を】🈑🈖
埼玉,8 フジテレビ,2026-07-26,18:30,サザエさん【憧れの松／うっかりでしっかり ほか】🈑🈖🈓
埼玉,8 フジテレビ,2026-07-26,19:00,千鳥の鬼レンチャン◆鬼ハード初代女王誕生？STU池ちゃん＆高橋成美サビカラ登場🈑
埼玉,8 フジテレビ,2026-07-26,21:00,Mr．サンデー🈑🈓
埼玉,8 フジテレビ,2026-07-26,23:09,ブラックトリック みどころ【新月9ドラマの1話振り返り＆2話先見せ！】🈑
埼玉,8 フジテレビ,2026-07-26,23:15,ワンピース【エルバフの大罪人 冥界のロキ解放！？】🈑🈖
埼玉,8 フジテレビ,2026-07-26,23:45,すぽると！ 大谷翔平のストレートは軌道が読めない⁉スター証言＆脳科学から紐解く🈑
埼玉,3 テレ玉1,2026-07-26,05:00,ミュージックパーク「歌仲間全員集合」🅂
埼玉,3 テレ玉1,2026-07-26,05:30,お買い物生活情報・とれたて！美味いもの市 テレビショッピング
埼玉,3 テレ玉1,2026-07-26,06:00,塩谷育代のベストショット🅂🈞
埼玉,3 テレ玉1,2026-07-26,06:30,TVショッピング・エムズサイエンステレビショッピング🅂
埼玉,3 テレ玉1,2026-07-26,07:00,ゴルフ★パラダイス THE GAME CHANGER🅂🅊
埼玉,3 テレ玉1,2026-07-26,07:30,TVショッピング・ショップジャパン🅂
埼玉,3 テレ玉1,2026-07-26,08:00,テレ玉認定！たまぐるめ 15分版🅂
埼玉,3 テレ玉1,2026-07-26,08:15,カラ1🅂
埼玉,3 テレ玉1,2026-07-26,08:20,彩の国百科🈑🅂
埼玉,3 テレ玉1,2026-07-26,08:30,TVショッピング・新甲賀漢方テレビショッピング🅂
埼玉,3 テレ玉1,2026-07-26,09:00,小桜舞子と三里ゆうじの歌日和🅂
埼玉,3 テレ玉1,2026-07-26,09:15,童謡コーラス♪名曲大合唱＆みんなの音楽会テレビ
埼玉,3 テレ玉1,2026-07-26,09:30,テレ玉認定！たまぐるめ 15分版🅂
埼玉,3 テレ玉1,2026-07-26,09:45,第108回全国高校野球選手権埼玉大会🅂
埼玉,3 テレ玉1,2026-07-26,16:00,佐世保発！生放送テレビショッピング🅂
埼玉,3 テレ玉1,2026-07-26,16:55,テレ玉くんのうた🅂
埼玉,3 テレ玉1,2026-07-26,17:00,彩の国百科🅂
埼玉,3 テレ玉1,2026-07-26,17:05,リリックのうたっておぼえよう！🅂
埼玉,3 テレ玉1,2026-07-26,17:15,ショッピング・野草酵素テレビショッピング🅂
埼玉,3 テレ玉1,2026-07-26,17:45,ウィークエンドニュース サンデー🅂
埼玉,3 テレ玉1,2026-07-26,17:55,テレ玉認定！たまぐるめ🅂
埼玉,3 テレ玉1,2026-07-26,18:00,買物情報・富山常備薬 テレビショッピング🅂
埼玉,3 テレ玉1,2026-07-26,18:30,仮面ライダー＃74
埼玉,3 テレ玉1,2026-07-26,19:00,埼玉ビジネスウオッチ🅂🈞
埼玉,3 テレ玉1,2026-07-26,19:30,大学発掘バラエティ キャンパスライフTV〜尚美学園大学編〜＃1🅂
埼玉,3 テレ玉1,2026-07-26,20:00,祭りの形〜三重に受け継がれる華〜🅂
埼玉,3 テレ玉1,2026-07-26,20:55,テレ玉くんのうた🅂
埼玉,3 テレ玉1,2026-07-26,21:00,高校野球ダイジェスト2026🅂
埼玉,3 テレ玉1,2026-07-26,21:30,サンデーナイトショッピング・ダイレクトテレショップ🅂
埼玉,3 テレ玉1,2026-07-26,22:00,鈴木福 ゴルフはじめました🅂
埼玉,3 テレ玉1,2026-07-26,22:30,BACHプラザ🅂
埼玉,3 テレ玉1,2026-07-26,23:00,シブサワ解体深書🈑🅂🈞
埼玉,3 テレ玉1,2026-07-26,23:30,牧野裕のEnjoyGolf🅂🅊
埼玉,9 TOKYO　..,2026-07-26,05:00,MXショッピング
埼玉,9 TOKYO　..,2026-07-26,05:30,お買い物情報
埼玉,9 TOKYO　..,2026-07-26,06:00,MXショッピング
埼玉,9 TOKYO　..,2026-07-26,06:30,MXショッピング
埼玉,9 TOKYO　..,2026-07-26,07:00,宝塚カフェブレイク ★宙組公演スタートでトップスター会見▼黒蜥蜴の魅力とは？
埼玉,9 TOKYO　..,2026-07-26,07:30,MXショッピング
埼玉,9 TOKYO　..,2026-07-26,08:00,いびってこない義母と義姉 ＃3「名家の娘たち」
埼玉,9 TOKYO　..,2026-07-26,08:26,PUI PUI モルカー ＃3「ネコ救出大作戦」
埼玉,9 TOKYO　..,2026-07-26,08:30,お買い物情報
埼玉,9 TOKYO　..,2026-07-26,09:00,お買い物情報
埼玉,9 TOKYO　..,2026-07-26,09:30,MXショッピング
埼玉,9 TOKYO　..,2026-07-26,09:59,第108回全国高校野球選手権 西東京大会▽決勝〜閉会式
埼玉,9 TOKYO　..,2026-07-26,14:00,MXショッピング
埼玉,9 TOKYO　..,2026-07-26,14:30,水曜どうでしょうプレミア ★試験に出るどうでしょう 日本史⑥🈑
埼玉,9 TOKYO　..,2026-07-26,15:00,MXショッピング
埼玉,9 TOKYO　..,2026-07-26,15:59,番組ガイド
埼玉,9 TOKYO　..,2026-07-26,16:00,スケバン刑事Ⅱ 少女鉄仮面伝説 ★第11話「ベールをぬいだ影の総統」
埼玉,9 TOKYO　..,2026-07-26,16:30,MXショッピング
埼玉,9 TOKYO　..,2026-07-26,17:00,探偵！ナイトスクープ🈖
埼玉,9 TOKYO　..,2026-07-26,17:55,TOKYO MX NEWS
埼玉,9 TOKYO　..,2026-07-26,18:00,東京ホンマもん教室 ★骨太ショックは“ホンマ”か？▼ゲストは門田隆将さん
埼玉,9 TOKYO　..,2026-07-26,19:00,MXショッピング
埼玉,9 TOKYO　..,2026-07-26,19:30,日本のチカラ🈞🈑
埼玉,9 TOKYO　..,2026-07-26,20:00,トウキョウもっともっと！元気計画研究所 ★もっと交通ルールを守れる東京に！
埼玉,9 TOKYO　..,2026-07-26,21:00,ぐらぶるTVちゃんねるっ！ ★小野友樹と加藤英美里がグラブルの魅力をお届けっ！
埼玉,9 TOKYO　..,2026-07-26,21:30,青春ブタ野郎はサンタクロースの夢を見ない ＃4「正義の味方」🈞
埼玉,9 TOKYO　..,2026-07-26,22:00,世界最強の後衛 〜迷宮国の新人探索者〜 ＃4「危急存亡の混浴」
埼玉,9 TOKYO　..,2026-07-26,22:30,君のことが大大大大大好きな100人の彼女 第3期 ＃28
埼玉,9 TOKYO　..,2026-07-26,23:00,二十世紀電氣目録-ユーレカ・エヴリカ- ＃4「信心の娘」
埼玉,9 TOKYO　..,2026-07-26,23:30,刃牙道 ＃4「少年(ボン)」
埼玉,9 TOKYO　..,2026-07-26,05:00,ヒーリングタイム＆ヘッドラインニュース
埼玉,9 TOKYO　..,2026-07-26,06:00,ヒーリングタイム＆ヘッドラインニュース
埼玉,9 TOKYO　..,2026-07-26,06:38,ごりやくさん🈞🈑
埼玉,9 TOKYO　..,2026-07-26,07:00,MXショッピング
埼玉,9 TOKYO　..,2026-07-26,07:30,ヒーリングタイム＆ヘッドラインニュース
埼玉,9 TOKYO　..,2026-07-26,08:00,フラッシュ天気
埼玉,9 TOKYO　..,2026-07-26,08:05,日本ふるさと百景🈑
埼玉,9 TOKYO　..,2026-07-26,08:30,ドルアーガの塔〜the Sword of URUK〜 ＃4「幻影の中へ」🈞
埼玉,9 TOKYO　..,2026-07-26,09:00,ヒーリングタイム＆ヘッドラインニュース
埼玉,9 TOKYO　..,2026-07-26,09:30,童謡コーラス♪名曲大合唱＆みんなの音楽会テレビ
埼玉,9 TOKYO　..,2026-07-26,09:45,ヒーリングタイム＆ヘッドラインニュース
埼玉,9 TOKYO　..,2026-07-26,10:00,Car Xs with NAPAC
埼玉,9 TOKYO　..,2026-07-26,10:30,MXショッピング
埼玉,9 TOKYO　..,2026-07-26,11:00,日本ふるさと百景🈑
埼玉,9 TOKYO　..,2026-07-26,11:25,フラッシュ天気
埼玉,9 TOKYO　..,2026-07-26,11:30,MXショッピング
埼玉,9 TOKYO　..,2026-07-26,12:00,あんぎゃでござる！！
埼玉,9 TOKYO　..,2026-07-26,12:30,MXショッピング
埼玉,9 TOKYO　..,2026-07-26,13:00,ヒーリングタイム＆ヘッドラインニュース
埼玉,9 TOKYO　..,2026-07-26,13:25,ごりやくさん🈑
埼玉,9 TOKYO　..,2026-07-26,13:50,ヒーリングタイム＆ヘッドラインニュース
埼玉,9 TOKYO　..,2026-07-26,13:55,TOKYO MX NEWS
埼玉,9 TOKYO　..,2026-07-26,14:00,第108回全国高校野球選手権 西東京大会▽決勝〜閉会式
埼玉,9 TOKYO　..,2026-07-26,14:30,MXショッピング
埼玉,9 TOKYO　..,2026-07-26,15:00,ヒーリングタイム＆ヘッドラインニュース
埼玉,9 TOKYO　..,2026-07-26,15:38,ごりやくさん🈞🈑
埼玉,9 TOKYO　..,2026-07-26,16:00,MXショッピング
埼玉,9 TOKYO　..,2026-07-26,16:30,ヒーリングタイム＆ヘッドラインニュース
埼玉,9 TOKYO　..,2026-07-26,16:38,日本ふるさと百景🈑
埼玉,9 TOKYO　..,2026-07-26,17:00,MXショッピング
埼玉,9 TOKYO　..,2026-07-26,17:30,ヒーリングタイム＆ヘッドラインニュース
埼玉,9 TOKYO　..,2026-07-26,17:38,ごりやくさん🈞🈑
埼玉,9 TOKYO　..,2026-07-26,18:00,MXショッピング
埼玉,9 TOKYO　..,2026-07-26,18:30,ヒーリングタイム＆ヘッドラインニュース
埼玉,9 TOKYO　..,2026-07-26,18:38,ごりやくさん🈞🈑
埼玉,9 TOKYO　..,2026-07-26,19:00,ヒーリングタイム＆ヘッドラインニュース
埼玉,9 TOKYO　..,2026-07-26,20:00,MXショッピング
埼玉,9 TOKYO　..,2026-07-26,20:30,ヒーリングタイム＆ヘッドラインニュース
埼玉,9 TOKYO　..,2026-07-26,20:38,ごりやくさん🈑
埼玉,9 TOKYO　..,2026-07-26,21:00,MXショッピング
埼玉,9 TOKYO　..,2026-07-26,21:30,MXショッピング
埼玉,9 TOKYO　..,2026-07-26,22:00,ヒーリングタイム＆ヘッドラインニュース
埼玉,9 TOKYO　..,2026-07-26,23:00,ヒーリングタイム＆ヘッドラインニュース
千葉,1 NHK総合1..,2026-07-26,05:00,ニュース・気象情報
千葉,1 NHK総合1..,2026-07-26,05:10,Jリーグと私 あの試合を忘れない ＃17 横浜FM🈑
千葉,1 NHK総合1..,2026-07-26,05:15,週末のNスペは… 激変・安全保障 日本の進路は🈑
千葉,1 NHK総合1..,2026-07-26,05:20,桂文珍の演芸図鑑 レ・ロマネスクTOBI 柳亭小燕枝 三拍子🈑
千葉,1 NHK総合1..,2026-07-26,05:50,気象情報
千葉,1 NHK総合1..,2026-07-26,06:00,ニュース
千葉,1 NHK総合1..,2026-07-26,06:10,【特選！時代劇】大岡越前8 🈟（1）「燃える牢屋敷」🈖🈑
千葉,1 NHK総合1..,2026-07-26,06:53,気象情報
千葉,1 NHK総合1..,2026-07-26,06:55,ニュース・気象情報（関東甲信越）🈑
千葉,1 NHK総合1..,2026-07-26,07:00,NHKニュース おはよう日本 7月26日（日）🈑
千葉,1 NHK総合1..,2026-07-26,07:40,NHKニュース おはよう首都圏（関東甲信越）🈑
千葉,1 NHK総合1..,2026-07-26,07:45,さわやか自然百景 青森 屏風山湿原池沼群🈑
千葉,1 NHK総合1..,2026-07-26,08:00,小さな旅「大原を継ぐ 〜京都市 左京区〜」🈖🈑
千葉,1 NHK総合1..,2026-07-26,08:25,Dearにっぽん「私たちが新聞を書く理由〜滋賀・虎姫高校〜」🈑
千葉,1 NHK総合1..,2026-07-26,08:50,あさイチの鈴木奈穂子アナが「NHK ONE」を解説🈑
千葉,1 NHK総合1..,2026-07-26,08:57,気象情報
千葉,1 NHK総合1..,2026-07-26,09:00,日曜討論 徹底解説！暑さはどこまで？対策は
千葉,1 NHK総合1..,2026-07-26,10:00,ニュース・気象情報🈑
千葉,1 NHK総合1..,2026-07-26,10:05,第108回全国高校野球選手権埼玉大会 決勝「浦和学院」対「花咲徳栄」🈑
千葉,1 NHK総合1..,2026-07-26,11:53,サブチャンネル切り替え方法のご案内
千葉,1 NHK総合1..,2026-07-26,11:54,気象情報
千葉,1 NHK総合1..,2026-07-26,12:00,ニュース🈑
千葉,1 NHK総合1..,2026-07-26,12:10,ニュース（関東甲信越）🈑
千葉,1 NHK総合1..,2026-07-26,12:15,第108回全国高校野球選手権埼玉大会 決勝「浦和学院」対「花咲徳栄」🈑
千葉,1 NHK総合1..,2026-07-26,13:00,ニュース・気象情報🈑
千葉,1 NHK総合1..,2026-07-26,13:05,ダーウィンが来た！「相葉さんと探せ！ミクロいきもの超ワールド」🈖🈑🈞
千葉,1 NHK総合1..,2026-07-26,13:35,さわやか自然百景10min．（37）兵庫 猫崎の海と黒川渓谷🈑
千葉,1 NHK総合1..,2026-07-26,13:45,JAPAN DELISH 5min カレーライス🈑
千葉,1 NHK総合1..,2026-07-26,13:50,アニメまとめPR 放送中！注目の3番組ほか🈑
千葉,1 NHK総合1..,2026-07-26,13:55,第108回全国高校野球選手権神奈川大会 決勝「横浜」対「桐光学園」🈑
千葉,1 NHK総合1..,2026-07-26,14:59,サブチャンネル切り替え方法のご案内
千葉,1 NHK総合1..,2026-07-26,15:00,ニュース・気象情報🈑
千葉,1 NHK総合1..,2026-07-26,15:05,大相撲（2026年） 名古屋場所 千秋楽🈑
千葉,1 NHK総合1..,2026-07-26,15:30,大相撲（2026年） 名古屋場所 千秋楽 優勝力士・三賞力士インタビュー🈔🈑
千葉,1 NHK総合1..,2026-07-26,18:00,ニュース🈑
千葉,1 NHK総合1..,2026-07-26,18:05,有吉のお金発見 突撃！カネオくん 令和に再ブーム！RCカーのヒミツ🈑
千葉,1 NHK総合1..,2026-07-26,18:45,ニュース645（関東・山梨）🈑
千葉,1 NHK総合1..,2026-07-26,19:00,NHKニュース7🈔🈑
千葉,1 NHK総合1..,2026-07-26,19:30,ダーウィンが来た！「最大の味方！最強のライバル！？動物兄弟」🈖🈑
千葉,1 NHK総合1..,2026-07-26,20:00,豊臣兄弟！（29）天下への道🈖🈑
千葉,1 NHK総合1..,2026-07-26,20:45,ニュース🈑🈐
千葉,1 NHK総合1..,2026-07-26,20:55,ニュース・気象情報（関東甲信越）🈑🈐
千葉,1 NHK総合1..,2026-07-26,21:00,NHKスペシャル 激変・安全保障 “力の支配”と揺らぐ国際秩序 日本の針路は🈑
千葉,1 NHK総合1..,2026-07-26,22:00,サンデースポーツ🈑
千葉,1 NHK総合1..,2026-07-26,22:50,ニュース・気象情報🈑
千葉,1 NHK総合1..,2026-07-26,22:55,ハロー！NHKワールドJAPAN 7月の地域特集・山口県関連番組紹介🈑
千葉,1 NHK総合1..,2026-07-26,23:00,DOC（ドック）3 あすへのカルテ（8）「暗闇の先へ」🈔🈑
千葉,1 NHK総合1..,2026-07-26,23:59,連続テレビ小説「ひよっこ」再放送PR
千葉,2 NHKEテレ..,2026-07-26,05:00,こころの時代 わからなさのなかで〜最首悟の思想をたどる〜🈑🈞
千葉,2 NHKEテレ..,2026-07-26,06:00,NHK短歌 わたしの宮沢賢治 テーマ「月」🈑
千葉,2 NHKEテレ..,2026-07-26,06:25,テレビ体操🈑
千葉,2 NHKEテレ..,2026-07-26,06:35,NHK俳句 題「七夕」🈑
千葉,2 NHKEテレ..,2026-07-26,07:00,第93回NHK全国学校音楽コンクール みんなの合唱レッスン・高等学校の部🈑
千葉,2 NHKEテレ..,2026-07-26,07:10,第93回NHK全国学校音楽コンクール みんなの合唱レッスン・中学校の部🈑
千葉,2 NHKEテレ..,2026-07-26,07:20,第93回NHK全国学校音楽コンクール みんなの合唱レッスン・小学校の部🈑
千葉,2 NHKEテレ..,2026-07-26,07:30,おとうさんといっしょ「まねまねどんぐー」🈑🈞
千葉,2 NHKEテレ..,2026-07-26,08:00,やさいの時間 みんなの菜園物語 兵庫県（後編）🈑
千葉,2 NHKEテレ..,2026-07-26,08:25,趣味の園芸 京も一日陽だまり屋「の〜んびり 蘇鉄（そてつ）」🈑
千葉,2 NHKEテレ..,2026-07-26,08:30,趣味の園芸 選 ステキをセレクト！タネから育てるコスモス🈑
千葉,2 NHKEテレ..,2026-07-26,08:55,no art，no life「洋一」🈑
千葉,2 NHKEテレ..,2026-07-26,09:00,日曜美術館 陶芸家ルーシー・リー 繊細でたくましい器🈑
千葉,2 NHKEテレ..,2026-07-26,09:45,日曜美術館 アートシーン「まなざしの奇跡 日本女性写真家の冒険」展🈑
千葉,2 NHKEテレ..,2026-07-26,10:00,将棋フォーカス 選 フォーカス流・観る将検定 第2回！🈑
千葉,2 NHKEテレ..,2026-07-26,10:30,第76回 NHK杯テレビ将棋トーナメント 1回戦第17局 羽生九段×横山七段🈑
千葉,2 NHKEテレ..,2026-07-26,12:00,囲碁フォーカス 選 知らずに使っている！？「囲碁用語」🈑
千葉,2 NHKEテレ..,2026-07-26,12:30,第74回NHK杯テレビ囲碁トーナメント1回戦第17局酒井佑規七段×加藤千笑四段🈑
千葉,2 NHKEテレ..,2026-07-26,14:00,日本の話芸 柳家蝠丸 落語「叩き蟹」🈖🈑
千葉,2 NHKEテレ..,2026-07-26,14:30,アニメ 青のオーケストラ シーズン2（1）「ほころび」🈑
千葉,2 NHKEテレ..,2026-07-26,14:55,アニメ 青のオーケストラ シーズン2（2）「波紋」🈑
千葉,2 NHKEテレ..,2026-07-26,15:20,アニメ 青のオーケストラ シーズン2（3）「ケジメ」🈑
千葉,2 NHKEテレ..,2026-07-26,15:45,アニメ 青のオーケストラ シーズン2（4）「体育祭」🈑
千葉,2 NHKEテレ..,2026-07-26,16:10,ピタゴラミングスイッチ2🈑🈞
千葉,2 NHKEテレ..,2026-07-26,16:30,ざわざわ森のがんこちゃん30周年スペシャルがんこのびっくりおたんじょうび会🈖🈑🈞
千葉,2 NHKEテレ..,2026-07-26,17:00,アニメ アオアシ（17）東京都リーグ第7節 多摩体育大学附属高校戦🈑
千葉,2 NHKEテレ..,2026-07-26,17:25,レディー・グレース 女王陛下のスパイ（4）「迷える女王」🈔🈑
千葉,2 NHKEテレ..,2026-07-26,17:50,こども手話ウイークリー🈐
千葉,2 NHKEテレ..,2026-07-26,18:00,木村多江の、いまさらですが… アメリカ建国の立役者 初代財務長官ハミルトン🈖🈑🈞
千葉,2 NHKEテレ..,2026-07-26,18:30,ブリティッシュ・ベイクオフ6（17）チョコレート対決・前編🈔🈑🈞
千葉,2 NHKEテレ..,2026-07-26,19:00,未病息災を願います 選「骨密度」が気になったら🈖🈑
千葉,2 NHKEテレ..,2026-07-26,19:45,365日の献立日記「野菜ずし」🈑
千葉,2 NHKEテレ..,2026-07-26,19:50,5分であさイチ 夏休みの“お昼ごはん”に革命を！🈑
千葉,2 NHKEテレ..,2026-07-26,19:55,NHK手話ニュース🈐
千葉,2 NHKEテレ..,2026-07-26,20:00,日曜美術館 滅びゆく写真 そして人類 現代美術作家・杉本博司🈑🈞
千葉,2 NHKEテレ..,2026-07-26,20:45,日曜美術館 アートシーン「元禄！師宣劇場」展🈑
千葉,2 NHKEテレ..,2026-07-26,21:00,古典芸能への招待 歌舞伎「近江源氏先陣館 盛綱陣屋」大阪松竹座さよなら公演🈕🈑
千葉,2 NHKEテレ..,2026-07-26,23:00,美の壺 選「小さな芸術 干菓子」🈑
千葉,2 NHKEテレ..,2026-07-26,23:30,サイエンスZERO“次世代塗料”が未来を塗り替える！？🈖🈑
千葉,4 日テレ1,2026-07-26,05:00,最新作『キングダム 魂の決戦』に懸けた出演者たちの熱い想い🈞
千葉,4 日テレ1,2026-07-26,05:05,『キングダム 魂の決戦』×米津玄師🈞
千葉,4 日テレ1,2026-07-26,05:10,日テレポシュレモーニング
千葉,4 日テレ1,2026-07-26,05:40,日テレアップDate！🈖🈑
千葉,4 日テレ1,2026-07-26,06:00,皇室日記🈑▽天皇ご一家那須ご静養▽佳子さま「重複障がい者」に寄せる思い
千葉,4 日テレ1,2026-07-26,06:15,NNNニュースサンデー🈐
千葉,4 日テレ1,2026-07-26,06:30,遠くへ行きたい【高橋成美が信州・長野へ】くるみ蕎麦＆清流が育む薬用魚🈖🈑
千葉,4 日テレ1,2026-07-26,07:00,所さんの目がテン！🈑所さんと奥田民生さんが絶品イノシシ肉で燻製作り⁉
千葉,4 日テレ1,2026-07-26,07:30,シューイチ🈑🈓8月から変わること＆新スポット▽秋山＆平子が南房総の体格グルメ堪能
千葉,4 日テレ1,2026-07-26,10:25,一茂×かまいたちゲンバ▼水族館でアシカとご対面▼驚き新食感「糸かき氷」とは？🈑
千葉,4 日テレ1,2026-07-26,11:25,biz search🈑佐藤真知子アナが、JKAの「補助事業」を調査！
千葉,4 日テレ1,2026-07-26,11:30,NNN ストレイトニュース🈑
千葉,4 日テレ1,2026-07-26,11:45,スクール革命！絵と図！真夏のクイズ祭り▼山田＆めるる「即興絵描き歌」で波乱!?🈑
千葉,4 日テレ1,2026-07-26,12:45,メシドラ🈑芸能生活50年の山本耕史とグルメ旅！筋肉・俳優・家族について語りまくる
千葉,4 日テレ1,2026-07-26,14:00,timeleszファミリア▼CanCam編集部に潜入＆爆売れ雑誌ハルメクの秘密🈑
千葉,4 日テレ1,2026-07-26,15:00,24時間テレビ企画大公開SP🈑総合司会は内村光良！テーマは「わたしの家族の話」
千葉,4 日テレ1,2026-07-26,15:55,【アメリカ横断ウルトラクイズ】新MC櫻井翔！地球一周特大スケールで復活SP🈑
千葉,4 日テレ1,2026-07-26,16:55,サンデーPUSHスポーツ🈑ここが辛いよ救援投手…巨人SP！WBC戦士が本音を激白
千葉,4 日テレ1,2026-07-26,17:25,もう笑点🈖🈑「笑点」が始まる前に「もう」始まるのが「もう笑点」。
千葉,4 日テレ1,2026-07-26,17:30,笑点🈖🈑🈓城島茂が座布団運び「ザ！鉄腕！DASH！！」×「笑点」夢のコラボDAY
千葉,4 日テレ1,2026-07-26,18:00,真相報道バンキシャ！🈑独自分析…熱中症患者10人の行動に教訓▽花火大会で湿度検証
千葉,4 日テレ1,2026-07-26,18:55,博士は今日も嫉妬する 人生が楽しくなる最新テクノロジー🈑
千葉,4 日テレ1,2026-07-26,19:00,ザ！鉄腕！DASH！！▽笑点60周年記念夏祭り！師匠全員参加で巨大お好み焼き！🈑
千葉,4 日テレ1,2026-07-26,19:58,イッテQ【お祭り男宮川＆二代目手越】フィンランドで丸太乗って川を下る木材選手権🈑
千葉,4 日テレ1,2026-07-26,20:54,音のソノリティ🈑
千葉,4 日テレ1,2026-07-26,21:00,ゴールデンストーンズ▽番組史上最大‼人気芸人軍団と総勢31名の大混戦バトル🈑
千葉,4 日テレ1,2026-07-26,21:54,日テレ＋「火曜日ははじめてのおつかい」🈑
千葉,4 日テレ1,2026-07-26,22:00,おしゃれクリップ🈖🈑出川哲朗はなぜ愛される？▼妻や一茂が忖度なしでガチ素顔告白
千葉,4 日テレ1,2026-07-26,22:30,ドラマ「一次元の挿し木」第4話【激動の真相が発覚…古人骨と義妹を巡る謎】🈖🈑🈓
千葉,4 日テレ1,2026-07-26,23:25,ダウンタウンのガキの使い！10人で男の勲章歌い切り！エース＆小田参戦で大波乱🈑
千葉,4 日テレ1,2026-07-26,23:55,Going！🈑生出演！渡邊雄太が明かす日本バスケの進化▼赤星絶賛！怪物高校生
千葉,5 テレビ朝日,2026-07-26,05:00,はい！テレビ朝日です🈑
千葉,5 テレビ朝日,2026-07-26,05:20,健康家族テレショップ
千葉,5 テレビ朝日,2026-07-26,05:50,グッド！モーニング🈓🈑
千葉,5 テレビ朝日,2026-07-26,08:00,コウペンちゃん ＃69🈑
千葉,5 テレビ朝日,2026-07-26,08:01,よ〜い！スターと！トビダスクール しなことリボンでTシャツデコ！🈓🈑
千葉,5 テレビ朝日,2026-07-26,08:30,名探偵プリキュア！ ＃26 キュアエクレールの復活！🈓🈑
千葉,5 テレビ朝日,2026-07-26,09:00,仮面ライダーゼッツ 第45話「惑わす」🈓🈑
千葉,5 テレビ朝日,2026-07-26,09:30,🈟角醒ハンター オメガホーン 第1話「角醒せよ！赤き角獣王！」🈓🈑
千葉,5 テレビ朝日,2026-07-26,10:00,新作映画公開記念「映画クレヨンしんちゃん超華麗！灼熱のカスカベダンサーズ」🈑
千葉,5 テレビ朝日,2026-07-26,11:45,つながるピックル🈑
千葉,5 テレビ朝日,2026-07-26,11:50,ANNニュース🈑
千葉,5 テレビ朝日,2026-07-26,12:00,ビートたけしのTVタックル 昭和は驚きの光景が…令和のゴミ問題＆激安リユース店🈑
千葉,5 テレビ朝日,2026-07-26,12:55,新婚さんいらっしゃい！ オーストラリア在住夫婦出場！親戚100人大運動会⁉ 🈖🈑
千葉,5 テレビ朝日,2026-07-26,13:25,華丸丼と大吉麺 荻窪で発見！あのドラマの監修をした三ツ星店の斬新沖縄そば🈑
千葉,5 テレビ朝日,2026-07-26,13:55,林修の今知りたいでしょ！ 傑作選 帯状疱疹・脳卒中・糖尿病！意外な病気のサイン🈑
千葉,5 テレビ朝日,2026-07-26,15:20,路線バスで寄り道の旅 【世界の青木と徳光さんが願いをかなえる珍道中！】🈑
千葉,5 テレビ朝日,2026-07-26,16:30,日曜マイチョイス 日本人になじみの町中華と本場の味㊙ガチ中華を食べ比べる満腹旅🈑
千葉,5 テレビ朝日,2026-07-26,17:25,部活 on Campus🈑
千葉,5 テレビ朝日,2026-07-26,17:30,ANNスーパーJチャンネル🈑
千葉,5 テレビ朝日,2026-07-26,18:00,相葉マナブ 初登場！timelesz佐藤勝利と地引き網！相模湾で何が獲れる？🈑
千葉,5 テレビ朝日,2026-07-26,18:52,食ノ音色🈑
千葉,5 テレビ朝日,2026-07-26,18:56,ポツンと一軒家 2時間SP！84歳チェーンソーアート挑戦！BBQ＆絶景岩風呂🈑
千葉,5 テレビ朝日,2026-07-26,20:56,有働Times🈑
千葉,5 テレビ朝日,2026-07-26,22:15,マイ・フィクション ＃4 刑務所にいるはずの人間🈖🈑
千葉,5 テレビ朝日,2026-07-26,23:09,ペダる！東京🈑
千葉,5 テレビ朝日,2026-07-26,23:15,EIGHT－JAM 【中森明菜特集‼松田聖子・小泉今日子との関係、振付秘話…】🈑
千葉,6 TBS1,2026-07-26,04:40,ぜひモノ
千葉,6 TBS1,2026-07-26,05:40,TBSレビュー🈐
千葉,6 TBS1,2026-07-26,06:00,バナナマンの早起きせっかくグルメ★全国から厳選！極上焼肉のタレでお肉を大満喫！🈑
千葉,6 TBS1,2026-07-26,06:45,JNNニュース🈐
千葉,6 TBS1,2026-07-26,07:00,健康カプセル！ゲンキの時間🈖🈑侮っていると一大事に！？消えないあざに隠れた恐怖
千葉,6 TBS1,2026-07-26,07:30,がっちりマンデー‼CMで良く見るけど知らない会社！渡辺パイプ、INPEX、NGK
千葉,6 TBS1,2026-07-26,08:00,サンデーモーニング🈑高市総理“寝てない”投稿の波紋▽消費税“迷走”と骨太ショック
千葉,6 TBS1,2026-07-26,09:54,サンデー・ジャポン 延長国会閉幕…議員直撃！▽堺雅人が緊急生出演！スタジオ生考察
千葉,6 TBS1,2026-07-26,11:35,上田晋也のサンデーQ🈑堺雅人が生出演「VIVANT」エキストラは4千人！聖地先取り巡礼
千葉,6 TBS1,2026-07-26,12:54,ゆたかな食の未来をさがして【長野「姨捨の棚田」初夏の田植え】🈖🈑
千葉,6 TBS1,2026-07-26,12:57,デジタル一番星＋🈖🈑
千葉,6 TBS1,2026-07-26,13:00,週刊さんまとマツコ🈖🈑 婚活界の女帝・植草美幸が翔工務店のダメ社員軍団を徹底指導
千葉,6 TBS1,2026-07-26,13:27,四季折々の贈り物 〜ミルクセーキ〜🈖🈑
千葉,6 TBS1,2026-07-26,13:30,日本くらべてみたら★有名タレントを地方局にレンタルしてみたら？🈑
千葉,6 TBS1,2026-07-26,14:30,THE神業チャレンジ★28日よる7時！タイムレス篠塚VSクレーン＆桃田VS強豪校🈑
千葉,6 TBS1,2026-07-26,15:30,今夜予定どうですか？🈑
千葉,6 TBS1,2026-07-26,16:27,With☆ベイ サンデー🈑
千葉,6 TBS1,2026-07-26,16:30,レッツゴー怪奇組 第四怪🈑
千葉,6 TBS1,2026-07-26,17:00,日5「正反対な君と僕」 ＃16「新学期」🈑🈓
千葉,6 TBS1,2026-07-26,17:30,Nスタ🈑 「飛鳥・藤原の宮都」が世界遺産新登録なるか▽「土用の丑の日」うなぎ店は
千葉,6 TBS1,2026-07-26,18:00,世界遺産／バリ島 1000年続く棚田の絶景（インドネシア）🈖🈑
千葉,6 TBS1,2026-07-26,18:30,ベスコングルメ★夏の軽井沢SP・そば通DEEN池森オススメの手打ちそば名店へ🈖🈑🈓
千葉,6 TBS1,2026-07-26,19:00,バナナマンのせっかくグルメ★VIVANT堺雅人＆濱田岳と日村が人気リゾート地🈑🈓
千葉,6 TBS1,2026-07-26,20:00,VIVANT直前生放送★堺×阿部×二宮×松坂が集結！今からでも間に合うSPダイジェスト🈑
千葉,6 TBS1,2026-07-26,21:00,🈟日曜劇場「VIVANT」第11話🈖🈑
千葉,6 TBS1,2026-07-26,22:19,むしめがね 〜真の価値をのぞく〜🈖🈑
千葉,6 TBS1,2026-07-26,22:25,日曜日の初耳学◆堺雅人×林修『VIVANT』放送直後90分SP阿部寛＆初出しメイキング映像
千葉,6 TBS1,2026-07-26,23:49,東京空色さんぽ🈖🈑
千葉,6 TBS1,2026-07-26,23:55,黒猫と魔女の教室🈑🈓 ＃16「イオ・トーラス がんばります」【アガルアニメ】
千葉,7 テレ東,2026-07-26,03:55,ものスタ サンデー
千葉,7 テレ東,2026-07-26,05:20,ウオッチ！7🈑🈐
千葉,7 テレ東,2026-07-26,05:30,洋子の演歌一直線
千葉,7 テレ東,2026-07-26,06:00,韓流朝ドラ6 夏の香り ＃8 疑惑の発覚（後編）🈓🈔
千葉,7 テレ東,2026-07-26,06:30,サンデーテレショップ
千葉,7 テレ東,2026-07-26,07:00,アニもり！🈑
千葉,7 テレ東,2026-07-26,07:30,ポケモンとどこいく！？【チャンピオンズ対決に派手刺客でバトル部ピンチ！】🈑🈓
千葉,7 テレ東,2026-07-26,08:30,トミプラワールドのりのりタイムズ！！🈑
千葉,7 テレ東,2026-07-26,09:00,ギャビーのドールハウス 118話 新しい家族のベニー・ボックス（前編）🈑🈔
千葉,7 テレ東,2026-07-26,09:15,ぷにるんず ぷに3 第17話『くーるんとカチコチあいるん♪』🈞🈑
千葉,7 テレ東,2026-07-26,09:30,おねがいアイプリ あおいとおねがいかなえ隊🈑
千葉,7 テレ東,2026-07-26,10:00,武井壮のゴルフバッグ担いでください▽永久保存版！宮里優作プロのゴルフレッスン🈑
千葉,7 テレ東,2026-07-26,10:30,優香のサンデークッキング【レンジde簡単ナスキーマ&グリルde焼きナス】🈑
千葉,7 テレ東,2026-07-26,11:00,ぺこもぐキッチン【真夏のアジフライSP】石原良純の大好物を三枚おろしから調理！🈑
千葉,7 テレ東,2026-07-26,11:30,種から植えるTV【児嶋＆Girls2がDIYビニールハウス大修復＆爽やか梅パスタ】🈑
千葉,7 テレ東,2026-07-26,12:00,家、ついて行ってイイですか？予習復習スペシャル 最新作は今夜8時50分から！🈑
千葉,7 テレ東,2026-07-26,12:54,開運！なんでも鑑定団【1万円で購入！日本洋画界を代表する巨匠の画に衝撃値】🈞🈑🈖
千葉,7 テレ東,2026-07-26,13:58,大東建託・いい部屋ネットレディス🈑
千葉,7 テレ東,2026-07-26,15:15,日曜ミステリー『作家・如月祥子の事件ルポ』主演：賀来千香子🈞🈑🈕🈖
千葉,7 テレ東,2026-07-26,17:15,全力イノベーターズ〜SDGsに挑むZ世代〜子どもを運動好きに🈑
千葉,7 テレ東,2026-07-26,17:20,TXNニュース🈑🈐
千葉,7 テレ東,2026-07-26,17:30,鉄鍋のジャン！「毒を御す者」🈑
千葉,7 テレ東,2026-07-26,18:00,パズドラ「吹き矢コンボバトル／もう一度見たい！アニメセレクション」🈑🈓
千葉,7 テレ東,2026-07-26,18:30,日本の海を守る！海上保安庁の激ヤバすぎる最前線100連発SP🈑🈓
千葉,7 テレ東,2026-07-26,20:50,家、ついて行ってイイですか？菊池風磨愛止まらない女子＆妻夫木涙…亡き妻への想い🈑
千葉,7 テレ東,2026-07-26,21:54,乾杯、ご一緒してもイイですか？飲食店で一杯おごる代わりに乾杯の理由を聞く番組🈑
千葉,7 テレ東,2026-07-26,22:00,有吉ぃぃeeeee!【アモアス】クセ者10人でダマし合い！裏切り者は誰だ？🈑
千葉,7 テレ東,2026-07-26,22:48,高校生ぃぃeeeee!〜STAGE:0への道〜🈑
千葉,7 テレ東,2026-07-26,22:54,スポーツリアライブ
千葉,7 テレ東,2026-07-26,23:20,Weekly女子ゴルフ
千葉,7 テレ東,2026-07-26,23:45,ふつつかな悪女ではございますが〜雛宮蝶鼠とりかえ伝〜 第3話🈑
千葉,8 フジテレビ,2026-07-26,04:45,ゴルフトリプルマッチ〜世代と性別を超えたガチンコバトル！〜 男子女子シニアが激突
千葉,8 フジテレビ,2026-07-26,05:40,スワローズ キッズアカデミー🈑
千葉,8 フジテレビ,2026-07-26,05:45,皇室ご一家🈑
千葉,8 フジテレビ,2026-07-26,06:00,FNNニュース🈑
千葉,8 フジテレビ,2026-07-26,06:15,ぱちぱちるんるん★新企画「ムックのうんちくポンッ！」みんなでスッキリしよう！他🈑
千葉,8 フジテレビ,2026-07-26,07:00,SUNDAYブレイク． 千葉県勝浦でオズワルド伊藤が絶叫アクティビティ体験🈑🈕🈓
千葉,8 フジテレビ,2026-07-26,08:55,千葉の贈り物〜まごころ配達人〜🈑🈖
千葉,8 フジテレビ,2026-07-26,09:00,DIGIMON BEATBREAK【消せない夜】 ＃40🈑🈖
千葉,8 フジテレビ,2026-07-26,09:30,テレビアニメ「鬼滅の刃」シリーズ全編再放送【竈門炭治郎 立志編】🈑🈖🈓
千葉,8 フジテレビ,2026-07-26,10:00,かのサンド◆学生街で絶品グルメSP！早稲田コスパ抜群グルメ＆学芸大学の名店中華🈑
千葉,8 フジテレビ,2026-07-26,11:15,ミラモンGOLD🈑
千葉,8 フジテレビ,2026-07-26,11:45,いいものディノス🈑
千葉,8 フジテレビ,2026-07-26,11:50,FNN Live News days🈑
千葉,8 フジテレビ,2026-07-26,12:00,なりゆき街道旅【夏涼しい奥久慈で袋田の滝に感動！名産そば＆奥久慈しゃも親子丼】🈑
千葉,8 フジテレビ,2026-07-26,14:00,ザ・ノンフィクション 就職先はさる軍団3怒られない時代に芸を磨くということ後編🈑
千葉,8 フジテレビ,2026-07-26,14:55,ビジネスSwitch 〜時代を照らす企業の戦略〜🈑
千葉,8 フジテレビ,2026-07-26,15:00,みんなのKEIBA 関屋記念・GⅢ＆東海S・GⅢ 夏の新潟開幕！ ゲスト中山優馬
千葉,8 フジテレビ,2026-07-26,16:00,個人麺談★谷原章介ラーメン愛爆発トラジャ中村＆松倉の味覚に合う究極の一杯を紹介🈑
千葉,8 フジテレビ,2026-07-26,17:00,フォーミュラE世界選手権2026東京・第14戦ハイライト🈑
千葉,8 フジテレビ,2026-07-26,17:25,Live News イット！🈑
千葉,8 フジテレビ,2026-07-26,18:00,ちびまる子ちゃん【隣町の男子とプールで勝負する／たまちゃんちで日曜大工を】🈑🈖
千葉,8 フジテレビ,2026-07-26,18:30,サザエさん【憧れの松／うっかりでしっかり ほか】🈑🈖🈓
千葉,8 フジテレビ,2026-07-26,19:00,千鳥の鬼レンチャン◆鬼ハード初代女王誕生？STU池ちゃん＆高橋成美サビカラ登場🈑
千葉,8 フジテレビ,2026-07-26,21:00,Mr．サンデー🈑🈓
千葉,8 フジテレビ,2026-07-26,23:09,ブラックトリック みどころ【新月9ドラマの1話振り返り＆2話先見せ！】🈑
千葉,8 フジテレビ,2026-07-26,23:15,ワンピース【エルバフの大罪人 冥界のロキ解放！？】🈑🈖
千葉,8 フジテレビ,2026-07-26,23:45,すぽると！ 大谷翔平のストレートは軌道が読めない⁉スター証言＆脳科学から紐解く🈑
千葉,3 チバテレ1,2026-07-26,04:55,生活情報
千葉,3 チバテレ1,2026-07-26,05:25,ちば美彩 extra Animals
千葉,3 チバテレ1,2026-07-26,05:30,生活情報
千葉,3 チバテレ1,2026-07-26,06:00,田村亮の釣りならまかせろ！
千葉,3 チバテレ1,2026-07-26,06:30,ショップジャパン
千葉,3 チバテレ1,2026-07-26,07:00,竹島宏の歌MAX
千葉,3 チバテレ1,2026-07-26,07:30,知里と修右のミュージックエッセンス🈞
千葉,3 チバテレ1,2026-07-26,08:00,生活情報
千葉,3 チバテレ1,2026-07-26,08:30,ちば文化資産🈑▽館山城・館山公園／猪鼻城址／佐倉チューリップフェスタ
千葉,3 チバテレ1,2026-07-26,08:45,ほっと！ヒット！歌謡曲
千葉,3 チバテレ1,2026-07-26,09:00,ショップジャパン
千葉,3 チバテレ1,2026-07-26,09:30,夏の高校野球千葉大会▽決勝
千葉,3 チバテレ1,2026-07-26,14:00,生活情報
千葉,3 チバテレ1,2026-07-26,14:30,ONGAX
千葉,3 チバテレ1,2026-07-26,15:00,ちば歴史散歩 千葉の偉人「大原幽学」
千葉,3 チバテレ1,2026-07-26,15:05,日本ふるさと百景▽群馬編3🈑
千葉,3 チバテレ1,2026-07-26,15:30,ショップジャパン
千葉,3 チバテレ1,2026-07-26,16:00,佐世保発ショッピング 期間限定商品がお得
千葉,3 チバテレ1,2026-07-26,16:55,天気予報
千葉,3 チバテレ1,2026-07-26,17:00,お昼の快傑！TV
千葉,3 チバテレ1,2026-07-26,17:30,生活情報
千葉,3 チバテレ1,2026-07-26,18:00,newsチバ
千葉,3 チバテレ1,2026-07-26,18:05,浅草お茶の間寄席
千葉,3 チバテレ1,2026-07-26,18:35,ごりやくさん▽吉備津神社🈞🈑
千葉,3 チバテレ1,2026-07-26,19:00,Rising Reysol！▽2026/27シーズン新戦力を分析！
千葉,3 チバテレ1,2026-07-26,19:30,WIN BY ALL！
千葉,3 チバテレ1,2026-07-26,19:45,チュバチュバワンダーランド つくってみチャオ！「ヘアアレンジボード」🈞🈑
千葉,3 チバテレ1,2026-07-26,20:00,成田祇園祭
千葉,3 チバテレ1,2026-07-26,20:30,ちば見聞録 「成田空港と牧士の里」（成田・富里）🈑
千葉,3 チバテレ1,2026-07-26,20:55,生活情報
千葉,3 チバテレ1,2026-07-26,21:25,天気予報
千葉,3 チバテレ1,2026-07-26,21:30,牧野裕のEnjoy Golf
千葉,3 チバテレ1,2026-07-26,22:00,高校野球ダイジェスト
千葉,3 チバテレ1,2026-07-26,23:00,生活情報
千葉,3 チバテレ1,2026-07-26,23:30,週刊バイクTV🈞▽JAIA輸入車試乗会に初参加！②
千葉,9 TOKYO　..,2026-07-26,05:00,MXショッピング
千葉,9 TOKYO　..,2026-07-26,05:30,お買い物情報
千葉,9 TOKYO　..,2026-07-26,06:00,MXショッピング
千葉,9 TOKYO　..,2026-07-26,06:30,MXショッピング
千葉,9 TOKYO　..,2026-07-26,07:00,宝塚カフェブレイク ★宙組公演スタートでトップスター会見▼黒蜥蜴の魅力とは？
千葉,9 TOKYO　..,2026-07-26,07:30,MXショッピング
千葉,9 TOKYO　..,2026-07-26,08:00,いびってこない義母と義姉 ＃3「名家の娘たち」
千葉,9 TOKYO　..,2026-07-26,08:26,PUI PUI モルカー ＃3「ネコ救出大作戦」
千葉,9 TOKYO　..,2026-07-26,08:30,お買い物情報
千葉,9 TOKYO　..,2026-07-26,09:00,お買い物情報
千葉,9 TOKYO　..,2026-07-26,09:30,MXショッピング
千葉,9 TOKYO　..,2026-07-26,09:59,第108回全国高校野球選手権 西東京大会▽決勝〜閉会式
千葉,9 TOKYO　..,2026-07-26,14:00,MXショッピング
千葉,9 TOKYO　..,2026-07-26,14:30,水曜どうでしょうプレミア ★試験に出るどうでしょう 日本史⑥🈑
千葉,9 TOKYO　..,2026-07-26,15:00,MXショッピング
千葉,9 TOKYO　..,2026-07-26,15:59,番組ガイド
千葉,9 TOKYO　..,2026-07-26,16:00,スケバン刑事Ⅱ 少女鉄仮面伝説 ★第11話「ベールをぬいだ影の総統」
千葉,9 TOKYO　..,2026-07-26,16:30,MXショッピング
千葉,9 TOKYO　..,2026-07-26,17:00,探偵！ナイトスクープ🈖
千葉,9 TOKYO　..,2026-07-26,17:55,TOKYO MX NEWS
千葉,9 TOKYO　..,2026-07-26,18:00,東京ホンマもん教室 ★骨太ショックは“ホンマ”か？▼ゲストは門田隆将さん
千葉,9 TOKYO　..,2026-07-26,19:00,MXショッピング
千葉,9 TOKYO　..,2026-07-26,19:30,日本のチカラ🈞🈑
千葉,9 TOKYO　..,2026-07-26,20:00,トウキョウもっともっと！元気計画研究所 ★もっと交通ルールを守れる東京に！
千葉,9 TOKYO　..,2026-07-26,21:00,ぐらぶるTVちゃんねるっ！ ★小野友樹と加藤英美里がグラブルの魅力をお届けっ！
千葉,9 TOKYO　..,2026-07-26,21:30,青春ブタ野郎はサンタクロースの夢を見ない ＃4「正義の味方」🈞
千葉,9 TOKYO　..,2026-07-26,22:00,世界最強の後衛 〜迷宮国の新人探索者〜 ＃4「危急存亡の混浴」
千葉,9 TOKYO　..,2026-07-26,22:30,君のことが大大大大大好きな100人の彼女 第3期 ＃28
千葉,9 TOKYO　..,2026-07-26,23:00,二十世紀電氣目録-ユーレカ・エヴリカ- ＃4「信心の娘」
千葉,9 TOKYO　..,2026-07-26,23:30,刃牙道 ＃4「少年(ボン)」
千葉,9 TOKYO　..,2026-07-26,05:00,ヒーリングタイム＆ヘッドラインニュース
千葉,9 TOKYO　..,2026-07-26,06:00,ヒーリングタイム＆ヘッドラインニュース
千葉,9 TOKYO　..,2026-07-26,06:38,ごりやくさん🈞🈑
千葉,9 TOKYO　..,2026-07-26,07:00,MXショッピング
千葉,9 TOKYO　..,2026-07-26,07:30,ヒーリングタイム＆ヘッドラインニュース
千葉,9 TOKYO　..,2026-07-26,08:00,フラッシュ天気
千葉,9 TOKYO　..,2026-07-26,08:05,日本ふるさと百景🈑
千葉,9 TOKYO　..,2026-07-26,08:30,ドルアーガの塔〜the Sword of URUK〜 ＃4「幻影の中へ」🈞
千葉,9 TOKYO　..,2026-07-26,09:00,ヒーリングタイム＆ヘッドラインニュース
千葉,9 TOKYO　..,2026-07-26,09:30,童謡コーラス♪名曲大合唱＆みんなの音楽会テレビ
千葉,9 TOKYO　..,2026-07-26,09:45,ヒーリングタイム＆ヘッドラインニュース
千葉,9 TOKYO　..,2026-07-26,10:00,Car Xs with NAPAC
千葉,9 TOKYO　..,2026-07-26,10:30,MXショッピング
千葉,9 TOKYO　..,2026-07-26,11:00,日本ふるさと百景🈑
千葉,9 TOKYO　..,2026-07-26,11:25,フラッシュ天気
千葉,9 TOKYO　..,2026-07-26,11:30,MXショッピング
千葉,9 TOKYO　..,2026-07-26,12:00,あんぎゃでござる！！
千葉,9 TOKYO　..,2026-07-26,12:30,MXショッピング
千葉,9 TOKYO　..,2026-07-26,13:00,ヒーリングタイム＆ヘッドラインニュース
千葉,9 TOKYO　..,2026-07-26,13:25,ごりやくさん🈑
千葉,9 TOKYO　..,2026-07-26,13:50,ヒーリングタイム＆ヘッドラインニュース
千葉,9 TOKYO　..,2026-07-26,13:55,TOKYO MX NEWS
千葉,9 TOKYO　..,2026-07-26,14:00,第108回全国高校野球選手権 西東京大会▽決勝〜閉会式
千葉,9 TOKYO　..,2026-07-26,14:30,MXショッピング
千葉,9 TOKYO　..,2026-07-26,15:00,ヒーリングタイム＆ヘッドラインニュース
千葉,9 TOKYO　..,2026-07-26,15:38,ごりやくさん🈞🈑
千葉,9 TOKYO　..,2026-07-26,16:00,MXショッピング
千葉,9 TOKYO　..,2026-07-26,16:30,ヒーリングタイム＆ヘッドラインニュース
千葉,9 TOKYO　..,2026-07-26,16:38,日本ふるさと百景🈑
千葉,9 TOKYO　..,2026-07-26,17:00,MXショッピング
千葉,9 TOKYO　..,2026-07-26,17:30,ヒーリングタイム＆ヘッドラインニュース
千葉,9 TOKYO　..,2026-07-26,17:38,ごりやくさん🈞🈑
千葉,9 TOKYO　..,2026-07-26,18:00,MXショッピング
千葉,9 TOKYO　..,2026-07-26,18:30,ヒーリングタイム＆ヘッドラインニュース
千葉,9 TOKYO　..,2026-07-26,18:38,ごりやくさん🈞🈑
千葉,9 TOKYO　..,2026-07-26,19:00,ヒーリングタイム＆ヘッドラインニュース
千葉,9 TOKYO　..,2026-07-26,20:00,MXショッピング
千葉,9 TOKYO　..,2026-07-26,20:30,ヒーリングタイム＆ヘッドラインニュース
千葉,9 TOKYO　..,2026-07-26,20:38,ごりやくさん🈑
千葉,9 TOKYO　..,2026-07-26,21:00,MXショッピング
千葉,9 TOKYO　..,2026-07-26,21:30,MXショッピング
千葉,9 TOKYO　..,2026-07-26,22:00,ヒーリングタイム＆ヘッドラインニュース
千葉,9 TOKYO　..,2026-07-26,23:00,ヒーリングタイム＆ヘッドラインニュース
千葉,3 tvk1,2026-07-26,04:50,朝の周波数カード
千葉,3 tvk1,2026-07-26,05:20,ドロンコロン
千葉,3 tvk1,2026-07-26,05:25,tvkお買物情報
千葉,3 tvk1,2026-07-26,05:54,weather report
千葉,3 tvk1,2026-07-26,05:55,tvkお買物情報
千葉,3 tvk1,2026-07-26,06:24,weather report
千葉,3 tvk1,2026-07-26,06:25,tvkお買物情報
千葉,3 tvk1,2026-07-26,06:55,weather report
千葉,3 tvk1,2026-07-26,07:00,ルアルアチャンネル▽広瀬達樹さんと岩手宮古湾でボートロックフィッシュ
千葉,3 tvk1,2026-07-26,07:30,田村亮の釣りならまかせろ！
千葉,3 tvk1,2026-07-26,08:00,tvkお買物情報
千葉,3 tvk1,2026-07-26,08:30,ライフ・ライン▽人生最高の出会い〜私が見つけた生きる意味〜
千葉,3 tvk1,2026-07-26,09:00,かながわ旬菜ナビ▽旬のフルーツを満喫！ 〜かわさき〜
千葉,3 tvk1,2026-07-26,09:30,tvkお買物情報
千葉,3 tvk1,2026-07-26,10:00,竹村真琴と望月理恵の『ビューティーゴルフ3〜南澤からの挑戦状〜』 第4回
千葉,3 tvk1,2026-07-26,10:15,tvkお買物情報
千葉,3 tvk1,2026-07-26,10:30,tvkお買物情報
千葉,3 tvk1,2026-07-26,11:00,岡崎体育の京の観察日記▽下鴨界隈後編
千葉,3 tvk1,2026-07-26,11:30,tvkお買物情報
千葉,3 tvk1,2026-07-26,11:59,weather report
千葉,3 tvk1,2026-07-26,12:00,音楽缶
千葉,3 tvk1,2026-07-26,12:25,PPV
千葉,3 tvk1,2026-07-26,12:30,ごりやくさん▽吉備津神社🈑🈞
千葉,3 tvk1,2026-07-26,12:55,tvkお買物情報
千葉,3 tvk1,2026-07-26,13:25,weather report
千葉,3 tvk1,2026-07-26,13:30,限界テレビRemix
千葉,3 tvk1,2026-07-26,13:45,第108回全国高等学校野球選手権神奈川大会「決勝・閉会式」
千葉,3 tvk1,2026-07-26,17:55,tvkニュース
千葉,3 tvk1,2026-07-26,18:00,カナフルTV▽知って安心！かながわ夏の涼スポット🈐🈓
千葉,3 tvk1,2026-07-26,18:30,ハートビート・ボイス 津久井やまゆり園事件から10年、心の声を聴く
千葉,3 tvk1,2026-07-26,19:00,tvkお買物情報
千葉,3 tvk1,2026-07-26,19:30,ごりやくさん▽橿原神宮🈑🈞
千葉,3 tvk1,2026-07-26,19:55,weather report
千葉,3 tvk1,2026-07-26,20:00,tvkお買物情報
千葉,3 tvk1,2026-07-26,20:30,音楽缶
千葉,3 tvk1,2026-07-26,20:55,tvkニュース
千葉,3 tvk1,2026-07-26,21:00,ミスター味っ子 第70話「島巡り磯鍋競争！瀬戸内少年料理団の挑戦」
千葉,3 tvk1,2026-07-26,21:30,ルパン三世 PART2 第23話「第4次元の魔女」
千葉,3 tvk1,2026-07-26,22:00,クルマでいこう！▽メーカー深掘り 〜理想を現実に スバル〜
千葉,3 tvk1,2026-07-26,22:30,原田伸郎のめざせパーゴルフⅢ▽ドッキーチーム！バーディーが止まらない？
千葉,3 tvk1,2026-07-26,23:00,ゴルフ★パラダイス-THE GAME CHANGER-
千葉,3 tvk1,2026-07-26,23:30,洋楽天国＋▽マイケル・ジャクソン特集
茨城,1 NHK総合1..,2026-07-26,05:00,ニュース・気象情報
茨城,1 NHK総合1..,2026-07-26,05:10,Jリーグと私 あの試合を忘れない ＃17 横浜FM🈑
茨城,1 NHK総合1..,2026-07-26,05:15,週末のNスペは… 激変・安全保障 日本の進路は🈑
茨城,1 NHK総合1..,2026-07-26,05:20,桂文珍の演芸図鑑 レ・ロマネスクTOBI 柳亭小燕枝 三拍子🈑
茨城,1 NHK総合1..,2026-07-26,05:50,気象情報
茨城,1 NHK総合1..,2026-07-26,06:00,ニュース
茨城,1 NHK総合1..,2026-07-26,06:10,【特選！時代劇】大岡越前8 🈟（1）「燃える牢屋敷」🈖🈑
茨城,1 NHK総合1..,2026-07-26,06:53,気象情報
茨城,1 NHK総合1..,2026-07-26,06:55,ニュース・気象情報（関東甲信越）🈑
茨城,1 NHK総合1..,2026-07-26,07:00,NHKニュース おはよう日本 7月26日（日）🈑
茨城,1 NHK総合1..,2026-07-26,07:40,NHKニュース おはよう首都圏（関東甲信越）🈑
茨城,1 NHK総合1..,2026-07-26,07:45,さわやか自然百景 青森 屏風山湿原池沼群🈑
茨城,1 NHK総合1..,2026-07-26,08:00,小さな旅「大原を継ぐ 〜京都市 左京区〜」🈖🈑
茨城,1 NHK総合1..,2026-07-26,08:25,Dearにっぽん「私たちが新聞を書く理由〜滋賀・虎姫高校〜」🈑
茨城,1 NHK総合1..,2026-07-26,08:50,あさイチの鈴木奈穂子アナが「NHK ONE」を解説🈑
茨城,1 NHK総合1..,2026-07-26,08:57,気象情報
茨城,1 NHK総合1..,2026-07-26,09:00,日曜討論 徹底解説！暑さはどこまで？対策は
茨城,1 NHK総合1..,2026-07-26,10:00,ニュース・気象情報🈑
茨城,1 NHK総合1..,2026-07-26,10:05,第108回全国高校野球選手権埼玉大会 決勝「浦和学院」対「花咲徳栄」🈑
茨城,1 NHK総合1..,2026-07-26,11:53,サブチャンネル切り替え方法のご案内
茨城,1 NHK総合1..,2026-07-26,11:54,気象情報
茨城,1 NHK総合1..,2026-07-26,12:00,ニュース🈑
茨城,1 NHK総合1..,2026-07-26,12:10,ニュース（関東甲信越）🈑
茨城,1 NHK総合1..,2026-07-26,12:15,第108回全国高校野球選手権埼玉大会 決勝「浦和学院」対「花咲徳栄」🈑
茨城,1 NHK総合1..,2026-07-26,13:00,ニュース・気象情報🈑
茨城,1 NHK総合1..,2026-07-26,13:05,ダーウィンが来た！「相葉さんと探せ！ミクロいきもの超ワールド」🈖🈑🈞
茨城,1 NHK総合1..,2026-07-26,13:35,さわやか自然百景10min．（37）兵庫 猫崎の海と黒川渓谷🈑
茨城,1 NHK総合1..,2026-07-26,13:45,JAPAN DELISH 5min カレーライス🈑
茨城,1 NHK総合1..,2026-07-26,13:50,アニメまとめPR 放送中！注目の3番組ほか🈑
茨城,1 NHK総合1..,2026-07-26,13:55,第108回全国高校野球選手権神奈川大会 決勝「横浜」対「桐光学園」🈑
茨城,1 NHK総合1..,2026-07-26,14:59,サブチャンネル切り替え方法のご案内
茨城,1 NHK総合1..,2026-07-26,15:00,ニュース・気象情報🈑
茨城,1 NHK総合1..,2026-07-26,15:05,大相撲（2026年） 名古屋場所 千秋楽🈑
茨城,1 NHK総合1..,2026-07-26,15:30,大相撲（2026年） 名古屋場所 千秋楽 優勝力士・三賞力士インタビュー🈔🈑
茨城,1 NHK総合1..,2026-07-26,18:00,ニュース🈑
茨城,1 NHK総合1..,2026-07-26,18:05,有吉のお金発見 突撃！カネオくん 令和に再ブーム！RCカーのヒミツ🈑
茨城,1 NHK総合1..,2026-07-26,18:45,ニュース645（関東・山梨）🈑
茨城,1 NHK総合1..,2026-07-26,19:00,NHKニュース7🈔🈑
茨城,1 NHK総合1..,2026-07-26,19:30,ダーウィンが来た！「最大の味方！最強のライバル！？動物兄弟」🈖🈑
茨城,1 NHK総合1..,2026-07-26,20:00,豊臣兄弟！（29）天下への道🈖🈑
茨城,1 NHK総合1..,2026-07-26,20:45,ニュース🈑🈐
茨城,1 NHK総合1..,2026-07-26,20:55,ニュース・気象情報（関東甲信越）🈑🈐
茨城,1 NHK総合1..,2026-07-26,21:00,NHKスペシャル 激変・安全保障 “力の支配”と揺らぐ国際秩序 日本の針路は🈑
茨城,1 NHK総合1..,2026-07-26,22:00,サンデースポーツ🈑
茨城,1 NHK総合1..,2026-07-26,22:50,ニュース・気象情報🈑
茨城,1 NHK総合1..,2026-07-26,22:55,ハロー！NHKワールドJAPAN 7月の地域特集・山口県関連番組紹介🈑
茨城,1 NHK総合1..,2026-07-26,23:00,DOC（ドック）3 あすへのカルテ（8）「暗闇の先へ」🈔🈑
茨城,1 NHK総合1..,2026-07-26,23:59,連続テレビ小説「ひよっこ」再放送PR
茨城,2 NHKEテレ..,2026-07-26,05:00,こころの時代 わからなさのなかで〜最首悟の思想をたどる〜🈑🈞
茨城,2 NHKEテレ..,2026-07-26,06:00,NHK短歌 わたしの宮沢賢治 テーマ「月」🈑
茨城,2 NHKEテレ..,2026-07-26,06:25,テレビ体操🈑
茨城,2 NHKEテレ..,2026-07-26,06:35,NHK俳句 題「七夕」🈑
茨城,2 NHKEテレ..,2026-07-26,07:00,第93回NHK全国学校音楽コンクール みんなの合唱レッスン・高等学校の部🈑
茨城,2 NHKEテレ..,2026-07-26,07:10,第93回NHK全国学校音楽コンクール みんなの合唱レッスン・中学校の部🈑
茨城,2 NHKEテレ..,2026-07-26,07:20,第93回NHK全国学校音楽コンクール みんなの合唱レッスン・小学校の部🈑
茨城,2 NHKEテレ..,2026-07-26,07:30,おとうさんといっしょ「まねまねどんぐー」🈑🈞
茨城,2 NHKEテレ..,2026-07-26,08:00,やさいの時間 みんなの菜園物語 兵庫県（後編）🈑
茨城,2 NHKEテレ..,2026-07-26,08:25,趣味の園芸 京も一日陽だまり屋「の〜んびり 蘇鉄（そてつ）」🈑
茨城,2 NHKEテレ..,2026-07-26,08:30,趣味の園芸 選 ステキをセレクト！タネから育てるコスモス🈑
茨城,2 NHKEテレ..,2026-07-26,08:55,no art，no life「洋一」🈑
茨城,2 NHKEテレ..,2026-07-26,09:00,日曜美術館 陶芸家ルーシー・リー 繊細でたくましい器🈑
茨城,2 NHKEテレ..,2026-07-26,09:45,日曜美術館 アートシーン「まなざしの奇跡 日本女性写真家の冒険」展🈑
茨城,2 NHKEテレ..,2026-07-26,10:00,将棋フォーカス 選 フォーカス流・観る将検定 第2回！🈑
茨城,2 NHKEテレ..,2026-07-26,10:30,第76回 NHK杯テレビ将棋トーナメント 1回戦第17局 羽生九段×横山七段🈑
茨城,2 NHKEテレ..,2026-07-26,12:00,囲碁フォーカス 選 知らずに使っている！？「囲碁用語」🈑
茨城,2 NHKEテレ..,2026-07-26,12:30,第74回NHK杯テレビ囲碁トーナメント1回戦第17局酒井佑規七段×加藤千笑四段🈑
茨城,2 NHKEテレ..,2026-07-26,14:00,日本の話芸 柳家蝠丸 落語「叩き蟹」🈖🈑
茨城,2 NHKEテレ..,2026-07-26,14:30,アニメ 青のオーケストラ シーズン2（1）「ほころび」🈑
茨城,2 NHKEテレ..,2026-07-26,14:55,アニメ 青のオーケストラ シーズン2（2）「波紋」🈑
茨城,2 NHKEテレ..,2026-07-26,15:20,アニメ 青のオーケストラ シーズン2（3）「ケジメ」🈑
茨城,2 NHKEテレ..,2026-07-26,15:45,アニメ 青のオーケストラ シーズン2（4）「体育祭」🈑
茨城,2 NHKEテレ..,2026-07-26,16:10,ピタゴラミングスイッチ2🈑🈞
茨城,2 NHKEテレ..,2026-07-26,16:30,ざわざわ森のがんこちゃん30周年スペシャルがんこのびっくりおたんじょうび会🈖🈑🈞
茨城,2 NHKEテレ..,2026-07-26,17:00,アニメ アオアシ（17）東京都リーグ第7節 多摩体育大学附属高校戦🈑
茨城,2 NHKEテレ..,2026-07-26,17:25,レディー・グレース 女王陛下のスパイ（4）「迷える女王」🈔🈑
茨城,2 NHKEテレ..,2026-07-26,17:50,こども手話ウイークリー🈐
茨城,2 NHKEテレ..,2026-07-26,18:00,木村多江の、いまさらですが… アメリカ建国の立役者 初代財務長官ハミルトン🈖🈑🈞
茨城,2 NHKEテレ..,2026-07-26,18:30,ブリティッシュ・ベイクオフ6（17）チョコレート対決・前編🈔🈑🈞
茨城,2 NHKEテレ..,2026-07-26,19:00,未病息災を願います 選「骨密度」が気になったら🈖🈑
茨城,2 NHKEテレ..,2026-07-26,19:45,365日の献立日記「野菜ずし」🈑
茨城,2 NHKEテレ..,2026-07-26,19:50,5分であさイチ 夏休みの“お昼ごはん”に革命を！🈑
茨城,2 NHKEテレ..,2026-07-26,19:55,NHK手話ニュース🈐
茨城,2 NHKEテレ..,2026-07-26,20:00,日曜美術館 滅びゆく写真 そして人類 現代美術作家・杉本博司🈑🈞
茨城,2 NHKEテレ..,2026-07-26,20:45,日曜美術館 アートシーン「元禄！師宣劇場」展🈑
茨城,2 NHKEテレ..,2026-07-26,21:00,古典芸能への招待 歌舞伎「近江源氏先陣館 盛綱陣屋」大阪松竹座さよなら公演🈕🈑
茨城,2 NHKEテレ..,2026-07-26,23:00,美の壺 選「小さな芸術 干菓子」🈑
茨城,2 NHKEテレ..,2026-07-26,23:30,サイエンスZERO“次世代塗料”が未来を塗り替える！？🈖🈑
茨城,4 日テレ1,2026-07-26,05:00,最新作『キングダム 魂の決戦』に懸けた出演者たちの熱い想い🈞
茨城,4 日テレ1,2026-07-26,05:05,『キングダム 魂の決戦』×米津玄師🈞
茨城,4 日テレ1,2026-07-26,05:10,日テレポシュレモーニング
茨城,4 日テレ1,2026-07-26,05:40,日テレアップDate！🈖🈑
茨城,4 日テレ1,2026-07-26,06:00,皇室日記🈑▽天皇ご一家那須ご静養▽佳子さま「重複障がい者」に寄せる思い
茨城,4 日テレ1,2026-07-26,06:15,NNNニュースサンデー🈐
茨城,4 日テレ1,2026-07-26,06:30,遠くへ行きたい【高橋成美が信州・長野へ】くるみ蕎麦＆清流が育む薬用魚🈖🈑
茨城,4 日テレ1,2026-07-26,07:00,所さんの目がテン！🈑所さんと奥田民生さんが絶品イノシシ肉で燻製作り⁉
茨城,4 日テレ1,2026-07-26,07:30,シューイチ🈑🈓8月から変わること＆新スポット▽秋山＆平子が南房総の体格グルメ堪能
茨城,4 日テレ1,2026-07-26,10:25,一茂×かまいたちゲンバ▼水族館でアシカとご対面▼驚き新食感「糸かき氷」とは？🈑
茨城,4 日テレ1,2026-07-26,11:25,biz search🈑佐藤真知子アナが、JKAの「補助事業」を調査！
茨城,4 日テレ1,2026-07-26,11:30,NNN ストレイトニュース🈑
茨城,4 日テレ1,2026-07-26,11:45,スクール革命！絵と図！真夏のクイズ祭り▼山田＆めるる「即興絵描き歌」で波乱!?🈑
茨城,4 日テレ1,2026-07-26,12:45,メシドラ🈑芸能生活50年の山本耕史とグルメ旅！筋肉・俳優・家族について語りまくる
茨城,4 日テレ1,2026-07-26,14:00,timeleszファミリア▼CanCam編集部に潜入＆爆売れ雑誌ハルメクの秘密🈑
茨城,4 日テレ1,2026-07-26,15:00,24時間テレビ企画大公開SP🈑総合司会は内村光良！テーマは「わたしの家族の話」
茨城,4 日テレ1,2026-07-26,15:55,【アメリカ横断ウルトラクイズ】新MC櫻井翔！地球一周特大スケールで復活SP🈑
茨城,4 日テレ1,2026-07-26,16:55,サンデーPUSHスポーツ🈑ここが辛いよ救援投手…巨人SP！WBC戦士が本音を激白
茨城,4 日テレ1,2026-07-26,17:25,もう笑点🈖🈑「笑点」が始まる前に「もう」始まるのが「もう笑点」。
茨城,4 日テレ1,2026-07-26,17:30,笑点🈖🈑🈓城島茂が座布団運び「ザ！鉄腕！DASH！！」×「笑点」夢のコラボDAY
茨城,4 日テレ1,2026-07-26,18:00,真相報道バンキシャ！🈑独自分析…熱中症患者10人の行動に教訓▽花火大会で湿度検証
茨城,4 日テレ1,2026-07-26,18:55,博士は今日も嫉妬する 人生が楽しくなる最新テクノロジー🈑
茨城,4 日テレ1,2026-07-26,19:00,ザ！鉄腕！DASH！！▽笑点60周年記念夏祭り！師匠全員参加で巨大お好み焼き！🈑
茨城,4 日テレ1,2026-07-26,19:58,イッテQ【お祭り男宮川＆二代目手越】フィンランドで丸太乗って川を下る木材選手権🈑
茨城,4 日テレ1,2026-07-26,20:54,音のソノリティ🈑
茨城,4 日テレ1,2026-07-26,21:00,ゴールデンストーンズ▽番組史上最大‼人気芸人軍団と総勢31名の大混戦バトル🈑
茨城,4 日テレ1,2026-07-26,21:54,日テレ＋「火曜日ははじめてのおつかい」🈑
茨城,4 日テレ1,2026-07-26,22:00,おしゃれクリップ🈖🈑出川哲朗はなぜ愛される？▼妻や一茂が忖度なしでガチ素顔告白
茨城,4 日テレ1,2026-07-26,22:30,ドラマ「一次元の挿し木」第4話【激動の真相が発覚…古人骨と義妹を巡る謎】🈖🈑🈓
茨城,4 日テレ1,2026-07-26,23:25,ダウンタウンのガキの使い！10人で男の勲章歌い切り！エース＆小田参戦で大波乱🈑
茨城,4 日テレ1,2026-07-26,23:55,Going！🈑生出演！渡邊雄太が明かす日本バスケの進化▼赤星絶賛！怪物高校生
茨城,5 テレビ朝日,2026-07-26,05:00,はい！テレビ朝日です🈑
茨城,5 テレビ朝日,2026-07-26,05:20,健康家族テレショップ
茨城,5 テレビ朝日,2026-07-26,05:50,グッド！モーニング🈓🈑
茨城,5 テレビ朝日,2026-07-26,08:00,コウペンちゃん ＃69🈑
茨城,5 テレビ朝日,2026-07-26,08:01,よ〜い！スターと！トビダスクール しなことリボンでTシャツデコ！🈓🈑
茨城,5 テレビ朝日,2026-07-26,08:30,名探偵プリキュア！ ＃26 キュアエクレールの復活！🈓🈑
茨城,5 テレビ朝日,2026-07-26,09:00,仮面ライダーゼッツ 第45話「惑わす」🈓🈑
茨城,5 テレビ朝日,2026-07-26,09:30,🈟角醒ハンター オメガホーン 第1話「角醒せよ！赤き角獣王！」🈓🈑
茨城,5 テレビ朝日,2026-07-26,10:00,新作映画公開記念「映画クレヨンしんちゃん超華麗！灼熱のカスカベダンサーズ」🈑
茨城,5 テレビ朝日,2026-07-26,11:45,つながるピックル🈑
茨城,5 テレビ朝日,2026-07-26,11:50,ANNニュース🈑
茨城,5 テレビ朝日,2026-07-26,12:00,ビートたけしのTVタックル 昭和は驚きの光景が…令和のゴミ問題＆激安リユース店🈑
茨城,5 テレビ朝日,2026-07-26,12:55,新婚さんいらっしゃい！ オーストラリア在住夫婦出場！親戚100人大運動会⁉ 🈖🈑
茨城,5 テレビ朝日,2026-07-26,13:25,華丸丼と大吉麺 荻窪で発見！あのドラマの監修をした三ツ星店の斬新沖縄そば🈑
茨城,5 テレビ朝日,2026-07-26,13:55,林修の今知りたいでしょ！ 傑作選 帯状疱疹・脳卒中・糖尿病！意外な病気のサイン🈑
茨城,5 テレビ朝日,2026-07-26,15:20,路線バスで寄り道の旅 【世界の青木と徳光さんが願いをかなえる珍道中！】🈑
茨城,5 テレビ朝日,2026-07-26,16:30,日曜マイチョイス 日本人になじみの町中華と本場の味㊙ガチ中華を食べ比べる満腹旅🈑
茨城,5 テレビ朝日,2026-07-26,17:25,部活 on Campus🈑
茨城,5 テレビ朝日,2026-07-26,17:30,ANNスーパーJチャンネル🈑
茨城,5 テレビ朝日,2026-07-26,18:00,相葉マナブ 初登場！timelesz佐藤勝利と地引き網！相模湾で何が獲れる？🈑
茨城,5 テレビ朝日,2026-07-26,18:52,食ノ音色🈑
茨城,5 テレビ朝日,2026-07-26,18:56,ポツンと一軒家 2時間SP！84歳チェーンソーアート挑戦！BBQ＆絶景岩風呂🈑
茨城,5 テレビ朝日,2026-07-26,20:56,有働Times🈑
茨城,5 テレビ朝日,2026-07-26,22:15,マイ・フィクション ＃4 刑務所にいるはずの人間🈖🈑
茨城,5 テレビ朝日,2026-07-26,23:09,ペダる！東京🈑
茨城,5 テレビ朝日,2026-07-26,23:15,EIGHT－JAM 【中森明菜特集‼松田聖子・小泉今日子との関係、振付秘話…】🈑
茨城,6 TBS1,2026-07-26,04:40,ぜひモノ
茨城,6 TBS1,2026-07-26,05:40,TBSレビュー🈐
茨城,6 TBS1,2026-07-26,06:00,バナナマンの早起きせっかくグルメ★全国から厳選！極上焼肉のタレでお肉を大満喫！🈑
茨城,6 TBS1,2026-07-26,06:45,JNNニュース🈐
茨城,6 TBS1,2026-07-26,07:00,健康カプセル！ゲンキの時間🈖🈑侮っていると一大事に！？消えないあざに隠れた恐怖
茨城,6 TBS1,2026-07-26,07:30,がっちりマンデー‼CMで良く見るけど知らない会社！渡辺パイプ、INPEX、NGK
茨城,6 TBS1,2026-07-26,08:00,サンデーモーニング🈑高市総理“寝てない”投稿の波紋▽消費税“迷走”と骨太ショック
茨城,6 TBS1,2026-07-26,09:54,サンデー・ジャポン 延長国会閉幕…議員直撃！▽堺雅人が緊急生出演！スタジオ生考察
茨城,6 TBS1,2026-07-26,11:35,上田晋也のサンデーQ🈑堺雅人が生出演「VIVANT」エキストラは4千人！聖地先取り巡礼
茨城,6 TBS1,2026-07-26,12:54,ゆたかな食の未来をさがして【長野「姨捨の棚田」初夏の田植え】🈖🈑
茨城,6 TBS1,2026-07-26,12:57,デジタル一番星＋🈖🈑
茨城,6 TBS1,2026-07-26,13:00,週刊さんまとマツコ🈖🈑 婚活界の女帝・植草美幸が翔工務店のダメ社員軍団を徹底指導
茨城,6 TBS1,2026-07-26,13:27,四季折々の贈り物 〜ミルクセーキ〜🈖🈑
茨城,6 TBS1,2026-07-26,13:30,日本くらべてみたら★有名タレントを地方局にレンタルしてみたら？🈑
茨城,6 TBS1,2026-07-26,14:30,THE神業チャレンジ★28日よる7時！タイムレス篠塚VSクレーン＆桃田VS強豪校🈑
茨城,6 TBS1,2026-07-26,15:30,今夜予定どうですか？🈑
茨城,6 TBS1,2026-07-26,16:27,With☆ベイ サンデー🈑
茨城,6 TBS1,2026-07-26,16:30,レッツゴー怪奇組 第四怪🈑
茨城,6 TBS1,2026-07-26,17:00,日5「正反対な君と僕」 ＃16「新学期」🈑🈓
茨城,6 TBS1,2026-07-26,17:30,Nスタ🈑 「飛鳥・藤原の宮都」が世界遺産新登録なるか▽「土用の丑の日」うなぎ店は
茨城,6 TBS1,2026-07-26,18:00,世界遺産／バリ島 1000年続く棚田の絶景（インドネシア）🈖🈑
茨城,6 TBS1,2026-07-26,18:30,ベスコングルメ★夏の軽井沢SP・そば通DEEN池森オススメの手打ちそば名店へ🈖🈑🈓
茨城,6 TBS1,2026-07-26,19:00,バナナマンのせっかくグルメ★VIVANT堺雅人＆濱田岳と日村が人気リゾート地🈑🈓
茨城,6 TBS1,2026-07-26,20:00,VIVANT直前生放送★堺×阿部×二宮×松坂が集結！今からでも間に合うSPダイジェスト🈑
茨城,6 TBS1,2026-07-26,21:00,🈟日曜劇場「VIVANT」第11話🈖🈑
茨城,6 TBS1,2026-07-26,22:19,むしめがね 〜真の価値をのぞく〜🈖🈑
茨城,6 TBS1,2026-07-26,22:25,日曜日の初耳学◆堺雅人×林修『VIVANT』放送直後90分SP阿部寛＆初出しメイキング映像
茨城,6 TBS1,2026-07-26,23:49,東京空色さんぽ🈖🈑
茨城,6 TBS1,2026-07-26,23:55,黒猫と魔女の教室🈑🈓 ＃16「イオ・トーラス がんばります」【アガルアニメ】
茨城,7 テレ東,2026-07-26,03:55,ものスタ サンデー
茨城,7 テレ東,2026-07-26,05:20,ウオッチ！7🈑🈐
茨城,7 テレ東,2026-07-26,05:30,洋子の演歌一直線
茨城,7 テレ東,2026-07-26,06:00,韓流朝ドラ6 夏の香り ＃8 疑惑の発覚（後編）🈓🈔
茨城,7 テレ東,2026-07-26,06:30,サンデーテレショップ
茨城,7 テレ東,2026-07-26,07:00,アニもり！🈑
茨城,7 テレ東,2026-07-26,07:30,ポケモンとどこいく！？【チャンピオンズ対決に派手刺客でバトル部ピンチ！】🈑🈓
茨城,7 テレ東,2026-07-26,08:30,トミプラワールドのりのりタイムズ！！🈑
茨城,7 テレ東,2026-07-26,09:00,ギャビーのドールハウス 118話 新しい家族のベニー・ボックス（前編）🈑🈔
茨城,7 テレ東,2026-07-26,09:15,ぷにるんず ぷに3 第17話『くーるんとカチコチあいるん♪』🈞🈑
茨城,7 テレ東,2026-07-26,09:30,おねがいアイプリ あおいとおねがいかなえ隊🈑
茨城,7 テレ東,2026-07-26,10:00,武井壮のゴルフバッグ担いでください▽永久保存版！宮里優作プロのゴルフレッスン🈑
茨城,7 テレ東,2026-07-26,10:30,優香のサンデークッキング【レンジde簡単ナスキーマ&グリルde焼きナス】🈑
茨城,7 テレ東,2026-07-26,11:00,ぺこもぐキッチン【真夏のアジフライSP】石原良純の大好物を三枚おろしから調理！🈑
茨城,7 テレ東,2026-07-26,11:30,種から植えるTV【児嶋＆Girls2がDIYビニールハウス大修復＆爽やか梅パスタ】🈑
茨城,7 テレ東,2026-07-26,12:00,家、ついて行ってイイですか？予習復習スペシャル 最新作は今夜8時50分から！🈑
茨城,7 テレ東,2026-07-26,12:54,開運！なんでも鑑定団【1万円で購入！日本洋画界を代表する巨匠の画に衝撃値】🈞🈑🈖
茨城,7 テレ東,2026-07-26,13:58,大東建託・いい部屋ネットレディス🈑
茨城,7 テレ東,2026-07-26,15:15,日曜ミステリー『作家・如月祥子の事件ルポ』主演：賀来千香子🈞🈑🈕🈖
茨城,7 テレ東,2026-07-26,17:15,全力イノベーターズ〜SDGsに挑むZ世代〜子どもを運動好きに🈑
茨城,7 テレ東,2026-07-26,17:20,TXNニュース🈑🈐
茨城,7 テレ東,2026-07-26,17:30,鉄鍋のジャン！「毒を御す者」🈑
茨城,7 テレ東,2026-07-26,18:00,パズドラ「吹き矢コンボバトル／もう一度見たい！アニメセレクション」🈑🈓
茨城,7 テレ東,2026-07-26,18:30,日本の海を守る！海上保安庁の激ヤバすぎる最前線100連発SP🈑🈓
茨城,7 テレ東,2026-07-26,20:50,家、ついて行ってイイですか？菊池風磨愛止まらない女子＆妻夫木涙…亡き妻への想い🈑
茨城,7 テレ東,2026-07-26,21:54,乾杯、ご一緒してもイイですか？飲食店で一杯おごる代わりに乾杯の理由を聞く番組🈑
茨城,7 テレ東,2026-07-26,22:00,有吉ぃぃeeeee!【アモアス】クセ者10人でダマし合い！裏切り者は誰だ？🈑
茨城,7 テレ東,2026-07-26,22:48,高校生ぃぃeeeee!〜STAGE:0への道〜🈑
茨城,7 テレ東,2026-07-26,22:54,スポーツリアライブ
茨城,7 テレ東,2026-07-26,23:20,Weekly女子ゴルフ
茨城,7 テレ東,2026-07-26,23:45,ふつつかな悪女ではございますが〜雛宮蝶鼠とりかえ伝〜 第3話🈑
茨城,8 フジテレビ,2026-07-26,04:45,ゴルフトリプルマッチ〜世代と性別を超えたガチンコバトル！〜 男子女子シニアが激突
茨城,8 フジテレビ,2026-07-26,05:40,スワローズ キッズアカデミー🈑
茨城,8 フジテレビ,2026-07-26,05:45,皇室ご一家🈑
茨城,8 フジテレビ,2026-07-26,06:00,FNNニュース🈑
茨城,8 フジテレビ,2026-07-26,06:15,ぱちぱちるんるん★新企画「ムックのうんちくポンッ！」みんなでスッキリしよう！他🈑
茨城,8 フジテレビ,2026-07-26,07:00,SUNDAYブレイク． 千葉県勝浦でオズワルド伊藤が絶叫アクティビティ体験🈑🈕🈓
茨城,8 フジテレビ,2026-07-26,08:55,千葉の贈り物〜まごころ配達人〜🈑🈖
茨城,8 フジテレビ,2026-07-26,09:00,DIGIMON BEATBREAK【消せない夜】 ＃40🈑🈖
茨城,8 フジテレビ,2026-07-26,09:30,テレビアニメ「鬼滅の刃」シリーズ全編再放送【竈門炭治郎 立志編】🈑🈖🈓
茨城,8 フジテレビ,2026-07-26,10:00,かのサンド◆学生街で絶品グルメSP！早稲田コスパ抜群グルメ＆学芸大学の名店中華🈑
茨城,8 フジテレビ,2026-07-26,11:15,ミラモンGOLD🈑
茨城,8 フジテレビ,2026-07-26,11:45,いいものディノス🈑
茨城,8 フジテレビ,2026-07-26,11:50,FNN Live News days🈑
茨城,8 フジテレビ,2026-07-26,12:00,なりゆき街道旅【夏涼しい奥久慈で袋田の滝に感動！名産そば＆奥久慈しゃも親子丼】🈑
茨城,8 フジテレビ,2026-07-26,14:00,ザ・ノンフィクション 就職先はさる軍団3怒られない時代に芸を磨くということ後編🈑
茨城,8 フジテレビ,2026-07-26,14:55,ビジネスSwitch 〜時代を照らす企業の戦略〜🈑
茨城,8 フジテレビ,2026-07-26,15:00,みんなのKEIBA 関屋記念・GⅢ＆東海S・GⅢ 夏の新潟開幕！ ゲスト中山優馬
茨城,8 フジテレビ,2026-07-26,16:00,個人麺談★谷原章介ラーメン愛爆発トラジャ中村＆松倉の味覚に合う究極の一杯を紹介🈑
茨城,8 フジテレビ,2026-07-26,17:00,フォーミュラE世界選手権2026東京・第14戦ハイライト🈑
茨城,8 フジテレビ,2026-07-26,17:25,Live News イット！🈑
茨城,8 フジテレビ,2026-07-26,18:00,ちびまる子ちゃん【隣町の男子とプールで勝負する／たまちゃんちで日曜大工を】🈑🈖
茨城,8 フジテレビ,2026-07-26,18:30,サザエさん【憧れの松／うっかりでしっかり ほか】🈑🈖🈓
茨城,8 フジテレビ,2026-07-26,19:00,千鳥の鬼レンチャン◆鬼ハード初代女王誕生？STU池ちゃん＆高橋成美サビカラ登場🈑
茨城,8 フジテレビ,2026-07-26,21:00,Mr．サンデー🈑🈓
茨城,8 フジテレビ,2026-07-26,23:09,ブラックトリック みどころ【新月9ドラマの1話振り返り＆2話先見せ！】🈑
茨城,8 フジテレビ,2026-07-26,23:15,ワンピース【エルバフの大罪人 冥界のロキ解放！？】🈑🈖
茨城,8 フジテレビ,2026-07-26,23:45,すぽると！ 大谷翔平のストレートは軌道が読めない⁉スター証言＆脳科学から紐解く🈑
茨城,9 TOKYO　..,2026-07-26,05:00,MXショッピング
茨城,9 TOKYO　..,2026-07-26,05:30,お買い物情報
茨城,9 TOKYO　..,2026-07-26,06:00,MXショッピング
茨城,9 TOKYO　..,2026-07-26,06:30,MXショッピング
茨城,9 TOKYO　..,2026-07-26,07:00,宝塚カフェブレイク ★宙組公演スタートでトップスター会見▼黒蜥蜴の魅力とは？
茨城,9 TOKYO　..,2026-07-26,07:30,MXショッピング
茨城,9 TOKYO　..,2026-07-26,08:00,いびってこない義母と義姉 ＃3「名家の娘たち」
茨城,9 TOKYO　..,2026-07-26,08:26,PUI PUI モルカー ＃3「ネコ救出大作戦」
茨城,9 TOKYO　..,2026-07-26,08:30,お買い物情報
茨城,9 TOKYO　..,2026-07-26,09:00,お買い物情報
茨城,9 TOKYO　..,2026-07-26,09:30,MXショッピング
茨城,9 TOKYO　..,2026-07-26,09:59,第108回全国高校野球選手権 西東京大会▽決勝〜閉会式
茨城,9 TOKYO　..,2026-07-26,14:00,MXショッピング
茨城,9 TOKYO　..,2026-07-26,14:30,水曜どうでしょうプレミア ★試験に出るどうでしょう 日本史⑥🈑
茨城,9 TOKYO　..,2026-07-26,15:00,MXショッピング
茨城,9 TOKYO　..,2026-07-26,15:59,番組ガイド
茨城,9 TOKYO　..,2026-07-26,16:00,スケバン刑事Ⅱ 少女鉄仮面伝説 ★第11話「ベールをぬいだ影の総統」
茨城,9 TOKYO　..,2026-07-26,16:30,MXショッピング
茨城,9 TOKYO　..,2026-07-26,17:00,探偵！ナイトスクープ🈖
茨城,9 TOKYO　..,2026-07-26,17:55,TOKYO MX NEWS
茨城,9 TOKYO　..,2026-07-26,18:00,東京ホンマもん教室 ★骨太ショックは“ホンマ”か？▼ゲストは門田隆将さん
茨城,9 TOKYO　..,2026-07-26,19:00,MXショッピング
茨城,9 TOKYO　..,2026-07-26,19:30,日本のチカラ🈞🈑
茨城,9 TOKYO　..,2026-07-26,20:00,トウキョウもっともっと！元気計画研究所 ★もっと交通ルールを守れる東京に！
茨城,9 TOKYO　..,2026-07-26,21:00,ぐらぶるTVちゃんねるっ！ ★小野友樹と加藤英美里がグラブルの魅力をお届けっ！
茨城,9 TOKYO　..,2026-07-26,21:30,青春ブタ野郎はサンタクロースの夢を見ない ＃4「正義の味方」🈞
茨城,9 TOKYO　..,2026-07-26,22:00,世界最強の後衛 〜迷宮国の新人探索者〜 ＃4「危急存亡の混浴」
茨城,9 TOKYO　..,2026-07-26,22:30,君のことが大大大大大好きな100人の彼女 第3期 ＃28
茨城,9 TOKYO　..,2026-07-26,23:00,二十世紀電氣目録-ユーレカ・エヴリカ- ＃4「信心の娘」
茨城,9 TOKYO　..,2026-07-26,23:30,刃牙道 ＃4「少年(ボン)」
茨城,9 TOKYO　..,2026-07-26,05:00,ヒーリングタイム＆ヘッドラインニュース
茨城,9 TOKYO　..,2026-07-26,06:00,ヒーリングタイム＆ヘッドラインニュース
茨城,9 TOKYO　..,2026-07-26,06:38,ごりやくさん🈞🈑
茨城,9 TOKYO　..,2026-07-26,07:00,MXショッピング
茨城,9 TOKYO　..,2026-07-26,07:30,ヒーリングタイム＆ヘッドラインニュース
茨城,9 TOKYO　..,2026-07-26,08:00,フラッシュ天気
茨城,9 TOKYO　..,2026-07-26,08:05,日本ふるさと百景🈑
茨城,9 TOKYO　..,2026-07-26,08:30,ドルアーガの塔〜the Sword of URUK〜 ＃4「幻影の中へ」🈞
茨城,9 TOKYO　..,2026-07-26,09:00,ヒーリングタイム＆ヘッドラインニュース
茨城,9 TOKYO　..,2026-07-26,09:30,童謡コーラス♪名曲大合唱＆みんなの音楽会テレビ
茨城,9 TOKYO　..,2026-07-26,09:45,ヒーリングタイム＆ヘッドラインニュース
茨城,9 TOKYO　..,2026-07-26,10:00,Car Xs with NAPAC
茨城,9 TOKYO　..,2026-07-26,10:30,MXショッピング
茨城,9 TOKYO　..,2026-07-26,11:00,日本ふるさと百景🈑
茨城,9 TOKYO　..,2026-07-26,11:25,フラッシュ天気
茨城,9 TOKYO　..,2026-07-26,11:30,MXショッピング
茨城,9 TOKYO　..,2026-07-26,12:00,あんぎゃでござる！！
茨城,9 TOKYO　..,2026-07-26,12:30,MXショッピング
茨城,9 TOKYO　..,2026-07-26,13:00,ヒーリングタイム＆ヘッドラインニュース
茨城,9 TOKYO　..,2026-07-26,13:25,ごりやくさん🈑
茨城,9 TOKYO　..,2026-07-26,13:50,ヒーリングタイム＆ヘッドラインニュース
茨城,9 TOKYO　..,2026-07-26,13:55,TOKYO MX NEWS
茨城,9 TOKYO　..,2026-07-26,14:00,第108回全国高校野球選手権 西東京大会▽決勝〜閉会式
茨城,9 TOKYO　..,2026-07-26,14:30,MXショッピング
茨城,9 TOKYO　..,2026-07-26,15:00,ヒーリングタイム＆ヘッドラインニュース
茨城,9 TOKYO　..,2026-07-26,15:38,ごりやくさん🈞🈑
茨城,9 TOKYO　..,2026-07-26,16:00,MXショッピング
茨城,9 TOKYO　..,2026-07-26,16:30,ヒーリングタイム＆ヘッドラインニュース
茨城,9 TOKYO　..,2026-07-26,16:38,日本ふるさと百景🈑
茨城,9 TOKYO　..,2026-07-26,17:00,MXショッピング
茨城,9 TOKYO　..,2026-07-26,17:30,ヒーリングタイム＆ヘッドラインニュース
茨城,9 TOKYO　..,2026-07-26,17:38,ごりやくさん🈞🈑
茨城,9 TOKYO　..,2026-07-26,18:00,MXショッピング
茨城,9 TOKYO　..,2026-07-26,18:30,ヒーリングタイム＆ヘッドラインニュース
茨城,9 TOKYO　..,2026-07-26,18:38,ごりやくさん🈞🈑
茨城,9 TOKYO　..,2026-07-26,19:00,ヒーリングタイム＆ヘッドラインニュース
茨城,9 TOKYO　..,2026-07-26,20:00,MXショッピング
茨城,9 TOKYO　..,2026-07-26,20:30,ヒーリングタイム＆ヘッドラインニュース
茨城,9 TOKYO　..,2026-07-26,20:38,ごりやくさん🈑
茨城,9 TOKYO　..,2026-07-26,21:00,MXショッピング
茨城,9 TOKYO　..,2026-07-26,21:30,MXショッピング
茨城,9 TOKYO　..,2026-07-26,22:00,ヒーリングタイム＆ヘッドラインニュース
茨城,9 TOKYO　..,2026-07-26,23:00,ヒーリングタイム＆ヘッドラインニュース
茨城,3 チバテレ1,2026-07-26,04:55,生活情報
茨城,3 チバテレ1,2026-07-26,05:25,ちば美彩 extra Animals
茨城,3 チバテレ1,2026-07-26,05:30,生活情報
茨城,3 チバテレ1,2026-07-26,06:00,田村亮の釣りならまかせろ！
茨城,3 チバテレ1,2026-07-26,06:30,ショップジャパン
茨城,3 チバテレ1,2026-07-26,07:00,竹島宏の歌MAX
茨城,3 チバテレ1,2026-07-26,07:30,知里と修右のミュージックエッセンス🈞
茨城,3 チバテレ1,2026-07-26,08:00,生活情報
茨城,3 チバテレ1,2026-07-26,08:30,ちば文化資産🈑▽館山城・館山公園／猪鼻城址／佐倉チューリップフェスタ
茨城,3 チバテレ1,2026-07-26,08:45,ほっと！ヒット！歌謡曲
茨城,3 チバテレ1,2026-07-26,09:00,ショップジャパン
茨城,3 チバテレ1,2026-07-26,09:30,夏の高校野球千葉大会▽決勝
茨城,3 チバテレ1,2026-07-26,14:00,生活情報
茨城,3 チバテレ1,2026-07-26,14:30,ONGAX
茨城,3 チバテレ1,2026-07-26,15:00,ちば歴史散歩 千葉の偉人「大原幽学」
茨城,3 チバテレ1,2026-07-26,15:05,日本ふるさと百景▽群馬編3🈑
茨城,3 チバテレ1,2026-07-26,15:30,ショップジャパン
茨城,3 チバテレ1,2026-07-26,16:00,佐世保発ショッピング 期間限定商品がお得
茨城,3 チバテレ1,2026-07-26,16:55,天気予報
茨城,3 チバテレ1,2026-07-26,17:00,お昼の快傑！TV
茨城,3 チバテレ1,2026-07-26,17:30,生活情報
茨城,3 チバテレ1,2026-07-26,18:00,newsチバ
茨城,3 チバテレ1,2026-07-26,18:05,浅草お茶の間寄席
茨城,3 チバテレ1,2026-07-26,18:35,ごりやくさん▽吉備津神社🈞🈑
茨城,3 チバテレ1,2026-07-26,19:00,Rising Reysol！▽2026/27シーズン新戦力を分析！
茨城,3 チバテレ1,2026-07-26,19:30,WIN BY ALL！
茨城,3 チバテレ1,2026-07-26,19:45,チュバチュバワンダーランド つくってみチャオ！「ヘアアレンジボード」🈞🈑
茨城,3 チバテレ1,2026-07-26,20:00,成田祇園祭
茨城,3 チバテレ1,2026-07-26,20:30,ちば見聞録 「成田空港と牧士の里」（成田・富里）🈑
茨城,3 チバテレ1,2026-07-26,20:55,生活情報
茨城,3 チバテレ1,2026-07-26,21:25,天気予報
茨城,3 チバテレ1,2026-07-26,21:30,牧野裕のEnjoy Golf
茨城,3 チバテレ1,2026-07-26,22:00,高校野球ダイジェスト
茨城,3 チバテレ1,2026-07-26,23:00,生活情報
茨城,3 チバテレ1,2026-07-26,23:30,週刊バイクTV🈞▽JAIA輸入車試乗会に初参加！②
栃木,1 NHK総合1..,2026-07-26,05:00,ニュース・気象情報
栃木,1 NHK総合1..,2026-07-26,05:10,Jリーグと私 あの試合を忘れない ＃17 横浜FM🈑
栃木,1 NHK総合1..,2026-07-26,05:15,週末のNスペは… 激変・安全保障 日本の進路は🈑
栃木,1 NHK総合1..,2026-07-26,05:20,桂文珍の演芸図鑑 レ・ロマネスクTOBI 柳亭小燕枝 三拍子🈑
栃木,1 NHK総合1..,2026-07-26,05:50,気象情報
栃木,1 NHK総合1..,2026-07-26,06:00,ニュース
栃木,1 NHK総合1..,2026-07-26,06:10,【特選！時代劇】大岡越前8 🈟（1）「燃える牢屋敷」🈖🈑
栃木,1 NHK総合1..,2026-07-26,06:53,気象情報
栃木,1 NHK総合1..,2026-07-26,06:55,ニュース・気象情報（関東甲信越）🈑
栃木,1 NHK総合1..,2026-07-26,07:00,NHKニュース おはよう日本 7月26日（日）🈑
栃木,1 NHK総合1..,2026-07-26,07:40,NHKニュース おはよう首都圏（関東甲信越）🈑
栃木,1 NHK総合1..,2026-07-26,07:45,さわやか自然百景 青森 屏風山湿原池沼群🈑
栃木,1 NHK総合1..,2026-07-26,08:00,小さな旅「大原を継ぐ 〜京都市 左京区〜」🈖🈑
栃木,1 NHK総合1..,2026-07-26,08:25,Dearにっぽん「私たちが新聞を書く理由〜滋賀・虎姫高校〜」🈑
栃木,1 NHK総合1..,2026-07-26,08:50,あさイチの鈴木奈穂子アナが「NHK ONE」を解説🈑
栃木,1 NHK総合1..,2026-07-26,08:55,第108回全国高校野球選手権栃木大会 決勝「佐野日大高」対「国学院栃木」
栃木,1 NHK総合1..,2026-07-26,08:56,サブチャンネル切り替え方法のご案内
栃木,1 NHK総合1..,2026-07-26,08:57,気象情報
栃木,1 NHK総合1..,2026-07-26,09:00,日曜討論 徹底解説！暑さはどこまで？対策は
栃木,1 NHK総合1..,2026-07-26,10:05,第108回全国高校野球選手権埼玉大会 決勝「浦和学院」対「花咲徳栄」🈑
栃木,1 NHK総合1..,2026-07-26,11:53,サブチャンネル切り替え方法のご案内
栃木,1 NHK総合1..,2026-07-26,11:54,気象情報
栃木,1 NHK総合1..,2026-07-26,12:00,ニュース🈑
栃木,1 NHK総合1..,2026-07-26,12:10,ニュース（関東甲信越）🈑
栃木,1 NHK総合1..,2026-07-26,12:15,第108回全国高校野球選手権埼玉大会 決勝「浦和学院」対「花咲徳栄」🈑
栃木,1 NHK総合1..,2026-07-26,13:00,ニュース・気象情報🈑
栃木,1 NHK総合1..,2026-07-26,13:05,ダーウィンが来た！「相葉さんと探せ！ミクロいきもの超ワールド」🈖🈑🈞
栃木,1 NHK総合1..,2026-07-26,13:35,さわやか自然百景10min．（37）兵庫 猫崎の海と黒川渓谷🈑
栃木,1 NHK総合1..,2026-07-26,13:45,JAPAN DELISH 5min カレーライス🈑
栃木,1 NHK総合1..,2026-07-26,13:50,アニメまとめPR 放送中！注目の3番組ほか🈑
栃木,1 NHK総合1..,2026-07-26,13:55,第108回全国高校野球選手権神奈川大会 決勝「横浜」対「桐光学園」🈑
栃木,1 NHK総合1..,2026-07-26,14:59,サブチャンネル切り替え方法のご案内
栃木,1 NHK総合1..,2026-07-26,15:00,ニュース・気象情報🈑
栃木,1 NHK総合1..,2026-07-26,15:05,大相撲（2026年） 名古屋場所 千秋楽🈑
栃木,1 NHK総合1..,2026-07-26,15:30,大相撲（2026年） 名古屋場所 千秋楽 優勝力士・三賞力士インタビュー🈔🈑
栃木,1 NHK総合1..,2026-07-26,18:00,ニュース🈑
栃木,1 NHK総合1..,2026-07-26,18:05,有吉のお金発見 突撃！カネオくん 令和に再ブーム！RCカーのヒミツ🈑
栃木,1 NHK総合1..,2026-07-26,18:45,ニュース645（関東・山梨）🈑
栃木,1 NHK総合1..,2026-07-26,19:00,NHKニュース7🈔🈑
栃木,1 NHK総合1..,2026-07-26,19:30,ダーウィンが来た！「最大の味方！最強のライバル！？動物兄弟」🈖🈑
栃木,1 NHK総合1..,2026-07-26,20:00,豊臣兄弟！（29）天下への道🈖🈑
栃木,1 NHK総合1..,2026-07-26,20:45,ニュース🈑🈐
栃木,1 NHK総合1..,2026-07-26,20:55,ニュース・気象情報（関東甲信越）🈑🈐
栃木,1 NHK総合1..,2026-07-26,21:00,NHKスペシャル 激変・安全保障 “力の支配”と揺らぐ国際秩序 日本の針路は🈑
栃木,1 NHK総合1..,2026-07-26,22:00,サンデースポーツ🈑
栃木,1 NHK総合1..,2026-07-26,22:50,ニュース・気象情報🈑
栃木,1 NHK総合1..,2026-07-26,22:55,ハロー！NHKワールドJAPAN 7月の地域特集・山口県関連番組紹介🈑
栃木,1 NHK総合1..,2026-07-26,23:00,DOC（ドック）3 あすへのカルテ（8）「暗闇の先へ」🈔🈑
栃木,1 NHK総合1..,2026-07-26,23:59,連続テレビ小説「ひよっこ」再放送PR
栃木,2 NHKEテレ..,2026-07-26,05:00,こころの時代 わからなさのなかで〜最首悟の思想をたどる〜🈑🈞
栃木,2 NHKEテレ..,2026-07-26,06:00,NHK短歌 わたしの宮沢賢治 テーマ「月」🈑
栃木,2 NHKEテレ..,2026-07-26,06:25,テレビ体操🈑
栃木,2 NHKEテレ..,2026-07-26,06:35,NHK俳句 題「七夕」🈑
栃木,2 NHKEテレ..,2026-07-26,07:00,第93回NHK全国学校音楽コンクール みんなの合唱レッスン・高等学校の部🈑
栃木,2 NHKEテレ..,2026-07-26,07:10,第93回NHK全国学校音楽コンクール みんなの合唱レッスン・中学校の部🈑
栃木,2 NHKEテレ..,2026-07-26,07:20,第93回NHK全国学校音楽コンクール みんなの合唱レッスン・小学校の部🈑
栃木,2 NHKEテレ..,2026-07-26,07:30,おとうさんといっしょ「まねまねどんぐー」🈑🈞
栃木,2 NHKEテレ..,2026-07-26,08:00,やさいの時間 みんなの菜園物語 兵庫県（後編）🈑
栃木,2 NHKEテレ..,2026-07-26,08:25,趣味の園芸 京も一日陽だまり屋「の〜んびり 蘇鉄（そてつ）」🈑
栃木,2 NHKEテレ..,2026-07-26,08:30,趣味の園芸 選 ステキをセレクト！タネから育てるコスモス🈑
栃木,2 NHKEテレ..,2026-07-26,08:55,no art，no life「洋一」🈑
栃木,2 NHKEテレ..,2026-07-26,09:00,日曜美術館 陶芸家ルーシー・リー 繊細でたくましい器🈑
栃木,2 NHKEテレ..,2026-07-26,09:45,日曜美術館 アートシーン「まなざしの奇跡 日本女性写真家の冒険」展🈑
栃木,2 NHKEテレ..,2026-07-26,10:00,将棋フォーカス 選 フォーカス流・観る将検定 第2回！🈑
栃木,2 NHKEテレ..,2026-07-26,10:30,第76回 NHK杯テレビ将棋トーナメント 1回戦第17局 羽生九段×横山七段🈑
栃木,2 NHKEテレ..,2026-07-26,12:00,囲碁フォーカス 選 知らずに使っている！？「囲碁用語」🈑
栃木,2 NHKEテレ..,2026-07-26,12:30,第74回NHK杯テレビ囲碁トーナメント1回戦第17局酒井佑規七段×加藤千笑四段🈑
栃木,2 NHKEテレ..,2026-07-26,14:00,日本の話芸 柳家蝠丸 落語「叩き蟹」🈖🈑
栃木,2 NHKEテレ..,2026-07-26,14:30,アニメ 青のオーケストラ シーズン2（1）「ほころび」🈑
栃木,2 NHKEテレ..,2026-07-26,14:55,アニメ 青のオーケストラ シーズン2（2）「波紋」🈑
栃木,2 NHKEテレ..,2026-07-26,15:20,アニメ 青のオーケストラ シーズン2（3）「ケジメ」🈑
栃木,2 NHKEテレ..,2026-07-26,15:45,アニメ 青のオーケストラ シーズン2（4）「体育祭」🈑
栃木,2 NHKEテレ..,2026-07-26,16:10,ピタゴラミングスイッチ2🈑🈞
栃木,2 NHKEテレ..,2026-07-26,16:30,ざわざわ森のがんこちゃん30周年スペシャルがんこのびっくりおたんじょうび会🈖🈑🈞
栃木,2 NHKEテレ..,2026-07-26,17:00,アニメ アオアシ（17）東京都リーグ第7節 多摩体育大学附属高校戦🈑
栃木,2 NHKEテレ..,2026-07-26,17:25,レディー・グレース 女王陛下のスパイ（4）「迷える女王」🈔🈑
栃木,2 NHKEテレ..,2026-07-26,17:50,こども手話ウイークリー🈐
栃木,2 NHKEテレ..,2026-07-26,18:00,木村多江の、いまさらですが… アメリカ建国の立役者 初代財務長官ハミルトン🈖🈑🈞
栃木,2 NHKEテレ..,2026-07-26,18:30,ブリティッシュ・ベイクオフ6（17）チョコレート対決・前編🈔🈑🈞
栃木,2 NHKEテレ..,2026-07-26,19:00,未病息災を願います 選「骨密度」が気になったら🈖🈑
栃木,2 NHKEテレ..,2026-07-26,19:45,365日の献立日記「野菜ずし」🈑
栃木,2 NHKEテレ..,2026-07-26,19:50,5分であさイチ 夏休みの“お昼ごはん”に革命を！🈑
栃木,2 NHKEテレ..,2026-07-26,19:55,NHK手話ニュース🈐
栃木,2 NHKEテレ..,2026-07-26,20:00,日曜美術館 滅びゆく写真 そして人類 現代美術作家・杉本博司🈑🈞
栃木,2 NHKEテレ..,2026-07-26,20:45,日曜美術館 アートシーン「元禄！師宣劇場」展🈑
栃木,2 NHKEテレ..,2026-07-26,21:00,古典芸能への招待 歌舞伎「近江源氏先陣館 盛綱陣屋」大阪松竹座さよなら公演🈕🈑
栃木,2 NHKEテレ..,2026-07-26,23:00,美の壺 選「小さな芸術 干菓子」🈑
栃木,2 NHKEテレ..,2026-07-26,23:30,サイエンスZERO“次世代塗料”が未来を塗り替える！？🈖🈑
栃木,4 日テレ1,2026-07-26,05:00,最新作『キングダム 魂の決戦』に懸けた出演者たちの熱い想い🈞
栃木,4 日テレ1,2026-07-26,05:05,『キングダム 魂の決戦』×米津玄師🈞
栃木,4 日テレ1,2026-07-26,05:10,日テレポシュレモーニング
栃木,4 日テレ1,2026-07-26,05:40,日テレアップDate！🈖🈑
栃木,4 日テレ1,2026-07-26,06:00,皇室日記🈑▽天皇ご一家那須ご静養▽佳子さま「重複障がい者」に寄せる思い
栃木,4 日テレ1,2026-07-26,06:15,NNNニュースサンデー🈐
栃木,4 日テレ1,2026-07-26,06:30,遠くへ行きたい【高橋成美が信州・長野へ】くるみ蕎麦＆清流が育む薬用魚🈖🈑
栃木,4 日テレ1,2026-07-26,07:00,所さんの目がテン！🈑所さんと奥田民生さんが絶品イノシシ肉で燻製作り⁉
栃木,4 日テレ1,2026-07-26,07:30,シューイチ🈑🈓8月から変わること＆新スポット▽秋山＆平子が南房総の体格グルメ堪能
栃木,4 日テレ1,2026-07-26,10:25,一茂×かまいたちゲンバ▼水族館でアシカとご対面▼驚き新食感「糸かき氷」とは？🈑
栃木,4 日テレ1,2026-07-26,11:25,biz search🈑佐藤真知子アナが、JKAの「補助事業」を調査！
栃木,4 日テレ1,2026-07-26,11:30,NNN ストレイトニュース🈑
栃木,4 日テレ1,2026-07-26,11:45,スクール革命！絵と図！真夏のクイズ祭り▼山田＆めるる「即興絵描き歌」で波乱!?🈑
栃木,4 日テレ1,2026-07-26,12:45,メシドラ🈑芸能生活50年の山本耕史とグルメ旅！筋肉・俳優・家族について語りまくる
栃木,4 日テレ1,2026-07-26,14:00,timeleszファミリア▼CanCam編集部に潜入＆爆売れ雑誌ハルメクの秘密🈑
栃木,4 日テレ1,2026-07-26,15:00,24時間テレビ企画大公開SP🈑総合司会は内村光良！テーマは「わたしの家族の話」
栃木,4 日テレ1,2026-07-26,15:55,【アメリカ横断ウルトラクイズ】新MC櫻井翔！地球一周特大スケールで復活SP🈑
栃木,4 日テレ1,2026-07-26,16:55,サンデーPUSHスポーツ🈑ここが辛いよ救援投手…巨人SP！WBC戦士が本音を激白
栃木,4 日テレ1,2026-07-26,17:25,もう笑点🈖🈑「笑点」が始まる前に「もう」始まるのが「もう笑点」。
栃木,4 日テレ1,2026-07-26,17:30,笑点🈖🈑🈓城島茂が座布団運び「ザ！鉄腕！DASH！！」×「笑点」夢のコラボDAY
栃木,4 日テレ1,2026-07-26,18:00,真相報道バンキシャ！🈑独自分析…熱中症患者10人の行動に教訓▽花火大会で湿度検証
栃木,4 日テレ1,2026-07-26,18:55,博士は今日も嫉妬する 人生が楽しくなる最新テクノロジー🈑
栃木,4 日テレ1,2026-07-26,19:00,ザ！鉄腕！DASH！！▽笑点60周年記念夏祭り！師匠全員参加で巨大お好み焼き！🈑
栃木,4 日テレ1,2026-07-26,19:58,イッテQ【お祭り男宮川＆二代目手越】フィンランドで丸太乗って川を下る木材選手権🈑
栃木,4 日テレ1,2026-07-26,20:54,音のソノリティ🈑
栃木,4 日テレ1,2026-07-26,21:00,ゴールデンストーンズ▽番組史上最大‼人気芸人軍団と総勢31名の大混戦バトル🈑
栃木,4 日テレ1,2026-07-26,21:54,日テレ＋「火曜日ははじめてのおつかい」🈑
栃木,4 日テレ1,2026-07-26,22:00,おしゃれクリップ🈖🈑出川哲朗はなぜ愛される？▼妻や一茂が忖度なしでガチ素顔告白
栃木,4 日テレ1,2026-07-26,22:30,ドラマ「一次元の挿し木」第4話【激動の真相が発覚…古人骨と義妹を巡る謎】🈖🈑🈓
栃木,4 日テレ1,2026-07-26,23:25,ダウンタウンのガキの使い！10人で男の勲章歌い切り！エース＆小田参戦で大波乱🈑
栃木,4 日テレ1,2026-07-26,23:55,Going！🈑生出演！渡邊雄太が明かす日本バスケの進化▼赤星絶賛！怪物高校生
栃木,5 テレビ朝日,2026-07-26,05:00,はい！テレビ朝日です🈑
栃木,5 テレビ朝日,2026-07-26,05:20,健康家族テレショップ
栃木,5 テレビ朝日,2026-07-26,05:50,グッド！モーニング🈓🈑
栃木,5 テレビ朝日,2026-07-26,08:00,コウペンちゃん ＃69🈑
栃木,5 テレビ朝日,2026-07-26,08:01,よ〜い！スターと！トビダスクール しなことリボンでTシャツデコ！🈓🈑
栃木,5 テレビ朝日,2026-07-26,08:30,名探偵プリキュア！ ＃26 キュアエクレールの復活！🈓🈑
栃木,5 テレビ朝日,2026-07-26,09:00,仮面ライダーゼッツ 第45話「惑わす」🈓🈑
栃木,5 テレビ朝日,2026-07-26,09:30,🈟角醒ハンター オメガホーン 第1話「角醒せよ！赤き角獣王！」🈓🈑
栃木,5 テレビ朝日,2026-07-26,10:00,新作映画公開記念「映画クレヨンしんちゃん超華麗！灼熱のカスカベダンサーズ」🈑
栃木,5 テレビ朝日,2026-07-26,11:45,つながるピックル🈑
栃木,5 テレビ朝日,2026-07-26,11:50,ANNニュース🈑
栃木,5 テレビ朝日,2026-07-26,12:00,ビートたけしのTVタックル 昭和は驚きの光景が…令和のゴミ問題＆激安リユース店🈑
栃木,5 テレビ朝日,2026-07-26,12:55,新婚さんいらっしゃい！ オーストラリア在住夫婦出場！親戚100人大運動会⁉ 🈖🈑
栃木,5 テレビ朝日,2026-07-26,13:25,華丸丼と大吉麺 荻窪で発見！あのドラマの監修をした三ツ星店の斬新沖縄そば🈑
栃木,5 テレビ朝日,2026-07-26,13:55,林修の今知りたいでしょ！ 傑作選 帯状疱疹・脳卒中・糖尿病！意外な病気のサイン🈑
栃木,5 テレビ朝日,2026-07-26,15:20,路線バスで寄り道の旅 【世界の青木と徳光さんが願いをかなえる珍道中！】🈑
栃木,5 テレビ朝日,2026-07-26,16:30,日曜マイチョイス 日本人になじみの町中華と本場の味㊙ガチ中華を食べ比べる満腹旅🈑
栃木,5 テレビ朝日,2026-07-26,17:25,部活 on Campus🈑
栃木,5 テレビ朝日,2026-07-26,17:30,ANNスーパーJチャンネル🈑
栃木,5 テレビ朝日,2026-07-26,18:00,相葉マナブ 初登場！timelesz佐藤勝利と地引き網！相模湾で何が獲れる？🈑
栃木,5 テレビ朝日,2026-07-26,18:52,食ノ音色🈑
栃木,5 テレビ朝日,2026-07-26,18:56,ポツンと一軒家 2時間SP！84歳チェーンソーアート挑戦！BBQ＆絶景岩風呂🈑
栃木,5 テレビ朝日,2026-07-26,20:56,有働Times🈑
栃木,5 テレビ朝日,2026-07-26,22:15,マイ・フィクション ＃4 刑務所にいるはずの人間🈖🈑
栃木,5 テレビ朝日,2026-07-26,23:09,ペダる！東京🈑
栃木,5 テレビ朝日,2026-07-26,23:15,EIGHT－JAM 【中森明菜特集‼松田聖子・小泉今日子との関係、振付秘話…】🈑
栃木,6 TBS1,2026-07-26,04:40,ぜひモノ
栃木,6 TBS1,2026-07-26,05:40,TBSレビュー🈐
栃木,6 TBS1,2026-07-26,06:00,バナナマンの早起きせっかくグルメ★全国から厳選！極上焼肉のタレでお肉を大満喫！🈑
栃木,6 TBS1,2026-07-26,06:45,JNNニュース🈐
栃木,6 TBS1,2026-07-26,07:00,健康カプセル！ゲンキの時間🈖🈑侮っていると一大事に！？消えないあざに隠れた恐怖
栃木,6 TBS1,2026-07-26,07:30,がっちりマンデー‼CMで良く見るけど知らない会社！渡辺パイプ、INPEX、NGK
栃木,6 TBS1,2026-07-26,08:00,サンデーモーニング🈑高市総理“寝てない”投稿の波紋▽消費税“迷走”と骨太ショック
栃木,6 TBS1,2026-07-26,09:54,サンデー・ジャポン 延長国会閉幕…議員直撃！▽堺雅人が緊急生出演！スタジオ生考察
栃木,6 TBS1,2026-07-26,11:35,上田晋也のサンデーQ🈑堺雅人が生出演「VIVANT」エキストラは4千人！聖地先取り巡礼
栃木,6 TBS1,2026-07-26,12:54,ゆたかな食の未来をさがして【長野「姨捨の棚田」初夏の田植え】🈖🈑
栃木,6 TBS1,2026-07-26,12:57,デジタル一番星＋🈖🈑
栃木,6 TBS1,2026-07-26,13:00,週刊さんまとマツコ🈖🈑 婚活界の女帝・植草美幸が翔工務店のダメ社員軍団を徹底指導
栃木,6 TBS1,2026-07-26,13:27,四季折々の贈り物 〜ミルクセーキ〜🈖🈑
栃木,6 TBS1,2026-07-26,13:30,日本くらべてみたら★有名タレントを地方局にレンタルしてみたら？🈑
栃木,6 TBS1,2026-07-26,14:30,THE神業チャレンジ★28日よる7時！タイムレス篠塚VSクレーン＆桃田VS強豪校🈑
栃木,6 TBS1,2026-07-26,15:30,今夜予定どうですか？🈑
栃木,6 TBS1,2026-07-26,16:27,With☆ベイ サンデー🈑
栃木,6 TBS1,2026-07-26,16:30,レッツゴー怪奇組 第四怪🈑
栃木,6 TBS1,2026-07-26,17:00,日5「正反対な君と僕」 ＃16「新学期」🈑🈓
栃木,6 TBS1,2026-07-26,17:30,Nスタ🈑 「飛鳥・藤原の宮都」が世界遺産新登録なるか▽「土用の丑の日」うなぎ店は
栃木,6 TBS1,2026-07-26,18:00,世界遺産／バリ島 1000年続く棚田の絶景（インドネシア）🈖🈑
栃木,6 TBS1,2026-07-26,18:30,ベスコングルメ★夏の軽井沢SP・そば通DEEN池森オススメの手打ちそば名店へ🈖🈑🈓
栃木,6 TBS1,2026-07-26,19:00,バナナマンのせっかくグルメ★VIVANT堺雅人＆濱田岳と日村が人気リゾート地🈑🈓
栃木,6 TBS1,2026-07-26,20:00,VIVANT直前生放送★堺×阿部×二宮×松坂が集結！今からでも間に合うSPダイジェスト🈑
栃木,6 TBS1,2026-07-26,21:00,🈟日曜劇場「VIVANT」第11話🈖🈑
栃木,6 TBS1,2026-07-26,22:19,むしめがね 〜真の価値をのぞく〜🈖🈑
栃木,6 TBS1,2026-07-26,22:25,日曜日の初耳学◆堺雅人×林修『VIVANT』放送直後90分SP阿部寛＆初出しメイキング映像
栃木,6 TBS1,2026-07-26,23:49,東京空色さんぽ🈖🈑
栃木,6 TBS1,2026-07-26,23:55,黒猫と魔女の教室🈑🈓 ＃16「イオ・トーラス がんばります」【アガルアニメ】
栃木,7 テレ東,2026-07-26,03:55,ものスタ サンデー
栃木,7 テレ東,2026-07-26,05:20,ウオッチ！7🈑🈐
栃木,7 テレ東,2026-07-26,05:30,洋子の演歌一直線
栃木,7 テレ東,2026-07-26,06:00,韓流朝ドラ6 夏の香り ＃8 疑惑の発覚（後編）🈓🈔
栃木,7 テレ東,2026-07-26,06:30,サンデーテレショップ
栃木,7 テレ東,2026-07-26,07:00,アニもり！🈑
栃木,7 テレ東,2026-07-26,07:30,ポケモンとどこいく！？【チャンピオンズ対決に派手刺客でバトル部ピンチ！】🈑🈓
栃木,7 テレ東,2026-07-26,08:30,トミプラワールドのりのりタイムズ！！🈑
栃木,7 テレ東,2026-07-26,09:00,ギャビーのドールハウス 118話 新しい家族のベニー・ボックス（前編）🈑🈔
栃木,7 テレ東,2026-07-26,09:15,ぷにるんず ぷに3 第17話『くーるんとカチコチあいるん♪』🈞🈑
栃木,7 テレ東,2026-07-26,09:30,おねがいアイプリ あおいとおねがいかなえ隊🈑
栃木,7 テレ東,2026-07-26,10:00,武井壮のゴルフバッグ担いでください▽永久保存版！宮里優作プロのゴルフレッスン🈑
栃木,7 テレ東,2026-07-26,10:30,優香のサンデークッキング【レンジde簡単ナスキーマ&グリルde焼きナス】🈑
栃木,7 テレ東,2026-07-26,11:00,ぺこもぐキッチン【真夏のアジフライSP】石原良純の大好物を三枚おろしから調理！🈑
栃木,7 テレ東,2026-07-26,11:30,種から植えるTV【児嶋＆Girls2がDIYビニールハウス大修復＆爽やか梅パスタ】🈑
栃木,7 テレ東,2026-07-26,12:00,家、ついて行ってイイですか？予習復習スペシャル 最新作は今夜8時50分から！🈑
栃木,7 テレ東,2026-07-26,12:54,開運！なんでも鑑定団【1万円で購入！日本洋画界を代表する巨匠の画に衝撃値】🈞🈑🈖
栃木,7 テレ東,2026-07-26,13:58,大東建託・いい部屋ネットレディス🈑
栃木,7 テレ東,2026-07-26,15:15,日曜ミステリー『作家・如月祥子の事件ルポ』主演：賀来千香子🈞🈑🈕🈖
栃木,7 テレ東,2026-07-26,17:15,全力イノベーターズ〜SDGsに挑むZ世代〜子どもを運動好きに🈑
栃木,7 テレ東,2026-07-26,17:20,TXNニュース🈑🈐
栃木,7 テレ東,2026-07-26,17:30,鉄鍋のジャン！「毒を御す者」🈑
栃木,7 テレ東,2026-07-26,18:00,パズドラ「吹き矢コンボバトル／もう一度見たい！アニメセレクション」🈑🈓
栃木,7 テレ東,2026-07-26,18:30,日本の海を守る！海上保安庁の激ヤバすぎる最前線100連発SP🈑🈓
栃木,7 テレ東,2026-07-26,20:50,家、ついて行ってイイですか？菊池風磨愛止まらない女子＆妻夫木涙…亡き妻への想い🈑
栃木,7 テレ東,2026-07-26,21:54,乾杯、ご一緒してもイイですか？飲食店で一杯おごる代わりに乾杯の理由を聞く番組🈑
栃木,7 テレ東,2026-07-26,22:00,有吉ぃぃeeeee!【アモアス】クセ者10人でダマし合い！裏切り者は誰だ？🈑
栃木,7 テレ東,2026-07-26,22:48,高校生ぃぃeeeee!〜STAGE:0への道〜🈑
栃木,7 テレ東,2026-07-26,22:54,スポーツリアライブ
栃木,7 テレ東,2026-07-26,23:20,Weekly女子ゴルフ
栃木,7 テレ東,2026-07-26,23:45,ふつつかな悪女ではございますが〜雛宮蝶鼠とりかえ伝〜 第3話🈑
栃木,8 フジテレビ,2026-07-26,04:45,ゴルフトリプルマッチ〜世代と性別を超えたガチンコバトル！〜 男子女子シニアが激突
栃木,8 フジテレビ,2026-07-26,05:40,スワローズ キッズアカデミー🈑
栃木,8 フジテレビ,2026-07-26,05:45,皇室ご一家🈑
栃木,8 フジテレビ,2026-07-26,06:00,FNNニュース🈑
栃木,8 フジテレビ,2026-07-26,06:15,ぱちぱちるんるん★新企画「ムックのうんちくポンッ！」みんなでスッキリしよう！他🈑
栃木,8 フジテレビ,2026-07-26,07:00,SUNDAYブレイク． 千葉県勝浦でオズワルド伊藤が絶叫アクティビティ体験🈑🈕🈓
栃木,8 フジテレビ,2026-07-26,08:55,千葉の贈り物〜まごころ配達人〜🈑🈖
栃木,8 フジテレビ,2026-07-26,09:00,DIGIMON BEATBREAK【消せない夜】 ＃40🈑🈖
栃木,8 フジテレビ,2026-07-26,09:30,テレビアニメ「鬼滅の刃」シリーズ全編再放送【竈門炭治郎 立志編】🈑🈖🈓
栃木,8 フジテレビ,2026-07-26,10:00,かのサンド◆学生街で絶品グルメSP！早稲田コスパ抜群グルメ＆学芸大学の名店中華🈑
栃木,8 フジテレビ,2026-07-26,11:15,ミラモンGOLD🈑
栃木,8 フジテレビ,2026-07-26,11:45,いいものディノス🈑
栃木,8 フジテレビ,2026-07-26,11:50,FNN Live News days🈑
栃木,8 フジテレビ,2026-07-26,12:00,なりゆき街道旅【夏涼しい奥久慈で袋田の滝に感動！名産そば＆奥久慈しゃも親子丼】🈑
栃木,8 フジテレビ,2026-07-26,14:00,ザ・ノンフィクション 就職先はさる軍団3怒られない時代に芸を磨くということ後編🈑
栃木,8 フジテレビ,2026-07-26,14:55,ビジネスSwitch 〜時代を照らす企業の戦略〜🈑
栃木,8 フジテレビ,2026-07-26,15:00,みんなのKEIBA 関屋記念・GⅢ＆東海S・GⅢ 夏の新潟開幕！ ゲスト中山優馬
栃木,8 フジテレビ,2026-07-26,16:00,個人麺談★谷原章介ラーメン愛爆発トラジャ中村＆松倉の味覚に合う究極の一杯を紹介🈑
栃木,8 フジテレビ,2026-07-26,17:00,フォーミュラE世界選手権2026東京・第14戦ハイライト🈑
栃木,8 フジテレビ,2026-07-26,17:25,Live News イット！🈑
栃木,8 フジテレビ,2026-07-26,18:00,ちびまる子ちゃん【隣町の男子とプールで勝負する／たまちゃんちで日曜大工を】🈑🈖
栃木,8 フジテレビ,2026-07-26,18:30,サザエさん【憧れの松／うっかりでしっかり ほか】🈑🈖🈓
栃木,8 フジテレビ,2026-07-26,19:00,千鳥の鬼レンチャン◆鬼ハード初代女王誕生？STU池ちゃん＆高橋成美サビカラ登場🈑
栃木,8 フジテレビ,2026-07-26,21:00,Mr．サンデー🈑🈓
栃木,8 フジテレビ,2026-07-26,23:09,ブラックトリック みどころ【新月9ドラマの1話振り返り＆2話先見せ！】🈑
栃木,8 フジテレビ,2026-07-26,23:15,ワンピース【エルバフの大罪人 冥界のロキ解放！？】🈑🈖
栃木,8 フジテレビ,2026-07-26,23:45,すぽると！ 大谷翔平のストレートは軌道が読めない⁉スター証言＆脳科学から紐解く🈑
栃木,3 とちぎテレビ1,2026-07-26,05:20,県民の歌
栃木,3 とちぎテレビ1,2026-07-26,05:25,天気予報🈗
栃木,3 とちぎテレビ1,2026-07-26,05:30,ショップジャパン
栃木,3 とちぎテレビ1,2026-07-26,06:00,森永製菓TVショッピング
栃木,3 とちぎテレビ1,2026-07-26,06:30,朝一特選街
栃木,3 とちぎテレビ1,2026-07-26,07:00,特盛生活情報
栃木,3 とちぎテレビ1,2026-07-26,07:30,生活健康缶
栃木,3 とちぎテレビ1,2026-07-26,08:00,真・ゴルフの王様！🈞 ＃258 セブンハンドレッドクラブ OUT1H・2H
栃木,3 とちぎテレビ1,2026-07-26,08:30,2026夏の高校野球栃木大会 決勝
栃木,3 とちぎテレビ1,2026-07-26,14:00,日曜情報館
栃木,3 とちぎテレビ1,2026-07-26,14:30,白黒アンジャッシュ 逆境からのR−1王者「今井らいぱち」に迫る！
栃木,3 とちぎテレビ1,2026-07-26,15:00,ショップジャパン
栃木,3 とちぎテレビ1,2026-07-26,15:30,健康生活スタイル
栃木,3 とちぎテレビ1,2026-07-26,16:00,いわむらかずおコレクション テレビdeえほん タンタンのしろくまくん
栃木,3 とちぎテレビ1,2026-07-26,16:15,とちぎ四季彩々〜ライトラインの車窓から〜
栃木,3 とちぎテレビ1,2026-07-26,16:30,ナットク！特選街
栃木,3 とちぎテレビ1,2026-07-26,17:00,夕どき情報通
栃木,3 とちぎテレビ1,2026-07-26,17:30,夕どき情報通
栃木,3 とちぎテレビ1,2026-07-26,18:00,生活情報番組
栃木,3 とちぎテレビ1,2026-07-26,18:30,生活情報番組
栃木,3 とちぎテレビ1,2026-07-26,19:00,栃木県交響楽団創立50周年記念演奏会 「栃響、感謝と挑戦の響き」🈞
栃木,3 とちぎテレビ1,2026-07-26,20:00,技に迫る かわらふき工  新井正人
栃木,3 とちぎテレビ1,2026-07-26,20:30,CM INDEX
栃木,3 とちぎテレビ1,2026-07-26,21:00,とちテレNEWS9🄽🈗
栃木,3 とちぎテレビ1,2026-07-26,21:15,おくやみ
栃木,3 とちぎテレビ1,2026-07-26,21:20,イブ6アンコール 山口あやの麺食いのススメ🈞
栃木,3 とちぎテレビ1,2026-07-26,21:30,日曜特選街
栃木,3 とちぎテレビ1,2026-07-26,22:00,高校野球ハイライト 甲子園出場校が決まる！決勝の模様をダイジェストで！
栃木,3 とちぎテレビ1,2026-07-26,22:30,Car Xs with NAPAC🈞
栃木,3 とちぎテレビ1,2026-07-26,23:00,サンデープレミアム
栃木,3 とちぎテレビ1,2026-07-26,23:30,生活情報館
栃木,9 TOKYO　..,2026-07-26,05:00,MXショッピング
栃木,9 TOKYO　..,2026-07-26,05:30,お買い物情報
栃木,9 TOKYO　..,2026-07-26,06:00,MXショッピング
栃木,9 TOKYO　..,2026-07-26,06:30,MXショッピング
栃木,9 TOKYO　..,2026-07-26,07:00,宝塚カフェブレイク ★宙組公演スタートでトップスター会見▼黒蜥蜴の魅力とは？
栃木,9 TOKYO　..,2026-07-26,07:30,MXショッピング
栃木,9 TOKYO　..,2026-07-26,08:00,いびってこない義母と義姉 ＃3「名家の娘たち」
栃木,9 TOKYO　..,2026-07-26,08:26,PUI PUI モルカー ＃3「ネコ救出大作戦」
栃木,9 TOKYO　..,2026-07-26,08:30,お買い物情報
栃木,9 TOKYO　..,2026-07-26,09:00,お買い物情報
栃木,9 TOKYO　..,2026-07-26,09:30,MXショッピング
栃木,9 TOKYO　..,2026-07-26,09:59,第108回全国高校野球選手権 西東京大会▽決勝〜閉会式
栃木,9 TOKYO　..,2026-07-26,14:00,MXショッピング
栃木,9 TOKYO　..,2026-07-26,14:30,水曜どうでしょうプレミア ★試験に出るどうでしょう 日本史⑥🈑
栃木,9 TOKYO　..,2026-07-26,15:00,MXショッピング
栃木,9 TOKYO　..,2026-07-26,15:59,番組ガイド
栃木,9 TOKYO　..,2026-07-26,16:00,スケバン刑事Ⅱ 少女鉄仮面伝説 ★第11話「ベールをぬいだ影の総統」
栃木,9 TOKYO　..,2026-07-26,16:30,MXショッピング
栃木,9 TOKYO　..,2026-07-26,17:00,探偵！ナイトスクープ🈖
栃木,9 TOKYO　..,2026-07-26,17:55,TOKYO MX NEWS
栃木,9 TOKYO　..,2026-07-26,18:00,東京ホンマもん教室 ★骨太ショックは“ホンマ”か？▼ゲストは門田隆将さん
栃木,9 TOKYO　..,2026-07-26,19:00,MXショッピング
栃木,9 TOKYO　..,2026-07-26,19:30,日本のチカラ🈞🈑
栃木,9 TOKYO　..,2026-07-26,20:00,トウキョウもっともっと！元気計画研究所 ★もっと交通ルールを守れる東京に！
栃木,9 TOKYO　..,2026-07-26,21:00,ぐらぶるTVちゃんねるっ！ ★小野友樹と加藤英美里がグラブルの魅力をお届けっ！
栃木,9 TOKYO　..,2026-07-26,21:30,青春ブタ野郎はサンタクロースの夢を見ない ＃4「正義の味方」🈞
栃木,9 TOKYO　..,2026-07-26,22:00,世界最強の後衛 〜迷宮国の新人探索者〜 ＃4「危急存亡の混浴」
栃木,9 TOKYO　..,2026-07-26,22:30,君のことが大大大大大好きな100人の彼女 第3期 ＃28
栃木,9 TOKYO　..,2026-07-26,23:00,二十世紀電氣目録-ユーレカ・エヴリカ- ＃4「信心の娘」
栃木,9 TOKYO　..,2026-07-26,23:30,刃牙道 ＃4「少年(ボン)」
栃木,9 TOKYO　..,2026-07-26,05:00,ヒーリングタイム＆ヘッドラインニュース
栃木,9 TOKYO　..,2026-07-26,06:00,ヒーリングタイム＆ヘッドラインニュース
栃木,9 TOKYO　..,2026-07-26,06:38,ごりやくさん🈞🈑
栃木,9 TOKYO　..,2026-07-26,07:00,MXショッピング
栃木,9 TOKYO　..,2026-07-26,07:30,ヒーリングタイム＆ヘッドラインニュース
栃木,9 TOKYO　..,2026-07-26,08:00,フラッシュ天気
栃木,9 TOKYO　..,2026-07-26,08:05,日本ふるさと百景🈑
栃木,9 TOKYO　..,2026-07-26,08:30,ドルアーガの塔〜the Sword of URUK〜 ＃4「幻影の中へ」🈞
栃木,9 TOKYO　..,2026-07-26,09:00,ヒーリングタイム＆ヘッドラインニュース
栃木,9 TOKYO　..,2026-07-26,09:30,童謡コーラス♪名曲大合唱＆みんなの音楽会テレビ
栃木,9 TOKYO　..,2026-07-26,09:45,ヒーリングタイム＆ヘッドラインニュース
栃木,9 TOKYO　..,2026-07-26,10:00,Car Xs with NAPAC
栃木,9 TOKYO　..,2026-07-26,10:30,MXショッピング
栃木,9 TOKYO　..,2026-07-26,11:00,日本ふるさと百景🈑
栃木,9 TOKYO　..,2026-07-26,11:25,フラッシュ天気
栃木,9 TOKYO　..,2026-07-26,11:30,MXショッピング
栃木,9 TOKYO　..,2026-07-26,12:00,あんぎゃでござる！！
栃木,9 TOKYO　..,2026-07-26,12:30,MXショッピング
栃木,9 TOKYO　..,2026-07-26,13:00,ヒーリングタイム＆ヘッドラインニュース
栃木,9 TOKYO　..,2026-07-26,13:25,ごりやくさん🈑
栃木,9 TOKYO　..,2026-07-26,13:50,ヒーリングタイム＆ヘッドラインニュース
栃木,9 TOKYO　..,2026-07-26,13:55,TOKYO MX NEWS
栃木,9 TOKYO　..,2026-07-26,14:00,第108回全国高校野球選手権 西東京大会▽決勝〜閉会式
栃木,9 TOKYO　..,2026-07-26,14:30,MXショッピング
栃木,9 TOKYO　..,2026-07-26,15:00,ヒーリングタイム＆ヘッドラインニュース
栃木,9 TOKYO　..,2026-07-26,15:38,ごりやくさん🈞🈑
栃木,9 TOKYO　..,2026-07-26,16:00,MXショッピング
栃木,9 TOKYO　..,2026-07-26,16:30,ヒーリングタイム＆ヘッドラインニュース
栃木,9 TOKYO　..,2026-07-26,16:38,日本ふるさと百景🈑
栃木,9 TOKYO　..,2026-07-26,17:00,MXショッピング
栃木,9 TOKYO　..,2026-07-26,17:30,ヒーリングタイム＆ヘッドラインニュース
栃木,9 TOKYO　..,2026-07-26,17:38,ごりやくさん🈞🈑
栃木,9 TOKYO　..,2026-07-26,18:00,MXショッピング
栃木,9 TOKYO　..,2026-07-26,18:30,ヒーリングタイム＆ヘッドラインニュース
栃木,9 TOKYO　..,2026-07-26,18:38,ごりやくさん🈞🈑
栃木,9 TOKYO　..,2026-07-26,19:00,ヒーリングタイム＆ヘッドラインニュース
栃木,9 TOKYO　..,2026-07-26,20:00,MXショッピング
栃木,9 TOKYO　..,2026-07-26,20:30,ヒーリングタイム＆ヘッドラインニュース
栃木,9 TOKYO　..,2026-07-26,20:38,ごりやくさん🈑
栃木,9 TOKYO　..,2026-07-26,21:00,MXショッピング
栃木,9 TOKYO　..,2026-07-26,21:30,MXショッピング
栃木,9 TOKYO　..,2026-07-26,22:00,ヒーリングタイム＆ヘッドラインニュース
栃木,9 TOKYO　..,2026-07-26,23:00,ヒーリングタイム＆ヘッドラインニュース
群馬,1 NHK総合1..,2026-07-26,05:00,ニュース・気象情報
群馬,1 NHK総合1..,2026-07-26,05:10,Jリーグと私 あの試合を忘れない ＃17 横浜FM🈑
群馬,1 NHK総合1..,2026-07-26,05:15,週末のNスペは… 激変・安全保障 日本の進路は🈑
群馬,1 NHK総合1..,2026-07-26,05:20,桂文珍の演芸図鑑 レ・ロマネスクTOBI 柳亭小燕枝 三拍子🈑
群馬,1 NHK総合1..,2026-07-26,05:50,気象情報
群馬,1 NHK総合1..,2026-07-26,06:00,ニュース
群馬,1 NHK総合1..,2026-07-26,06:10,【特選！時代劇】大岡越前8 🈟（1）「燃える牢屋敷」🈖🈑
群馬,1 NHK総合1..,2026-07-26,06:53,気象情報
群馬,1 NHK総合1..,2026-07-26,06:55,ニュース・気象情報（関東甲信越）🈑
群馬,1 NHK総合1..,2026-07-26,07:00,NHKニュース おはよう日本 7月26日（日）🈑
群馬,1 NHK総合1..,2026-07-26,07:40,NHKニュース おはよう首都圏（関東甲信越）🈑
群馬,1 NHK総合1..,2026-07-26,07:45,さわやか自然百景 青森 屏風山湿原池沼群🈑
群馬,1 NHK総合1..,2026-07-26,08:00,小さな旅「大原を継ぐ 〜京都市 左京区〜」🈖🈑
群馬,1 NHK総合1..,2026-07-26,08:25,Dearにっぽん「私たちが新聞を書く理由〜滋賀・虎姫高校〜」🈑
群馬,1 NHK総合1..,2026-07-26,08:50,あさイチの鈴木奈穂子アナが「NHK ONE」を解説🈑
群馬,1 NHK総合1..,2026-07-26,08:57,気象情報
群馬,1 NHK総合1..,2026-07-26,09:00,日曜討論 徹底解説！暑さはどこまで？対策は
群馬,1 NHK総合1..,2026-07-26,10:00,第108回全国高校野球選手権群馬大会 決勝「健大高崎」対「前橋商」
群馬,1 NHK総合1..,2026-07-26,11:53,スポーツ中継 継続視聴のご案内 ▽スポーツ中継は【総合2】で放送しています
群馬,1 NHK総合1..,2026-07-26,11:54,気象情報
群馬,1 NHK総合1..,2026-07-26,12:00,ニュース🈑
群馬,1 NHK総合1..,2026-07-26,12:10,ニュース（関東甲信越）🈑
群馬,1 NHK総合1..,2026-07-26,12:15,第108回全国高校野球選手権群馬大会 決勝「健大高崎」対「前橋商」
群馬,1 NHK総合1..,2026-07-26,13:00,ニュース・気象情報🈑
群馬,1 NHK総合1..,2026-07-26,13:05,ダーウィンが来た！「相葉さんと探せ！ミクロいきもの超ワールド」🈖🈑🈞
群馬,1 NHK総合1..,2026-07-26,13:35,さわやか自然百景10min．（37）兵庫 猫崎の海と黒川渓谷🈑
群馬,1 NHK総合1..,2026-07-26,13:45,JAPAN DELISH 5min カレーライス🈑
群馬,1 NHK総合1..,2026-07-26,13:50,アニメまとめPR 放送中！注目の3番組ほか🈑
群馬,1 NHK総合1..,2026-07-26,13:55,第108回全国高校野球選手権神奈川大会 決勝「横浜」対「桐光学園」🈑
群馬,1 NHK総合1..,2026-07-26,14:59,サブチャンネル切り替え方法のご案内
群馬,1 NHK総合1..,2026-07-26,15:00,ニュース・気象情報🈑
群馬,1 NHK総合1..,2026-07-26,15:05,大相撲（2026年） 名古屋場所 千秋楽🈑
群馬,1 NHK総合1..,2026-07-26,15:30,大相撲（2026年） 名古屋場所 千秋楽 優勝力士・三賞力士インタビュー🈔🈑
群馬,1 NHK総合1..,2026-07-26,18:00,ニュース🈑
群馬,1 NHK総合1..,2026-07-26,18:05,有吉のお金発見 突撃！カネオくん 令和に再ブーム！RCカーのヒミツ🈑
群馬,1 NHK総合1..,2026-07-26,18:45,ニュース645（関東・山梨）🈑
群馬,1 NHK総合1..,2026-07-26,19:00,NHKニュース7🈔🈑
群馬,1 NHK総合1..,2026-07-26,19:30,ダーウィンが来た！「最大の味方！最強のライバル！？動物兄弟」🈖🈑
群馬,1 NHK総合1..,2026-07-26,20:00,豊臣兄弟！（29）天下への道🈖🈑
群馬,1 NHK総合1..,2026-07-26,20:45,ニュース🈑🈐
群馬,1 NHK総合1..,2026-07-26,20:55,ニュース・気象情報（関東甲信越）🈑🈐
群馬,1 NHK総合1..,2026-07-26,21:00,NHKスペシャル 激変・安全保障 “力の支配”と揺らぐ国際秩序 日本の針路は🈑
群馬,1 NHK総合1..,2026-07-26,22:00,サンデースポーツ🈑
群馬,1 NHK総合1..,2026-07-26,22:50,ニュース・気象情報🈑
群馬,1 NHK総合1..,2026-07-26,22:55,ハロー！NHKワールドJAPAN 7月の地域特集・山口県関連番組紹介🈑
群馬,1 NHK総合1..,2026-07-26,23:00,DOC（ドック）3 あすへのカルテ（8）「暗闇の先へ」🈔🈑
群馬,1 NHK総合1..,2026-07-26,23:59,連続テレビ小説「ひよっこ」再放送PR
群馬,2 NHKEテレ..,2026-07-26,05:00,こころの時代 わからなさのなかで〜最首悟の思想をたどる〜🈑🈞
群馬,2 NHKEテレ..,2026-07-26,06:00,NHK短歌 わたしの宮沢賢治 テーマ「月」🈑
群馬,2 NHKEテレ..,2026-07-26,06:25,テレビ体操🈑
群馬,2 NHKEテレ..,2026-07-26,06:35,NHK俳句 題「七夕」🈑
群馬,2 NHKEテレ..,2026-07-26,07:00,第93回NHK全国学校音楽コンクール みんなの合唱レッスン・高等学校の部🈑
群馬,2 NHKEテレ..,2026-07-26,07:10,第93回NHK全国学校音楽コンクール みんなの合唱レッスン・中学校の部🈑
群馬,2 NHKEテレ..,2026-07-26,07:20,第93回NHK全国学校音楽コンクール みんなの合唱レッスン・小学校の部🈑
群馬,2 NHKEテレ..,2026-07-26,07:30,おとうさんといっしょ「まねまねどんぐー」🈑🈞
群馬,2 NHKEテレ..,2026-07-26,08:00,やさいの時間 みんなの菜園物語 兵庫県（後編）🈑
群馬,2 NHKEテレ..,2026-07-26,08:25,趣味の園芸 京も一日陽だまり屋「の〜んびり 蘇鉄（そてつ）」🈑
群馬,2 NHKEテレ..,2026-07-26,08:30,趣味の園芸 選 ステキをセレクト！タネから育てるコスモス🈑
群馬,2 NHKEテレ..,2026-07-26,08:55,no art，no life「洋一」🈑
群馬,2 NHKEテレ..,2026-07-26,09:00,日曜美術館 陶芸家ルーシー・リー 繊細でたくましい器🈑
群馬,2 NHKEテレ..,2026-07-26,09:45,日曜美術館 アートシーン「まなざしの奇跡 日本女性写真家の冒険」展🈑
群馬,2 NHKEテレ..,2026-07-26,10:00,将棋フォーカス 選 フォーカス流・観る将検定 第2回！🈑
群馬,2 NHKEテレ..,2026-07-26,10:30,第76回 NHK杯テレビ将棋トーナメント 1回戦第17局 羽生九段×横山七段🈑
群馬,2 NHKEテレ..,2026-07-26,12:00,囲碁フォーカス 選 知らずに使っている！？「囲碁用語」🈑
群馬,2 NHKEテレ..,2026-07-26,12:30,第74回NHK杯テレビ囲碁トーナメント1回戦第17局酒井佑規七段×加藤千笑四段🈑
群馬,2 NHKEテレ..,2026-07-26,14:00,日本の話芸 柳家蝠丸 落語「叩き蟹」🈖🈑
群馬,2 NHKEテレ..,2026-07-26,14:30,アニメ 青のオーケストラ シーズン2（1）「ほころび」🈑
群馬,2 NHKEテレ..,2026-07-26,14:55,アニメ 青のオーケストラ シーズン2（2）「波紋」🈑
群馬,2 NHKEテレ..,2026-07-26,15:20,アニメ 青のオーケストラ シーズン2（3）「ケジメ」🈑
群馬,2 NHKEテレ..,2026-07-26,15:45,アニメ 青のオーケストラ シーズン2（4）「体育祭」🈑
群馬,2 NHKEテレ..,2026-07-26,16:10,ピタゴラミングスイッチ2🈑🈞
群馬,2 NHKEテレ..,2026-07-26,16:30,ざわざわ森のがんこちゃん30周年スペシャルがんこのびっくりおたんじょうび会🈖🈑🈞
群馬,2 NHKEテレ..,2026-07-26,17:00,アニメ アオアシ（17）東京都リーグ第7節 多摩体育大学附属高校戦🈑
群馬,2 NHKEテレ..,2026-07-26,17:25,レディー・グレース 女王陛下のスパイ（4）「迷える女王」🈔🈑
群馬,2 NHKEテレ..,2026-07-26,17:50,こども手話ウイークリー🈐
群馬,2 NHKEテレ..,2026-07-26,18:00,木村多江の、いまさらですが… アメリカ建国の立役者 初代財務長官ハミルトン🈖🈑🈞
群馬,2 NHKEテレ..,2026-07-26,18:30,ブリティッシュ・ベイクオフ6（17）チョコレート対決・前編🈔🈑🈞
群馬,2 NHKEテレ..,2026-07-26,19:00,未病息災を願います 選「骨密度」が気になったら🈖🈑
群馬,2 NHKEテレ..,2026-07-26,19:45,365日の献立日記「野菜ずし」🈑
群馬,2 NHKEテレ..,2026-07-26,19:50,5分であさイチ 夏休みの“お昼ごはん”に革命を！🈑
群馬,2 NHKEテレ..,2026-07-26,19:55,NHK手話ニュース🈐
群馬,2 NHKEテレ..,2026-07-26,20:00,日曜美術館 滅びゆく写真 そして人類 現代美術作家・杉本博司🈑🈞
群馬,2 NHKEテレ..,2026-07-26,20:45,日曜美術館 アートシーン「元禄！師宣劇場」展🈑
群馬,2 NHKEテレ..,2026-07-26,21:00,古典芸能への招待 歌舞伎「近江源氏先陣館 盛綱陣屋」大阪松竹座さよなら公演🈕🈑
群馬,2 NHKEテレ..,2026-07-26,23:00,美の壺 選「小さな芸術 干菓子」🈑
群馬,2 NHKEテレ..,2026-07-26,23:30,サイエンスZERO“次世代塗料”が未来を塗り替える！？🈖🈑
群馬,4 日テレ1,2026-07-26,05:00,最新作『キングダム 魂の決戦』に懸けた出演者たちの熱い想い🈞
群馬,4 日テレ1,2026-07-26,05:05,『キングダム 魂の決戦』×米津玄師🈞
群馬,4 日テレ1,2026-07-26,05:10,日テレポシュレモーニング
群馬,4 日テレ1,2026-07-26,05:40,日テレアップDate！🈖🈑
群馬,4 日テレ1,2026-07-26,06:00,皇室日記🈑▽天皇ご一家那須ご静養▽佳子さま「重複障がい者」に寄せる思い
群馬,4 日テレ1,2026-07-26,06:15,NNNニュースサンデー🈐
群馬,4 日テレ1,2026-07-26,06:30,遠くへ行きたい【高橋成美が信州・長野へ】くるみ蕎麦＆清流が育む薬用魚🈖🈑
群馬,4 日テレ1,2026-07-26,07:00,所さんの目がテン！🈑所さんと奥田民生さんが絶品イノシシ肉で燻製作り⁉
群馬,4 日テレ1,2026-07-26,07:30,シューイチ🈑🈓8月から変わること＆新スポット▽秋山＆平子が南房総の体格グルメ堪能
群馬,4 日テレ1,2026-07-26,10:25,一茂×かまいたちゲンバ▼水族館でアシカとご対面▼驚き新食感「糸かき氷」とは？🈑
群馬,4 日テレ1,2026-07-26,11:25,biz search🈑佐藤真知子アナが、JKAの「補助事業」を調査！
群馬,4 日テレ1,2026-07-26,11:30,NNN ストレイトニュース🈑
群馬,4 日テレ1,2026-07-26,11:45,スクール革命！絵と図！真夏のクイズ祭り▼山田＆めるる「即興絵描き歌」で波乱!?🈑
群馬,4 日テレ1,2026-07-26,12:45,メシドラ🈑芸能生活50年の山本耕史とグルメ旅！筋肉・俳優・家族について語りまくる
群馬,4 日テレ1,2026-07-26,14:00,timeleszファミリア▼CanCam編集部に潜入＆爆売れ雑誌ハルメクの秘密🈑
群馬,4 日テレ1,2026-07-26,15:00,24時間テレビ企画大公開SP🈑総合司会は内村光良！テーマは「わたしの家族の話」
群馬,4 日テレ1,2026-07-26,15:55,【アメリカ横断ウルトラクイズ】新MC櫻井翔！地球一周特大スケールで復活SP🈑
群馬,4 日テレ1,2026-07-26,16:55,サンデーPUSHスポーツ🈑ここが辛いよ救援投手…巨人SP！WBC戦士が本音を激白
群馬,4 日テレ1,2026-07-26,17:25,もう笑点🈖🈑「笑点」が始まる前に「もう」始まるのが「もう笑点」。
群馬,4 日テレ1,2026-07-26,17:30,笑点🈖🈑🈓城島茂が座布団運び「ザ！鉄腕！DASH！！」×「笑点」夢のコラボDAY
群馬,4 日テレ1,2026-07-26,18:00,真相報道バンキシャ！🈑独自分析…熱中症患者10人の行動に教訓▽花火大会で湿度検証
群馬,4 日テレ1,2026-07-26,18:55,博士は今日も嫉妬する 人生が楽しくなる最新テクノロジー🈑
群馬,4 日テレ1,2026-07-26,19:00,ザ！鉄腕！DASH！！▽笑点60周年記念夏祭り！師匠全員参加で巨大お好み焼き！🈑
群馬,4 日テレ1,2026-07-26,19:58,イッテQ【お祭り男宮川＆二代目手越】フィンランドで丸太乗って川を下る木材選手権🈑
群馬,4 日テレ1,2026-07-26,20:54,音のソノリティ🈑
群馬,4 日テレ1,2026-07-26,21:00,ゴールデンストーンズ▽番組史上最大‼人気芸人軍団と総勢31名の大混戦バトル🈑
群馬,4 日テレ1,2026-07-26,21:54,日テレ＋「火曜日ははじめてのおつかい」🈑
群馬,4 日テレ1,2026-07-26,22:00,おしゃれクリップ🈖🈑出川哲朗はなぜ愛される？▼妻や一茂が忖度なしでガチ素顔告白
群馬,4 日テレ1,2026-07-26,22:30,ドラマ「一次元の挿し木」第4話【激動の真相が発覚…古人骨と義妹を巡る謎】🈖🈑🈓
群馬,4 日テレ1,2026-07-26,23:25,ダウンタウンのガキの使い！10人で男の勲章歌い切り！エース＆小田参戦で大波乱🈑
群馬,4 日テレ1,2026-07-26,23:55,Going！🈑生出演！渡邊雄太が明かす日本バスケの進化▼赤星絶賛！怪物高校生
群馬,5 テレビ朝日,2026-07-26,05:00,はい！テレビ朝日です🈑
群馬,5 テレビ朝日,2026-07-26,05:20,健康家族テレショップ
群馬,5 テレビ朝日,2026-07-26,05:50,グッド！モーニング🈓🈑
群馬,5 テレビ朝日,2026-07-26,08:00,コウペンちゃん ＃69🈑
群馬,5 テレビ朝日,2026-07-26,08:01,よ〜い！スターと！トビダスクール しなことリボンでTシャツデコ！🈓🈑
群馬,5 テレビ朝日,2026-07-26,08:30,名探偵プリキュア！ ＃26 キュアエクレールの復活！🈓🈑
群馬,5 テレビ朝日,2026-07-26,09:00,仮面ライダーゼッツ 第45話「惑わす」🈓🈑
群馬,5 テレビ朝日,2026-07-26,09:30,🈟角醒ハンター オメガホーン 第1話「角醒せよ！赤き角獣王！」🈓🈑
群馬,5 テレビ朝日,2026-07-26,10:00,新作映画公開記念「映画クレヨンしんちゃん超華麗！灼熱のカスカベダンサーズ」🈑
群馬,5 テレビ朝日,2026-07-26,11:45,つながるピックル🈑
群馬,5 テレビ朝日,2026-07-26,11:50,ANNニュース🈑
群馬,5 テレビ朝日,2026-07-26,12:00,ビートたけしのTVタックル 昭和は驚きの光景が…令和のゴミ問題＆激安リユース店🈑
群馬,5 テレビ朝日,2026-07-26,12:55,新婚さんいらっしゃい！ オーストラリア在住夫婦出場！親戚100人大運動会⁉ 🈖🈑
群馬,5 テレビ朝日,2026-07-26,13:25,華丸丼と大吉麺 荻窪で発見！あのドラマの監修をした三ツ星店の斬新沖縄そば🈑
群馬,5 テレビ朝日,2026-07-26,13:55,林修の今知りたいでしょ！ 傑作選 帯状疱疹・脳卒中・糖尿病！意外な病気のサイン🈑
群馬,5 テレビ朝日,2026-07-26,15:20,路線バスで寄り道の旅 【世界の青木と徳光さんが願いをかなえる珍道中！】🈑
群馬,5 テレビ朝日,2026-07-26,16:30,日曜マイチョイス 日本人になじみの町中華と本場の味㊙ガチ中華を食べ比べる満腹旅🈑
群馬,5 テレビ朝日,2026-07-26,17:25,部活 on Campus🈑
群馬,5 テレビ朝日,2026-07-26,17:30,ANNスーパーJチャンネル🈑
群馬,5 テレビ朝日,2026-07-26,18:00,相葉マナブ 初登場！timelesz佐藤勝利と地引き網！相模湾で何が獲れる？🈑
群馬,5 テレビ朝日,2026-07-26,18:52,食ノ音色🈑
群馬,5 テレビ朝日,2026-07-26,18:56,ポツンと一軒家 2時間SP！84歳チェーンソーアート挑戦！BBQ＆絶景岩風呂🈑
群馬,5 テレビ朝日,2026-07-26,20:56,有働Times🈑
群馬,5 テレビ朝日,2026-07-26,22:15,マイ・フィクション ＃4 刑務所にいるはずの人間🈖🈑
群馬,5 テレビ朝日,2026-07-26,23:09,ペダる！東京🈑
群馬,5 テレビ朝日,2026-07-26,23:15,EIGHT－JAM 【中森明菜特集‼松田聖子・小泉今日子との関係、振付秘話…】🈑
群馬,6 TBS1,2026-07-26,04:40,ぜひモノ
群馬,6 TBS1,2026-07-26,05:40,TBSレビュー🈐
群馬,6 TBS1,2026-07-26,06:00,バナナマンの早起きせっかくグルメ★全国から厳選！極上焼肉のタレでお肉を大満喫！🈑
群馬,6 TBS1,2026-07-26,06:45,JNNニュース🈐
群馬,6 TBS1,2026-07-26,07:00,健康カプセル！ゲンキの時間🈖🈑侮っていると一大事に！？消えないあざに隠れた恐怖
群馬,6 TBS1,2026-07-26,07:30,がっちりマンデー‼CMで良く見るけど知らない会社！渡辺パイプ、INPEX、NGK
群馬,6 TBS1,2026-07-26,08:00,サンデーモーニング🈑高市総理“寝てない”投稿の波紋▽消費税“迷走”と骨太ショック
群馬,6 TBS1,2026-07-26,09:54,サンデー・ジャポン 延長国会閉幕…議員直撃！▽堺雅人が緊急生出演！スタジオ生考察
群馬,6 TBS1,2026-07-26,11:35,上田晋也のサンデーQ🈑堺雅人が生出演「VIVANT」エキストラは4千人！聖地先取り巡礼
群馬,6 TBS1,2026-07-26,12:54,ゆたかな食の未来をさがして【長野「姨捨の棚田」初夏の田植え】🈖🈑
群馬,6 TBS1,2026-07-26,12:57,デジタル一番星＋🈖🈑
群馬,6 TBS1,2026-07-26,13:00,週刊さんまとマツコ🈖🈑 婚活界の女帝・植草美幸が翔工務店のダメ社員軍団を徹底指導
群馬,6 TBS1,2026-07-26,13:27,四季折々の贈り物 〜ミルクセーキ〜🈖🈑
群馬,6 TBS1,2026-07-26,13:30,日本くらべてみたら★有名タレントを地方局にレンタルしてみたら？🈑
群馬,6 TBS1,2026-07-26,14:30,THE神業チャレンジ★28日よる7時！タイムレス篠塚VSクレーン＆桃田VS強豪校🈑
群馬,6 TBS1,2026-07-26,15:30,今夜予定どうですか？🈑
群馬,6 TBS1,2026-07-26,16:27,With☆ベイ サンデー🈑
群馬,6 TBS1,2026-07-26,16:30,レッツゴー怪奇組 第四怪🈑
群馬,6 TBS1,2026-07-26,17:00,日5「正反対な君と僕」 ＃16「新学期」🈑🈓
群馬,6 TBS1,2026-07-26,17:30,Nスタ🈑 「飛鳥・藤原の宮都」が世界遺産新登録なるか▽「土用の丑の日」うなぎ店は
群馬,6 TBS1,2026-07-26,18:00,世界遺産／バリ島 1000年続く棚田の絶景（インドネシア）🈖🈑
群馬,6 TBS1,2026-07-26,18:30,ベスコングルメ★夏の軽井沢SP・そば通DEEN池森オススメの手打ちそば名店へ🈖🈑🈓
群馬,6 TBS1,2026-07-26,19:00,バナナマンのせっかくグルメ★VIVANT堺雅人＆濱田岳と日村が人気リゾート地🈑🈓
群馬,6 TBS1,2026-07-26,20:00,VIVANT直前生放送★堺×阿部×二宮×松坂が集結！今からでも間に合うSPダイジェスト🈑
群馬,6 TBS1,2026-07-26,21:00,🈟日曜劇場「VIVANT」第11話🈖🈑
群馬,6 TBS1,2026-07-26,22:19,むしめがね 〜真の価値をのぞく〜🈖🈑
群馬,6 TBS1,2026-07-26,22:25,日曜日の初耳学◆堺雅人×林修『VIVANT』放送直後90分SP阿部寛＆初出しメイキング映像
群馬,6 TBS1,2026-07-26,23:49,東京空色さんぽ🈖🈑
群馬,6 TBS1,2026-07-26,23:55,黒猫と魔女の教室🈑🈓 ＃16「イオ・トーラス がんばります」【アガルアニメ】
群馬,7 テレ東,2026-07-26,03:55,ものスタ サンデー
群馬,7 テレ東,2026-07-26,05:20,ウオッチ！7🈑🈐
群馬,7 テレ東,2026-07-26,05:30,洋子の演歌一直線
群馬,7 テレ東,2026-07-26,06:00,韓流朝ドラ6 夏の香り ＃8 疑惑の発覚（後編）🈓🈔
群馬,7 テレ東,2026-07-26,06:30,サンデーテレショップ
群馬,7 テレ東,2026-07-26,07:00,アニもり！🈑
群馬,7 テレ東,2026-07-26,07:30,ポケモンとどこいく！？【チャンピオンズ対決に派手刺客でバトル部ピンチ！】🈑🈓
群馬,7 テレ東,2026-07-26,08:30,トミプラワールドのりのりタイムズ！！🈑
群馬,7 テレ東,2026-07-26,09:00,ギャビーのドールハウス 118話 新しい家族のベニー・ボックス（前編）🈑🈔
群馬,7 テレ東,2026-07-26,09:15,ぷにるんず ぷに3 第17話『くーるんとカチコチあいるん♪』🈞🈑
群馬,7 テレ東,2026-07-26,09:30,おねがいアイプリ あおいとおねがいかなえ隊🈑
群馬,7 テレ東,2026-07-26,10:00,武井壮のゴルフバッグ担いでください▽永久保存版！宮里優作プロのゴルフレッスン🈑
群馬,7 テレ東,2026-07-26,10:30,優香のサンデークッキング【レンジde簡単ナスキーマ&グリルde焼きナス】🈑
群馬,7 テレ東,2026-07-26,11:00,ぺこもぐキッチン【真夏のアジフライSP】石原良純の大好物を三枚おろしから調理！🈑
群馬,7 テレ東,2026-07-26,11:30,種から植えるTV【児嶋＆Girls2がDIYビニールハウス大修復＆爽やか梅パスタ】🈑
群馬,7 テレ東,2026-07-26,12:00,家、ついて行ってイイですか？予習復習スペシャル 最新作は今夜8時50分から！🈑
群馬,7 テレ東,2026-07-26,12:54,開運！なんでも鑑定団【1万円で購入！日本洋画界を代表する巨匠の画に衝撃値】🈞🈑🈖
群馬,7 テレ東,2026-07-26,13:58,大東建託・いい部屋ネットレディス🈑
群馬,7 テレ東,2026-07-26,15:15,日曜ミステリー『作家・如月祥子の事件ルポ』主演：賀来千香子🈞🈑🈕🈖
群馬,7 テレ東,2026-07-26,17:15,全力イノベーターズ〜SDGsに挑むZ世代〜子どもを運動好きに🈑
群馬,7 テレ東,2026-07-26,17:20,TXNニュース🈑🈐
群馬,7 テレ東,2026-07-26,17:30,鉄鍋のジャン！「毒を御す者」🈑
群馬,7 テレ東,2026-07-26,18:00,パズドラ「吹き矢コンボバトル／もう一度見たい！アニメセレクション」🈑🈓
群馬,7 テレ東,2026-07-26,18:30,日本の海を守る！海上保安庁の激ヤバすぎる最前線100連発SP🈑🈓
群馬,7 テレ東,2026-07-26,20:50,家、ついて行ってイイですか？菊池風磨愛止まらない女子＆妻夫木涙…亡き妻への想い🈑
群馬,7 テレ東,2026-07-26,21:54,乾杯、ご一緒してもイイですか？飲食店で一杯おごる代わりに乾杯の理由を聞く番組🈑
群馬,7 テレ東,2026-07-26,22:00,有吉ぃぃeeeee!【アモアス】クセ者10人でダマし合い！裏切り者は誰だ？🈑
群馬,7 テレ東,2026-07-26,22:48,高校生ぃぃeeeee!〜STAGE:0への道〜🈑
群馬,7 テレ東,2026-07-26,22:54,スポーツリアライブ
群馬,7 テレ東,2026-07-26,23:20,Weekly女子ゴルフ
群馬,7 テレ東,2026-07-26,23:45,ふつつかな悪女ではございますが〜雛宮蝶鼠とりかえ伝〜 第3話🈑
群馬,8 フジテレビ,2026-07-26,04:45,ゴルフトリプルマッチ〜世代と性別を超えたガチンコバトル！〜 男子女子シニアが激突
群馬,8 フジテレビ,2026-07-26,05:40,スワローズ キッズアカデミー🈑
群馬,8 フジテレビ,2026-07-26,05:45,皇室ご一家🈑
群馬,8 フジテレビ,2026-07-26,06:00,FNNニュース🈑
群馬,8 フジテレビ,2026-07-26,06:15,ぱちぱちるんるん★新企画「ムックのうんちくポンッ！」みんなでスッキリしよう！他🈑
群馬,8 フジテレビ,2026-07-26,07:00,SUNDAYブレイク． 千葉県勝浦でオズワルド伊藤が絶叫アクティビティ体験🈑🈕🈓
群馬,8 フジテレビ,2026-07-26,08:55,千葉の贈り物〜まごころ配達人〜🈑🈖
群馬,8 フジテレビ,2026-07-26,09:00,DIGIMON BEATBREAK【消せない夜】 ＃40🈑🈖
群馬,8 フジテレビ,2026-07-26,09:30,テレビアニメ「鬼滅の刃」シリーズ全編再放送【竈門炭治郎 立志編】🈑🈖🈓
群馬,8 フジテレビ,2026-07-26,10:00,かのサンド◆学生街で絶品グルメSP！早稲田コスパ抜群グルメ＆学芸大学の名店中華🈑
群馬,8 フジテレビ,2026-07-26,11:15,ミラモンGOLD🈑
群馬,8 フジテレビ,2026-07-26,11:45,いいものディノス🈑
群馬,8 フジテレビ,2026-07-26,11:50,FNN Live News days🈑
群馬,8 フジテレビ,2026-07-26,12:00,なりゆき街道旅【夏涼しい奥久慈で袋田の滝に感動！名産そば＆奥久慈しゃも親子丼】🈑
群馬,8 フジテレビ,2026-07-26,14:00,ザ・ノンフィクション 就職先はさる軍団3怒られない時代に芸を磨くということ後編🈑
群馬,8 フジテレビ,2026-07-26,14:55,ビジネスSwitch 〜時代を照らす企業の戦略〜🈑
群馬,8 フジテレビ,2026-07-26,15:00,みんなのKEIBA 関屋記念・GⅢ＆東海S・GⅢ 夏の新潟開幕！ ゲスト中山優馬
群馬,8 フジテレビ,2026-07-26,16:00,個人麺談★谷原章介ラーメン愛爆発トラジャ中村＆松倉の味覚に合う究極の一杯を紹介🈑
群馬,8 フジテレビ,2026-07-26,17:00,フォーミュラE世界選手権2026東京・第14戦ハイライト🈑
群馬,8 フジテレビ,2026-07-26,17:25,Live News イット！🈑
群馬,8 フジテレビ,2026-07-26,18:00,ちびまる子ちゃん【隣町の男子とプールで勝負する／たまちゃんちで日曜大工を】🈑🈖
群馬,8 フジテレビ,2026-07-26,18:30,サザエさん【憧れの松／うっかりでしっかり ほか】🈑🈖🈓
群馬,8 フジテレビ,2026-07-26,19:00,千鳥の鬼レンチャン◆鬼ハード初代女王誕生？STU池ちゃん＆高橋成美サビカラ登場🈑
群馬,8 フジテレビ,2026-07-26,21:00,Mr．サンデー🈑🈓
群馬,8 フジテレビ,2026-07-26,23:09,ブラックトリック みどころ【新月9ドラマの1話振り返り＆2話先見せ！】🈑
群馬,8 フジテレビ,2026-07-26,23:15,ワンピース【エルバフの大罪人 冥界のロキ解放！？】🈑🈖
群馬,8 フジテレビ,2026-07-26,23:45,すぽると！ 大谷翔平のストレートは軌道が読めない⁉スター証言＆脳科学から紐解く🈑
群馬,3 ぐんテレ,2026-07-26,01:05,ミッドナイトウェザー
群馬,3 ぐんテレ,2026-07-26,05:10,オープニング
群馬,3 ぐんテレ,2026-07-26,05:15,テレショップ
群馬,3 ぐんテレ,2026-07-26,05:45,まるごとぐんまお天気情報
群馬,3 ぐんテレ,2026-07-26,06:00,テレショップ
群馬,3 ぐんテレ,2026-07-26,06:30,テレショップ
群馬,3 ぐんテレ,2026-07-26,07:00,ライフライン 「人生最高の出会い〜私が見つけた生きる意味〜」
群馬,3 ぐんテレ,2026-07-26,07:30,ピコラネ 「きりゅう星で踊ろうミッション！」🈞
群馬,3 ぐんテレ,2026-07-26,07:45,ポチッとくん体操 「むつみ幼稚園①」
群馬,3 ぐんテレ,2026-07-26,07:52,ポッピン’ポチッとくん
群馬,3 ぐんテレ,2026-07-26,07:55,お天気情報
群馬,3 ぐんテレ,2026-07-26,08:00,JAみどりの風 「黄身に夢中！ぐんまの絶品たまご 〜たまごフェスタ2026〜」🈞
群馬,3 ぐんテレ,2026-07-26,08:30,テレショップ
群馬,3 ぐんテレ,2026-07-26,09:00,ビジネスジャーナル 「草津温泉動物病院〜人と動物のよりよい未来へ」🈞
群馬,3 ぐんテレ,2026-07-26,09:30,テレショップ
群馬,3 ぐんテレ,2026-07-26,09:45,夏の高校野球中継 「【決勝：健大高崎×前橋商】」
群馬,3 ぐんテレ,2026-07-26,14:00,JRA競馬中継
群馬,3 ぐんテレ,2026-07-26,15:00,佐世保発テレショップ
群馬,3 ぐんテレ,2026-07-26,16:00,テレショップ
群馬,3 ぐんテレ,2026-07-26,16:30,🈑日本のチカラ 「人生謳歌（おうか）！奏でる発明家 〜病が生んだ楽器 ポケたん🈞
群馬,3 ぐんテレ,2026-07-26,17:00,テレショップ
群馬,3 ぐんテレ,2026-07-26,17:55,高崎もぎたて情報 「高崎市子育てなんでもセンター」
群馬,3 ぐんテレ,2026-07-26,18:00,ぐんテレニュース 「高校野球群馬大会59チームの頂点は！？」
群馬,3 ぐんテレ,2026-07-26,18:20,テレショップ
群馬,3 ぐんテレ,2026-07-26,18:50,ポチッとくん体操 「むつみ幼稚園①」
群馬,3 ぐんテレ,2026-07-26,18:57,お天気情報
群馬,3 ぐんテレ,2026-07-26,19:00,🈟ガチ歌No．1決定戦 「前橋・高崎予選 第1弾▽スペシャルサポーター中山秀征🈞
群馬,3 ぐんテレ,2026-07-26,21:00,CarーX’s with NAPAC
群馬,3 ぐんテレ,2026-07-26,21:30,クルマでいこう！ 「行動派に応える多彩な個性 トヨタ RAV4」
群馬,3 ぐんテレ,2026-07-26,22:00,夏の高校野球ハイライト 「決勝〜大会14日目〜」
群馬,3 ぐんテレ,2026-07-26,23:00,真・ゴルフの王様 「視聴者参加型番組！ セブンハンドレッドクラブ IN11H・1
群馬,3 ぐんテレ,2026-07-26,23:28,お天気情報
群馬,3 ぐんテレ,2026-07-26,23:30,テレショップ
群馬,9 TOKYO　..,2026-07-26,05:00,MXショッピング
群馬,9 TOKYO　..,2026-07-26,05:30,お買い物情報
群馬,9 TOKYO　..,2026-07-26,06:00,MXショッピング
群馬,9 TOKYO　..,2026-07-26,06:30,MXショッピング
群馬,9 TOKYO　..,2026-07-26,07:00,宝塚カフェブレイク ★宙組公演スタートでトップスター会見▼黒蜥蜴の魅力とは？
群馬,9 TOKYO　..,2026-07-26,07:30,MXショッピング
群馬,9 TOKYO　..,2026-07-26,08:00,いびってこない義母と義姉 ＃3「名家の娘たち」
群馬,9 TOKYO　..,2026-07-26,08:26,PUI PUI モルカー ＃3「ネコ救出大作戦」
群馬,9 TOKYO　..,2026-07-26,08:30,お買い物情報
群馬,9 TOKYO　..,2026-07-26,09:00,お買い物情報
群馬,9 TOKYO　..,2026-07-26,09:30,MXショッピング
群馬,9 TOKYO　..,2026-07-26,09:59,第108回全国高校野球選手権 西東京大会▽決勝〜閉会式
群馬,9 TOKYO　..,2026-07-26,14:00,MXショッピング
群馬,9 TOKYO　..,2026-07-26,14:30,水曜どうでしょうプレミア ★試験に出るどうでしょう 日本史⑥🈑
群馬,9 TOKYO　..,2026-07-26,15:00,MXショッピング
群馬,9 TOKYO　..,2026-07-26,15:59,番組ガイド
群馬,9 TOKYO　..,2026-07-26,16:00,スケバン刑事Ⅱ 少女鉄仮面伝説 ★第11話「ベールをぬいだ影の総統」
群馬,9 TOKYO　..,2026-07-26,16:30,MXショッピング
群馬,9 TOKYO　..,2026-07-26,17:00,探偵！ナイトスクープ🈖
群馬,9 TOKYO　..,2026-07-26,17:55,TOKYO MX NEWS
群馬,9 TOKYO　..,2026-07-26,18:00,東京ホンマもん教室 ★骨太ショックは“ホンマ”か？▼ゲストは門田隆将さん
群馬,9 TOKYO　..,2026-07-26,19:00,MXショッピング
群馬,9 TOKYO　..,2026-07-26,19:30,日本のチカラ🈞🈑
群馬,9 TOKYO　..,2026-07-26,20:00,トウキョウもっともっと！元気計画研究所 ★もっと交通ルールを守れる東京に！
群馬,9 TOKYO　..,2026-07-26,21:00,ぐらぶるTVちゃんねるっ！ ★小野友樹と加藤英美里がグラブルの魅力をお届けっ！
群馬,9 TOKYO　..,2026-07-26,21:30,青春ブタ野郎はサンタクロースの夢を見ない ＃4「正義の味方」🈞
群馬,9 TOKYO　..,2026-07-26,22:00,世界最強の後衛 〜迷宮国の新人探索者〜 ＃4「危急存亡の混浴」
群馬,9 TOKYO　..,2026-07-26,22:30,君のことが大大大大大好きな100人の彼女 第3期 ＃28
群馬,9 TOKYO　..,2026-07-26,23:00,二十世紀電氣目録-ユーレカ・エヴリカ- ＃4「信心の娘」
群馬,9 TOKYO　..,2026-07-26,23:30,刃牙道 ＃4「少年(ボン)」
群馬,9 TOKYO　..,2026-07-26,05:00,ヒーリングタイム＆ヘッドラインニュース
群馬,9 TOKYO　..,2026-07-26,06:00,ヒーリングタイム＆ヘッドラインニュース
群馬,9 TOKYO　..,2026-07-26,06:38,ごりやくさん🈞🈑
群馬,9 TOKYO　..,2026-07-26,07:00,MXショッピング
群馬,9 TOKYO　..,2026-07-26,07:30,ヒーリングタイム＆ヘッドラインニュース
群馬,9 TOKYO　..,2026-07-26,08:00,フラッシュ天気
群馬,9 TOKYO　..,2026-07-26,08:05,日本ふるさと百景🈑
群馬,9 TOKYO　..,2026-07-26,08:30,ドルアーガの塔〜the Sword of URUK〜 ＃4「幻影の中へ」🈞
群馬,9 TOKYO　..,2026-07-26,09:00,ヒーリングタイム＆ヘッドラインニュース
群馬,9 TOKYO　..,2026-07-26,09:30,童謡コーラス♪名曲大合唱＆みんなの音楽会テレビ
群馬,9 TOKYO　..,2026-07-26,09:45,ヒーリングタイム＆ヘッドラインニュース
群馬,9 TOKYO　..,2026-07-26,10:00,Car Xs with NAPAC
群馬,9 TOKYO　..,2026-07-26,10:30,MXショッピング
群馬,9 TOKYO　..,2026-07-26,11:00,日本ふるさと百景🈑
群馬,9 TOKYO　..,2026-07-26,11:25,フラッシュ天気
群馬,9 TOKYO　..,2026-07-26,11:30,MXショッピング
群馬,9 TOKYO　..,2026-07-26,12:00,あんぎゃでござる！！
群馬,9 TOKYO　..,2026-07-26,12:30,MXショッピング
群馬,9 TOKYO　..,2026-07-26,13:00,ヒーリングタイム＆ヘッドラインニュース
群馬,9 TOKYO　..,2026-07-26,13:25,ごりやくさん🈑
群馬,9 TOKYO　..,2026-07-26,13:50,ヒーリングタイム＆ヘッドラインニュース
群馬,9 TOKYO　..,2026-07-26,13:55,TOKYO MX NEWS
群馬,9 TOKYO　..,2026-07-26,14:00,第108回全国高校野球選手権 西東京大会▽決勝〜閉会式
群馬,9 TOKYO　..,2026-07-26,14:30,MXショッピング
群馬,9 TOKYO　..,2026-07-26,15:00,ヒーリングタイム＆ヘッドラインニュース
群馬,9 TOKYO　..,2026-07-26,15:38,ごりやくさん🈞🈑
群馬,9 TOKYO　..,2026-07-26,16:00,MXショッピング
群馬,9 TOKYO　..,2026-07-26,16:30,ヒーリングタイム＆ヘッドラインニュース
群馬,9 TOKYO　..,2026-07-26,16:38,日本ふるさと百景🈑
群馬,9 TOKYO　..,2026-07-26,17:00,MXショッピング
群馬,9 TOKYO　..,2026-07-26,17:30,ヒーリングタイム＆ヘッドラインニュース
群馬,9 TOKYO　..,2026-07-26,17:38,ごりやくさん🈞🈑
群馬,9 TOKYO　..,2026-07-26,18:00,MXショッピング
群馬,9 TOKYO　..,2026-07-26,18:30,ヒーリングタイム＆ヘッドラインニュース
群馬,9 TOKYO　..,2026-07-26,18:38,ごりやくさん🈞🈑
群馬,9 TOKYO　..,2026-07-26,19:00,ヒーリングタイム＆ヘッドラインニュース
群馬,9 TOKYO　..,2026-07-26,20:00,MXショッピング
群馬,9 TOKYO　..,2026-07-26,20:30,ヒーリングタイム＆ヘッドラインニュース
群馬,9 TOKYO　..,2026-07-26,20:38,ごりやくさん🈑
群馬,9 TOKYO　..,2026-07-26,21:00,MXショッピング
群馬,9 TOKYO　..,2026-07-26,21:30,MXショッピング
群馬,9 TOKYO　..,2026-07-26,22:00,ヒーリングタイム＆ヘッドラインニュース
群馬,9 TOKYO　..,2026-07-26,23:00,ヒーリングタイム＆ヘッドラインニュース
群馬,3 テレ玉1,2026-07-26,05:00,ミュージックパーク「歌仲間全員集合」🅂
群馬,3 テレ玉1,2026-07-26,05:30,お買い物生活情報・とれたて！美味いもの市 テレビショッピング
群馬,3 テレ玉1,2026-07-26,06:00,塩谷育代のベストショット🅂🈞
群馬,3 テレ玉1,2026-07-26,06:30,TVショッピング・エムズサイエンステレビショッピング🅂
群馬,3 テレ玉1,2026-07-26,07:00,ゴルフ★パラダイス THE GAME CHANGER🅂🅊
群馬,3 テレ玉1,2026-07-26,07:30,TVショッピング・ショップジャパン🅂
群馬,3 テレ玉1,2026-07-26,08:00,テレ玉認定！たまぐるめ 15分版🅂
群馬,3 テレ玉1,2026-07-26,08:15,カラ1🅂
群馬,3 テレ玉1,2026-07-26,08:20,彩の国百科🈑🅂
群馬,3 テレ玉1,2026-07-26,08:30,TVショッピング・新甲賀漢方テレビショッピング🅂
群馬,3 テレ玉1,2026-07-26,09:00,小桜舞子と三里ゆうじの歌日和🅂
群馬,3 テレ玉1,2026-07-26,09:15,童謡コーラス♪名曲大合唱＆みんなの音楽会テレビ
群馬,3 テレ玉1,2026-07-26,09:30,テレ玉認定！たまぐるめ 15分版🅂
群馬,3 テレ玉1,2026-07-26,09:45,第108回全国高校野球選手権埼玉大会🅂
群馬,3 テレ玉1,2026-07-26,16:00,佐世保発！生放送テレビショッピング🅂
群馬,3 テレ玉1,2026-07-26,16:55,テレ玉くんのうた🅂
群馬,3 テレ玉1,2026-07-26,17:00,彩の国百科🅂
群馬,3 テレ玉1,2026-07-26,17:05,リリックのうたっておぼえよう！🅂
群馬,3 テレ玉1,2026-07-26,17:15,ショッピング・野草酵素テレビショッピング🅂
群馬,3 テレ玉1,2026-07-26,17:45,ウィークエンドニュース サンデー🅂
群馬,3 テレ玉1,2026-07-26,17:55,テレ玉認定！たまぐるめ🅂
群馬,3 テレ玉1,2026-07-26,18:00,買物情報・富山常備薬 テレビショッピング🅂
群馬,3 テレ玉1,2026-07-26,18:30,仮面ライダー＃74
群馬,3 テレ玉1,2026-07-26,19:00,埼玉ビジネスウオッチ🅂🈞
群馬,3 テレ玉1,2026-07-26,19:30,大学発掘バラエティ キャンパスライフTV〜尚美学園大学編〜＃1🅂
群馬,3 テレ玉1,2026-07-26,20:00,祭りの形〜三重に受け継がれる華〜🅂
群馬,3 テレ玉1,2026-07-26,20:55,テレ玉くんのうた🅂
群馬,3 テレ玉1,2026-07-26,21:00,高校野球ダイジェスト2026🅂
群馬,3 テレ玉1,2026-07-26,21:30,サンデーナイトショッピング・ダイレクトテレショップ🅂
群馬,3 テレ玉1,2026-07-26,22:00,鈴木福 ゴルフはじめました🅂
群馬,3 テレ玉1,2026-07-26,22:30,BACHプラザ🅂
群馬,3 テレ玉1,2026-07-26,23:00,シブサワ解体深書🈑🅂🈞
群馬,3 テレ玉1,2026-07-26,23:30,牧野裕のEnjoyGolf🅂🅊
山梨,1 NHK総合1..,2026-07-26,05:00,ニュース・気象情報
山梨,1 NHK総合1..,2026-07-26,05:10,Jリーグと私 あの試合を忘れない ＃17 横浜FM🈑
山梨,1 NHK総合1..,2026-07-26,05:15,週末のNスペは… 激変・安全保障 日本の進路は🈑
山梨,1 NHK総合1..,2026-07-26,05:20,桂文珍の演芸図鑑 レ・ロマネスクTOBI 柳亭小燕枝 三拍子🈑
山梨,1 NHK総合1..,2026-07-26,05:50,気象情報
山梨,1 NHK総合1..,2026-07-26,06:00,ニュース
山梨,1 NHK総合1..,2026-07-26,06:10,【特選！時代劇】大岡越前8 🈟（1）「燃える牢屋敷」🈖🈑
山梨,1 NHK総合1..,2026-07-26,06:53,気象情報
山梨,1 NHK総合1..,2026-07-26,06:55,ニュース・気象情報（関東甲信越）🈑
山梨,1 NHK総合1..,2026-07-26,07:00,NHKニュース おはよう日本 7月26日（日）🈑
山梨,1 NHK総合1..,2026-07-26,07:40,NHKニュース おはよう首都圏（関東甲信越）🈑
山梨,1 NHK総合1..,2026-07-26,07:45,さわやか自然百景 青森 屏風山湿原池沼群🈑
山梨,1 NHK総合1..,2026-07-26,08:00,小さな旅「大原を継ぐ 〜京都市 左京区〜」🈖🈑
山梨,1 NHK総合1..,2026-07-26,08:25,Dearにっぽん「私たちが新聞を書く理由〜滋賀・虎姫高校〜」🈑
山梨,1 NHK総合1..,2026-07-26,08:50,あさイチの鈴木奈穂子アナが「NHK ONE」を解説🈑
山梨,1 NHK総合1..,2026-07-26,08:57,気象情報
山梨,1 NHK総合1..,2026-07-26,09:00,日曜討論 徹底解説！暑さはどこまで？対策は
山梨,1 NHK総合1..,2026-07-26,10:00,ニュース・気象情報🈑
山梨,1 NHK総合1..,2026-07-26,10:05,明日をまもるナビ選196 都市を襲う水害 内水氾濫〜見えない危険にどう備える🈖🈑
山梨,1 NHK総合1..,2026-07-26,10:30,5分であさイチ（4）知ってトクする旅行術（2）バッグの詰め方🈑
山梨,1 NHK総合1..,2026-07-26,10:35,ゆったり温泉ひとり旅 北海道・登別温泉🈑
山梨,1 NHK総合1..,2026-07-26,11:04,ニュース🈑
山梨,1 NHK総合1..,2026-07-26,11:05,あしたが変わるトリセツショー 骨ケアで健康革命！今すぐできる運動＆食事ワザ🈖🈑🈞
山梨,1 NHK総合1..,2026-07-26,11:50,ふすま絵 奇跡の再会🈑
山梨,1 NHK総合1..,2026-07-26,11:54,気象情報
山梨,1 NHK総合1..,2026-07-26,12:00,ニュース🈑
山梨,1 NHK総合1..,2026-07-26,12:10,ニュース（関東甲信越）🈑
山梨,1 NHK総合1..,2026-07-26,12:15,NHKのど自慢 熱唱熱演名場面 2026 Part1🈑
山梨,1 NHK総合1..,2026-07-26,12:55,ドキュメント72時間PR ドキュメント72時間の作り方＜編集・ナレーション編＞🈑
山梨,1 NHK総合1..,2026-07-26,13:00,ニュース・気象情報🈑
山梨,1 NHK総合1..,2026-07-26,13:05,ダーウィンが来た！「相葉さんと探せ！ミクロいきもの超ワールド」🈖🈑🈞
山梨,1 NHK総合1..,2026-07-26,13:35,さわやか自然百景10min．（37）兵庫 猫崎の海と黒川渓谷🈑
山梨,1 NHK総合1..,2026-07-26,13:45,JAPAN DELISH 5min カレーライス🈑
山梨,1 NHK総合1..,2026-07-26,13:50,アニメまとめPR 放送中！注目の3番組ほか🈑
山梨,1 NHK総合1..,2026-07-26,13:55,プロフェッショナル 仕事の流儀 旅する家族、春をつなぐ〜養蜂家・藤井髙治〜🈖🈑🈞
山梨,1 NHK総合1..,2026-07-26,14:40,秀サルでもわかる 豊臣兄弟！ なんで豊臣兄弟は明智光秀に勝てたの？🈑
山梨,1 NHK総合1..,2026-07-26,14:45,あしたが変わるトリセツショー 番外編 フレイル対策15分エクササイズ🈑
山梨,1 NHK総合1..,2026-07-26,15:00,ニュース・気象情報🈑
山梨,1 NHK総合1..,2026-07-26,15:05,大相撲（2026年） 名古屋場所 千秋楽🈑
山梨,1 NHK総合1..,2026-07-26,15:30,大相撲（2026年） 名古屋場所 千秋楽 優勝力士・三賞力士インタビュー🈔🈑
山梨,1 NHK総合1..,2026-07-26,18:00,ニュース🈑
山梨,1 NHK総合1..,2026-07-26,18:05,有吉のお金発見 突撃！カネオくん 令和に再ブーム！RCカーのヒミツ🈑
山梨,1 NHK総合1..,2026-07-26,18:45,ニュース645（関東・山梨）🈑
山梨,1 NHK総合1..,2026-07-26,18:55,ニュース・気象情報（山梨）
山梨,1 NHK総合1..,2026-07-26,19:00,NHKニュース7🈔🈑
山梨,1 NHK総合1..,2026-07-26,19:30,ダーウィンが来た！「最大の味方！最強のライバル！？動物兄弟」🈖🈑
山梨,1 NHK総合1..,2026-07-26,20:00,豊臣兄弟！（29）天下への道🈖🈑
山梨,1 NHK総合1..,2026-07-26,20:45,ニュース🈑🈐
山梨,1 NHK総合1..,2026-07-26,20:55,ニュース・気象情報（関東甲信越）🈑🈐
山梨,1 NHK総合1..,2026-07-26,21:00,NHKスペシャル 激変・安全保障 “力の支配”と揺らぐ国際秩序 日本の針路は🈑
山梨,1 NHK総合1..,2026-07-26,22:00,サンデースポーツ🈑
山梨,1 NHK総合1..,2026-07-26,22:50,ニュース・気象情報🈑
山梨,1 NHK総合1..,2026-07-26,22:55,ハロー！NHKワールドJAPAN 7月の地域特集・山口県関連番組紹介🈑
山梨,1 NHK総合1..,2026-07-26,23:00,DOC（ドック）3 あすへのカルテ（8）「暗闇の先へ」🈔🈑
山梨,1 NHK総合1..,2026-07-26,23:59,連続テレビ小説「ひよっこ」再放送PR
山梨,2 NHKEテレ..,2026-07-26,05:00,こころの時代 わからなさのなかで〜最首悟の思想をたどる〜🈑🈞
山梨,2 NHKEテレ..,2026-07-26,06:00,NHK短歌 わたしの宮沢賢治 テーマ「月」🈑
山梨,2 NHKEテレ..,2026-07-26,06:25,テレビ体操🈑
山梨,2 NHKEテレ..,2026-07-26,06:35,NHK俳句 題「七夕」🈑
山梨,2 NHKEテレ..,2026-07-26,07:00,第93回NHK全国学校音楽コンクール みんなの合唱レッスン・高等学校の部🈑
山梨,2 NHKEテレ..,2026-07-26,07:10,第93回NHK全国学校音楽コンクール みんなの合唱レッスン・中学校の部🈑
山梨,2 NHKEテレ..,2026-07-26,07:20,第93回NHK全国学校音楽コンクール みんなの合唱レッスン・小学校の部🈑
山梨,2 NHKEテレ..,2026-07-26,07:30,おとうさんといっしょ「まねまねどんぐー」🈑🈞
山梨,2 NHKEテレ..,2026-07-26,08:00,やさいの時間 みんなの菜園物語 兵庫県（後編）🈑
山梨,2 NHKEテレ..,2026-07-26,08:25,趣味の園芸 京も一日陽だまり屋「の〜んびり 蘇鉄（そてつ）」🈑
山梨,2 NHKEテレ..,2026-07-26,08:30,趣味の園芸 選 ステキをセレクト！タネから育てるコスモス🈑
山梨,2 NHKEテレ..,2026-07-26,08:55,no art，no life「洋一」🈑
山梨,2 NHKEテレ..,2026-07-26,09:00,日曜美術館 陶芸家ルーシー・リー 繊細でたくましい器🈑
山梨,2 NHKEテレ..,2026-07-26,09:45,日曜美術館 アートシーン「まなざしの奇跡 日本女性写真家の冒険」展🈑
山梨,2 NHKEテレ..,2026-07-26,10:00,将棋フォーカス 選 フォーカス流・観る将検定 第2回！🈑
山梨,2 NHKEテレ..,2026-07-26,10:30,第76回 NHK杯テレビ将棋トーナメント 1回戦第17局 羽生九段×横山七段🈑
山梨,2 NHKEテレ..,2026-07-26,12:00,囲碁フォーカス 選 知らずに使っている！？「囲碁用語」🈑
山梨,2 NHKEテレ..,2026-07-26,12:30,第74回NHK杯テレビ囲碁トーナメント1回戦第17局酒井佑規七段×加藤千笑四段🈑
山梨,2 NHKEテレ..,2026-07-26,14:00,日本の話芸 柳家蝠丸 落語「叩き蟹」🈖🈑
山梨,2 NHKEテレ..,2026-07-26,14:30,アニメ 青のオーケストラ シーズン2（1）「ほころび」🈑
山梨,2 NHKEテレ..,2026-07-26,14:55,アニメ 青のオーケストラ シーズン2（2）「波紋」🈑
山梨,2 NHKEテレ..,2026-07-26,15:20,アニメ 青のオーケストラ シーズン2（3）「ケジメ」🈑
山梨,2 NHKEテレ..,2026-07-26,15:45,アニメ 青のオーケストラ シーズン2（4）「体育祭」🈑
山梨,2 NHKEテレ..,2026-07-26,16:10,ピタゴラミングスイッチ2🈑🈞
山梨,2 NHKEテレ..,2026-07-26,16:30,ざわざわ森のがんこちゃん30周年スペシャルがんこのびっくりおたんじょうび会🈖🈑🈞
山梨,2 NHKEテレ..,2026-07-26,17:00,アニメ アオアシ（17）東京都リーグ第7節 多摩体育大学附属高校戦🈑
山梨,2 NHKEテレ..,2026-07-26,17:25,レディー・グレース 女王陛下のスパイ（4）「迷える女王」🈔🈑
山梨,2 NHKEテレ..,2026-07-26,17:50,こども手話ウイークリー🈐
山梨,2 NHKEテレ..,2026-07-26,18:00,木村多江の、いまさらですが… アメリカ建国の立役者 初代財務長官ハミルトン🈖🈑🈞
山梨,2 NHKEテレ..,2026-07-26,18:30,ブリティッシュ・ベイクオフ6（17）チョコレート対決・前編🈔🈑🈞
山梨,2 NHKEテレ..,2026-07-26,19:00,未病息災を願います 選「骨密度」が気になったら🈖🈑
山梨,2 NHKEテレ..,2026-07-26,19:45,365日の献立日記「野菜ずし」🈑
山梨,2 NHKEテレ..,2026-07-26,19:50,5分であさイチ 夏休みの“お昼ごはん”に革命を！🈑
山梨,2 NHKEテレ..,2026-07-26,19:55,NHK手話ニュース🈐
山梨,2 NHKEテレ..,2026-07-26,20:00,日曜美術館 滅びゆく写真 そして人類 現代美術作家・杉本博司🈑🈞
山梨,2 NHKEテレ..,2026-07-26,20:45,日曜美術館 アートシーン「元禄！師宣劇場」展🈑
山梨,2 NHKEテレ..,2026-07-26,21:00,古典芸能への招待 歌舞伎「近江源氏先陣館 盛綱陣屋」大阪松竹座さよなら公演🈕🈑
山梨,2 NHKEテレ..,2026-07-26,23:00,美の壺 選「小さな芸術 干菓子」🈑
山梨,2 NHKEテレ..,2026-07-26,23:30,サイエンスZERO“次世代塗料”が未来を塗り替える！？🈖🈑
山梨,4 山梨放送1,2026-07-26,04:40,オークローンTVショッピング
山梨,4 山梨放送1,2026-07-26,05:10,TVショッピング
山梨,4 山梨放送1,2026-07-26,05:40,24時間テレビ チャリティー・リポート🈐🈑
山梨,4 山梨放送1,2026-07-26,05:45,超宇宙刑事ギャバン インフィニティ#20
山梨,4 山梨放送1,2026-07-26,06:15,NNNニュースサンデー🈐
山梨,4 山梨放送1,2026-07-26,06:30,日本のチカラ🈑
山梨,4 山梨放送1,2026-07-26,07:00,所さんの目がテン！🈑所さんと奥田民生さんが絶品イノシシ肉で燻製作り⁉
山梨,4 山梨放送1,2026-07-26,07:30,シューイチ🈑🈓8月から変わること＆新スポット▽秋山＆平子が南房総の体格グルメ堪能
山梨,4 山梨放送1,2026-07-26,10:25,一茂×かまいたちゲンバ▼一茂流焼き鳥BBQ＆15時間調理！ホロホロ激ウマ究極肉
山梨,4 山梨放送1,2026-07-26,11:30,NNN ストレイトニュース🈑
山梨,4 山梨放送1,2026-07-26,11:45,スクール革命！絵と図！真夏のクイズ祭り▼山田＆めるる「即興絵描き歌」で波乱！？🈑
山梨,4 山梨放送1,2026-07-26,12:45,わたしの通学ロード【工藤阿須加 一ノ瀬ワタル 五百城茉央（乃木坂46）】
山梨,4 山梨放送1,2026-07-26,13:00,何かオモシロいコトないの？ 第3弾！風磨バースデー旅2026＜4＞桐谷美玲が興奮
山梨,4 山梨放送1,2026-07-26,13:30,そこまで言って委員会NP 「大戦争時代」SP！戦争終結シナリオを徹底討論🈑
山梨,4 山梨放送1,2026-07-26,15:00,24時間テレビ企画大公開SP🈑総合司会は内村光良！テーマは「わたしの家族の話」
山梨,4 山梨放送1,2026-07-26,15:55,【アメリカ横断ウルトラクイズ】新MC櫻井翔！地球一周特大スケールで復活SP🈑
山梨,4 山梨放送1,2026-07-26,16:55,ジャーン！YBS
山梨,4 山梨放送1,2026-07-26,17:00,山梨スピリッツ🄽🈗高校野球▼VF松本戦で収穫は▼高校野球激戦を山村宏樹氏が生解説
山梨,4 山梨放送1,2026-07-26,17:30,笑点🈖🈑🈓城島茂が座布団運び「ザ！鉄腕！DASH！！」×「笑点」夢のコラボDAY
山梨,4 山梨放送1,2026-07-26,18:00,真相報道バンキシャ！🈑独自分析…熱中症患者10人の行動に教訓▽花火大会で湿度検証
山梨,4 山梨放送1,2026-07-26,18:55,博士は今日も嫉妬する 人生が楽しくなる最新テクノロジー🈑
山梨,4 山梨放送1,2026-07-26,19:00,ザ！鉄腕！DASH！！▽笑点60周年記念夏祭り！師匠全員参加で巨大お好み焼き！🈑
山梨,4 山梨放送1,2026-07-26,19:58,イッテQ【お祭り男宮川＆二代目手越】フィンランドで丸太乗って川を下る木材選手権🈑
山梨,4 山梨放送1,2026-07-26,20:54,天気予報
山梨,4 山梨放送1,2026-07-26,21:00,ゴールデンストーンズ▽番組史上最大‼人気芸人軍団と総勢31名の大混戦バトル🈑
山梨,4 山梨放送1,2026-07-26,21:54,大和の風「東寺〜密教が描く宇宙のかたち〜」#17
山梨,4 山梨放送1,2026-07-26,22:00,おしゃれクリップ🈖🈑出川哲朗はなぜ愛される？▼妻や一茂が忖度なしでガチ素顔告白
山梨,4 山梨放送1,2026-07-26,22:30,ドラマ「一次元の挿し木」第4話【激動の真相が発覚…古人骨と義妹を巡る謎】🈖🈑🈓
山梨,4 山梨放送1,2026-07-26,23:25,ダウンタウンのガキの使い！10人で男の勲章歌い切り！エース＆小田参戦で大波乱🈑
山梨,4 山梨放送1,2026-07-26,23:55,Going！🈑生出演！渡邊雄太が明かす日本バスケの進化▼赤星絶賛！怪物高校生
山梨,6 UTYテレビ..,2026-07-26,04:45,テレビショッピング
山梨,6 UTYテレビ..,2026-07-26,05:15,ショップジャパン
山梨,6 UTYテレビ..,2026-07-26,05:30,サザエさん【夏休み最後の大勝負／ワカメはヒロイン ほか】
山梨,6 UTYテレビ..,2026-07-26,06:00,バナナマンの早起きせっかくグルメ★全国から厳選！極上焼肉のタレでお肉を大満喫！🈑
山梨,6 UTYテレビ..,2026-07-26,06:45,🈐JNNニュース
山梨,6 UTYテレビ..,2026-07-26,07:00,健康カプセル！ゲンキの時間🈖🈑侮っていると一大事に！？消えないあざに隠れた恐怖
山梨,6 UTYテレビ..,2026-07-26,07:30,がっちりマンデー‼CMで良く見るけど知らない会社！渡辺パイプ、INPEX、NGK
山梨,6 UTYテレビ..,2026-07-26,08:00,サンデーモーニング🈑高市総理“寝てない”投稿の波紋▽消費税“迷走”と骨太ショック
山梨,6 UTYテレビ..,2026-07-26,09:54,Uワクタイム
山梨,6 UTYテレビ..,2026-07-26,10:00,サンデー・ジャポン 延長国会閉幕…議員直撃！▽堺雅人が緊急生出演！スタジオ生考察
山梨,6 UTYテレビ..,2026-07-26,11:24,Uワクタイム
山梨,6 UTYテレビ..,2026-07-26,11:30,ミライ企業〜やまなし企業紹介〜
山梨,6 UTYテレビ..,2026-07-26,11:35,上田晋也のサンデーQ🈑堺雅人が生出演「VIVANT」エキストラは4千人！聖地先取り巡礼
山梨,6 UTYテレビ..,2026-07-26,12:54,Uワクタイム
山梨,6 UTYテレビ..,2026-07-26,13:00,週刊さんまとマツコ🈖🈑 婚活界の女帝・植草美幸が翔工務店のダメ社員軍団を徹底指導
山梨,6 UTYテレビ..,2026-07-26,13:27,不思議体験ファイル 信じてください！【山梨で迷い込んだ地図のない村/甲府UFO事件】
山梨,6 UTYテレビ..,2026-07-26,15:00,ナゼそこ？＋【北海道…マイナス2℃で水浴び⁉腹筋バキバキ66歳㊙世界的スゴイ人】
山梨,6 UTYテレビ..,2026-07-26,15:55,昼めし旅〜あなたのご飯見せて下さい〜【山梨県笛吹市…83歳現役料理人】
山梨,6 UTYテレビ..,2026-07-26,16:25,Uワクタイム
山梨,6 UTYテレビ..,2026-07-26,16:30,レッツゴー怪奇組 第四怪🈑
山梨,6 UTYテレビ..,2026-07-26,17:00,日5「正反対な君と僕」 ＃16「新学期」🈑🈓
山梨,6 UTYテレビ..,2026-07-26,17:30,Nスタ🈑
山梨,6 UTYテレビ..,2026-07-26,17:44,UTYニュース
山梨,6 UTYテレビ..,2026-07-26,17:54,Nスタ🈑
山梨,6 UTYテレビ..,2026-07-26,18:00,世界遺産／バリ島 1000年続く棚田の絶景（インドネシア）🈖🈑
山梨,6 UTYテレビ..,2026-07-26,18:30,ベスコングルメ★夏の軽井沢SP・そば通DEEN池森オススメの手打ちそば名店へ🈖🈑🈓
山梨,6 UTYテレビ..,2026-07-26,19:00,バナナマンのせっかくグルメ★VIVANT堺雅人＆濱田岳と日村が人気リゾート地🈑🈓
山梨,6 UTYテレビ..,2026-07-26,20:00,VIVANT直前生放送★堺×阿部×二宮×松坂が集結！今からでも間に合うSPダイジェスト🈑
山梨,6 UTYテレビ..,2026-07-26,21:00,🈟日曜劇場「VIVANT」第11話🈖🈑
山梨,6 UTYテレビ..,2026-07-26,22:19,お天気メモ
山梨,6 UTYテレビ..,2026-07-26,22:25,日曜日の初耳学◆堺雅人×林修『VIVANT』放送直後90分SP阿部寛＆初出しメイキング映像
山梨,6 UTYテレビ..,2026-07-26,23:49,UTYニュース
山梨,6 UTYテレビ..,2026-07-26,23:55,黒猫と魔女の教室🈑🈓 ＃16「イオ・トーラス がんばります」【アガルアニメ】
長野,1 NHK総合1..,2026-07-26,05:00,ニュース・気象情報
長野,1 NHK総合1..,2026-07-26,05:10,Jリーグと私 あの試合を忘れない ＃17 横浜FM🈑
長野,1 NHK総合1..,2026-07-26,05:15,週末のNスペは… 激変・安全保障 日本の進路は🈑
長野,1 NHK総合1..,2026-07-26,05:20,桂文珍の演芸図鑑 レ・ロマネスクTOBI 柳亭小燕枝 三拍子🈑
長野,1 NHK総合1..,2026-07-26,05:50,気象情報
長野,1 NHK総合1..,2026-07-26,06:00,ニュース
長野,1 NHK総合1..,2026-07-26,06:10,【特選！時代劇】大岡越前8 🈟（1）「燃える牢屋敷」🈖🈑
長野,1 NHK総合1..,2026-07-26,06:53,気象情報
長野,1 NHK総合1..,2026-07-26,06:55,ニュース・気象情報（関東甲信越）🈑
長野,1 NHK総合1..,2026-07-26,07:00,NHKニュース おはよう日本 7月26日（日）🈑
長野,1 NHK総合1..,2026-07-26,07:40,NHKニュース おはよう首都圏（関東甲信越）🈑
長野,1 NHK総合1..,2026-07-26,07:45,さわやか自然百景 青森 屏風山湿原池沼群🈑
長野,1 NHK総合1..,2026-07-26,08:00,小さな旅「大原を継ぐ 〜京都市 左京区〜」🈖🈑
長野,1 NHK総合1..,2026-07-26,08:25,Dearにっぽん「私たちが新聞を書く理由〜滋賀・虎姫高校〜」🈑
長野,1 NHK総合1..,2026-07-26,08:50,あさイチの鈴木奈穂子アナが「NHK ONE」を解説🈑
長野,1 NHK総合1..,2026-07-26,08:57,気象情報
長野,1 NHK総合1..,2026-07-26,09:00,日曜討論 徹底解説！暑さはどこまで？対策は
長野,1 NHK総合1..,2026-07-26,10:00,ニュース・気象情報🈑
長野,1 NHK総合1..,2026-07-26,10:05,明日をまもるナビ選196 都市を襲う水害 内水氾濫〜見えない危険にどう備える🈖🈑
長野,1 NHK総合1..,2026-07-26,10:30,5分であさイチ（4）知ってトクする旅行術（2）バッグの詰め方🈑
長野,1 NHK総合1..,2026-07-26,10:35,ゆったり温泉ひとり旅 北海道・登別温泉🈑
長野,1 NHK総合1..,2026-07-26,11:04,ニュース🈑
長野,1 NHK総合1..,2026-07-26,11:05,あしたが変わるトリセツショー 骨ケアで健康革命！今すぐできる運動＆食事ワザ🈖🈑🈞
長野,1 NHK総合1..,2026-07-26,11:50,ふすま絵 奇跡の再会🈑
長野,1 NHK総合1..,2026-07-26,11:54,気象情報
長野,1 NHK総合1..,2026-07-26,12:00,ニュース🈑
長野,1 NHK総合1..,2026-07-26,12:10,ニュース（関東甲信越）🈑
長野,1 NHK総合1..,2026-07-26,12:15,NHKのど自慢 熱唱熱演名場面 2026 Part1🈑
長野,1 NHK総合1..,2026-07-26,12:55,ドキュメント72時間PR ドキュメント72時間の作り方＜編集・ナレーション編＞🈑
長野,1 NHK総合1..,2026-07-26,13:00,ニュース・気象情報🈑
長野,1 NHK総合1..,2026-07-26,13:05,ダーウィンが来た！「相葉さんと探せ！ミクロいきもの超ワールド」🈖🈑🈞
長野,1 NHK総合1..,2026-07-26,13:35,さわやか自然百景10min．（37）兵庫 猫崎の海と黒川渓谷🈑
長野,1 NHK総合1..,2026-07-26,13:45,JAPAN DELISH 5min カレーライス🈑
長野,1 NHK総合1..,2026-07-26,13:50,アニメまとめPR 放送中！注目の3番組ほか🈑
長野,1 NHK総合1..,2026-07-26,13:55,プロフェッショナル 仕事の流儀 旅する家族、春をつなぐ〜養蜂家・藤井髙治〜🈖🈑🈞
長野,1 NHK総合1..,2026-07-26,14:40,秀サルでもわかる 豊臣兄弟！ なんで豊臣兄弟は明智光秀に勝てたの？🈑
長野,1 NHK総合1..,2026-07-26,14:45,あしたが変わるトリセツショー 番外編 フレイル対策15分エクササイズ🈑
長野,1 NHK総合1..,2026-07-26,15:00,ニュース・気象情報🈑
長野,1 NHK総合1..,2026-07-26,15:05,大相撲（2026年） 名古屋場所 千秋楽🈑
長野,1 NHK総合1..,2026-07-26,15:30,大相撲（2026年） 名古屋場所 千秋楽 優勝力士・三賞力士インタビュー🈔🈑
長野,1 NHK総合1..,2026-07-26,18:00,ニュース🈑
長野,1 NHK総合1..,2026-07-26,18:05,有吉のお金発見 突撃！カネオくん 令和に再ブーム！RCカーのヒミツ🈑
長野,1 NHK総合1..,2026-07-26,18:45,信州645
長野,1 NHK総合1..,2026-07-26,19:00,NHKニュース7🈔🈑
長野,1 NHK総合1..,2026-07-26,19:30,ダーウィンが来た！「最大の味方！最強のライバル！？動物兄弟」🈖🈑
長野,1 NHK総合1..,2026-07-26,20:00,豊臣兄弟！（29）天下への道🈖🈑
長野,1 NHK総合1..,2026-07-26,20:45,ニュース🈑🈐
長野,1 NHK総合1..,2026-07-26,20:55,ニュース・気象情報（関東甲信越）🈑🈐
長野,1 NHK総合1..,2026-07-26,21:00,NHKスペシャル 激変・安全保障 “力の支配”と揺らぐ国際秩序 日本の針路は🈑
長野,1 NHK総合1..,2026-07-26,22:00,サンデースポーツ🈑
長野,1 NHK総合1..,2026-07-26,22:50,ニュース・気象情報🈑
長野,1 NHK総合1..,2026-07-26,22:55,ハロー！NHKワールドJAPAN 7月の地域特集・山口県関連番組紹介🈑
長野,1 NHK総合1..,2026-07-26,23:00,DOC（ドック）3 あすへのカルテ（8）「暗闇の先へ」🈔🈑
長野,1 NHK総合1..,2026-07-26,23:59,連続テレビ小説「ひよっこ」再放送PR
長野,2 NHKEテレ..,2026-07-26,05:00,こころの時代 わからなさのなかで〜最首悟の思想をたどる〜🈑🈞
長野,2 NHKEテレ..,2026-07-26,06:00,NHK短歌 わたしの宮沢賢治 テーマ「月」🈑
長野,2 NHKEテレ..,2026-07-26,06:25,テレビ体操🈑
長野,2 NHKEテレ..,2026-07-26,06:35,NHK俳句 題「七夕」🈑
長野,2 NHKEテレ..,2026-07-26,07:00,第93回NHK全国学校音楽コンクール みんなの合唱レッスン・高等学校の部🈑
長野,2 NHKEテレ..,2026-07-26,07:10,第93回NHK全国学校音楽コンクール みんなの合唱レッスン・中学校の部🈑
長野,2 NHKEテレ..,2026-07-26,07:20,第93回NHK全国学校音楽コンクール みんなの合唱レッスン・小学校の部🈑
長野,2 NHKEテレ..,2026-07-26,07:30,おとうさんといっしょ「まねまねどんぐー」🈑🈞
長野,2 NHKEテレ..,2026-07-26,08:00,やさいの時間 みんなの菜園物語 兵庫県（後編）🈑
長野,2 NHKEテレ..,2026-07-26,08:25,趣味の園芸 京も一日陽だまり屋「の〜んびり 蘇鉄（そてつ）」🈑
長野,2 NHKEテレ..,2026-07-26,08:30,趣味の園芸 選 ステキをセレクト！タネから育てるコスモス🈑
長野,2 NHKEテレ..,2026-07-26,08:55,no art，no life「洋一」🈑
長野,2 NHKEテレ..,2026-07-26,09:00,日曜美術館 陶芸家ルーシー・リー 繊細でたくましい器🈑
長野,2 NHKEテレ..,2026-07-26,09:45,日曜美術館 アートシーン「まなざしの奇跡 日本女性写真家の冒険」展🈑
長野,2 NHKEテレ..,2026-07-26,10:00,将棋フォーカス 選 フォーカス流・観る将検定 第2回！🈑
長野,2 NHKEテレ..,2026-07-26,10:30,第76回 NHK杯テレビ将棋トーナメント 1回戦第17局 羽生九段×横山七段🈑
長野,2 NHKEテレ..,2026-07-26,12:00,囲碁フォーカス 選 知らずに使っている！？「囲碁用語」🈑
長野,2 NHKEテレ..,2026-07-26,12:30,第74回NHK杯テレビ囲碁トーナメント1回戦第17局酒井佑規七段×加藤千笑四段🈑
長野,2 NHKEテレ..,2026-07-26,14:00,日本の話芸 柳家蝠丸 落語「叩き蟹」🈖🈑
長野,2 NHKEテレ..,2026-07-26,14:30,アニメ 青のオーケストラ シーズン2（1）「ほころび」🈑
長野,2 NHKEテレ..,2026-07-26,14:55,アニメ 青のオーケストラ シーズン2（2）「波紋」🈑
長野,2 NHKEテレ..,2026-07-26,15:20,アニメ 青のオーケストラ シーズン2（3）「ケジメ」🈑
長野,2 NHKEテレ..,2026-07-26,15:45,アニメ 青のオーケストラ シーズン2（4）「体育祭」🈑
長野,2 NHKEテレ..,2026-07-26,16:10,ピタゴラミングスイッチ2🈑🈞
長野,2 NHKEテレ..,2026-07-26,16:30,ざわざわ森のがんこちゃん30周年スペシャルがんこのびっくりおたんじょうび会🈖🈑🈞
長野,2 NHKEテレ..,2026-07-26,17:00,アニメ アオアシ（17）東京都リーグ第7節 多摩体育大学附属高校戦🈑
長野,2 NHKEテレ..,2026-07-26,17:25,レディー・グレース 女王陛下のスパイ（4）「迷える女王」🈔🈑
長野,2 NHKEテレ..,2026-07-26,17:50,こども手話ウイークリー🈐
長野,2 NHKEテレ..,2026-07-26,18:00,木村多江の、いまさらですが… アメリカ建国の立役者 初代財務長官ハミルトン🈖🈑🈞
長野,2 NHKEテレ..,2026-07-26,18:30,ブリティッシュ・ベイクオフ6（17）チョコレート対決・前編🈔🈑🈞
長野,2 NHKEテレ..,2026-07-26,19:00,未病息災を願います 選「骨密度」が気になったら🈖🈑
長野,2 NHKEテレ..,2026-07-26,19:45,365日の献立日記「野菜ずし」🈑
長野,2 NHKEテレ..,2026-07-26,19:50,5分であさイチ 夏休みの“お昼ごはん”に革命を！🈑
長野,2 NHKEテレ..,2026-07-26,19:55,NHK手話ニュース🈐
長野,2 NHKEテレ..,2026-07-26,20:00,日曜美術館 滅びゆく写真 そして人類 現代美術作家・杉本博司🈑🈞
長野,2 NHKEテレ..,2026-07-26,20:45,日曜美術館 アートシーン「元禄！師宣劇場」展🈑
長野,2 NHKEテレ..,2026-07-26,21:00,古典芸能への招待 歌舞伎「近江源氏先陣館 盛綱陣屋」大阪松竹座さよなら公演🈕🈑
長野,2 NHKEテレ..,2026-07-26,23:00,美の壺 選「小さな芸術 干菓子」🈑
長野,2 NHKEテレ..,2026-07-26,23:30,サイエンスZERO“次世代塗料”が未来を塗り替える！？🈖🈑
長野,4 テレビ信州1,2026-07-26,04:35,テレビショッピング
長野,4 テレビ信州1,2026-07-26,05:05,テレビショッピング
長野,4 テレビ信州1,2026-07-26,05:35,ふれあいテレビ信州🈐▽私たちテレビ信州から視聴者の皆様にメッセージをお伝えします
長野,4 テレビ信州1,2026-07-26,05:45,しまじろうのわお！「ぼくたちの ゆうすずみかい」
長野,4 テレビ信州1,2026-07-26,06:15,NNNニュースサンデー🈐
長野,4 テレビ信州1,2026-07-26,06:30,遠くへ行きたい【橋本じゅんが福島へ】芳醇な香り絶品牛＆千年の歴史・野馬追🈖🈑
長野,4 テレビ信州1,2026-07-26,07:00,所さんの目がテン！🈑所さんと奥田民生さんが絶品イノシシ肉で燻製作り⁉
長野,4 テレビ信州1,2026-07-26,07:30,シューイチ🈑🈓8月から変わること＆新スポット▽秋山＆平子が南房総の体格グルメ堪能
長野,4 テレビ信州1,2026-07-26,10:25,一茂×かまいたちゲンバ▼水族館でアシカとご対面▼驚き新食感「糸かき氷」とは？🈑
長野,4 テレビ信州1,2026-07-26,11:25,マイチャン。テレポルト▽今夜イッテQお祭り男宮川と手越がフィンランドで激流を下る
長野,4 テレビ信州1,2026-07-26,11:30,NNN・TSBストレイトニュース
長野,4 テレビ信州1,2026-07-26,11:50,マイチャン。テレポルト▽今日夕方3時55分〜アメリカ横断ウルトラクイズ復活SP！
長野,4 テレビ信州1,2026-07-26,11:55,開運！なんでも鑑定団【1万円で購入！日本洋画界を代表する巨匠の画に衝撃値】
長野,4 テレビ信州1,2026-07-26,12:55,グッと！地球便 ボストンで起業した娘に幼いころ離ればなれになった父の思いを🈖🈑
長野,4 テレビ信州1,2026-07-26,13:30,そこまで言って委員会NP 「大戦争時代」SP！戦争終結シナリオを徹底討論🈑
長野,4 テレビ信州1,2026-07-26,15:00,24時間テレビ企画大公開SP🈑総合司会は内村光良！テーマは「わたしの家族の話」
長野,4 テレビ信州1,2026-07-26,15:55,【アメリカ横断ウルトラクイズ】新MC櫻井翔！地球一周特大スケールで復活SP🈑
長野,4 テレビ信州1,2026-07-26,16:55,THE突破ファイル傑作選▼コナン君参戦！最新カード犯罪 驚きの真実を見抜け！
長野,4 テレビ信州1,2026-07-26,17:25,美味しさへの旅▽和食、中華から洋食まで！毎週1軒、信州の美味しいお店をご紹介！
長野,4 テレビ信州1,2026-07-26,17:30,笑点🈖🈑🈓城島茂が座布団運び「ザ！鉄腕！DASH！！」×「笑点」夢のコラボDAY
長野,4 テレビ信州1,2026-07-26,18:00,真相報道バンキシャ！🈑独自分析…熱中症患者10人の行動に教訓▽花火大会で湿度検証
長野,4 テレビ信州1,2026-07-26,18:55,博士は今日も嫉妬する 人生が楽しくなる最新テクノロジー🈑
長野,4 テレビ信州1,2026-07-26,19:00,ザ！鉄腕！DASH！！▽笑点60周年記念夏祭り！師匠全員参加で巨大お好み焼き！🈑
長野,4 テレビ信州1,2026-07-26,19:58,イッテQ【お祭り男宮川＆二代目手越】フィンランドで丸太乗って川を下る木材選手権🈑
長野,4 テレビ信州1,2026-07-26,20:54,TSBニュース・天気予報▼信州の最新ニュース・天気をお伝えします
長野,4 テレビ信州1,2026-07-26,21:00,ゴールデンストーンズ▽番組史上最大‼人気芸人軍団と総勢31名の大混戦バトル🈑
長野,4 テレビ信州1,2026-07-26,21:54,天気予報▽信州の最新のお天気情報をお伝えします
長野,4 テレビ信州1,2026-07-26,22:00,おしゃれクリップ🈖🈑出川哲朗はなぜ愛される？▼妻や一茂が忖度なしでガチ素顔告白
長野,4 テレビ信州1,2026-07-26,22:30,ドラマ「一次元の挿し木」第4話【激動の真相が発覚…古人骨と義妹を巡る謎】🈖🈑🈓
長野,4 テレビ信州1,2026-07-26,23:25,ダウンタウンのガキの使い！10人で男の勲章歌い切り！エース＆小田参戦で大波乱🈑
長野,4 テレビ信州1,2026-07-26,23:55,Going！🈑生出演！渡邊雄太が明かす日本バスケの進化▼赤星絶賛！怪物高校生
長野,5 長野朝日放送,2026-07-26,04:45,テレショップ
長野,5 長野朝日放送,2026-07-26,05:15,信州のツボ
長野,5 長野朝日放送,2026-07-26,05:50,グッド！モーニング🈓🈑
長野,5 長野朝日放送,2026-07-26,08:00,よ〜い！スターと！トビダスクール しなことリボンでTシャツデコ！🈓🈑
長野,5 長野朝日放送,2026-07-26,08:30,名探偵プリキュア！ ＃26 キュアエクレールの復活！🈓🈑
長野,5 長野朝日放送,2026-07-26,09:00,仮面ライダーゼッツ 第45話「惑わす」🈓🈑
長野,5 長野朝日放送,2026-07-26,09:30,🈟角醒ハンター オメガホーン 第1話「角醒せよ！赤き角獣王！」🈓🈑
長野,5 長野朝日放送,2026-07-26,10:00,日曜マイチョイス 昭和の名曲が刻まれた聖地を巡る！歌って絶品グルメを満喫する旅🈑
長野,5 長野朝日放送,2026-07-26,11:00,なにわ男子の逆転男子 どんな状況でもカメラ目線で「愛してるよ」対決！室龍太参戦🈑
長野,5 長野朝日放送,2026-07-26,11:30,オフレコスポーツ
長野,5 長野朝日放送,2026-07-26,11:50,ANNニュース🈑
長野,5 長野朝日放送,2026-07-26,12:00,ビートたけしのTVタックル 昭和は驚きの光景が…令和のゴミ問題＆激安リユース店🈑
長野,5 長野朝日放送,2026-07-26,12:55,新婚さんいらっしゃい！ オーストラリア在住夫婦出場！親戚100人大運動会⁉ 🈖🈑
長野,5 長野朝日放送,2026-07-26,13:25,華丸丼と大吉麺 荻窪で発見！あのドラマの監修をした三ツ星店の斬新沖縄そば🈑
長野,5 長野朝日放送,2026-07-26,13:55,マツコ＆有吉 かりそめ天国 2時間SP 手間かかるスイーツ＆タイ夢の物件探し🈞
長野,5 長野朝日放送,2026-07-26,15:45,路線バスで寄り道の旅
長野,5 長野朝日放送,2026-07-26,16:55,藤森慎吾の信州観光協会🈑
長野,5 長野朝日放送,2026-07-26,17:25,イチオシ リン5チャンネル
長野,5 長野朝日放送,2026-07-26,17:30,ANNスーパーJチャンネル🈑
長野,5 長野朝日放送,2026-07-26,17:55,abn天気予報
長野,5 長野朝日放送,2026-07-26,18:00,相葉マナブ 初登場！timelesz佐藤勝利と地引き網！相模湾で何が獲れる？🈑
長野,5 長野朝日放送,2026-07-26,18:52,abn天気予報
長野,5 長野朝日放送,2026-07-26,18:56,ポツンと一軒家 2時間SP！84歳チェーンソーアート挑戦！BBQ＆絶景岩風呂🈑
長野,5 長野朝日放送,2026-07-26,20:56,有働Times🈑
長野,5 長野朝日放送,2026-07-26,22:15,マイ・フィクション ＃4 刑務所にいるはずの人間🈖🈑
長野,5 長野朝日放送,2026-07-26,23:09,abn天気予報
長野,5 長野朝日放送,2026-07-26,23:15,EIGHT－JAM 【中森明菜特集‼松田聖子・小泉今日子との関係、振付秘話…】🈑
長野,6 SBC信越放送1,2026-07-26,04:45,テレビショッピング
長野,6 SBC信越放送1,2026-07-26,05:15,テレビショッピング
長野,6 SBC信越放送1,2026-07-26,05:45,日本のチカラ🈑
長野,6 SBC信越放送1,2026-07-26,06:15,住人十色【淡路島へ移住！石積み職人が建てた進化系ログハウス】🈑🈖
長野,6 SBC信越放送1,2026-07-26,06:45,JNNニュース🈐
長野,6 SBC信越放送1,2026-07-26,07:00,健康カプセル！ゲンキの時間🈖🈑侮っていると一大事に！？消えないあざに隠れた恐怖
長野,6 SBC信越放送1,2026-07-26,07:30,がっちりマンデー‼CMで良く見るけど知らない会社！渡辺パイプ、INPEX、NGK
長野,6 SBC信越放送1,2026-07-26,08:00,サンデーモーニング🈑高市総理“寝てない”投稿の波紋▽消費税“迷走”と骨太ショック
長野,6 SBC信越放送1,2026-07-26,09:54,サンデー・ジャポン
長野,6 SBC信越放送1,2026-07-26,10:00,サンデー・ジャポン 延長国会閉幕…議員直撃！▽堺雅人が緊急生出演！スタジオ生考察
長野,6 SBC信越放送1,2026-07-26,11:24,みてねっと！
長野,6 SBC信越放送1,2026-07-26,11:30,日曜午前天気予報🈗
長野,6 SBC信越放送1,2026-07-26,11:35,上田晋也のサンデーQ🈑堺雅人が生出演「VIVANT」エキストラは4千人！聖地先取り巡礼
長野,6 SBC信越放送1,2026-07-26,12:54,日曜昼天気予報🈗
長野,6 SBC信越放送1,2026-07-26,13:00,出川哲朗の充電させてもらえませんか？【片岡愛之助＆IMALUと＜夏の北海道＞SP】🈞
長野,6 SBC信越放送1,2026-07-26,13:55,タクうま
長野,6 SBC信越放送1,2026-07-26,14:50,開幕直前！いいだ人形劇フェスタナビ
長野,6 SBC信越放送1,2026-07-26,15:05,宝くじ長者＆ミス日本…一世風靡した歴代人物は今？衝撃SP
長野,6 SBC信越放送1,2026-07-26,16:30,レッツゴー怪奇組 第四怪🈑
長野,6 SBC信越放送1,2026-07-26,17:00,日5「正反対な君と僕」 ＃16「新学期」🈑🈓
長野,6 SBC信越放送1,2026-07-26,17:30,Nスタ🈑 「飛鳥・藤原の宮都」が世界遺産新登録なるか▽「土用の丑の日」うなぎ店は
長野,6 SBC信越放送1,2026-07-26,18:00,世界遺産／バリ島 1000年続く棚田の絶景（インドネシア）🈖🈑
長野,6 SBC信越放送1,2026-07-26,18:30,ベスコングルメ★夏の軽井沢SP・そば通DEEN池森オススメの手打ちそば名店へ🈖🈑🈓
長野,6 SBC信越放送1,2026-07-26,19:00,バナナマンのせっかくグルメ★VIVANT堺雅人＆濱田岳と日村が人気リゾート地🈑🈓
長野,6 SBC信越放送1,2026-07-26,20:00,VIVANT直前生放送★堺×阿部×二宮×松坂が集結！今からでも間に合うSPダイジェスト🈑
長野,6 SBC信越放送1,2026-07-26,21:00,🈟日曜劇場「VIVANT」第11話🈖🈑
長野,6 SBC信越放送1,2026-07-26,22:19,信毎ニュース・天気予報🈗🄽
長野,6 SBC信越放送1,2026-07-26,22:25,日曜日の初耳学◆堺雅人×林修『VIVANT』放送直後90分SP阿部寛＆初出しメイキング映像
長野,6 SBC信越放送1,2026-07-26,23:49,知っとく！なっとく！学んどく！？ 信州の防災・減災
長野,6 SBC信越放送1,2026-07-26,23:55,黒猫と魔女の教室🈑🈓 ＃16「イオ・トーラス がんばります」【アガルアニメ】
長野,8 長野放送,2026-07-26,04:55,ディノスTHEストア
長野,8 長野放送,2026-07-26,05:25,テレショップ
長野,8 長野放送,2026-07-26,05:55,おはようNBS
長野,8 長野放送,2026-07-26,06:00,FNNニュース🈑
長野,8 長野放送,2026-07-26,06:15,皇室ご一家🈑
長野,8 長野放送,2026-07-26,06:30,ポケットモンスター＜ドリームボールをキミに！＞
長野,8 長野放送,2026-07-26,07:00,SUNDAYブレイク． 千葉県勝浦でオズワルド伊藤が絶叫アクティビティ体験🈑🈕🈓
長野,8 長野放送,2026-07-26,08:55,BANGミ〜ヨ！
長野,8 長野放送,2026-07-26,09:00,DIGIMON BEATBREAK【消せない夜】 ＃40🈑🈖
長野,8 長野放送,2026-07-26,09:30,テレビアニメ「鬼滅の刃」シリーズ全編再放送【竈門炭治郎 立志編】🈑🈖🈓
長野,8 長野放送,2026-07-26,10:00,かのサンド◆学生街で絶品グルメSP！早稲田コスパ抜群グルメ＆学芸大学の名店中華🈑
長野,8 長野放送,2026-07-26,11:15,ミラモンGOLD🈑
長野,8 長野放送,2026-07-26,11:45,物語の始まりへ
長野,8 長野放送,2026-07-26,11:50,FNN Live News days🈑
長野,8 長野放送,2026-07-26,12:00,亀梨くんのワンにゃフル！＜日本全国赤ちゃん犬譲渡旅＆なぜ秘島で猫保護？ドクタ…＞
長野,8 長野放送,2026-07-26,13:00,ワタシが日本に住む理由＜釣りなのに崖登り？日本古来の“テンカラ”を世界に発信＞
長野,8 長野放送,2026-07-26,14:00,地域を変えるチカラ〜ソーシャルビジネスが生み出す未来〜
長野,8 長野放送,2026-07-26,14:55,BANGミ〜ヨ！
長野,8 長野放送,2026-07-26,15:00,みんなのKEIBA 関屋記念・GⅢ＆東海S・GⅢ 夏の新潟開幕！ ゲスト中山優馬
長野,8 長野放送,2026-07-26,16:00,千原ジュニアのタクシー乗り継ぎ旅 三宅健参戦！富士山攻略SP
長野,8 長野放送,2026-07-26,17:25,かんてんぱぱのわくわくクッキング
長野,8 長野放送,2026-07-26,17:30,NBS Live News イット！🈑
長野,8 長野放送,2026-07-26,18:00,ちびまる子ちゃん【隣町の男子とプールで勝負する／たまちゃんちで日曜大工を】🈑🈖
長野,8 長野放送,2026-07-26,18:30,サザエさん【憧れの松／うっかりでしっかり ほか】🈑🈖🈓
長野,8 長野放送,2026-07-26,19:00,千鳥の鬼レンチャン◆鬼ハード初代女王誕生？STU池ちゃん＆高橋成美サビカラ登場🈑
長野,8 長野放送,2026-07-26,20:54,天気予報
長野,8 長野放送,2026-07-26,21:00,Mr．サンデー🈑🈓
長野,8 長野放送,2026-07-26,23:09,いちおし∞
長野,8 長野放送,2026-07-26,23:15,ワンピース【エルバフの大罪人 冥界のロキ解放！？】🈑🈖
長野,8 長野放送,2026-07-26,23:45,すぽると！ 大谷翔平のストレートは軌道が読めない⁉スター証言＆脳科学から紐解く🈑
新潟,1 NHK総合1..,2026-07-26,05:00,ニュース・気象情報
新潟,1 NHK総合1..,2026-07-26,05:10,Jリーグと私 あの試合を忘れない ＃17 横浜FM🈑
新潟,1 NHK総合1..,2026-07-26,05:15,週末のNスペは… 激変・安全保障 日本の進路は🈑
新潟,1 NHK総合1..,2026-07-26,05:20,桂文珍の演芸図鑑 レ・ロマネスクTOBI 柳亭小燕枝 三拍子🈑
新潟,1 NHK総合1..,2026-07-26,05:50,気象情報
新潟,1 NHK総合1..,2026-07-26,06:00,ニュース
新潟,1 NHK総合1..,2026-07-26,06:10,【特選！時代劇】大岡越前8 🈟（1）「燃える牢屋敷」🈖🈑
新潟,1 NHK総合1..,2026-07-26,06:53,気象情報
新潟,1 NHK総合1..,2026-07-26,06:55,ニュース・気象情報（関東甲信越）🈑
新潟,1 NHK総合1..,2026-07-26,07:00,NHKニュース おはよう日本 7月26日（日）🈑
新潟,1 NHK総合1..,2026-07-26,07:40,NHKニュース おはよう首都圏（関東甲信越）🈑
新潟,1 NHK総合1..,2026-07-26,07:45,さわやか自然百景 青森 屏風山湿原池沼群🈑
新潟,1 NHK総合1..,2026-07-26,08:00,小さな旅「大原を継ぐ 〜京都市 左京区〜」🈖🈑
新潟,1 NHK総合1..,2026-07-26,08:25,Dearにっぽん「私たちが新聞を書く理由〜滋賀・虎姫高校〜」🈑
新潟,1 NHK総合1..,2026-07-26,08:50,あさイチの鈴木奈穂子アナが「NHK ONE」を解説🈑
新潟,1 NHK総合1..,2026-07-26,08:57,気象情報
新潟,1 NHK総合1..,2026-07-26,09:00,日曜討論 徹底解説！暑さはどこまで？対策は
新潟,1 NHK総合1..,2026-07-26,10:00,ニュース・気象情報🈑
新潟,1 NHK総合1..,2026-07-26,10:05,明日をまもるナビ選196 都市を襲う水害 内水氾濫〜見えない危険にどう備える🈖🈑
新潟,1 NHK総合1..,2026-07-26,10:30,ニュース・気象情報（新潟）
新潟,1 NHK総合1..,2026-07-26,10:35,ゆったり温泉ひとり旅 北海道・登別温泉🈑
新潟,1 NHK総合1..,2026-07-26,11:04,ニュース🈑
新潟,1 NHK総合1..,2026-07-26,11:05,あしたが変わるトリセツショー 骨ケアで健康革命！今すぐできる運動＆食事ワザ🈖🈑🈞
新潟,1 NHK総合1..,2026-07-26,11:50,ふすま絵 奇跡の再会🈑
新潟,1 NHK総合1..,2026-07-26,11:54,気象情報
新潟,1 NHK総合1..,2026-07-26,12:00,ニュース🈑
新潟,1 NHK総合1..,2026-07-26,12:10,ニュース・気象情報（新潟）
新潟,1 NHK総合1..,2026-07-26,12:15,NHKのど自慢 熱唱熱演名場面 2026 Part1🈑
新潟,1 NHK総合1..,2026-07-26,12:55,ドキュメント72時間PR ドキュメント72時間の作り方＜編集・ナレーション編＞🈑
新潟,1 NHK総合1..,2026-07-26,13:00,ニュース・気象情報🈑
新潟,1 NHK総合1..,2026-07-26,13:05,ダーウィンが来た！「相葉さんと探せ！ミクロいきもの超ワールド」🈖🈑🈞
新潟,1 NHK総合1..,2026-07-26,13:35,さわやか自然百景10min．（37）兵庫 猫崎の海と黒川渓谷🈑
新潟,1 NHK総合1..,2026-07-26,13:45,JAPAN DELISH 5min カレーライス🈑
新潟,1 NHK総合1..,2026-07-26,13:50,アニメまとめPR 放送中！注目の3番組ほか🈑
新潟,1 NHK総合1..,2026-07-26,13:55,プロフェッショナル 仕事の流儀 旅する家族、春をつなぐ〜養蜂家・藤井髙治〜🈖🈑🈞
新潟,1 NHK総合1..,2026-07-26,14:40,秀サルでもわかる 豊臣兄弟！ なんで豊臣兄弟は明智光秀に勝てたの？🈑
新潟,1 NHK総合1..,2026-07-26,14:45,あしたが変わるトリセツショー 番外編 フレイル対策15分エクササイズ🈑
新潟,1 NHK総合1..,2026-07-26,15:00,ニュース・気象情報🈑
新潟,1 NHK総合1..,2026-07-26,15:05,大相撲（2026年） 名古屋場所 千秋楽🈑
新潟,1 NHK総合1..,2026-07-26,15:30,大相撲（2026年） 名古屋場所 千秋楽 優勝力士・三賞力士インタビュー🈔🈑
新潟,1 NHK総合1..,2026-07-26,18:00,ニュース🈑
新潟,1 NHK総合1..,2026-07-26,18:05,有吉のお金発見 突撃！カネオくん 令和に再ブーム！RCカーのヒミツ🈑
新潟,1 NHK総合1..,2026-07-26,18:45,ニュース・気象情報（新潟）
新潟,1 NHK総合1..,2026-07-26,19:00,NHKニュース7🈔🈑
新潟,1 NHK総合1..,2026-07-26,19:30,ダーウィンが来た！「最大の味方！最強のライバル！？動物兄弟」🈖🈑
新潟,1 NHK総合1..,2026-07-26,20:00,豊臣兄弟！（29）天下への道🈖🈑
新潟,1 NHK総合1..,2026-07-26,20:45,ニュース🈑🈐
新潟,1 NHK総合1..,2026-07-26,20:55,ニュース・気象情報（関東甲信越）🈑🈐
新潟,1 NHK総合1..,2026-07-26,21:00,NHKスペシャル 激変・安全保障 “力の支配”と揺らぐ国際秩序 日本の針路は🈑
新潟,1 NHK総合1..,2026-07-26,22:00,サンデースポーツ🈑
新潟,1 NHK総合1..,2026-07-26,22:50,ニュース・気象情報🈑
新潟,1 NHK総合1..,2026-07-26,22:55,ハロー！NHKワールドJAPAN 7月の地域特集・山口県関連番組紹介🈑
新潟,1 NHK総合1..,2026-07-26,23:00,DOC（ドック）3 あすへのカルテ（8）「暗闇の先へ」🈔🈑
新潟,1 NHK総合1..,2026-07-26,23:59,連続テレビ小説「ひよっこ」再放送PR
新潟,2 NHKEテレ..,2026-07-26,05:00,こころの時代 わからなさのなかで〜最首悟の思想をたどる〜🈑🈞
新潟,2 NHKEテレ..,2026-07-26,06:00,NHK短歌 わたしの宮沢賢治 テーマ「月」🈑
新潟,2 NHKEテレ..,2026-07-26,06:25,テレビ体操🈑
新潟,2 NHKEテレ..,2026-07-26,06:35,NHK俳句 題「七夕」🈑
新潟,2 NHKEテレ..,2026-07-26,07:00,第93回NHK全国学校音楽コンクール みんなの合唱レッスン・高等学校の部🈑
新潟,2 NHKEテレ..,2026-07-26,07:10,第93回NHK全国学校音楽コンクール みんなの合唱レッスン・中学校の部🈑
新潟,2 NHKEテレ..,2026-07-26,07:20,第93回NHK全国学校音楽コンクール みんなの合唱レッスン・小学校の部🈑
新潟,2 NHKEテレ..,2026-07-26,07:30,おとうさんといっしょ「まねまねどんぐー」🈑🈞
新潟,2 NHKEテレ..,2026-07-26,08:00,やさいの時間 みんなの菜園物語 兵庫県（後編）🈑
新潟,2 NHKEテレ..,2026-07-26,08:25,趣味の園芸 京も一日陽だまり屋「の〜んびり 蘇鉄（そてつ）」🈑
新潟,2 NHKEテレ..,2026-07-26,08:30,趣味の園芸 選 ステキをセレクト！タネから育てるコスモス🈑
新潟,2 NHKEテレ..,2026-07-26,08:55,no art，no life「洋一」🈑
新潟,2 NHKEテレ..,2026-07-26,09:00,日曜美術館 陶芸家ルーシー・リー 繊細でたくましい器🈑
新潟,2 NHKEテレ..,2026-07-26,09:45,日曜美術館 アートシーン「まなざしの奇跡 日本女性写真家の冒険」展🈑
新潟,2 NHKEテレ..,2026-07-26,10:00,将棋フォーカス 選 フォーカス流・観る将検定 第2回！🈑
新潟,2 NHKEテレ..,2026-07-26,10:30,第76回 NHK杯テレビ将棋トーナメント 1回戦第17局 羽生九段×横山七段🈑
新潟,2 NHKEテレ..,2026-07-26,12:00,囲碁フォーカス 選 知らずに使っている！？「囲碁用語」🈑
新潟,2 NHKEテレ..,2026-07-26,12:30,第74回NHK杯テレビ囲碁トーナメント1回戦第17局酒井佑規七段×加藤千笑四段🈑
新潟,2 NHKEテレ..,2026-07-26,14:00,日本の話芸 柳家蝠丸 落語「叩き蟹」🈖🈑
新潟,2 NHKEテレ..,2026-07-26,14:30,アニメ 青のオーケストラ シーズン2（1）「ほころび」🈑
新潟,2 NHKEテレ..,2026-07-26,14:55,アニメ 青のオーケストラ シーズン2（2）「波紋」🈑
新潟,2 NHKEテレ..,2026-07-26,15:20,アニメ 青のオーケストラ シーズン2（3）「ケジメ」🈑
新潟,2 NHKEテレ..,2026-07-26,15:45,アニメ 青のオーケストラ シーズン2（4）「体育祭」🈑
新潟,2 NHKEテレ..,2026-07-26,16:10,ピタゴラミングスイッチ2🈑🈞
新潟,2 NHKEテレ..,2026-07-26,16:30,ざわざわ森のがんこちゃん30周年スペシャルがんこのびっくりおたんじょうび会🈖🈑🈞
新潟,2 NHKEテレ..,2026-07-26,17:00,アニメ アオアシ（17）東京都リーグ第7節 多摩体育大学附属高校戦🈑
新潟,2 NHKEテレ..,2026-07-26,17:25,レディー・グレース 女王陛下のスパイ（4）「迷える女王」🈔🈑
新潟,2 NHKEテレ..,2026-07-26,17:50,こども手話ウイークリー🈐
新潟,2 NHKEテレ..,2026-07-26,18:00,木村多江の、いまさらですが… アメリカ建国の立役者 初代財務長官ハミルトン🈖🈑🈞
新潟,2 NHKEテレ..,2026-07-26,18:30,ブリティッシュ・ベイクオフ6（17）チョコレート対決・前編🈔🈑🈞
新潟,2 NHKEテレ..,2026-07-26,19:00,未病息災を願います 選「骨密度」が気になったら🈖🈑
新潟,2 NHKEテレ..,2026-07-26,19:45,365日の献立日記「野菜ずし」🈑
新潟,2 NHKEテレ..,2026-07-26,19:50,5分であさイチ 夏休みの“お昼ごはん”に革命を！🈑
新潟,2 NHKEテレ..,2026-07-26,19:55,NHK手話ニュース🈐
新潟,2 NHKEテレ..,2026-07-26,20:00,日曜美術館 滅びゆく写真 そして人類 現代美術作家・杉本博司🈑🈞
新潟,2 NHKEテレ..,2026-07-26,20:45,日曜美術館 アートシーン「元禄！師宣劇場」展🈑
新潟,2 NHKEテレ..,2026-07-26,21:00,古典芸能への招待 歌舞伎「近江源氏先陣館 盛綱陣屋」大阪松竹座さよなら公演🈕🈑
新潟,2 NHKEテレ..,2026-07-26,23:00,美の壺 選「小さな芸術 干菓子」🈑
新潟,2 NHKEテレ..,2026-07-26,23:30,サイエンスZERO“次世代塗料”が未来を塗り替える！？🈖🈑
新潟,4 TeNY1,2026-07-26,04:45,テレビショッピング
新潟,4 TeNY1,2026-07-26,05:15,THE・フィッシング【堤防から手軽に大爆釣！西伊豆ウキフカセ釣り】
新潟,4 TeNY1,2026-07-26,05:45,ポケモンとどこいく！？【シェフピカチュウがお出迎え！ポケモンカフェSP】
新潟,4 TeNY1,2026-07-26,06:15,NNNニュースサンデー🈐
新潟,4 TeNY1,2026-07-26,06:30,ポケットモンスター【ミアレシティ！新たな出会い】
新潟,4 TeNY1,2026-07-26,07:00,所さんの目がテン！🈑所さんと奥田民生さんが絶品イノシシ肉で燻製作り⁉
新潟,4 TeNY1,2026-07-26,07:30,シューイチ🈑🈓8月から変わること＆新スポット▽秋山＆平子が南房総の体格グルメ堪能
新潟,4 TeNY1,2026-07-26,10:25,一茂×かまいたちゲンバ▼水族館でアシカとご対面▼驚き新食感「糸かき氷」とは？🈑
新潟,4 TeNY1,2026-07-26,11:25,県からのお知らせ
新潟,4 TeNY1,2026-07-26,11:30,NNN ストレイトニュース🈑
新潟,4 TeNY1,2026-07-26,11:40,🈢新潟一番サンデープラス【ぶらり途中下車のラーメン越後線第9弾＆海の家中継】
新潟,4 TeNY1,2026-07-26,12:30,スクール革命！世の中の大きいモノ大集合…新企画！「クイズジャンボ」
新潟,4 TeNY1,2026-07-26,13:30,そこまで言って委員会NP 「大戦争時代」SP！戦争終結シナリオを徹底討論🈑
新潟,4 TeNY1,2026-07-26,15:00,【新潟】世界！ニッポン行きたい人応援団★宮大工を愛するカナダ人が長岡市与板町へ
新潟,4 TeNY1,2026-07-26,16:55,にっぽん再発見 〜ローカル線で行く小さな旅〜
新潟,4 TeNY1,2026-07-26,17:20,とことんアルビ！！＆Sports
新潟,4 TeNY1,2026-07-26,17:30,笑点🈖🈑🈓城島茂が座布団運び「ザ！鉄腕！DASH！！」×「笑点」夢のコラボDAY
新潟,4 TeNY1,2026-07-26,18:00,真相報道バンキシャ！🈑独自分析…熱中症患者10人の行動に教訓▽花火大会で湿度検証
新潟,4 TeNY1,2026-07-26,18:55,博士は今日も嫉妬する 人生が楽しくなる最新テクノロジー🈑
新潟,4 TeNY1,2026-07-26,19:00,ザ！鉄腕！DASH！！▽笑点60周年記念夏祭り！師匠全員参加で巨大お好み焼き！🈑
新潟,4 TeNY1,2026-07-26,19:58,イッテQ【お祭り男宮川＆二代目手越】フィンランドで丸太乗って川を下る木材選手権🈑
新潟,4 TeNY1,2026-07-26,20:54,てとてとニュース＆ウェザー
新潟,4 TeNY1,2026-07-26,21:00,ゴールデンストーンズ▽番組史上最大‼人気芸人軍団と総勢31名の大混戦バトル🈑
新潟,4 TeNY1,2026-07-26,21:54,ぱっとみ！
新潟,4 TeNY1,2026-07-26,22:00,おしゃれクリップ🈖🈑出川哲朗はなぜ愛される？▼妻や一茂が忖度なしでガチ素顔告白
新潟,4 TeNY1,2026-07-26,22:30,ドラマ「一次元の挿し木」第4話【激動の真相が発覚…古人骨と義妹を巡る謎】🈖🈑🈓
新潟,4 TeNY1,2026-07-26,23:25,ダウンタウンのガキの使い！10人で男の勲章歌い切り！エース＆小田参戦で大波乱🈑
新潟,4 TeNY1,2026-07-26,23:55,Going！🈑生出演！渡邊雄太が明かす日本バスケの進化▼赤星絶賛！怪物高校生
新潟,5 新潟テレビ2..,2026-07-26,04:50,テレショップ
新潟,5 新潟テレビ2..,2026-07-26,05:20,題名のない音楽会「オペラ歌手が秘密を打ち明ける休日」🈑
新潟,5 新潟テレビ2..,2026-07-26,05:50,グッド！モーニング🈓🈑
新潟,5 新潟テレビ2..,2026-07-26,08:00,よ〜い！スターと！トビダスクール しなことリボンでTシャツデコ！🈓🈑
新潟,5 新潟テレビ2..,2026-07-26,08:30,名探偵プリキュア！ ＃26 キュアエクレールの復活！🈓🈑
新潟,5 新潟テレビ2..,2026-07-26,09:00,仮面ライダーゼッツ 第45話「惑わす」🈓🈑
新潟,5 新潟テレビ2..,2026-07-26,09:30,🈟角醒ハンター オメガホーン 第1話「角醒せよ！赤き角獣王！」🈓🈑
新潟,5 新潟テレビ2..,2026-07-26,10:00,Travis JapanノJUST！シン日本遺産
新潟,5 新潟テレビ2..,2026-07-26,10:40,話題の映画『君と花火と約束と』〜この夏いちばん泣ける“きみはな”完全ガイド〜🈞
新潟,5 新潟テレビ2..,2026-07-26,11:10,テレびより
新潟,5 新潟テレビ2..,2026-07-26,11:15,渡辺篤史の建もの探訪
新潟,5 新潟テレビ2..,2026-07-26,11:44,建もの探訪新潟版
新潟,5 新潟テレビ2..,2026-07-26,11:50,ANNニュース🈑
新潟,5 新潟テレビ2..,2026-07-26,12:00,ビートたけしのTVタックル 昭和は驚きの光景が…令和のゴミ問題＆激安リユース店🈑
新潟,5 新潟テレビ2..,2026-07-26,12:55,新婚さんいらっしゃい！ オーストラリア在住夫婦出場！親戚100人大運動会⁉ 🈖🈑
新潟,5 新潟テレビ2..,2026-07-26,13:25,華丸丼と大吉麺 荻窪で発見！あのドラマの監修をした三ツ星店の斬新沖縄そば🈑
新潟,5 新潟テレビ2..,2026-07-26,13:55,マツコ＆有吉 かりそめ天国 傑作選 2HSP
新潟,5 新潟テレビ2..,2026-07-26,16:00,にいがたガタ部 北海道で観光・グルメ・大自然を堪能せよ！ガタ部的よくばり旅 前編
新潟,5 新潟テレビ2..,2026-07-26,16:30,相席食堂【村重杏奈＆アレクサンダーの旅!】
新潟,5 新潟テレビ2..,2026-07-26,17:30,ANNスーパーJチャンネル🈑
新潟,5 新潟テレビ2..,2026-07-26,18:00,相葉マナブ 初登場！timelesz佐藤勝利と地引き網！相模湾で何が獲れる？🈑
新潟,5 新潟テレビ2..,2026-07-26,18:52,月曜のUX＆ウェザー
新潟,5 新潟テレビ2..,2026-07-26,18:56,ポツンと一軒家 2時間SP！84歳チェーンソーアート挑戦！BBQ＆絶景岩風呂🈑
新潟,5 新潟テレビ2..,2026-07-26,20:56,有働Times🈑
新潟,5 新潟テレビ2..,2026-07-26,22:15,マイ・フィクション ＃4 刑務所にいるはずの人間🈖🈑
新潟,5 新潟テレビ2..,2026-07-26,23:09,ウェザーブレイク
新潟,5 新潟テレビ2..,2026-07-26,23:15,EIGHT－JAM 【中森明菜特集‼松田聖子・小泉今日子との関係、振付秘話…】🈑
新潟,6 BSN1,2026-07-26,04:59,サンデーショッピング
新潟,6 BSN1,2026-07-26,05:28,ハレッタmemo
新潟,6 BSN1,2026-07-26,05:30,日本のチカラ ＃475 ビートで輝け！〜DJ介護士のロマンディスコ〜🈑
新潟,6 BSN1,2026-07-26,06:00,バナナマンの早起きせっかくグルメ★全国から厳選！極上焼肉のタレでお肉を大満喫！🈑
新潟,6 BSN1,2026-07-26,06:45,JNNニュース🈐
新潟,6 BSN1,2026-07-26,07:00,健康カプセル！ゲンキの時間🈖🈑侮っていると一大事に！？消えないあざに隠れた恐怖
新潟,6 BSN1,2026-07-26,07:30,【新潟の巨大ガス田】がっちりマンデー‼CMで良く見るけど知らない会社！🈑
新潟,6 BSN1,2026-07-26,08:00,サンデーモーニング🈑高市総理“寝てない”投稿の波紋▽消費税“迷走”と骨太ショック
新潟,6 BSN1,2026-07-26,09:54,サンデー・ジャポン 延長国会閉幕…議員直撃！▽堺雅人が緊急生出演！スタジオ生考察
新潟,6 BSN1,2026-07-26,11:24,大和の風
新潟,6 BSN1,2026-07-26,11:30,週刊県政ナビ
新潟,6 BSN1,2026-07-26,11:35,上田晋也のサンデーQ🈑堺雅人が生出演「VIVANT」エキストラは4千人！聖地先取り巡礼
新潟,6 BSN1,2026-07-26,12:54,家、ついて行ってイイですか？ゴジラ・ジブリ・高市早苗！日本のスゴ技職人ハウス
新潟,6 BSN1,2026-07-26,13:54,出川哲朗の充電させてもらえませんか？関西！＜奈良⇒大阪⇒和歌山城＞
新潟,6 BSN1,2026-07-26,16:24,コレも見ナイト
新潟,6 BSN1,2026-07-26,16:30,レッツゴー怪奇組 第四怪🈑
新潟,6 BSN1,2026-07-26,17:00,日5「正反対な君と僕」 ＃16「新学期」🈑🈓
新潟,6 BSN1,2026-07-26,17:30,Nスタ🈑 「飛鳥・藤原の宮都」が世界遺産新登録なるか▽「土用の丑の日」うなぎ店は
新潟,6 BSN1,2026-07-26,18:00,世界遺産／バリ島 1000年続く棚田の絶景（インドネシア）🈖🈑
新潟,6 BSN1,2026-07-26,18:30,ベスコングルメ★夏の軽井沢SP・そば通DEEN池森オススメの手打ちそば名店へ🈖🈑🈓
新潟,6 BSN1,2026-07-26,19:00,バナナマンのせっかくグルメ★VIVANT堺雅人＆濱田岳と日村が人気リゾート地🈑🈓
新潟,6 BSN1,2026-07-26,20:00,VIVANT直前生放送★堺×阿部×二宮×松坂が集結！今からでも間に合うSPダイジェスト🈑
新潟,6 BSN1,2026-07-26,21:00,🈟日曜劇場「VIVANT」第11話🈖🈑
新潟,6 BSN1,2026-07-26,22:19,BSN NEWS🄽
新潟,6 BSN1,2026-07-26,22:25,日曜日の初耳学◆堺雅人×林修『VIVANT』放送直後90分SP阿部寛＆初出しメイキング映像
新潟,6 BSN1,2026-07-26,23:49,ハレッタ天気🈗
新潟,6 BSN1,2026-07-26,23:55,黒猫と魔女の教室🈑🈓 ＃16「イオ・トーラス がんばります」【アガルアニメ】
新潟,8 NST1,2026-07-26,05:00,日曜テレビショッピング・ファーストクラスのお手入れで、より美しくより前向きにさ…
新潟,8 NST1,2026-07-26,05:30,テレビ寺子屋 一人ひとりが大切な「人財」／住田裕子
新潟,8 NST1,2026-07-26,06:00,FNNニュース🈑
新潟,8 NST1,2026-07-26,06:15,ごるビバ
新潟,8 NST1,2026-07-26,06:29,田村亮の釣りならまかせろ！【強烈な引き！タイラバ】
新潟,8 NST1,2026-07-26,07:00,SUNDAYブレイク．🈑🈕🈓
新潟,8 NST1,2026-07-26,08:25,かまいたちの机上の空論城 福島㊙絶品グルメ値段予想！コスパ最強イタリアンが登場🈑
新潟,8 NST1,2026-07-26,09:00,DIGIMON BEATBREAK【消せない夜】 ＃40🈑🈖
新潟,8 NST1,2026-07-26,09:30,テレビアニメ「鬼滅の刃」シリーズ全編再放送【竈門炭治郎 立志編】🈑🈖🈓
新潟,8 NST1,2026-07-26,10:00,かのサンド◆学生街で絶品グルメSP！早稲田コスパ抜群グルメ＆学芸大学の名店中華🈑
新潟,8 NST1,2026-07-26,11:15,ミラモンGOLD🈑
新潟,8 NST1,2026-07-26,11:45,物語の始まりへ
新潟,8 NST1,2026-07-26,11:50,FNN・NST Live News days🈑
新潟,8 NST1,2026-07-26,12:00,となりのスゴイ家【丸みデザインの家▽既製品組み合わせ術】
新潟,8 NST1,2026-07-26,12:55,開運！なんでも鑑定団【宿場町の名家に眠る明治時代の㊙宝に騒然】🈞
新潟,8 NST1,2026-07-26,14:00,所さんの学校では教えてくれないそこんトコロ！【開かずの金庫巨大屋敷▽遠距離通学】
新潟,8 NST1,2026-07-26,14:55,スマイルナビゲーション
新潟,8 NST1,2026-07-26,15:00,みんなのKEIBA 関屋記念・GⅢ＆東海S・GⅢ 夏の新潟開幕！ ゲスト中山優馬
新潟,8 NST1,2026-07-26,16:00,日曜スペシャル・大久保・川村の温泉タオル集め旅19 北海道SP【絶景露天】
新潟,8 NST1,2026-07-26,17:25,NSTイベントナビ
新潟,8 NST1,2026-07-26,17:30,FNN・NST Live News イット！🈑
新潟,8 NST1,2026-07-26,18:00,ちびまる子ちゃん【隣町の男子とプールで勝負する／たまちゃんちで日曜大工を】🈑🈖
新潟,8 NST1,2026-07-26,18:30,サザエさん【憧れの松／うっかりでしっかり ほか】🈑🈖🈓
新潟,8 NST1,2026-07-26,19:00,千鳥の鬼レンチャン◆鬼ハード初代女王誕生？STU池ちゃん＆高橋成美サビカラ登場🈑
新潟,8 NST1,2026-07-26,20:54,NSTこんやのニュース
新潟,8 NST1,2026-07-26,21:00,Mr．サンデー 1部🈑🈓
新潟,8 NST1,2026-07-26,22:00,Mr．サンデー🈑🈓
新潟,8 NST1,2026-07-26,23:09,天気予報
新潟,8 NST1,2026-07-26,23:15,ワンピース【エルバフの大罪人 冥界のロキ解放！？】🈑🈖
新潟,8 NST1,2026-07-26,23:45,すぽると！ 大谷翔平のストレートは軌道が読めない⁉スター証言＆脳科学から紐解く🈑
愛知,1 東海テレビ011,2026-07-26,04:34,ショッピングストリート
愛知,1 東海テレビ011,2026-07-26,05:04,エンタメ！イッチー
愛知,1 東海テレビ011,2026-07-26,05:12,村上佳菜子の週刊愛ちっち🈑🈞
愛知,1 東海テレビ011,2026-07-26,05:15,メッセージ1
愛知,1 東海テレビ011,2026-07-26,05:30,フットマップ🈑 アインシュタインと三重！VISON日本最大級のリゾート施設へ！
愛知,1 東海テレビ011,2026-07-26,06:00,東海テレニュース🈑
愛知,1 東海テレビ011,2026-07-26,06:15,スイッチ！サンデー🈑
愛知,1 東海テレビ011,2026-07-26,07:00,SUNDAYブレイク． 千葉県勝浦でオズワルド伊藤が絶叫アクティビティ体験🈑🈕🈓
愛知,1 東海テレビ011,2026-07-26,08:55,物語の始まりへ🈑
愛知,1 東海テレビ011,2026-07-26,09:00,DIGIMON BEATBREAK【消せない夜】 ＃40🈑🈖
愛知,1 東海テレビ011,2026-07-26,09:30,テレビアニメ「鬼滅の刃」シリーズ全編再放送【竈門炭治郎 立志編】🈑🈖🈓
愛知,1 東海テレビ011,2026-07-26,10:00,かのサンド◆学生街で絶品グルメSP！早稲田コスパ抜群グルメ＆学芸大学の名店中華🈑
愛知,1 東海テレビ011,2026-07-26,11:15,ミラモンGOLD🈑
愛知,1 東海テレビ011,2026-07-26,11:45,お天気レーダー
愛知,1 東海テレビ011,2026-07-26,11:50,FNN Live News days🈑
愛知,1 東海テレビ011,2026-07-26,12:00,坂上どうぶつ王国傑作選🈑🈞
愛知,1 東海テレビ011,2026-07-26,14:00,世界の何だコレ！？ミステリー傑作選🈑🈞
愛知,1 東海テレビ011,2026-07-26,15:00,競馬BEAT【第43回東海ステークス（GⅢ）▽第61回関屋記念（GⅢ）】
愛知,1 東海テレビ011,2026-07-26,16:00,東海のイイとこみんな教えて！田村淳のスマホ旅🈑🈖🈞
愛知,1 東海テレビ011,2026-07-26,16:55,ぐっさん家傑作選🈑🈞【ぐっさん！知多市！男のロマンを巡る旅】
愛知,1 東海テレビ011,2026-07-26,17:25,WAYS〜医療の道を拓くひと〜🈑
愛知,1 東海テレビ011,2026-07-26,17:30,中日新聞テレビ日曜夕刊🈑
愛知,1 東海テレビ011,2026-07-26,18:00,ちびまる子ちゃん【隣町の男子とプールで勝負する／たまちゃんちで日曜大工を】🈑🈖
愛知,1 東海テレビ011,2026-07-26,18:30,サザエさん【憧れの松／うっかりでしっかり ほか】🈑🈖🈓
愛知,1 東海テレビ011,2026-07-26,19:00,千鳥の鬼レンチャン◆鬼ハード初代女王誕生？STU池ちゃん＆高橋成美サビカラ登場🈑
愛知,1 東海テレビ011,2026-07-26,20:54,東海テレニュース・天気🈑
愛知,1 東海テレビ011,2026-07-26,21:00,Mr．サンデー🈑🈓
愛知,1 東海テレビ011,2026-07-26,23:09,明日よる7時放送「ネプリーグ」見どころ
愛知,1 東海テレビ011,2026-07-26,23:15,ワンピース【エルバフの大罪人 冥界のロキ解放！？】🈑🈖
愛知,1 東海テレビ011,2026-07-26,23:45,すぽると！ 大谷翔平のストレートは軌道が読めない⁉スター証言＆脳科学から紐解く🈑
愛知,2 NHKEテレ..,2026-07-26,05:00,こころの時代 わからなさのなかで〜最首悟の思想をたどる〜🈑🈞
愛知,2 NHKEテレ..,2026-07-26,06:00,NHK短歌 わたしの宮沢賢治 テーマ「月」🈑
愛知,2 NHKEテレ..,2026-07-26,06:25,テレビ体操🈑
愛知,2 NHKEテレ..,2026-07-26,06:35,NHK俳句 題「七夕」🈑
愛知,2 NHKEテレ..,2026-07-26,07:00,第93回NHK全国学校音楽コンクール みんなの合唱レッスン・高等学校の部🈑
愛知,2 NHKEテレ..,2026-07-26,07:10,第93回NHK全国学校音楽コンクール みんなの合唱レッスン・中学校の部🈑
愛知,2 NHKEテレ..,2026-07-26,07:20,第93回NHK全国学校音楽コンクール みんなの合唱レッスン・小学校の部🈑
愛知,2 NHKEテレ..,2026-07-26,07:30,おとうさんといっしょ「まねまねどんぐー」🈑🈞
愛知,2 NHKEテレ..,2026-07-26,08:00,やさいの時間 みんなの菜園物語 兵庫県（後編）🈑
愛知,2 NHKEテレ..,2026-07-26,08:25,趣味の園芸 京も一日陽だまり屋「の〜んびり 蘇鉄（そてつ）」🈑
愛知,2 NHKEテレ..,2026-07-26,08:30,趣味の園芸 選 ステキをセレクト！タネから育てるコスモス🈑
愛知,2 NHKEテレ..,2026-07-26,08:55,no art，no life「洋一」🈑
愛知,2 NHKEテレ..,2026-07-26,09:00,日曜美術館 陶芸家ルーシー・リー 繊細でたくましい器🈑
愛知,2 NHKEテレ..,2026-07-26,09:45,日曜美術館 アートシーン「まなざしの奇跡 日本女性写真家の冒険」展🈑
愛知,2 NHKEテレ..,2026-07-26,10:00,将棋フォーカス 選 フォーカス流・観る将検定 第2回！🈑
愛知,2 NHKEテレ..,2026-07-26,10:30,第76回 NHK杯テレビ将棋トーナメント 1回戦第17局 羽生九段×横山七段🈑
愛知,2 NHKEテレ..,2026-07-26,12:00,囲碁フォーカス 選 知らずに使っている！？「囲碁用語」🈑
愛知,2 NHKEテレ..,2026-07-26,12:30,第74回NHK杯テレビ囲碁トーナメント1回戦第17局酒井佑規七段×加藤千笑四段🈑
愛知,2 NHKEテレ..,2026-07-26,14:00,日本の話芸 柳家蝠丸 落語「叩き蟹」🈖🈑
愛知,2 NHKEテレ..,2026-07-26,14:30,アニメ 青のオーケストラ シーズン2（1）「ほころび」🈑
愛知,2 NHKEテレ..,2026-07-26,14:55,アニメ 青のオーケストラ シーズン2（2）「波紋」🈑
愛知,2 NHKEテレ..,2026-07-26,15:20,アニメ 青のオーケストラ シーズン2（3）「ケジメ」🈑
愛知,2 NHKEテレ..,2026-07-26,15:45,アニメ 青のオーケストラ シーズン2（4）「体育祭」🈑
愛知,2 NHKEテレ..,2026-07-26,16:10,ピタゴラミングスイッチ2🈑🈞
愛知,2 NHKEテレ..,2026-07-26,16:30,ざわざわ森のがんこちゃん30周年スペシャルがんこのびっくりおたんじょうび会🈖🈑🈞
愛知,2 NHKEテレ..,2026-07-26,17:00,アニメ アオアシ（17）東京都リーグ第7節 多摩体育大学附属高校戦🈑
愛知,2 NHKEテレ..,2026-07-26,17:25,レディー・グレース 女王陛下のスパイ（4）「迷える女王」🈔🈑
愛知,2 NHKEテレ..,2026-07-26,17:50,こども手話ウイークリー🈐
愛知,2 NHKEテレ..,2026-07-26,18:00,木村多江の、いまさらですが… アメリカ建国の立役者 初代財務長官ハミルトン🈖🈑🈞
愛知,2 NHKEテレ..,2026-07-26,18:30,ブリティッシュ・ベイクオフ6（17）チョコレート対決・前編🈔🈑🈞
愛知,2 NHKEテレ..,2026-07-26,19:00,未病息災を願います 選「骨密度」が気になったら🈖🈑
愛知,2 NHKEテレ..,2026-07-26,19:45,365日の献立日記「野菜ずし」🈑
愛知,2 NHKEテレ..,2026-07-26,19:50,5分であさイチ 夏休みの“お昼ごはん”に革命を！🈑
愛知,2 NHKEテレ..,2026-07-26,19:55,NHK手話ニュース🈐
愛知,2 NHKEテレ..,2026-07-26,20:00,日曜美術館 滅びゆく写真 そして人類 現代美術作家・杉本博司🈑🈞
愛知,2 NHKEテレ..,2026-07-26,20:45,日曜美術館 アートシーン「元禄！師宣劇場」展🈑
愛知,2 NHKEテレ..,2026-07-26,21:00,古典芸能への招待 歌舞伎「近江源氏先陣館 盛綱陣屋」大阪松竹座さよなら公演🈕🈑
愛知,2 NHKEテレ..,2026-07-26,23:00,美の壺 選「小さな芸術 干菓子」🈑
愛知,2 NHKEテレ..,2026-07-26,23:30,サイエンスZERO“次世代塗料”が未来を塗り替える！？🈖🈑
愛知,3 NHK総合1..,2026-07-26,05:00,ニュース・気象情報
愛知,3 NHK総合1..,2026-07-26,05:10,Jリーグと私 あの試合を忘れない ＃17 横浜FM🈑
愛知,3 NHK総合1..,2026-07-26,05:15,週末のNスペは… 激変・安全保障 日本の進路は🈑
愛知,3 NHK総合1..,2026-07-26,05:20,桂文珍の演芸図鑑 レ・ロマネスクTOBI 柳亭小燕枝 三拍子🈑
愛知,3 NHK総合1..,2026-07-26,05:50,気象情報
愛知,3 NHK総合1..,2026-07-26,05:55,気象情報（東海・北陸）
愛知,3 NHK総合1..,2026-07-26,06:00,ニュース
愛知,3 NHK総合1..,2026-07-26,06:10,【特選！時代劇】大岡越前8 🈟（1）「燃える牢屋敷」🈖🈑
愛知,3 NHK総合1..,2026-07-26,06:53,気象情報
愛知,3 NHK総合1..,2026-07-26,06:55,ニュース・気象情報（東海・北陸）
愛知,3 NHK総合1..,2026-07-26,07:00,NHKニュース おはよう日本 7月26日（日）🈑
愛知,3 NHK総合1..,2026-07-26,07:40,ニュース・気象情報（東海・北陸）
愛知,3 NHK総合1..,2026-07-26,07:45,さわやか自然百景 青森 屏風山湿原池沼群🈑
愛知,3 NHK総合1..,2026-07-26,08:00,小さな旅「大原を継ぐ 〜京都市 左京区〜」🈖🈑
愛知,3 NHK総合1..,2026-07-26,08:25,Dearにっぽん「私たちが新聞を書く理由〜滋賀・虎姫高校〜」🈑
愛知,3 NHK総合1..,2026-07-26,08:50,高校野球「愛知が生んだ名選手たち」
愛知,3 NHK総合1..,2026-07-26,08:57,気象情報
愛知,3 NHK総合1..,2026-07-26,09:00,日曜討論 徹底解説！暑さはどこまで？対策は
愛知,3 NHK総合1..,2026-07-26,10:00,ニュース・気象情報🈑
愛知,3 NHK総合1..,2026-07-26,10:05,明日をまもるナビ選196 都市を襲う水害 内水氾濫〜見えない危険にどう備える🈖🈑
愛知,3 NHK総合1..,2026-07-26,10:30,5分であさイチ（4）知ってトクする旅行術（2）バッグの詰め方🈑
愛知,3 NHK総合1..,2026-07-26,10:35,ゆったり温泉ひとり旅 北海道・登別温泉🈑
愛知,3 NHK総合1..,2026-07-26,11:04,ニュース🈑
愛知,3 NHK総合1..,2026-07-26,11:05,あしたが変わるトリセツショー 骨ケアで健康革命！今すぐできる運動＆食事ワザ🈖🈑🈞
愛知,3 NHK総合1..,2026-07-26,11:50,ふすま絵 奇跡の再会🈑
愛知,3 NHK総合1..,2026-07-26,11:54,気象情報
愛知,3 NHK総合1..,2026-07-26,12:00,ニュース🈑
愛知,3 NHK総合1..,2026-07-26,12:10,ニュース（東海3県）
愛知,3 NHK総合1..,2026-07-26,12:15,NHKのど自慢 熱唱熱演名場面 2026 Part1🈑
愛知,3 NHK総合1..,2026-07-26,12:55,ドキュメント72時間PR ドキュメント72時間の作り方＜編集・ナレーション編＞🈑
愛知,3 NHK総合1..,2026-07-26,13:00,ニュース・気象情報🈑
愛知,3 NHK総合1..,2026-07-26,13:05,ダーウィンが来た！「相葉さんと探せ！ミクロいきもの超ワールド」🈖🈑🈞
愛知,3 NHK総合1..,2026-07-26,13:35,さわやか自然百景10min．（37）兵庫 猫崎の海と黒川渓谷🈑
愛知,3 NHK総合1..,2026-07-26,13:45,JAPAN DELISH 5min カレーライス🈑
愛知,3 NHK総合1..,2026-07-26,13:50,アニメまとめPR 放送中！注目の3番組ほか🈑
愛知,3 NHK総合1..,2026-07-26,13:55,プロフェッショナル 仕事の流儀 旅する家族、春をつなぐ〜養蜂家・藤井髙治〜🈖🈑🈞
愛知,3 NHK総合1..,2026-07-26,14:40,秀サルでもわかる 豊臣兄弟！ なんで豊臣兄弟は明智光秀に勝てたの？🈑
愛知,3 NHK総合1..,2026-07-26,14:45,あしたが変わるトリセツショー 番外編 フレイル対策15分エクササイズ🈑
愛知,3 NHK総合1..,2026-07-26,15:00,ニュース・気象情報🈑
愛知,3 NHK総合1..,2026-07-26,15:05,大相撲（2026年） 名古屋場所 千秋楽🈑
愛知,3 NHK総合1..,2026-07-26,15:30,大相撲（2026年） 名古屋場所 千秋楽 優勝力士・三賞力士インタビュー🈔🈑
愛知,3 NHK総合1..,2026-07-26,18:00,ニュース🈑
愛知,3 NHK総合1..,2026-07-26,18:05,有吉のお金発見 突撃！カネオくん 令和に再ブーム！RCカーのヒミツ🈑
愛知,3 NHK総合1..,2026-07-26,18:45,ニュース・気象情報（東海3県）
愛知,3 NHK総合1..,2026-07-26,19:00,NHKニュース7🈔🈑
愛知,3 NHK総合1..,2026-07-26,19:30,ダーウィンが来た！「最大の味方！最強のライバル！？動物兄弟」🈖🈑
愛知,3 NHK総合1..,2026-07-26,20:00,豊臣兄弟！（29）天下への道🈖🈑
愛知,3 NHK総合1..,2026-07-26,20:45,ニュース🈑🈐
愛知,3 NHK総合1..,2026-07-26,20:55,ニュース・気象情報（東海・北陸）
愛知,3 NHK総合1..,2026-07-26,21:00,NHKスペシャル 激変・安全保障 “力の支配”と揺らぐ国際秩序 日本の針路は🈑
愛知,3 NHK総合1..,2026-07-26,22:00,サンデースポーツ🈑
愛知,3 NHK総合1..,2026-07-26,22:50,ニュース・気象情報🈑
愛知,3 NHK総合1..,2026-07-26,22:55,ハロー！NHKワールドJAPAN 7月の地域特集・山口県関連番組紹介🈑
愛知,3 NHK総合1..,2026-07-26,23:00,DOC（ドック）3 あすへのカルテ（8）「暗闇の先へ」🈔🈑
愛知,3 NHK総合1..,2026-07-26,23:59,連続テレビ小説「ひよっこ」再放送PR
愛知,4 中京テレビ1,2026-07-26,04:45,ダイレクトテレショップ
愛知,4 中京テレビ1,2026-07-26,05:15,ジャパネットたかたTVショッピング
愛知,4 中京テレビ1,2026-07-26,05:45,あなたと中京テレビ🈑
愛知,4 中京テレビ1,2026-07-26,06:00,皇室日記🈑▽天皇ご一家那須ご静養▽佳子さま「重複障がい者」に寄せる思い
愛知,4 中京テレビ1,2026-07-26,06:15,NNNニュースサンデー🈐
愛知,4 中京テレビ1,2026-07-26,06:30,それいけ！アンパンマン「ニガウリマンとねがい星かなえ星・他」🈖🈑
愛知,4 中京テレビ1,2026-07-26,07:00,遠くへ行きたい【高橋成美が信州・長野へ】くるみ蕎麦＆清流が育む薬用魚🈖🈑
愛知,4 中京テレビ1,2026-07-26,07:30,シューイチ🈑🈓8月から変わること＆新スポット▽秋山＆平子が南房総の体格グルメ堪能
愛知,4 中京テレビ1,2026-07-26,09:55,ぐ〜たくさん🈓 超冷感グルメ！酷暑に快適絶品の冷やし鍋＆冷カツ丼⁉MC木村昴
愛知,4 中京テレビ1,2026-07-26,11:40,上沼・高田のクギズケ！ 水谷豊の娘婿に文春砲▽W杯でトランプ氏が大批判🈑
愛知,4 中京テレビ1,2026-07-26,12:35,仲間由紀恵が知多半島に‼めしあがれ！知多どれストラン！真夏の夏野菜カレーSP🈑
愛知,4 中京テレビ1,2026-07-26,13:30,そこまで言って委員会NP 「大戦争時代」SP！戦争終結シナリオを徹底討論🈑
愛知,4 中京テレビ1,2026-07-26,15:00,上田と女がDEEPに吠える夜【推し活疲れ】🈑🈞
愛知,4 中京テレビ1,2026-07-26,15:27,笑ってコラえて🈑道の駅スゴロク！全国1230駅踏破⁉家族で当てよう売上1位は？🈞
愛知,4 中京テレビ1,2026-07-26,16:30,イッテQ🈑珍獣ハンターイモト南アフリカで激レア珍獣▼お祭り宮川ポテト大食い熱戦🈞
愛知,4 中京テレビ1,2026-07-26,17:25,さいしょの一歩🈖🈑東海3県の子ども＆家族ドキドキの瞬間に密着／ナレーター髙木菜那
愛知,4 中京テレビ1,2026-07-26,17:30,笑点🈖🈑🈓城島茂が座布団運び「ザ！鉄腕！DASH！！」×「笑点」夢のコラボDAY
愛知,4 中京テレビ1,2026-07-26,18:00,真相報道バンキシャ！🈑独自分析…熱中症患者10人の行動に教訓▽花火大会で湿度検証
愛知,4 中京テレビ1,2026-07-26,18:55,博士は今日も嫉妬する 人生が楽しくなる最新テクノロジー🈑
愛知,4 中京テレビ1,2026-07-26,19:00,ザ！鉄腕！DASH！！▽笑点60周年記念夏祭り！師匠全員参加で巨大お好み焼き！🈑
愛知,4 中京テレビ1,2026-07-26,19:58,イッテQ【お祭り男宮川＆二代目手越】フィンランドで丸太乗って川を下る木材選手権🈑
愛知,4 中京テレビ1,2026-07-26,20:54,音のソノリティ🈑
愛知,4 中京テレビ1,2026-07-26,21:00,ゴールデンストーンズ▽番組史上最大‼人気芸人軍団と総勢31名の大混戦バトル🈑
愛知,4 中京テレビ1,2026-07-26,21:54,4チャン、押してみな。
愛知,4 中京テレビ1,2026-07-26,22:00,おしゃれクリップ🈖🈑出川哲朗はなぜ愛される？▼妻や一茂が忖度なしでガチ素顔告白
愛知,4 中京テレビ1,2026-07-26,22:30,ドラマ「一次元の挿し木」第4話【激動の真相が発覚…古人骨と義妹を巡る謎】🈖🈑🈓
愛知,4 中京テレビ1,2026-07-26,23:25,ダウンタウンのガキの使い！10人で男の勲章歌い切り！エース＆小田参戦で大波乱🈑
愛知,4 中京テレビ1,2026-07-26,23:55,Going！🈑生出演！渡邊雄太が明かす日本バスケの進化▼赤星絶賛！怪物高校生
愛知,5 CBCテレビ,2026-07-26,04:40,うたなびMAX！！
愛知,5 CBCテレビ,2026-07-26,05:10,テレビショッピング
愛知,5 CBCテレビ,2026-07-26,05:40,今夜8時〜「VIVANT直前生放送」堺×阿部×二宮集結！今からでも間に合うダイジェスト
愛知,5 CBCテレビ,2026-07-26,05:45,皇室アルバム【天皇皇后両陛下 学術・芸術の発展を願われて】
愛知,5 CBCテレビ,2026-07-26,06:00,バナナマンの早起きせっかくグルメ★全国から厳選！極上焼肉のタレでお肉を大満喫！🈑
愛知,5 CBCテレビ,2026-07-26,06:45,JNNニュース🈐
愛知,5 CBCテレビ,2026-07-26,07:00,健康カプセル！ゲンキの時間🈖🈑侮っていると一大事に！？消えないあざに隠れた恐怖
愛知,5 CBCテレビ,2026-07-26,07:30,がっちりマンデー‼CMで良く見るけど知らない会社！渡辺パイプ、INPEX、NGK
愛知,5 CBCテレビ,2026-07-26,08:00,サンデーモーニング🈑高市総理“寝てない”投稿の波紋▽消費税“迷走”と骨太ショック
愛知,5 CBCテレビ,2026-07-26,09:54,今夜9時〜スタート！日曜劇場「VIVANT」第11話
愛知,5 CBCテレビ,2026-07-26,10:00,サンデー・ジャポン 延長国会閉幕…議員直撃！▽堺雅人が緊急生出演！スタジオ生考察
愛知,5 CBCテレビ,2026-07-26,11:23,天気予報
愛知,5 CBCテレビ,2026-07-26,11:29,今夜8時〜「VIVANT直前生放送」堺×阿部×二宮集結！今からでも間に合うダイジェスト
愛知,5 CBCテレビ,2026-07-26,11:35,上田晋也のサンデーQ🈑堺雅人が生出演「VIVANT」エキストラは4千人！聖地先取り巡礼
愛知,5 CBCテレビ,2026-07-26,12:54,サンデードラゴンズ【再生への道 落合×森対談！完結編】
愛知,5 CBCテレビ,2026-07-26,13:24,燃えよドラゴンズ2026「中日×DeNA」🈖🈓
愛知,5 CBCテレビ,2026-07-26,16:30,レッツゴー怪奇組 第四怪🈑
愛知,5 CBCテレビ,2026-07-26,17:00,日5「正反対な君と僕」 ＃16「新学期」🈑🈓
愛知,5 CBCテレビ,2026-07-26,17:30,Nスタ🈑 「飛鳥・藤原の宮都」が世界遺産新登録なるか▽「土用の丑の日」うなぎ店は
愛知,5 CBCテレビ,2026-07-26,18:00,世界遺産／バリ島 1000年続く棚田の絶景（インドネシア）🈖🈑
愛知,5 CBCテレビ,2026-07-26,18:30,ベスコングルメ★夏の軽井沢SP・そば通DEEN池森オススメの手打ちそば名店へ🈖🈑🈓
愛知,5 CBCテレビ,2026-07-26,19:00,バナナマンのせっかくグルメ★VIVANT堺雅人＆濱田岳と日村が人気リゾート地🈑🈓
愛知,5 CBCテレビ,2026-07-26,20:00,VIVANT直前生放送★堺×阿部×二宮×松坂が集結！今からでも間に合うSPダイジェスト🈑
愛知,5 CBCテレビ,2026-07-26,21:00,🈟日曜劇場「VIVANT」第11話🈖🈑
愛知,5 CBCテレビ,2026-07-26,22:19,天気予報
愛知,5 CBCテレビ,2026-07-26,22:25,日曜日の初耳学◆堺雅人×林修『VIVANT』放送直後90分SP阿部寛＆初出しメイキング映像
愛知,5 CBCテレビ,2026-07-26,23:49,東京空色さんぽ🈖🈑
愛知,5 CBCテレビ,2026-07-26,23:55,黒猫と魔女の教室🈑🈓 ＃16「イオ・トーラス がんばります」【アガルアニメ】
愛知,6 メ〜テレ,2026-07-26,04:45,テレビショッピング
愛知,6 メ〜テレ,2026-07-26,05:15,メ〜ロメロ！メ〜テレ 地元に響け、愛のメ〜ロディ♥
愛知,6 メ〜テレ,2026-07-26,05:20,テレビショッピング
愛知,6 メ〜テレ,2026-07-26,05:50,グッド！モーニング🈓🈑
愛知,6 メ〜テレ,2026-07-26,08:00,よ〜い！スターと！トビダスクール しなことリボンでTシャツデコ！🈓🈑
愛知,6 メ〜テレ,2026-07-26,08:30,名探偵プリキュア！ #26 キュアエクレールの復活！🈓🈑
愛知,6 メ〜テレ,2026-07-26,09:00,仮面ライダーゼッツ 第45話「惑わす」🈓🈑
愛知,6 メ〜テレ,2026-07-26,09:30,🈟角醒ハンター オメガホーン 第1話「角醒せよ！赤き角獣王！」🈓🈑
愛知,6 メ〜テレ,2026-07-26,10:00,科捜研の女10 ＃4🈑🈞
愛知,6 メ〜テレ,2026-07-26,11:00,U字工事のナゴツウ大作戦傑作選【ドデスカ！メ〜ロメロ！セレクション】🈑
愛知,6 メ〜テレ,2026-07-26,11:15,オカムラ麺ズ倶楽部 ▽ナイナイ岡村が熱田神宮をご参拝！きしめんを初体験！？🈑🈞
愛知,6 メ〜テレ,2026-07-26,11:45,おもてなし隊なごや2026🈑
愛知,6 メ〜テレ,2026-07-26,11:50,ANNニュース🈑
愛知,6 メ〜テレ,2026-07-26,12:00,ビートたけしのTVタックル 昭和は驚きの光景が…令和のゴミ問題＆激安リユース店🈑
愛知,6 メ〜テレ,2026-07-26,12:55,新婚さんいらっしゃい！ オーストラリア在住夫婦出場！親戚100人大運動会⁉ 🈖🈑
愛知,6 メ〜テレ,2026-07-26,13:25,華丸丼と大吉麺【荻窪で発見！あのドラマの監修をした三ツ星店の斬新沖縄そば】🈑
愛知,6 メ〜テレ,2026-07-26,13:55,林修の今知りたいでしょ！ 傑作選 帯状疱疹・脳卒中・糖尿病！意外な病気のサイン🈑
愛知,6 メ〜テレ,2026-07-26,15:20,ナニコレ珍百景 アクセサリー会社社長は女子中学生&アイスのフルコース&手品銭湯🈑🈞
愛知,6 メ〜テレ,2026-07-26,16:25,超町人！チョコレートサムネット ▽チョコプラ大歓喜！養老の星・幸ちゃん登場！🈑
愛知,6 メ〜テレ,2026-07-26,17:25,港時間🈑
愛知,6 メ〜テレ,2026-07-26,17:30,ANNスーパーJチャンネル🈑
愛知,6 メ〜テレ,2026-07-26,17:55,メ〜ロメロ！メ〜テレ 地元に響け、愛のメ〜ロディ♥
愛知,6 メ〜テレ,2026-07-26,18:00,相葉マナブ 初登場！timelesz佐藤勝利と地引き網！相模湾で何が獲れる？🈑
愛知,6 メ〜テレ,2026-07-26,18:52,メ〜ロメロ！メ〜テレ 地元に響け、愛のメ〜ロディ♥
愛知,6 メ〜テレ,2026-07-26,18:56,ポツンと一軒家 2時間SP！84歳チェーンソーアート挑戦！仲間とBBQ宴会＆絶景岩風呂🈑
愛知,6 メ〜テレ,2026-07-26,20:56,有働Times🈑
愛知,6 メ〜テレ,2026-07-26,22:15,マイ・フィクション 第4話「刑務所にいるはずの人間」🈖🈑
愛知,6 メ〜テレ,2026-07-26,23:09,メ〜ロメロ！メ〜テレ 地元に響け、愛のメ〜ロディ♥
愛知,6 メ〜テレ,2026-07-26,23:15,EIGHT－JAM 【中森明菜特集‼松田聖子・小泉今日子との関係、振付秘話…】🈑
愛知,10 テレビ愛知1,2026-07-26,04:54,モーニングプレゼント（1部）
愛知,10 テレビ愛知1,2026-07-26,05:24,モーニングプレゼント（2部）
愛知,10 テレビ愛知1,2026-07-26,05:54,モーニングプレゼント（3部）
愛知,10 テレビ愛知1,2026-07-26,06:24,ルアルアチャンネル【池内修次さんとイカメタル】
愛知,10 テレビ愛知1,2026-07-26,06:54,天気予報
愛知,10 テレビ愛知1,2026-07-26,07:00,アニもり！🈑
愛知,10 テレビ愛知1,2026-07-26,07:30,ポケモンとどこいく！？【チャンピオンズ対決に派手刺客でバトル部ピンチ！】🈑🈓
愛知,10 テレビ愛知1,2026-07-26,08:30,トミプラワールドのりのりタイムズ！！🈑
愛知,10 テレビ愛知1,2026-07-26,09:00,ギャビーのドールハウス 118話 新しい家族のベニー・ボックス（前編）🈑🈔
愛知,10 テレビ愛知1,2026-07-26,09:15,ぷにるんず ぷに3 第17話『くーるんとカチコチあいるん♪』🈞🈑
愛知,10 テレビ愛知1,2026-07-26,09:30,おねがいアイプリ あおいとおねがいかなえ隊🈑
愛知,10 テレビ愛知1,2026-07-26,10:00,武井壮のゴルフバッグ担いでください▽永久保存版！宮里優作プロのゴルフレッスン🈑
愛知,10 テレビ愛知1,2026-07-26,10:30,優香のサンデークッキング【レンジde簡単ナスキーマ＆グリルde焼きナス】🈑
愛知,10 テレビ愛知1,2026-07-26,11:00,YOUは何しに日本へ？傑作選🈑
愛知,10 テレビ愛知1,2026-07-26,11:55,世界！ニッポン行きたい人応援団傑作選🈑
愛知,10 テレビ愛知1,2026-07-26,12:55,開運！なんでも鑑定団傑作選🈑🈖
愛知,10 テレビ愛知1,2026-07-26,14:00,大東建託・いい部屋ネットレディス🈑
愛知,10 テレビ愛知1,2026-07-26,15:15,監察官・羽生宗一2🈖
愛知,10 テレビ愛知1,2026-07-26,17:15,テレプラザ
愛知,10 テレビ愛知1,2026-07-26,17:20,TXNニュース🈑🈐
愛知,10 テレビ愛知1,2026-07-26,17:30,鉄鍋のジャン！「毒を御す者」🈑
愛知,10 テレビ愛知1,2026-07-26,18:00,パズドラ「吹き矢コンボバトル／もう一度見たい！アニメセレクション」🈑🈓
愛知,10 テレビ愛知1,2026-07-26,18:30,日本の海を守る！海上保安庁の激ヤバすぎる最前線100連発SP🈑🈓
愛知,10 テレビ愛知1,2026-07-26,20:50,家、ついて行ってイイですか？菊池風磨愛止まらない女子＆妻夫木涙…亡き妻への想い🈑
愛知,10 テレビ愛知1,2026-07-26,21:54,天気予報
愛知,10 テレビ愛知1,2026-07-26,22:00,有吉ぃぃeeeee!【アモアス】クセ者10人でダマし合い！裏切り者は誰だ？🈑
愛知,10 テレビ愛知1,2026-07-26,22:48,愛知あたりまえ体操
愛知,10 テレビ愛知1,2026-07-26,22:54,スポーツリアライブ
愛知,10 テレビ愛知1,2026-07-26,23:20,Weekly女子ゴルフ
愛知,10 テレビ愛知1,2026-07-26,23:45,ふつつかな悪女ではございますが〜雛宮蝶鼠とりかえ伝〜 第3話🈑
愛知,7 三重テレビ1,2026-07-26,04:53,ダイレクトテレショップ
愛知,7 三重テレビ1,2026-07-26,05:23,ショップジャパン
愛知,7 三重テレビ1,2026-07-26,05:53,天気予報
愛知,7 三重テレビ1,2026-07-26,05:55,スゴ得！なに使ってこうなりました？
愛知,7 三重テレビ1,2026-07-26,06:25,ワンラブショッピング
愛知,7 三重テレビ1,2026-07-26,06:55,〜加齢に負けない薄毛ケア最前線〜知っておきたい実践セレクション
愛知,7 三重テレビ1,2026-07-26,07:25,ダイレクトテレショップ
愛知,7 三重テレビ1,2026-07-26,07:55,幸せマルシェ！プレミアム
愛知,7 三重テレビ1,2026-07-26,08:25,岡三投資ナビ🈞
愛知,7 三重テレビ1,2026-07-26,08:40,ダイレクトテレショップ
愛知,7 三重テレビ1,2026-07-26,09:10,匠の技🈞 「伊勢形紙▽伊勢和紙▽関の桶」
愛知,7 三重テレビ1,2026-07-26,09:25,天気予報
愛知,7 三重テレビ1,2026-07-26,09:30,おウチde買いまSHOW
愛知,7 三重テレビ1,2026-07-26,10:00,健康テレビショッピング あなたの食事がガラリと変わる！！大調査ズバリあなたの食事
愛知,7 三重テレビ1,2026-07-26,10:30,やすらかな夢を見られる日まで〜ストレスと介護と〜
愛知,7 三重テレビ1,2026-07-26,11:00,おウチde買いまSHOW
愛知,7 三重テレビ1,2026-07-26,11:30,腰と膝にお悩みのあなた 必見！
愛知,7 三重テレビ1,2026-07-26,12:00,ぺこもぐキッチン ▽後藤真希が話題の『重ね煮』で超超超いい感じに野菜を大量摂取！
愛知,7 三重テレビ1,2026-07-26,12:30,ショップジャパン
愛知,7 三重テレビ1,2026-07-26,13:00,あなたがいるから・・・Being with you
愛知,7 三重テレビ1,2026-07-26,13:30,野草の持つ健康のチカラに迫る！
愛知,7 三重テレビ1,2026-07-26,14:00,人生がもっと楽しくなる！脳の㊙健康法！
愛知,7 三重テレビ1,2026-07-26,14:30,開運！なんでも鑑定団傑作選 「清水隆行▽出張鑑定：神奈川県横浜市青葉区」
愛知,7 三重テレビ1,2026-07-26,15:30,ダイレクトテレショップ
愛知,7 三重テレビ1,2026-07-26,16:00,お買い物ベストショー 通販商品大集合スペシャル
愛知,7 三重テレビ1,2026-07-26,16:30,通販商品大集合  お買い物ベストショー  昭和100年スペシャル
愛知,7 三重テレビ1,2026-07-26,17:00,健康の知恵袋  野草のすご〜い話！
愛知,7 三重テレビ1,2026-07-26,17:30,おウチde買いまSHOW
愛知,7 三重テレビ1,2026-07-26,18:00,三重テレビニュースウィズ
愛知,7 三重テレビ1,2026-07-26,18:15,ゲンキ！みえ！〜生き活きリポート〜 「ムーンリバーファーム／津市」
愛知,7 三重テレビ1,2026-07-26,18:30,80歳の壁なんて怖くない？？？？で30品目元気習慣
愛知,7 三重テレビ1,2026-07-26,19:00,おとな旅あるき旅 「夏京都のんびり浴衣でそぞろ歩き 雅な花街で京の風物詩」
愛知,7 三重テレビ1,2026-07-26,19:30,〜新時代の漢方最前線〜現代を生きる知恵セレクション
愛知,7 三重テレビ1,2026-07-26,20:00,日曜アワー「ダイアンの奇跡の安い店！沿線グルメ対決旅」
愛知,7 三重テレビ1,2026-07-26,21:55,中日ニュース
愛知,7 三重テレビ1,2026-07-26,22:00,衝撃的人物バラエティー ありえへん∞世界SP2 ▽愛知県豊川市の〇〇工場に潜入！
愛知,7 三重テレビ1,2026-07-26,22:54,SPORTS Real＆Live
愛知,7 三重テレビ1,2026-07-26,23:20,インフォマーシャル
愛知,7 三重テレビ1,2026-07-26,23:50,あのちゃんの電電電波♪ 「2人組ロックバンド・セカンドバッカーが登場！」
愛知,8 ぎふチャン,2026-07-26,05:00,健康インフォメーション
愛知,8 ぎふチャン,2026-07-26,05:30,モーニングライフ
愛知,8 ぎふチャン,2026-07-26,06:00,GOLFサクラサク
愛知,8 ぎふチャン,2026-07-26,06:30,モーニングライフ
愛知,8 ぎふチャン,2026-07-26,07:00,尿の悩みでお困りの方必見！サプリメント
愛知,8 ぎふチャン,2026-07-26,07:30,テレビショッピング！いま話題の電化製品🈀
愛知,8 ぎふチャン,2026-07-26,08:00,なるほど！なっとく！引き算ケンコウ法！！
愛知,8 ぎふチャン,2026-07-26,08:30,第108回全国高校野球選手権岐阜大会 準決勝
愛知,8 ぎふチャン,2026-07-26,14:00,ぺこもぐキッチン 【台所がメキシコの世界に！本格タコスパーティー＆SPドリンク】
愛知,8 ぎふチャン,2026-07-26,14:30,ひざ関節が気になる方活動的な毎日サポート
愛知,8 ぎふチャン,2026-07-26,15:00,耳鳴り・難聴の悩みに注目の栄養分！サプリ
愛知,8 ぎふチャン,2026-07-26,16:00,気になる部分に注入！目元・口元に集中ケア
愛知,8 ぎふチャン,2026-07-26,16:30,いつまでも健やかな髪に…発毛促進育毛ケア
愛知,8 ぎふチャン,2026-07-26,17:00,シワ・シミに潤いを…多機能オールインワン
愛知,8 ぎふチャン,2026-07-26,17:30,女性に嬉しい栄養素をギュッと凝縮！サプリ
愛知,8 ぎふチャン,2026-07-26,18:00,なるほど！なっとく！引き算ケンコウ法！！
愛知,8 ぎふチャン,2026-07-26,18:30,2つの酵素で強力洗浄！部屋中キレイにお掃除
愛知,8 ぎふチャン,2026-07-26,19:00,家、ついて行ってイイですか？★謝罪の達人！“垢抜け”に人生を捧げるアラ還女性
愛知,8 ぎふチャン,2026-07-26,20:00,薄毛・抜け毛に！発毛ケアで若々しい毎日を
愛知,8 ぎふチャン,2026-07-26,20:30,やっぱ岐阜やて！
愛知,8 ぎふチャン,2026-07-26,20:45,日本まんなか直送便🈞
愛知,8 ぎふチャン,2026-07-26,20:51,天気予報
愛知,8 ぎふチャン,2026-07-26,20:54,発信！UPるんチャン
愛知,8 ぎふチャン,2026-07-26,21:00,頻尿・腰痛でお困りの方に！生薬のチカラ！
愛知,8 ぎふチャン,2026-07-26,21:30,THEフィッシング 【春の海で魅せる爆釣劇！チニングゲームin上天草】
愛知,8 ぎふチャン,2026-07-26,22:00,2つの酵素で強力洗浄！部屋中キレイにお掃除
愛知,8 ぎふチャン,2026-07-26,22:30,新・ええじゃないか〜いい旅いい発見〜
愛知,8 ぎふチャン,2026-07-26,23:25,発信！UPるんチャン
愛知,8 ぎふチャン,2026-07-26,23:30,ミッドナイトライフ
石川,1 NHK総合1..,2026-07-26,05:00,ニュース・気象情報
石川,1 NHK総合1..,2026-07-26,05:10,Jリーグと私 あの試合を忘れない ＃17 横浜FM🈑
石川,1 NHK総合1..,2026-07-26,05:15,週末のNスペは… 激変・安全保障 日本の進路は🈑
石川,1 NHK総合1..,2026-07-26,05:20,桂文珍の演芸図鑑 レ・ロマネスクTOBI 柳亭小燕枝 三拍子🈑
石川,1 NHK総合1..,2026-07-26,05:50,気象情報
石川,1 NHK総合1..,2026-07-26,05:55,気象情報（東海・北陸）
石川,1 NHK総合1..,2026-07-26,06:00,ニュース
石川,1 NHK総合1..,2026-07-26,06:10,【特選！時代劇】大岡越前8 🈟（1）「燃える牢屋敷」🈖🈑
石川,1 NHK総合1..,2026-07-26,06:53,気象情報
石川,1 NHK総合1..,2026-07-26,06:55,ニュース・気象情報（東海・北陸）
石川,1 NHK総合1..,2026-07-26,07:00,NHKニュース おはよう日本 7月26日（日）🈑
石川,1 NHK総合1..,2026-07-26,07:40,ニュース・気象情報（東海・北陸）
石川,1 NHK総合1..,2026-07-26,07:45,さわやか自然百景 青森 屏風山湿原池沼群🈑
石川,1 NHK総合1..,2026-07-26,08:00,小さな旅「大原を継ぐ 〜京都市 左京区〜」🈖🈑
石川,1 NHK総合1..,2026-07-26,08:25,Dearにっぽん「私たちが新聞を書く理由〜滋賀・虎姫高校〜」🈑
石川,1 NHK総合1..,2026-07-26,08:50,あさイチの鈴木奈穂子アナが「NHK ONE」を解説🈑
石川,1 NHK総合1..,2026-07-26,08:55,第108回全国高校野球選手権石川大会 決勝「金沢」対「遊学館」
石川,1 NHK総合1..,2026-07-26,08:56,サブチャンネル切り替え方法のご案内
石川,1 NHK総合1..,2026-07-26,08:57,気象情報
石川,1 NHK総合1..,2026-07-26,09:00,日曜討論 徹底解説！暑さはどこまで？対策は
石川,1 NHK総合1..,2026-07-26,10:00,第108回全国高校野球選手権石川大会 決勝「金沢」対「遊学館」
石川,1 NHK総合1..,2026-07-26,11:53,サブチャンネル切り替え方法のご案内
石川,1 NHK総合1..,2026-07-26,11:54,気象情報
石川,1 NHK総合1..,2026-07-26,12:00,ニュース🈑
石川,1 NHK総合1..,2026-07-26,12:10,ニュース（北陸3県）
石川,1 NHK総合1..,2026-07-26,12:15,NHKのど自慢 熱唱熱演名場面 2026 Part1🈑
石川,1 NHK総合1..,2026-07-26,12:55,ドキュメント72時間PR ドキュメント72時間の作り方＜編集・ナレーション編＞🈑
石川,1 NHK総合1..,2026-07-26,13:00,ニュース・気象情報🈑
石川,1 NHK総合1..,2026-07-26,13:05,ダーウィンが来た！「相葉さんと探せ！ミクロいきもの超ワールド」🈖🈑🈞
石川,1 NHK総合1..,2026-07-26,13:35,さわやか自然百景10min．（37）兵庫 猫崎の海と黒川渓谷🈑
石川,1 NHK総合1..,2026-07-26,13:45,JAPAN DELISH 5min カレーライス🈑
石川,1 NHK総合1..,2026-07-26,13:50,アニメまとめPR 放送中！注目の3番組ほか🈑
石川,1 NHK総合1..,2026-07-26,13:55,プロフェッショナル 仕事の流儀 旅する家族、春をつなぐ〜養蜂家・藤井髙治〜🈖🈑🈞
石川,1 NHK総合1..,2026-07-26,14:40,秀サルでもわかる 豊臣兄弟！ なんで豊臣兄弟は明智光秀に勝てたの？🈑
石川,1 NHK総合1..,2026-07-26,14:45,あしたが変わるトリセツショー 番外編 フレイル対策15分エクササイズ🈑
石川,1 NHK総合1..,2026-07-26,15:00,ニュース・気象情報🈑
石川,1 NHK総合1..,2026-07-26,15:05,大相撲（2026年） 名古屋場所 千秋楽🈑
石川,1 NHK総合1..,2026-07-26,15:30,大相撲（2026年） 名古屋場所 千秋楽 優勝力士・三賞力士インタビュー🈔🈑
石川,1 NHK総合1..,2026-07-26,18:00,ニュース🈑
石川,1 NHK総合1..,2026-07-26,18:05,有吉のお金発見 突撃！カネオくん 令和に再ブーム！RCカーのヒミツ🈑
石川,1 NHK総合1..,2026-07-26,18:45,newsかがのと
石川,1 NHK総合1..,2026-07-26,19:00,NHKニュース7🈔🈑
石川,1 NHK総合1..,2026-07-26,19:30,ダーウィンが来た！「最大の味方！最強のライバル！？動物兄弟」🈖🈑
石川,1 NHK総合1..,2026-07-26,20:00,豊臣兄弟！（29）天下への道🈖🈑
石川,1 NHK総合1..,2026-07-26,20:45,ニュース🈑🈐
石川,1 NHK総合1..,2026-07-26,20:55,ニュース・気象情報（東海・北陸）
石川,1 NHK総合1..,2026-07-26,21:00,NHKスペシャル 激変・安全保障 “力の支配”と揺らぐ国際秩序 日本の針路は🈑
石川,1 NHK総合1..,2026-07-26,22:00,サンデースポーツ🈑
石川,1 NHK総合1..,2026-07-26,22:50,ニュース・気象情報🈑
石川,1 NHK総合1..,2026-07-26,22:55,ハロー！NHKワールドJAPAN 7月の地域特集・山口県関連番組紹介🈑
石川,1 NHK総合1..,2026-07-26,23:00,DOC（ドック）3 あすへのカルテ（8）「暗闇の先へ」🈔🈑
石川,1 NHK総合1..,2026-07-26,23:59,連続テレビ小説「ひよっこ」再放送PR
石川,2 NHKEテレ..,2026-07-26,05:00,こころの時代 わからなさのなかで〜最首悟の思想をたどる〜🈑🈞
石川,2 NHKEテレ..,2026-07-26,06:00,NHK短歌 わたしの宮沢賢治 テーマ「月」🈑
石川,2 NHKEテレ..,2026-07-26,06:25,テレビ体操🈑
石川,2 NHKEテレ..,2026-07-26,06:35,NHK俳句 題「七夕」🈑
石川,2 NHKEテレ..,2026-07-26,07:00,第93回NHK全国学校音楽コンクール みんなの合唱レッスン・高等学校の部🈑
石川,2 NHKEテレ..,2026-07-26,07:10,第93回NHK全国学校音楽コンクール みんなの合唱レッスン・中学校の部🈑
石川,2 NHKEテレ..,2026-07-26,07:20,第93回NHK全国学校音楽コンクール みんなの合唱レッスン・小学校の部🈑
石川,2 NHKEテレ..,2026-07-26,07:30,おとうさんといっしょ「まねまねどんぐー」🈑🈞
石川,2 NHKEテレ..,2026-07-26,08:00,やさいの時間 みんなの菜園物語 兵庫県（後編）🈑
石川,2 NHKEテレ..,2026-07-26,08:25,趣味の園芸 京も一日陽だまり屋「の〜んびり 蘇鉄（そてつ）」🈑
石川,2 NHKEテレ..,2026-07-26,08:30,趣味の園芸 選 ステキをセレクト！タネから育てるコスモス🈑
石川,2 NHKEテレ..,2026-07-26,08:55,no art，no life「洋一」🈑
石川,2 NHKEテレ..,2026-07-26,09:00,日曜美術館 陶芸家ルーシー・リー 繊細でたくましい器🈑
石川,2 NHKEテレ..,2026-07-26,09:45,日曜美術館 アートシーン「まなざしの奇跡 日本女性写真家の冒険」展🈑
石川,2 NHKEテレ..,2026-07-26,10:00,将棋フォーカス 選 フォーカス流・観る将検定 第2回！🈑
石川,2 NHKEテレ..,2026-07-26,10:30,第76回 NHK杯テレビ将棋トーナメント 1回戦第17局 羽生九段×横山七段🈑
石川,2 NHKEテレ..,2026-07-26,12:00,囲碁フォーカス 選 知らずに使っている！？「囲碁用語」🈑
石川,2 NHKEテレ..,2026-07-26,12:30,第74回NHK杯テレビ囲碁トーナメント1回戦第17局酒井佑規七段×加藤千笑四段🈑
石川,2 NHKEテレ..,2026-07-26,14:00,日本の話芸 柳家蝠丸 落語「叩き蟹」🈖🈑
石川,2 NHKEテレ..,2026-07-26,14:30,アニメ 青のオーケストラ シーズン2（1）「ほころび」🈑
石川,2 NHKEテレ..,2026-07-26,14:55,アニメ 青のオーケストラ シーズン2（2）「波紋」🈑
石川,2 NHKEテレ..,2026-07-26,15:20,アニメ 青のオーケストラ シーズン2（3）「ケジメ」🈑
石川,2 NHKEテレ..,2026-07-26,15:45,アニメ 青のオーケストラ シーズン2（4）「体育祭」🈑
石川,2 NHKEテレ..,2026-07-26,16:10,ピタゴラミングスイッチ2🈑🈞
石川,2 NHKEテレ..,2026-07-26,16:30,ざわざわ森のがんこちゃん30周年スペシャルがんこのびっくりおたんじょうび会🈖🈑🈞
石川,2 NHKEテレ..,2026-07-26,17:00,アニメ アオアシ（17）東京都リーグ第7節 多摩体育大学附属高校戦🈑
石川,2 NHKEテレ..,2026-07-26,17:25,レディー・グレース 女王陛下のスパイ（4）「迷える女王」🈔🈑
石川,2 NHKEテレ..,2026-07-26,17:50,こども手話ウイークリー🈐
石川,2 NHKEテレ..,2026-07-26,18:00,木村多江の、いまさらですが… アメリカ建国の立役者 初代財務長官ハミルトン🈖🈑🈞
石川,2 NHKEテレ..,2026-07-26,18:30,ブリティッシュ・ベイクオフ6（17）チョコレート対決・前編🈔🈑🈞
石川,2 NHKEテレ..,2026-07-26,19:00,未病息災を願います 選「骨密度」が気になったら🈖🈑
石川,2 NHKEテレ..,2026-07-26,19:45,365日の献立日記「野菜ずし」🈑
石川,2 NHKEテレ..,2026-07-26,19:50,5分であさイチ 夏休みの“お昼ごはん”に革命を！🈑
石川,2 NHKEテレ..,2026-07-26,19:55,NHK手話ニュース🈐
石川,2 NHKEテレ..,2026-07-26,20:00,日曜美術館 滅びゆく写真 そして人類 現代美術作家・杉本博司🈑🈞
石川,2 NHKEテレ..,2026-07-26,20:45,日曜美術館 アートシーン「元禄！師宣劇場」展🈑
石川,2 NHKEテレ..,2026-07-26,21:00,古典芸能への招待 歌舞伎「近江源氏先陣館 盛綱陣屋」大阪松竹座さよなら公演🈕🈑
石川,2 NHKEテレ..,2026-07-26,23:00,美の壺 選「小さな芸術 干菓子」🈑
石川,2 NHKEテレ..,2026-07-26,23:30,サイエンスZERO“次世代塗料”が未来を塗り替える！？🈖🈑
石川,4 テレビ金沢1,2026-07-26,04:40,テレビショッピング
石川,4 テレビ金沢1,2026-07-26,05:10,テレビショッピング
石川,4 テレビ金沢1,2026-07-26,05:40,24時間テレビリポート🈐🈑
石川,4 テレビ金沢1,2026-07-26,05:45,それいけ！アンパンマン「どんぶりまんトリオとクルクルおコマちゃん・他」🈖🈑
石川,4 テレビ金沢1,2026-07-26,06:15,NNNニュースサンデー🈐
石川,4 テレビ金沢1,2026-07-26,06:30,グッと！地球便 ドイツで日本式クレープ店を営む娘へ🈖
石川,4 テレビ金沢1,2026-07-26,07:00,所さんの目がテン！🈑所さんと奥田民生さんが絶品イノシシ肉で燻製作り⁉
石川,4 テレビ金沢1,2026-07-26,07:30,シューイチ🈑🈓8月から変わること＆新スポット▽秋山＆平子が南房総の体格グルメ堪能
石川,4 テレビ金沢1,2026-07-26,10:25,一茂×かまいたちゲンバ▼水族館でアシカとご対面▼驚き新食感「糸かき氷」とは？🈑
石川,4 テレビ金沢1,2026-07-26,11:25,ちょこP
石川,4 テレビ金沢1,2026-07-26,11:30,NNN ストレイトニュース🈑
石川,4 テレビ金沢1,2026-07-26,11:36,北國新聞ニュース
石川,4 テレビ金沢1,2026-07-26,11:40,お天気です。
石川,4 テレビ金沢1,2026-07-26,11:45,スクール革命！絵と図！真夏のクイズ祭り▼山田＆めるる「即興絵描き歌」で波乱！？🈑
石川,4 テレビ金沢1,2026-07-26,12:45,孤独のグルメ Season11🈡
石川,4 テレビ金沢1,2026-07-26,13:30,そこまで言って委員会NP 「大戦争時代」SP！戦争終結シナリオを徹底討論🈑
石川,4 テレビ金沢1,2026-07-26,15:00,24時間テレビ企画大公開SP🈑総合司会は内村光良！テーマは「わたしの家族の話」
石川,4 テレビ金沢1,2026-07-26,15:55,THE突破ファイル セレクション
石川,4 テレビ金沢1,2026-07-26,16:25,オー！マイゴッド！🈑犬も飼い主もメロメロ！トリマーの神＆ヒロミ大絶賛の神つけ麺
石川,4 テレビ金沢1,2026-07-26,17:25,北國新聞ニュース
石川,4 テレビ金沢1,2026-07-26,17:30,笑点🈖🈑🈓城島茂が座布団運び「ザ！鉄腕！DASH！！」×「笑点」夢のコラボDAY
石川,4 テレビ金沢1,2026-07-26,18:00,真相報道バンキシャ！🈑独自分析…熱中症患者10人の行動に教訓▽花火大会で湿度検証
石川,4 テレビ金沢1,2026-07-26,18:55,博士は今日も嫉妬する 人生が楽しくなる最新テクノロジー🈑
石川,4 テレビ金沢1,2026-07-26,19:00,ザ！鉄腕！DASH！！▽笑点60周年記念夏祭り！師匠全員参加で巨大お好み焼き！🈑
石川,4 テレビ金沢1,2026-07-26,19:58,イッテQ【お祭り男宮川＆二代目手越】フィンランドで丸太乗って川を下る木材選手権🈑
石川,4 テレビ金沢1,2026-07-26,20:54,テレビ金沢ニュース
石川,4 テレビ金沢1,2026-07-26,21:00,ゴールデンストーンズ▽番組史上最大‼人気芸人軍団と総勢31名の大混戦バトル🈑
石川,4 テレビ金沢1,2026-07-26,21:54,お天気です。
石川,4 テレビ金沢1,2026-07-26,22:00,おしゃれクリップ🈖🈑出川哲朗はなぜ愛される？▼妻や一茂が忖度なしでガチ素顔告白
石川,4 テレビ金沢1,2026-07-26,22:30,ドラマ「一次元の挿し木」第4話【激動の真相が発覚…古人骨と義妹を巡る謎】🈖🈑🈓
石川,4 テレビ金沢1,2026-07-26,23:25,ダウンタウンのガキの使い！10人で男の勲章歌い切り！エース＆小田参戦で大波乱🈑
石川,4 テレビ金沢1,2026-07-26,23:55,Going！🈑生出演！渡邊雄太が明かす日本バスケの進化▼赤星絶賛！怪物高校生
石川,5 HAB1,2026-07-26,04:50,買い物セレクション
石川,5 HAB1,2026-07-26,05:20,田村亮の釣りならまかせろ！シロギス釣りならまかせろ！
石川,5 HAB1,2026-07-26,05:50,グッド！モーニング🈓🈑
石川,5 HAB1,2026-07-26,08:00,よ〜い！スターと！トビダスクール しなことリボンでTシャツデコ！🈓🈑
石川,5 HAB1,2026-07-26,08:30,名探偵プリキュア！ ＃26 キュアエクレールの復活！🈓🈑
石川,5 HAB1,2026-07-26,09:00,めざせ甲子園2026 高校野球石川大会 決勝🈕
石川,5 HAB1,2026-07-26,12:35,仮面ライダーゼッツ🈑
石川,5 HAB1,2026-07-26,13:05,🈟角醒ハンター オメガホーン🈑
石川,5 HAB1,2026-07-26,13:35,新婚さんいらっしゃい！ オーストラリア在住夫婦出場！親戚100人大運動会⁉ 🈖🈑
石川,5 HAB1,2026-07-26,14:05,華丸丼と大吉麺 荻窪で発見！あのドラマの監修をした三ツ星店の斬新沖縄そば🈑
石川,5 HAB1,2026-07-26,14:35,プラチナファミリー 特別編 〜中村獅童密着SP〜🈑
石川,5 HAB1,2026-07-26,16:00,バカりハカってみた▼超過酷ワンオペ激ウマ店★店の床で寝泊り＆赤字10円人情飯
石川,5 HAB1,2026-07-26,17:00,ポケットモンスター【ドリームボールをキミに！】
石川,5 HAB1,2026-07-26,17:30,ANNスーパーJチャンネル🈑
石川,5 HAB1,2026-07-26,18:00,相葉マナブ 初登場！timelesz佐藤勝利と地引き網！相模湾で何が獲れる？🈑
石川,5 HAB1,2026-07-26,18:52,ウェザーSHOT
石川,5 HAB1,2026-07-26,18:56,ポツンと一軒家 2時間SP！84歳チェーンソーアート挑戦！BBQ＆絶景岩風呂🈑
石川,5 HAB1,2026-07-26,20:56,有働Times🈑
石川,5 HAB1,2026-07-26,22:15,マイ・フィクション ＃4 刑務所にいるはずの人間🈖🈑
石川,5 HAB1,2026-07-26,23:09,midーtv
石川,5 HAB1,2026-07-26,23:15,EIGHT－JAM 【中森明菜特集‼松田聖子・小泉今日子との関係、振付秘話…】🈑
石川,6 MRO1,2026-07-26,05:00,おはようショッピング
石川,6 MRO1,2026-07-26,05:30,武井壮のゴルフバッグ担いでください
石川,6 MRO1,2026-07-26,06:00,日本のチカラ🈑
石川,6 MRO1,2026-07-26,06:30,皇室アルバム
石川,6 MRO1,2026-07-26,06:45,JNNニュース🈐
石川,6 MRO1,2026-07-26,07:00,健康カプセル！ゲンキの時間🈖🈑侮っていると一大事に！？消えないあざに隠れた恐怖
石川,6 MRO1,2026-07-26,07:30,がっちりマンデー‼CMで良く見るけど知らない会社！渡辺パイプ、INPEX、NGK
石川,6 MRO1,2026-07-26,08:00,サンデーモーニング🈑高市総理“寝てない”投稿の波紋▽消費税“迷走”と骨太ショック
石川,6 MRO1,2026-07-26,09:54,🈗ウェザーネット
石川,6 MRO1,2026-07-26,10:00,サンデー・ジャポン 延長国会閉幕…議員直撃！▽堺雅人が緊急生出演！スタジオ生考察
石川,6 MRO1,2026-07-26,11:24,Player
石川,6 MRO1,2026-07-26,11:30,天気予報
石川,6 MRO1,2026-07-26,11:35,上田晋也のサンデーQ🈑堺雅人が生出演「VIVANT」エキストラは4千人！聖地先取り巡礼
石川,6 MRO1,2026-07-26,12:54,ぶんぶんボウルのミカタ
石川,6 MRO1,2026-07-26,13:00,出川哲朗の充電させてもらえませんか？▼森三中が大暴れ！？【郡上八幡⇒彦根城】
石川,6 MRO1,2026-07-26,15:25,テミじぃのこれ見テミ！
石川,6 MRO1,2026-07-26,15:30,バナナマンのしらバナ！★元日本代表芸人・ネルソンズ＆元ヤンキー・オダウエダ！🈑
石川,6 MRO1,2026-07-26,16:30,レッツゴー怪奇組 第四怪🈑
石川,6 MRO1,2026-07-26,17:00,日5「正反対な君と僕」 ＃16「新学期」🈑🈓
石川,6 MRO1,2026-07-26,17:30,Nスタ🈑 「飛鳥・藤原の宮都」が世界遺産新登録なるか▽「土用の丑の日」うなぎ店は
石川,6 MRO1,2026-07-26,18:00,世界遺産／バリ島 1000年続く棚田の絶景（インドネシア）🈖🈑
石川,6 MRO1,2026-07-26,18:30,ベスコングルメ★夏の軽井沢SP・そば通DEEN池森オススメの手打ちそば名店へ🈖🈑🈓
石川,6 MRO1,2026-07-26,19:00,バナナマンのせっかくグルメ★VIVANT堺雅人＆濱田岳と日村が人気リゾート地🈑🈓
石川,6 MRO1,2026-07-26,20:00,VIVANT直前生放送★堺×阿部×二宮×松坂が集結！今からでも間に合うSPダイジェスト🈑
石川,6 MRO1,2026-07-26,21:00,🈟日曜劇場「VIVANT」第11話🈖🈑
石川,6 MRO1,2026-07-26,22:19,MROニュース
石川,6 MRO1,2026-07-26,22:25,日曜日の初耳学◆堺雅人×林修『VIVANT』放送直後90分SP阿部寛＆初出しメイキング映像
石川,6 MRO1,2026-07-26,23:49,🈗天気予報
石川,6 MRO1,2026-07-26,23:55,黒猫と魔女の教室🈑🈓 ＃16「イオ・トーラス がんばります」【アガルアニメ】
石川,8 石川テレビ1,2026-07-26,05:00,得々買物大作戦・ダイレクトテレショップ
石川,8 石川テレビ1,2026-07-26,05:30,🈐テレビ寺子屋【内藤いづみ／いい塩梅で生き抜く】
石川,8 石川テレビ1,2026-07-26,06:00,FNNニュース🈑
石川,8 石川テレビ1,2026-07-26,06:15,ごるビバ
石川,8 石川テレビ1,2026-07-26,06:30,ウルトラマンテオ【狙われたプチ怪獣】
石川,8 石川テレビ1,2026-07-26,07:00,SUNDAYブレイク． 千葉県勝浦でオズワルド伊藤が絶叫アクティビティ体験🈑🈕🈓
石川,8 石川テレビ1,2026-07-26,08:55,みんなで踊ろう石川サンバ【沼本アナウンサー】
石川,8 石川テレビ1,2026-07-26,09:00,DIGIMON BEATBREAK【消せない夜】 ＃40🈑🈖
石川,8 石川テレビ1,2026-07-26,09:30,テレビアニメ「鬼滅の刃」シリーズ全編再放送【竈門炭治郎 立志編】🈑🈖🈓
石川,8 石川テレビ1,2026-07-26,10:00,かのサンド◆学生街で絶品グルメSP！早稲田コスパ抜群グルメ＆学芸大学の名店中華🈑
石川,8 石川テレビ1,2026-07-26,11:15,ミラモンGOLD🈑
石川,8 石川テレビ1,2026-07-26,11:45,石川テレビマンスリーNote🈑
石川,8 石川テレビ1,2026-07-26,11:50,FNN Live News days🈑
石川,8 石川テレビ1,2026-07-26,12:00,開運！なんでも鑑定団【バブル期に衝動買い＜神秘宝石＞＆草間彌生作にド級値】🈑
石川,8 石川テレビ1,2026-07-26,13:00,世界！ニッポン行きたい人応援団【世界が愛した国民食SP！前編・お好み焼き】
石川,8 石川テレビ1,2026-07-26,13:55,飯尾和樹のずん喫茶【＜埼玉・久喜市＞で歴史ある熱々鉄板スパゲティーに大満足】
石川,8 石川テレビ1,2026-07-26,14:25,かまいたちの机上の空論城🈑 ツートライブ対プロ料理人！絶品㊙ヨーグルト料理対決！
石川,8 石川テレビ1,2026-07-26,14:55,石川さんPUSH！
石川,8 石川テレビ1,2026-07-26,15:00,競馬BEAT【第43回東海ステークス（GⅢ）▽第61回関屋記念（GⅢ）】
石川,8 石川テレビ1,2026-07-26,16:00,バナナマンの働く！バナナキッズ【海編】▼子どもたちの憧れの職業体験をお手伝い
石川,8 石川テレビ1,2026-07-26,17:18,あなたとグルメ【長野県松本で馬肉料理】
石川,8 石川テレビ1,2026-07-26,17:30,北陸中日新聞サンデーNews🈑
石川,8 石川テレビ1,2026-07-26,18:00,ちびまる子ちゃん【隣町の男子とプールで勝負する／たまちゃんちで日曜大工を】🈑🈖
石川,8 石川テレビ1,2026-07-26,18:30,サザエさん【憧れの松／うっかりでしっかり ほか】🈑🈖🈓
石川,8 石川テレビ1,2026-07-26,19:00,千鳥の鬼レンチャン◆鬼ハード初代女王誕生？STU池ちゃん＆高橋成美サビカラ登場🈑
石川,8 石川テレビ1,2026-07-26,20:54,石川さん こんやのニュース
石川,8 石川テレビ1,2026-07-26,21:00,Mr．サンデー🈑🈓
石川,8 石川テレビ1,2026-07-26,23:09,ミニシェアキッチン【タピオカのココナッツ煮／ナイル善己】
石川,8 石川テレビ1,2026-07-26,23:15,ワンピース【エルバフの大罪人 冥界のロキ解放！？】🈑🈖
石川,8 石川テレビ1,2026-07-26,23:45,すぽると！ 大谷翔平のストレートは軌道が読めない⁉スター証言＆脳科学から紐解く🈑
静岡,1 NHK総合1..,2026-07-26,05:00,ニュース・気象情報
静岡,1 NHK総合1..,2026-07-26,05:10,Jリーグと私 あの試合を忘れない ＃17 横浜FM🈑
静岡,1 NHK総合1..,2026-07-26,05:15,週末のNスペは… 激変・安全保障 日本の進路は🈑
静岡,1 NHK総合1..,2026-07-26,05:20,桂文珍の演芸図鑑 レ・ロマネスクTOBI 柳亭小燕枝 三拍子🈑
静岡,1 NHK総合1..,2026-07-26,05:50,気象情報
静岡,1 NHK総合1..,2026-07-26,05:55,気象情報（東海・北陸）
静岡,1 NHK総合1..,2026-07-26,06:00,ニュース
静岡,1 NHK総合1..,2026-07-26,06:10,【特選！時代劇】大岡越前8 🈟（1）「燃える牢屋敷」🈖🈑
静岡,1 NHK総合1..,2026-07-26,06:53,気象情報
静岡,1 NHK総合1..,2026-07-26,06:55,ニュース・気象情報（東海・北陸）
静岡,1 NHK総合1..,2026-07-26,07:00,NHKニュース おはよう日本 7月26日（日）🈑
静岡,1 NHK総合1..,2026-07-26,07:40,ニュース・気象情報（東海・北陸）
静岡,1 NHK総合1..,2026-07-26,07:45,さわやか自然百景 青森 屏風山湿原池沼群🈑
静岡,1 NHK総合1..,2026-07-26,08:00,小さな旅「大原を継ぐ 〜京都市 左京区〜」🈖🈑
静岡,1 NHK総合1..,2026-07-26,08:25,Dearにっぽん「私たちが新聞を書く理由〜滋賀・虎姫高校〜」🈑
静岡,1 NHK総合1..,2026-07-26,08:50,あさイチの鈴木奈穂子アナが「NHK ONE」を解説🈑
静岡,1 NHK総合1..,2026-07-26,08:57,気象情報
静岡,1 NHK総合1..,2026-07-26,09:00,日曜討論 徹底解説！暑さはどこまで？対策は
静岡,1 NHK総合1..,2026-07-26,10:00,ニュース・気象情報🈑
静岡,1 NHK総合1..,2026-07-26,10:05,明日をまもるナビ選196 都市を襲う水害 内水氾濫〜見えない危険にどう備える🈖🈑
静岡,1 NHK総合1..,2026-07-26,10:30,5分であさイチ（4）知ってトクする旅行術（2）バッグの詰め方🈑
静岡,1 NHK総合1..,2026-07-26,10:35,ゆったり温泉ひとり旅 北海道・登別温泉🈑
静岡,1 NHK総合1..,2026-07-26,11:04,ニュース🈑
静岡,1 NHK総合1..,2026-07-26,11:05,あしたが変わるトリセツショー 骨ケアで健康革命！今すぐできる運動＆食事ワザ🈖🈑🈞
静岡,1 NHK総合1..,2026-07-26,11:50,ふすま絵 奇跡の再会🈑
静岡,1 NHK総合1..,2026-07-26,11:54,気象情報
静岡,1 NHK総合1..,2026-07-26,12:00,ニュース🈑
静岡,1 NHK総合1..,2026-07-26,12:10,ニュース（静岡）
静岡,1 NHK総合1..,2026-07-26,12:15,NHKのど自慢 熱唱熱演名場面 2026 Part1🈑
静岡,1 NHK総合1..,2026-07-26,12:55,ドキュメント72時間PR ドキュメント72時間の作り方＜編集・ナレーション編＞🈑
静岡,1 NHK総合1..,2026-07-26,13:00,ニュース・気象情報🈑
静岡,1 NHK総合1..,2026-07-26,13:05,ダーウィンが来た！「相葉さんと探せ！ミクロいきもの超ワールド」🈖🈑🈞
静岡,1 NHK総合1..,2026-07-26,13:35,さわやか自然百景10min．（37）兵庫 猫崎の海と黒川渓谷🈑
静岡,1 NHK総合1..,2026-07-26,13:45,JAPAN DELISH 5min カレーライス🈑
静岡,1 NHK総合1..,2026-07-26,13:50,アニメまとめPR 放送中！注目の3番組ほか🈑
静岡,1 NHK総合1..,2026-07-26,13:55,プロフェッショナル 仕事の流儀 旅する家族、春をつなぐ〜養蜂家・藤井髙治〜🈖🈑🈞
静岡,1 NHK総合1..,2026-07-26,14:40,秀サルでもわかる 豊臣兄弟！ なんで豊臣兄弟は明智光秀に勝てたの？🈑
静岡,1 NHK総合1..,2026-07-26,14:45,あしたが変わるトリセツショー 番外編 フレイル対策15分エクササイズ🈑
静岡,1 NHK総合1..,2026-07-26,15:00,ニュース・気象情報🈑
静岡,1 NHK総合1..,2026-07-26,15:05,大相撲（2026年） 名古屋場所 千秋楽🈑
静岡,1 NHK総合1..,2026-07-26,15:30,大相撲（2026年） 名古屋場所 千秋楽 優勝力士・三賞力士インタビュー🈔🈑
静岡,1 NHK総合1..,2026-07-26,18:00,ニュース🈑
静岡,1 NHK総合1..,2026-07-26,18:05,有吉のお金発見 突撃！カネオくん 令和に再ブーム！RCカーのヒミツ🈑
静岡,1 NHK総合1..,2026-07-26,18:45,ニュースしずおか645
静岡,1 NHK総合1..,2026-07-26,19:00,NHKニュース7🈔🈑
静岡,1 NHK総合1..,2026-07-26,19:30,ダーウィンが来た！「最大の味方！最強のライバル！？動物兄弟」🈖🈑
静岡,1 NHK総合1..,2026-07-26,20:00,豊臣兄弟！（29）天下への道🈖🈑
静岡,1 NHK総合1..,2026-07-26,20:45,ニュース🈑🈐
静岡,1 NHK総合1..,2026-07-26,20:55,ニュース・気象情報（東海・北陸）
静岡,1 NHK総合1..,2026-07-26,21:00,NHKスペシャル 激変・安全保障 “力の支配”と揺らぐ国際秩序 日本の針路は🈑
静岡,1 NHK総合1..,2026-07-26,22:00,サンデースポーツ🈑
静岡,1 NHK総合1..,2026-07-26,22:50,ニュース・気象情報🈑
静岡,1 NHK総合1..,2026-07-26,22:55,ハロー！NHKワールドJAPAN 7月の地域特集・山口県関連番組紹介🈑
静岡,1 NHK総合1..,2026-07-26,23:00,DOC（ドック）3 あすへのカルテ（8）「暗闇の先へ」🈔🈑
静岡,1 NHK総合1..,2026-07-26,23:59,連続テレビ小説「ひよっこ」再放送PR
静岡,2 NHKEテレ..,2026-07-26,05:00,こころの時代 わからなさのなかで〜最首悟の思想をたどる〜🈑🈞
静岡,2 NHKEテレ..,2026-07-26,06:00,NHK短歌 わたしの宮沢賢治 テーマ「月」🈑
静岡,2 NHKEテレ..,2026-07-26,06:25,テレビ体操🈑
静岡,2 NHKEテレ..,2026-07-26,06:35,NHK俳句 題「七夕」🈑
静岡,2 NHKEテレ..,2026-07-26,07:00,第93回NHK全国学校音楽コンクール みんなの合唱レッスン・高等学校の部🈑
静岡,2 NHKEテレ..,2026-07-26,07:10,第93回NHK全国学校音楽コンクール みんなの合唱レッスン・中学校の部🈑
静岡,2 NHKEテレ..,2026-07-26,07:20,第93回NHK全国学校音楽コンクール みんなの合唱レッスン・小学校の部🈑
静岡,2 NHKEテレ..,2026-07-26,07:30,おとうさんといっしょ「まねまねどんぐー」🈑🈞
静岡,2 NHKEテレ..,2026-07-26,08:00,やさいの時間 みんなの菜園物語 兵庫県（後編）🈑
静岡,2 NHKEテレ..,2026-07-26,08:25,趣味の園芸 京も一日陽だまり屋「の〜んびり 蘇鉄（そてつ）」🈑
静岡,2 NHKEテレ..,2026-07-26,08:30,趣味の園芸 選 ステキをセレクト！タネから育てるコスモス🈑
静岡,2 NHKEテレ..,2026-07-26,08:55,no art，no life「洋一」🈑
静岡,2 NHKEテレ..,2026-07-26,09:00,日曜美術館 陶芸家ルーシー・リー 繊細でたくましい器🈑
静岡,2 NHKEテレ..,2026-07-26,09:45,日曜美術館 アートシーン「まなざしの奇跡 日本女性写真家の冒険」展🈑
静岡,2 NHKEテレ..,2026-07-26,10:00,将棋フォーカス 選 フォーカス流・観る将検定 第2回！🈑
静岡,2 NHKEテレ..,2026-07-26,10:30,第76回 NHK杯テレビ将棋トーナメント 1回戦第17局 羽生九段×横山七段🈑
静岡,2 NHKEテレ..,2026-07-26,12:00,囲碁フォーカス 選 知らずに使っている！？「囲碁用語」🈑
静岡,2 NHKEテレ..,2026-07-26,12:30,第74回NHK杯テレビ囲碁トーナメント1回戦第17局酒井佑規七段×加藤千笑四段🈑
静岡,2 NHKEテレ..,2026-07-26,14:00,日本の話芸 柳家蝠丸 落語「叩き蟹」🈖🈑
静岡,2 NHKEテレ..,2026-07-26,14:30,アニメ 青のオーケストラ シーズン2（1）「ほころび」🈑
静岡,2 NHKEテレ..,2026-07-26,14:55,アニメ 青のオーケストラ シーズン2（2）「波紋」🈑
静岡,2 NHKEテレ..,2026-07-26,15:20,アニメ 青のオーケストラ シーズン2（3）「ケジメ」🈑
静岡,2 NHKEテレ..,2026-07-26,15:45,アニメ 青のオーケストラ シーズン2（4）「体育祭」🈑
静岡,2 NHKEテレ..,2026-07-26,16:10,ピタゴラミングスイッチ2🈑🈞
静岡,2 NHKEテレ..,2026-07-26,16:30,ざわざわ森のがんこちゃん30周年スペシャルがんこのびっくりおたんじょうび会🈖🈑🈞
静岡,2 NHKEテレ..,2026-07-26,17:00,アニメ アオアシ（17）東京都リーグ第7節 多摩体育大学附属高校戦🈑
静岡,2 NHKEテレ..,2026-07-26,17:25,レディー・グレース 女王陛下のスパイ（4）「迷える女王」🈔🈑
静岡,2 NHKEテレ..,2026-07-26,17:50,こども手話ウイークリー🈐
静岡,2 NHKEテレ..,2026-07-26,18:00,木村多江の、いまさらですが… アメリカ建国の立役者 初代財務長官ハミルトン🈖🈑🈞
静岡,2 NHKEテレ..,2026-07-26,18:30,ブリティッシュ・ベイクオフ6（17）チョコレート対決・前編🈔🈑🈞
静岡,2 NHKEテレ..,2026-07-26,19:00,未病息災を願います 選「骨密度」が気になったら🈖🈑
静岡,2 NHKEテレ..,2026-07-26,19:45,365日の献立日記「野菜ずし」🈑
静岡,2 NHKEテレ..,2026-07-26,19:50,5分であさイチ 夏休みの“お昼ごはん”に革命を！🈑
静岡,2 NHKEテレ..,2026-07-26,19:55,NHK手話ニュース🈐
静岡,2 NHKEテレ..,2026-07-26,20:00,日曜美術館 滅びゆく写真 そして人類 現代美術作家・杉本博司🈑🈞
静岡,2 NHKEテレ..,2026-07-26,20:45,日曜美術館 アートシーン「元禄！師宣劇場」展🈑
静岡,2 NHKEテレ..,2026-07-26,21:00,古典芸能への招待 歌舞伎「近江源氏先陣館 盛綱陣屋」大阪松竹座さよなら公演🈕🈑
静岡,2 NHKEテレ..,2026-07-26,23:00,美の壺 選「小さな芸術 干菓子」🈑
静岡,2 NHKEテレ..,2026-07-26,23:30,サイエンスZERO“次世代塗料”が未来を塗り替える！？🈖🈑
静岡,4 Daiich..,2026-07-26,05:00,それいけ！アンパンマン「プリンちゃんとマシュマロさん・他」🈖🈑
静岡,4 Daiich..,2026-07-26,05:30,🈟ウルトラマンテオ 「H12から来た男」
静岡,4 Daiich..,2026-07-26,06:00,小峠英二のなんて美だ！
静岡,4 Daiich..,2026-07-26,06:15,NNNニュースサンデー🈐
静岡,4 Daiich..,2026-07-26,06:30,遠くへ行きたい【橋本じゅんが福島へ】芳醇な香り絶品牛＆千年の歴史・野馬追🈖🈑
静岡,4 Daiich..,2026-07-26,07:00,所さんの目がテン！🈑所さんと奥田民生さんが絶品イノシシ肉で燻製作り⁉
静岡,4 Daiich..,2026-07-26,07:30,シューイチ🈑🈓8月から変わること＆新スポット▽秋山＆平子が南房総の体格グルメ堪能
静岡,4 Daiich..,2026-07-26,10:25,一茂×かまいたちゲンバ▼水族館でアシカとご対面▼驚き新食感「糸かき氷」とは？🈑
静岡,4 Daiich..,2026-07-26,11:25,まるごとPLUS★耳より！お得情報★話題のエンタメ情報
静岡,4 Daiich..,2026-07-26,11:30,NNN ストレイトニュース🈑
静岡,4 Daiich..,2026-07-26,11:40,Smile Table▼静岡の恵みと笑顔の食卓▼濃厚！美肌！「三島馬鈴薯」
静岡,4 Daiich..,2026-07-26,11:55,スクール☆TV 〜先生！次の番組なんですか？〜
静岡,4 Daiich..,2026-07-26,12:00,開運！なんでも鑑定団【バブル期に衝動買い＜神秘宝石＞＆草間彌生作にド級値】
静岡,4 Daiich..,2026-07-26,13:00,日曜もペコリーノ▼森町をのんびり散歩 小国神社に新スポット誕生！珍しい土鈴館
静岡,4 Daiich..,2026-07-26,13:30,そこまで言って委員会NP 「大戦争時代」SP！戦争終結シナリオを徹底討論🈑
静岡,4 Daiich..,2026-07-26,15:00,日曜夜は「DASH＆イッテQ！」
静岡,4 Daiich..,2026-07-26,15:05,踊る！さんま御殿！！ セレクション
静岡,4 Daiich..,2026-07-26,16:25,日曜夜は「DASH＆イッテQ！」
静岡,4 Daiich..,2026-07-26,16:30,every．しずおかSUNDAY🈢
静岡,4 Daiich..,2026-07-26,17:00,KICK OFF！ SHIZUOKA🈢開幕を前に磐田×清水ダービー！W杯名場面も
静岡,4 Daiich..,2026-07-26,17:30,笑点🈖🈑🈓城島茂が座布団運び「ザ！鉄腕！DASH！！」×「笑点」夢のコラボDAY
静岡,4 Daiich..,2026-07-26,18:00,真相報道バンキシャ！🈑独自分析…熱中症患者10人の行動に教訓▽花火大会で湿度検証
静岡,4 Daiich..,2026-07-26,18:55,博士は今日も嫉妬する 人生が楽しくなる最新テクノロジー🈑
静岡,4 Daiich..,2026-07-26,19:00,ザ！鉄腕！DASH！！▽笑点60周年記念夏祭り！師匠全員参加で巨大お好み焼き！🈑
静岡,4 Daiich..,2026-07-26,19:58,イッテQ【お祭り男宮川＆二代目手越】フィンランドで丸太乗って川を下る木材選手権🈑
静岡,4 Daiich..,2026-07-26,20:54,FRONT zero
静岡,4 Daiich..,2026-07-26,21:00,ゴールデンストーンズ▽番組史上最大‼人気芸人軍団と総勢31名の大混戦バトル🈑
静岡,4 Daiich..,2026-07-26,21:54,イチオシ！TV 【静岡】火曜は「はじめてのおつかい」
静岡,4 Daiich..,2026-07-26,22:00,おしゃれクリップ🈖🈑出川哲朗はなぜ愛される？▼妻や一茂が忖度なしでガチ素顔告白
静岡,4 Daiich..,2026-07-26,22:30,ドラマ「一次元の挿し木」第4話【激動の真相が発覚…古人骨と義妹を巡る謎】🈖🈑🈓
静岡,4 Daiich..,2026-07-26,23:25,ダウンタウンのガキの使い！10人で男の勲章歌い切り！エース＆小田参戦で大波乱🈑
静岡,4 Daiich..,2026-07-26,23:55,Going！🈑生出演！渡邊雄太が明かす日本バスケの進化▼赤星絶賛！怪物高校生
静岡,5 静岡朝日テレビ1,2026-07-26,04:50,テレビショッピング
静岡,5 静岡朝日テレビ1,2026-07-26,05:20,ポケモンとどこいく！？ 【シェフピカチュウがお出迎え！ポケモンカフェSP】
静岡,5 静岡朝日テレビ1,2026-07-26,05:50,題名のない音楽会「オペラ歌手が秘密を打ち明ける休日」🈑
静岡,5 静岡朝日テレビ1,2026-07-26,06:20,グッド！モーニング🈓🈑
静岡,5 静岡朝日テレビ1,2026-07-26,08:00,よ〜い！スターと！トビダスクール しなことリボンでTシャツデコ！🈓🈑
静岡,5 静岡朝日テレビ1,2026-07-26,08:30,名探偵プリキュア！ #26 キュアエクレールの復活！🈓🈑
静岡,5 静岡朝日テレビ1,2026-07-26,09:00,仮面ライダーゼッツ 第45話「惑わす」🈓🈑
静岡,5 静岡朝日テレビ1,2026-07-26,09:30,🈟角醒ハンター オメガホーン 第1話「角醒せよ！赤き角獣王！」🈓🈑
静岡,5 静岡朝日テレビ1,2026-07-26,10:00,ナニコレ珍百景 傑作選🈑
静岡,5 静岡朝日テレビ1,2026-07-26,11:02,1泊家族 傑作選🈑
静岡,5 静岡朝日テレビ1,2026-07-26,11:30,食彩県セレクション
静岡,5 静岡朝日テレビ1,2026-07-26,11:50,ANNニュース🈑
静岡,5 静岡朝日テレビ1,2026-07-26,12:00,ビートたけしのTVタックル 昭和は驚きの光景が…令和のゴミ問題＆激安リユース店🈑
静岡,5 静岡朝日テレビ1,2026-07-26,12:55,新婚さんいらっしゃい！ オーストラリア在住夫婦が出場！親戚100人の大運動会!?🈖🈑
静岡,5 静岡朝日テレビ1,2026-07-26,13:25,華丸丼と大吉麺【荻窪で発見！あのドラマの監修をした三ツ星店の斬新沖縄そば】🈑
静岡,5 静岡朝日テレビ1,2026-07-26,13:55,夫が寝たあとに🈑
静岡,5 静岡朝日テレビ1,2026-07-26,14:20,奇跡の瞬間大連発！IKKO衝撃映像
静岡,5 静岡朝日テレビ1,2026-07-26,16:30,路線バスで寄り道の旅 【草野満代ゆかりの小平〜国立〜三鷹〜吉祥寺】🈑
静岡,5 静岡朝日テレビ1,2026-07-26,17:30,ANNスーパーJチャンネル🈑
静岡,5 静岡朝日テレビ1,2026-07-26,17:55,ウェザーリポート
静岡,5 静岡朝日テレビ1,2026-07-26,18:00,相葉マナブ 初登場！timelesz佐藤勝利と地引き網！相模湾で何が獲れる？🈑
静岡,5 静岡朝日テレビ1,2026-07-26,18:52,【あす夜7時〜「帰れマンデー見っけ隊!!」帰れま10特別編】SATVラインナップ
静岡,5 静岡朝日テレビ1,2026-07-26,18:56,ポツンと一軒家 2時間SP！84歳チェーンソーアート挑戦！仲間とBBQ宴会＆絶景岩風呂🈑
静岡,5 静岡朝日テレビ1,2026-07-26,20:56,有働Times🈑
静岡,5 静岡朝日テレビ1,2026-07-26,22:15,マイ・フィクション 第4話「刑務所にいるはずの人間」🈖🈑
静岡,5 静岡朝日テレビ1,2026-07-26,23:09,現場で輝く〜静岡の若き力〜
静岡,5 静岡朝日テレビ1,2026-07-26,23:15,EIGHT－JAM 【中森明菜特集‼松田聖子・小泉今日子との関係、振付秘話…】🈑
静岡,6 SBS1,2026-07-26,04:45,テレショップ
静岡,6 SBS1,2026-07-26,05:15,あぐり王国北海道NEXT【日本最北の地・稚内市の肉牛に注目！】
静岡,6 SBS1,2026-07-26,05:45,🈑日本のチカラ「ビートで輝け！〜DJ介護士のロマンディスコ〜」
静岡,6 SBS1,2026-07-26,06:15,🈑🈖住人十色【自然に学び自由に育つ 庭と寄り添うCの字ハウス】
静岡,6 SBS1,2026-07-26,06:45,JNNニュース🈐
静岡,6 SBS1,2026-07-26,07:00,健康カプセル！ゲンキの時間🈖🈑侮っていると一大事に！？消えないあざに隠れた恐怖
静岡,6 SBS1,2026-07-26,07:30,がっちりマンデー‼CMで良く見るけど知らない会社！渡辺パイプ、INPEX、NGK
静岡,6 SBS1,2026-07-26,08:00,サンデーモーニング🈑高市総理“寝てない”投稿の波紋▽消費税“迷走”と骨太ショック
静岡,6 SBS1,2026-07-26,09:54,SBSお天気ガイド
静岡,6 SBS1,2026-07-26,10:00,サンデー・ジャポン 延長国会閉幕…議員直撃！▽堺雅人が緊急生出演！スタジオ生考察
静岡,6 SBS1,2026-07-26,11:24,ギャルと博士のエネルギー研究所
静岡,6 SBS1,2026-07-26,11:30,元気！しずおか人
静岡,6 SBS1,2026-07-26,11:35,上田晋也のサンデーQ🈑堺雅人が生出演「VIVANT」エキストラは4千人！聖地先取り巡礼
静岡,6 SBS1,2026-07-26,12:54,大和の風【東寺〜密教が描く宇宙のかたち〜】
静岡,6 SBS1,2026-07-26,12:57,バカリズムのちょっとバカりハカってみた！★東南アジアで一文無し日本人！一体ナゼ？
静岡,6 SBS1,2026-07-26,13:55,🈑プレバト【アート最下位経験者リベンジ！才能アリ続出★俳優5人が名シーン俳句】🈞
静岡,6 SBS1,2026-07-26,15:00,モヤモヤさまぁ〜ずウェルビーイング★静岡★熱海にミスターWBがいるんだSP！完結編
静岡,6 SBS1,2026-07-26,15:30,🈑静岡発そこ知り「背徳グルメの誘惑〜ときたまご褒美めし〜」罪深き幸せグルメ集合🈞
静岡,6 SBS1,2026-07-26,16:30,レッツゴー怪奇組 第四怪🈑
静岡,6 SBS1,2026-07-26,17:00,日5「正反対な君と僕」 ＃16「新学期」🈑🈓
静岡,6 SBS1,2026-07-26,17:30,Nスタ🈑 「飛鳥・藤原の宮都」が世界遺産新登録なるか▽「土用の丑の日」うなぎ店は
静岡,6 SBS1,2026-07-26,18:00,世界遺産／バリ島 1000年続く棚田の絶景（インドネシア）🈖🈑
静岡,6 SBS1,2026-07-26,18:30,ベスコングルメ★夏の軽井沢SP・そば通DEEN池森オススメの手打ちそば名店へ🈖🈑🈓
静岡,6 SBS1,2026-07-26,19:00,バナナマンのせっかくグルメ★VIVANT堺雅人＆濱田岳と日村が人気リゾート地🈑🈓
静岡,6 SBS1,2026-07-26,20:00,VIVANT直前生放送★堺×阿部×二宮×松坂が集結！今からでも間に合うSPダイジェスト🈑
静岡,6 SBS1,2026-07-26,21:00,🈟日曜劇場「VIVANT」第11話🈖🈑
静岡,6 SBS1,2026-07-26,22:19,静岡新聞NEWS・天気予報
静岡,6 SBS1,2026-07-26,22:25,日曜日の初耳学◆堺雅人×林修『VIVANT』放送直後90分SP阿部寛＆初出しメイキング映像
静岡,6 SBS1,2026-07-26,23:49,SBSお天気ガイド
静岡,6 SBS1,2026-07-26,23:55,黒猫と魔女の教室🈑🈓 ＃16「イオ・トーラス がんばります」【アガルアニメ】
静岡,8 テレビ静岡,2026-07-26,04:40,テレショップ
静岡,8 テレビ静岡,2026-07-26,05:10,釣りごろつられごろ【息をのむ駆け引き！好調！磯の王者イシダイ〜山口県・野島〜】
静岡,8 テレビ静岡,2026-07-26,05:25,おねがいアイプリ 情熱のトップ・パワー
静岡,8 テレビ静岡,2026-07-26,05:55,ゴルフのじかん〜2分で学ぶレッスンin静岡〜＃40
静岡,8 テレビ静岡,2026-07-26,06:00,中日新聞ニュース🈑
静岡,8 テレビ静岡,2026-07-26,06:15,おは・スポ！サンデー▼夏の高校野球準決勝▼磐田×清水＆藤枝・沖縄キャンプリポート
静岡,8 テレビ静岡,2026-07-26,06:30,🈐テレビ寺子屋【科学的に証明されたすごい習慣／堀田秀吾】＃2492
静岡,8 テレビ静岡,2026-07-26,07:00,SUNDAYブレイク． 千葉県勝浦でオズワルド伊藤が絶叫アクティビティ体験🈑🈕🈓
静岡,8 テレビ静岡,2026-07-26,08:25,物語の始まりへ＃827
静岡,8 テレビ静岡,2026-07-26,08:30,イイものショッピングゥ〜！
静岡,8 テレビ静岡,2026-07-26,09:00,DIGIMON BEATBREAK【消せない夜】 ＃40🈑🈖
静岡,8 テレビ静岡,2026-07-26,09:30,テレビアニメ「鬼滅の刃」シリーズ全編再放送【竈門炭治郎 立志編】🈑🈖🈓
静岡,8 テレビ静岡,2026-07-26,10:00,かのサンド◆学生街で絶品グルメSP！早稲田コスパ抜群グルメ＆学芸大学の名店中華🈑
静岡,8 テレビ静岡,2026-07-26,11:15,ミラモンGOLD🈑
静岡,8 テレビ静岡,2026-07-26,11:45,ドレみ〜る
静岡,8 テレビ静岡,2026-07-26,11:50,FNN Live News days【県内ニュースは11時56分ごろ】🈑
静岡,8 テレビ静岡,2026-07-26,12:00,Youは何しに日本へ？
静岡,8 テレビ静岡,2026-07-26,13:30,＜日スペ＞では問題です！クイズでひも解く人生劇場★MC田中樹も爆笑の難問珍問か…
静岡,8 テレビ静岡,2026-07-26,14:55,ドレみ〜る
静岡,8 テレビ静岡,2026-07-26,15:00,みんなのKEIBA 関屋記念・GⅢ＆東海S・GⅢ 夏の新潟開幕！ ゲスト中山優馬
静岡,8 テレビ静岡,2026-07-26,16:00,タカトシ温水の路線バスで！ 桜に染まる城下町「佐倉」🈑
静岡,8 テレビ静岡,2026-07-26,17:30,FNN Live News イット！【県内ニュースは17時48分ごろ】🈑
静岡,8 テレビ静岡,2026-07-26,18:00,ちびまる子ちゃん【隣町の男子とプールで勝負する／たまちゃんちで日曜大工を】🈑🈖
静岡,8 テレビ静岡,2026-07-26,18:30,サザエさん【憧れの松／うっかりでしっかり ほか】🈑🈖🈓
静岡,8 テレビ静岡,2026-07-26,19:00,千鳥の鬼レンチャン◆鬼ハード初代女王誕生？STU池ちゃん＆高橋成美サビカラ登場🈑
静岡,8 テレビ静岡,2026-07-26,20:54,天気予報
静岡,8 テレビ静岡,2026-07-26,21:00,Mr．サンデー🈑🈓
静岡,8 テレビ静岡,2026-07-26,23:09,ドレみ〜る
静岡,8 テレビ静岡,2026-07-26,23:15,ワンピース【エルバフの大罪人 冥界のロキ解放！？】🈑🈖
静岡,8 テレビ静岡,2026-07-26,23:45,すぽると！ 大谷翔平のストレートは軌道が読めない⁉スター証言＆脳科学から紐解く🈑
福井,1 NHK総合1..,2026-07-26,05:00,ニュース・気象情報
福井,1 NHK総合1..,2026-07-26,05:10,Jリーグと私 あの試合を忘れない ＃17 横浜FM🈑
福井,1 NHK総合1..,2026-07-26,05:15,週末のNスペは… 激変・安全保障 日本の進路は🈑
福井,1 NHK総合1..,2026-07-26,05:20,桂文珍の演芸図鑑 レ・ロマネスクTOBI 柳亭小燕枝 三拍子🈑
福井,1 NHK総合1..,2026-07-26,05:50,気象情報
福井,1 NHK総合1..,2026-07-26,05:55,気象情報（東海・北陸）
福井,1 NHK総合1..,2026-07-26,06:00,ニュース
福井,1 NHK総合1..,2026-07-26,06:10,【特選！時代劇】大岡越前8 🈟（1）「燃える牢屋敷」🈖🈑
福井,1 NHK総合1..,2026-07-26,06:53,気象情報
福井,1 NHK総合1..,2026-07-26,06:55,ニュース・気象情報（東海・北陸）
福井,1 NHK総合1..,2026-07-26,07:00,NHKニュース おはよう日本 7月26日（日）🈑
福井,1 NHK総合1..,2026-07-26,07:40,ニュース・気象情報（東海・北陸）
福井,1 NHK総合1..,2026-07-26,07:45,さわやか自然百景 青森 屏風山湿原池沼群🈑
福井,1 NHK総合1..,2026-07-26,08:00,小さな旅「大原を継ぐ 〜京都市 左京区〜」🈖🈑
福井,1 NHK総合1..,2026-07-26,08:25,Dearにっぽん「私たちが新聞を書く理由〜滋賀・虎姫高校〜」🈑
福井,1 NHK総合1..,2026-07-26,08:50,あさイチの鈴木奈穂子アナが「NHK ONE」を解説🈑
福井,1 NHK総合1..,2026-07-26,08:57,気象情報
福井,1 NHK総合1..,2026-07-26,09:00,日曜討論 徹底解説！暑さはどこまで？対策は
福井,1 NHK総合1..,2026-07-26,10:00,ニュース・気象情報🈑
福井,1 NHK総合1..,2026-07-26,10:05,明日をまもるナビ選196 都市を襲う水害 内水氾濫〜見えない危険にどう備える🈖🈑
福井,1 NHK総合1..,2026-07-26,10:30,5分であさイチ（4）知ってトクする旅行術（2）バッグの詰め方🈑
福井,1 NHK総合1..,2026-07-26,10:35,ゆったり温泉ひとり旅 北海道・登別温泉🈑
福井,1 NHK総合1..,2026-07-26,11:04,ニュース🈑
福井,1 NHK総合1..,2026-07-26,11:05,あしたが変わるトリセツショー 骨ケアで健康革命！今すぐできる運動＆食事ワザ🈖🈑🈞
福井,1 NHK総合1..,2026-07-26,11:50,ふすま絵 奇跡の再会🈑
福井,1 NHK総合1..,2026-07-26,11:54,気象情報
福井,1 NHK総合1..,2026-07-26,12:00,ニュース🈑
福井,1 NHK総合1..,2026-07-26,12:10,ニュース（北陸3県）
福井,1 NHK総合1..,2026-07-26,12:15,NHKのど自慢 熱唱熱演名場面 2026 Part1🈑
福井,1 NHK総合1..,2026-07-26,12:55,ドキュメント72時間PR ドキュメント72時間の作り方＜編集・ナレーション編＞🈑
福井,1 NHK総合1..,2026-07-26,13:00,ニュース・気象情報🈑
福井,1 NHK総合1..,2026-07-26,13:05,北陸スペシャル 北陸に“野球の力”を〜開催直前！プロ野球オールスターゲーム〜🈞
福井,1 NHK総合1..,2026-07-26,13:35,さわやか自然百景10min．（37）兵庫 猫崎の海と黒川渓谷🈑
福井,1 NHK総合1..,2026-07-26,13:45,JAPAN DELISH 5min カレーライス🈑
福井,1 NHK総合1..,2026-07-26,13:50,アニメまとめPR 放送中！注目の3番組ほか🈑
福井,1 NHK総合1..,2026-07-26,13:55,プロフェッショナル 仕事の流儀 旅する家族、春をつなぐ〜養蜂家・藤井髙治〜🈖🈑🈞
福井,1 NHK総合1..,2026-07-26,14:40,秀サルでもわかる 豊臣兄弟！ なんで豊臣兄弟は明智光秀に勝てたの？🈑
福井,1 NHK総合1..,2026-07-26,14:45,あしたが変わるトリセツショー 番外編 フレイル対策15分エクササイズ🈑
福井,1 NHK総合1..,2026-07-26,15:00,ニュース・気象情報🈑
福井,1 NHK総合1..,2026-07-26,15:05,大相撲（2026年） 名古屋場所 千秋楽🈑
福井,1 NHK総合1..,2026-07-26,15:30,大相撲（2026年） 名古屋場所 千秋楽 優勝力士・三賞力士インタビュー🈔🈑
福井,1 NHK総合1..,2026-07-26,18:00,ニュース🈑
福井,1 NHK総合1..,2026-07-26,18:05,有吉のお金発見 突撃！カネオくん 令和に再ブーム！RCカーのヒミツ🈑
福井,1 NHK総合1..,2026-07-26,18:45,ニュースザウルス645
福井,1 NHK総合1..,2026-07-26,19:00,NHKニュース7🈔🈑
福井,1 NHK総合1..,2026-07-26,19:30,ダーウィンが来た！「最大の味方！最強のライバル！？動物兄弟」🈖🈑
福井,1 NHK総合1..,2026-07-26,20:00,豊臣兄弟！（29）天下への道🈖🈑
福井,1 NHK総合1..,2026-07-26,20:45,ニュース🈑🈐
福井,1 NHK総合1..,2026-07-26,20:55,ニュース・気象情報（東海・北陸）
福井,1 NHK総合1..,2026-07-26,21:00,NHKスペシャル 激変・安全保障 “力の支配”と揺らぐ国際秩序 日本の針路は🈑
福井,1 NHK総合1..,2026-07-26,22:00,サンデースポーツ🈑
福井,1 NHK総合1..,2026-07-26,22:50,ニュース・気象情報🈑
福井,1 NHK総合1..,2026-07-26,22:55,ハロー！NHKワールドJAPAN 7月の地域特集・山口県関連番組紹介🈑
福井,1 NHK総合1..,2026-07-26,23:00,DOC（ドック）3 あすへのカルテ（8）「暗闇の先へ」🈔🈑
福井,1 NHK総合1..,2026-07-26,23:59,連続テレビ小説「ひよっこ」再放送PR
福井,2 NHKEテレ..,2026-07-26,05:00,こころの時代 わからなさのなかで〜最首悟の思想をたどる〜🈑🈞
福井,2 NHKEテレ..,2026-07-26,06:00,NHK短歌 わたしの宮沢賢治 テーマ「月」🈑
福井,2 NHKEテレ..,2026-07-26,06:25,テレビ体操🈑
福井,2 NHKEテレ..,2026-07-26,06:35,NHK俳句 題「七夕」🈑
福井,2 NHKEテレ..,2026-07-26,07:00,第93回NHK全国学校音楽コンクール みんなの合唱レッスン・高等学校の部🈑
福井,2 NHKEテレ..,2026-07-26,07:10,第93回NHK全国学校音楽コンクール みんなの合唱レッスン・中学校の部🈑
福井,2 NHKEテレ..,2026-07-26,07:20,第93回NHK全国学校音楽コンクール みんなの合唱レッスン・小学校の部🈑
福井,2 NHKEテレ..,2026-07-26,07:30,おとうさんといっしょ「まねまねどんぐー」🈑🈞
福井,2 NHKEテレ..,2026-07-26,08:00,やさいの時間 みんなの菜園物語 兵庫県（後編）🈑
福井,2 NHKEテレ..,2026-07-26,08:25,趣味の園芸 京も一日陽だまり屋「の〜んびり 蘇鉄（そてつ）」🈑
福井,2 NHKEテレ..,2026-07-26,08:30,趣味の園芸 選 ステキをセレクト！タネから育てるコスモス🈑
福井,2 NHKEテレ..,2026-07-26,08:55,no art，no life「洋一」🈑
福井,2 NHKEテレ..,2026-07-26,09:00,日曜美術館 陶芸家ルーシー・リー 繊細でたくましい器🈑
福井,2 NHKEテレ..,2026-07-26,09:45,日曜美術館 アートシーン「まなざしの奇跡 日本女性写真家の冒険」展🈑
福井,2 NHKEテレ..,2026-07-26,10:00,将棋フォーカス 選 フォーカス流・観る将検定 第2回！🈑
福井,2 NHKEテレ..,2026-07-26,10:30,第76回 NHK杯テレビ将棋トーナメント 1回戦第17局 羽生九段×横山七段🈑
福井,2 NHKEテレ..,2026-07-26,12:00,囲碁フォーカス 選 知らずに使っている！？「囲碁用語」🈑
福井,2 NHKEテレ..,2026-07-26,12:30,第74回NHK杯テレビ囲碁トーナメント1回戦第17局酒井佑規七段×加藤千笑四段🈑
福井,2 NHKEテレ..,2026-07-26,14:00,日本の話芸 柳家蝠丸 落語「叩き蟹」🈖🈑
福井,2 NHKEテレ..,2026-07-26,14:30,アニメ 青のオーケストラ シーズン2（1）「ほころび」🈑
福井,2 NHKEテレ..,2026-07-26,14:55,アニメ 青のオーケストラ シーズン2（2）「波紋」🈑
福井,2 NHKEテレ..,2026-07-26,15:20,アニメ 青のオーケストラ シーズン2（3）「ケジメ」🈑
福井,2 NHKEテレ..,2026-07-26,15:45,アニメ 青のオーケストラ シーズン2（4）「体育祭」🈑
福井,2 NHKEテレ..,2026-07-26,16:10,ピタゴラミングスイッチ2🈑🈞
福井,2 NHKEテレ..,2026-07-26,16:30,ざわざわ森のがんこちゃん30周年スペシャルがんこのびっくりおたんじょうび会🈖🈑🈞
福井,2 NHKEテレ..,2026-07-26,17:00,アニメ アオアシ（17）東京都リーグ第7節 多摩体育大学附属高校戦🈑
福井,2 NHKEテレ..,2026-07-26,17:25,レディー・グレース 女王陛下のスパイ（4）「迷える女王」🈔🈑
福井,2 NHKEテレ..,2026-07-26,17:50,こども手話ウイークリー🈐
福井,2 NHKEテレ..,2026-07-26,18:00,木村多江の、いまさらですが… アメリカ建国の立役者 初代財務長官ハミルトン🈖🈑🈞
福井,2 NHKEテレ..,2026-07-26,18:30,ブリティッシュ・ベイクオフ6（17）チョコレート対決・前編🈔🈑🈞
福井,2 NHKEテレ..,2026-07-26,19:00,未病息災を願います 選「骨密度」が気になったら🈖🈑
福井,2 NHKEテレ..,2026-07-26,19:45,365日の献立日記「野菜ずし」🈑
福井,2 NHKEテレ..,2026-07-26,19:50,5分であさイチ 夏休みの“お昼ごはん”に革命を！🈑
福井,2 NHKEテレ..,2026-07-26,19:55,NHK手話ニュース🈐
福井,2 NHKEテレ..,2026-07-26,20:00,日曜美術館 滅びゆく写真 そして人類 現代美術作家・杉本博司🈑🈞
福井,2 NHKEテレ..,2026-07-26,20:45,日曜美術館 アートシーン「元禄！師宣劇場」展🈑
福井,2 NHKEテレ..,2026-07-26,21:00,古典芸能への招待 歌舞伎「近江源氏先陣館 盛綱陣屋」大阪松竹座さよなら公演🈕🈑
福井,2 NHKEテレ..,2026-07-26,23:00,美の壺 選「小さな芸術 干菓子」🈑
福井,2 NHKEテレ..,2026-07-26,23:30,サイエンスZERO“次世代塗料”が未来を塗り替える！？🈖🈑
福井,7 福井放送1,2026-07-26,04:45,ウェルヴィーナステレビショッピング
福井,7 福井放送1,2026-07-26,05:15,THEフィッシング【繊細なアタリを見極める！爆釣！相模湾のマルイカ釣り】
福井,7 福井放送1,2026-07-26,05:45,ドラえもん【動物指キャップ】【水たまりの怪魚】
福井,7 福井放送1,2026-07-26,06:15,NNNニュースサンデー🈐
福井,7 福井放送1,2026-07-26,06:30,所さんの目がテン！かがくの里に奥田民生がやってきた！所さんと母屋に宿泊SP
福井,7 福井放送1,2026-07-26,07:00,WakeUp！ふくい🈐ついに完成！吉野瀬川ダム〜
福井,7 福井放送1,2026-07-26,07:30,シューイチ🈑🈓8月から変わること＆新スポット▽秋山＆平子が南房総の体格グルメ堪能
福井,7 福井放送1,2026-07-26,10:25,出川哲朗の充電させてもらえませんか？絶景瀬戸内海！初登場の生瀬勝久＆石原良純🈝
福井,7 福井放送1,2026-07-26,11:25,ふくい足もと遺産🈑
福井,7 福井放送1,2026-07-26,11:30,FBC・NNNストレイトニュース🈑
福井,7 福井放送1,2026-07-26,11:45,番組フラッシュ
福井,7 福井放送1,2026-07-26,11:50,FBC・ANNニュース🈑
福井,7 福井放送1,2026-07-26,12:00,開運！なんでも鑑定団【天井裏から!?織田信長らの浮世絵＆龍馬の書簡にド級値】
福井,7 福井放送1,2026-07-26,13:00,あちこちオードリー【5年ぶりハライチ】
福井,7 福井放送1,2026-07-26,13:30,そこまで言って委員会NP 「大戦争時代」SP！戦争終結シナリオを徹底討論🈑
福井,7 福井放送1,2026-07-26,15:00,所さんのそこんトコロ【大判小判！驚きの超貴重映像大発掘SP】
福井,7 福井放送1,2026-07-26,16:00,ナニコレ珍百景【上白石萌歌が秋田の先っちょ調査！M!LKが驚いた三重の先っちょ】
福井,7 福井放送1,2026-07-26,16:55,番組フラッシュ
福井,7 福井放送1,2026-07-26,17:00,ふれあい若狭【若狭の海を満喫！シーカヤックツアー】
福井,7 福井放送1,2026-07-26,17:30,笑点🈖🈑🈓城島茂が座布団運び「ザ！鉄腕！DASH！！」×「笑点」夢のコラボDAY
福井,7 福井放送1,2026-07-26,18:00,真相報道バンキシャ！🈑独自分析…熱中症患者10人の行動に教訓▽花火大会で湿度検証
福井,7 福井放送1,2026-07-26,18:55,博士は今日も嫉妬する 人生が楽しくなる最新テクノロジー🈑
福井,7 福井放送1,2026-07-26,19:00,ザ！鉄腕！DASH！！▽笑点60周年記念夏祭り！師匠全員参加で巨大お好み焼き！🈑
福井,7 福井放送1,2026-07-26,19:58,イッテQ【お祭り男宮川＆二代目手越】フィンランドで丸太乗って川を下る木材選手権🈑
福井,7 福井放送1,2026-07-26,20:54,天気予報
福井,7 福井放送1,2026-07-26,21:00,ゴールデンストーンズ▽番組史上最大‼人気芸人軍団と総勢31名の大混戦バトル🈑
福井,7 福井放送1,2026-07-26,21:54,FBCニュース
福井,7 福井放送1,2026-07-26,22:00,おしゃれクリップ🈖🈑出川哲朗はなぜ愛される？▼妻や一茂が忖度なしでガチ素顔告白
福井,7 福井放送1,2026-07-26,22:30,ドラマ「一次元の挿し木」第4話【激動の真相が発覚…古人骨と義妹を巡る謎】🈖🈑🈓
福井,7 福井放送1,2026-07-26,23:25,ダウンタウンのガキの使い！10人で男の勲章歌い切り！エース＆小田参戦で大波乱🈑
福井,7 福井放送1,2026-07-26,23:55,Going！🈑生出演！渡邊雄太が明かす日本バスケの進化▼赤星絶賛！怪物高校生
福井,8 福井テレビ1,2026-07-26,05:00,DIGIMON BEATBREAK＃39🈑🈖
福井,8 福井テレビ1,2026-07-26,05:30,超宇宙刑事ギャバン インフィニティ【蒸着】
福井,8 福井テレビ1,2026-07-26,06:00,FNN福井テレビニュース🈑
福井,8 福井テレビ1,2026-07-26,06:15,釣りごろつられごろ
福井,8 福井テレビ1,2026-07-26,06:30,ポケットモンスター【ドリームボールをキミに！】
福井,8 福井テレビ1,2026-07-26,07:00,SUNDAYブレイク． 千葉県勝浦でオズワルド伊藤が絶叫アクティビティ体験🈑🈕🈓
福井,8 福井テレビ1,2026-07-26,08:25,物語の始まりへ
福井,8 福井テレビ1,2026-07-26,08:30,タイムリーふくい【県政課題＆石田カラー】
福井,8 福井テレビ1,2026-07-26,09:00,題名のない音楽会「オペラ歌手が秘密を打ち明ける休日」
福井,8 福井テレビ1,2026-07-26,09:30,ジャンクSPORTS＃155🈑
福井,8 福井テレビ1,2026-07-26,10:00,かのサンド🈑
福井,8 福井テレビ1,2026-07-26,11:15,ミラモンGOLD🈑
福井,8 福井テレビ1,2026-07-26,11:45,番組情報
福井,8 福井テレビ1,2026-07-26,11:50,福井テレビ Live News days🈑
福井,8 福井テレビ1,2026-07-26,12:00,バナナサンド＃86🈑
福井,8 福井テレビ1,2026-07-26,13:00,ナゼそこ？人生180度激変！東京・原宿からナゼ奈良の山奥へ？謎だらけ移住家族SP
福井,8 福井テレビ1,2026-07-26,13:55,ミキティダイニング▼慶應卒ACEes那須合格を果たす勉強法！佐藤龍我ギャグ披露🈑
福井,8 福井テレビ1,2026-07-26,14:45,小田井涼平のレトロマングルメ2【トルコライス】
福井,8 福井テレビ1,2026-07-26,15:00,競馬BEAT
福井,8 福井テレビ1,2026-07-26,16:00,愛犬と幸せ珍道中！？ 大久保佳代子とおぎやはぎ小木のわんダフルツアー
福井,8 福井テレビ1,2026-07-26,17:00,西村キャンプ場【ゴールデンin北海道の完全版！パート1】
福井,8 福井テレビ1,2026-07-26,17:30,福井テレビ ニュース・イット！🈑
福井,8 福井テレビ1,2026-07-26,18:00,ちびまる子ちゃん【隣町の男子とプールで勝負する／たまちゃんちで日曜大工を】🈑🈖
福井,8 福井テレビ1,2026-07-26,18:30,サザエさん【憧れの松／うっかりでしっかり ほか】🈑🈖🈓
福井,8 福井テレビ1,2026-07-26,19:00,千鳥の鬼レンチャン◆鬼ハード初代女王誕生？STU池ちゃん＆高橋成美サビカラ登場🈑
福井,8 福井テレビ1,2026-07-26,21:00,Mr．サンデー🈑🈓
福井,8 福井テレビ1,2026-07-26,23:09,福井テレビニュース
福井,8 福井テレビ1,2026-07-26,23:15,ワンピース【エルバフの大罪人 冥界のロキ解放！？】🈑🈖
福井,8 福井テレビ1,2026-07-26,23:45,すぽると！ 大谷翔平のストレートは軌道が読めない⁉スター証言＆脳科学から紐解く🈑
富山,1 KNBテレビ1,2026-07-26,04:45,おはようショッピング
富山,1 KNBテレビ1,2026-07-26,05:15,それいけ！アンパンマン「鉄火のコマキちゃんとコチョウランさん・他」🈖🈑
富山,1 KNBテレビ1,2026-07-26,05:45,日本のチカラ🈑夜須町リメイク物語 〜地元を紡ぐデザイナー〜
富山,1 KNBテレビ1,2026-07-26,06:15,NNNニュースサンデー🈐
富山,1 KNBテレビ1,2026-07-26,06:30,超宇宙刑事ギャバン インフィニティ 第21話「ギャバン集結」🈑
富山,1 KNBテレビ1,2026-07-26,07:00,ドラえもん【大スタージャイアン！？】【万能クリーナー】🈑
富山,1 KNBテレビ1,2026-07-26,07:30,シューイチ🈑🈓8月から変わること＆新スポット▽秋山＆平子が南房総の体格グルメ堪能
富山,1 KNBテレビ1,2026-07-26,10:25,テレビガイド
富山,1 KNBテレビ1,2026-07-26,10:30,ガイアの夜明け【“新しい地魚”をつくる！】🈑
富山,1 KNBテレビ1,2026-07-26,11:30,NNN ストレイトニュース🈑
富山,1 KNBテレビ1,2026-07-26,11:39,KNBニュース・天気予報
富山,1 KNBテレビ1,2026-07-26,11:45,とやま情報局🈐学びの多様化学校 高志はるかぜ学園開校！
富山,1 KNBテレビ1,2026-07-26,12:00,出川哲朗の充電させてもらえませんか？【祝】10年目突入！千秋が登場！【九州】
富山,1 KNBテレビ1,2026-07-26,13:00,ちょこミラ♦初登場！天野アナの意外な趣味♦
富山,1 KNBテレビ1,2026-07-26,13:30,そこまで言って委員会NP 「大戦争時代」SP！戦争終結シナリオを徹底討論🈑
富山,1 KNBテレビ1,2026-07-26,15:00,24時間テレビ企画大公開SP🈑総合司会は内村光良！テーマは「わたしの家族の話」
富山,1 KNBテレビ1,2026-07-26,15:55,上沼・高田のクギズケ！ 水谷豊の娘婿に文春砲▽W杯でトランプ氏が大批判🈑
富山,1 KNBテレビ1,2026-07-26,16:50,ゆっちゅデchu
富山,1 KNBテレビ1,2026-07-26,16:55,サンデーPUSHスポーツ🈑ここが辛いよ救援投手…巨人SP！WBC戦士が本音を激白
富山,1 KNBテレビ1,2026-07-26,17:25,KNBニュース
富山,1 KNBテレビ1,2026-07-26,17:30,笑点🈖🈑🈓城島茂が座布団運び「ザ！鉄腕！DASH！！」×「笑点」夢のコラボDAY
富山,1 KNBテレビ1,2026-07-26,18:00,真相報道バンキシャ！🈑独自分析…熱中症患者10人の行動に教訓▽花火大会で湿度検証
富山,1 KNBテレビ1,2026-07-26,18:55,博士は今日も嫉妬する 人生が楽しくなる最新テクノロジー🈑
富山,1 KNBテレビ1,2026-07-26,19:00,ザ！鉄腕！DASH！！▽笑点60周年記念夏祭り！師匠全員参加で巨大お好み焼き！🈑
富山,1 KNBテレビ1,2026-07-26,19:58,イッテQ【お祭り男宮川＆二代目手越】フィンランドで丸太乗って川を下る木材選手権🈑
富山,1 KNBテレビ1,2026-07-26,20:54,KNBニュース・天気予報
富山,1 KNBテレビ1,2026-07-26,21:00,ゴールデンストーンズ▽番組史上最大‼人気芸人軍団と総勢31名の大混戦バトル🈑
富山,1 KNBテレビ1,2026-07-26,21:54,天気予報
富山,1 KNBテレビ1,2026-07-26,22:00,おしゃれクリップ🈖🈑出川哲朗はなぜ愛される？▼妻や一茂が忖度なしでガチ素顔告白
富山,1 KNBテレビ1,2026-07-26,22:30,ドラマ「一次元の挿し木」第4話【激動の真相が発覚…古人骨と義妹を巡る謎】🈖🈑🈓
富山,1 KNBテレビ1,2026-07-26,23:25,ダウンタウンのガキの使い！10人で男の勲章歌い切り！エース＆小田参戦で大波乱🈑
富山,1 KNBテレビ1,2026-07-26,23:55,Going！🈑生出演！渡邊雄太が明かす日本バスケの進化▼赤星絶賛！怪物高校生
富山,2 NHKEテレ..,2026-07-26,05:00,こころの時代 わからなさのなかで〜最首悟の思想をたどる〜🈑🈞
富山,2 NHKEテレ..,2026-07-26,06:00,NHK短歌 わたしの宮沢賢治 テーマ「月」🈑
富山,2 NHKEテレ..,2026-07-26,06:25,テレビ体操🈑
富山,2 NHKEテレ..,2026-07-26,06:35,NHK俳句 題「七夕」🈑
富山,2 NHKEテレ..,2026-07-26,07:00,第93回NHK全国学校音楽コンクール みんなの合唱レッスン・高等学校の部🈑
富山,2 NHKEテレ..,2026-07-26,07:10,第93回NHK全国学校音楽コンクール みんなの合唱レッスン・中学校の部🈑
富山,2 NHKEテレ..,2026-07-26,07:20,第93回NHK全国学校音楽コンクール みんなの合唱レッスン・小学校の部🈑
富山,2 NHKEテレ..,2026-07-26,07:30,おとうさんといっしょ「まねまねどんぐー」🈑🈞
富山,2 NHKEテレ..,2026-07-26,08:00,やさいの時間 みんなの菜園物語 兵庫県（後編）🈑
富山,2 NHKEテレ..,2026-07-26,08:25,趣味の園芸 京も一日陽だまり屋「の〜んびり 蘇鉄（そてつ）」🈑
富山,2 NHKEテレ..,2026-07-26,08:30,趣味の園芸 選 ステキをセレクト！タネから育てるコスモス🈑
富山,2 NHKEテレ..,2026-07-26,08:55,no art，no life「洋一」🈑
富山,2 NHKEテレ..,2026-07-26,09:00,日曜美術館 陶芸家ルーシー・リー 繊細でたくましい器🈑
富山,2 NHKEテレ..,2026-07-26,09:45,日曜美術館 アートシーン「まなざしの奇跡 日本女性写真家の冒険」展🈑
富山,2 NHKEテレ..,2026-07-26,10:00,将棋フォーカス 選 フォーカス流・観る将検定 第2回！🈑
富山,2 NHKEテレ..,2026-07-26,10:30,第76回 NHK杯テレビ将棋トーナメント 1回戦第17局 羽生九段×横山七段🈑
富山,2 NHKEテレ..,2026-07-26,12:00,囲碁フォーカス 選 知らずに使っている！？「囲碁用語」🈑
富山,2 NHKEテレ..,2026-07-26,12:30,第74回NHK杯テレビ囲碁トーナメント1回戦第17局酒井佑規七段×加藤千笑四段🈑
富山,2 NHKEテレ..,2026-07-26,14:00,日本の話芸 柳家蝠丸 落語「叩き蟹」🈖🈑
富山,2 NHKEテレ..,2026-07-26,14:30,アニメ 青のオーケストラ シーズン2（1）「ほころび」🈑
富山,2 NHKEテレ..,2026-07-26,14:55,アニメ 青のオーケストラ シーズン2（2）「波紋」🈑
富山,2 NHKEテレ..,2026-07-26,15:20,アニメ 青のオーケストラ シーズン2（3）「ケジメ」🈑
富山,2 NHKEテレ..,2026-07-26,15:45,アニメ 青のオーケストラ シーズン2（4）「体育祭」🈑
富山,2 NHKEテレ..,2026-07-26,16:10,ピタゴラミングスイッチ2🈑🈞
富山,2 NHKEテレ..,2026-07-26,16:30,ざわざわ森のがんこちゃん30周年スペシャルがんこのびっくりおたんじょうび会🈖🈑🈞
富山,2 NHKEテレ..,2026-07-26,17:00,アニメ アオアシ（17）東京都リーグ第7節 多摩体育大学附属高校戦🈑
富山,2 NHKEテレ..,2026-07-26,17:25,レディー・グレース 女王陛下のスパイ（4）「迷える女王」🈔🈑
富山,2 NHKEテレ..,2026-07-26,17:50,こども手話ウイークリー🈐
富山,2 NHKEテレ..,2026-07-26,18:00,木村多江の、いまさらですが… アメリカ建国の立役者 初代財務長官ハミルトン🈖🈑🈞
富山,2 NHKEテレ..,2026-07-26,18:30,ブリティッシュ・ベイクオフ6（17）チョコレート対決・前編🈔🈑🈞
富山,2 NHKEテレ..,2026-07-26,19:00,未病息災を願います 選「骨密度」が気になったら🈖🈑
富山,2 NHKEテレ..,2026-07-26,19:45,365日の献立日記「野菜ずし」🈑
富山,2 NHKEテレ..,2026-07-26,19:50,5分であさイチ 夏休みの“お昼ごはん”に革命を！🈑
富山,2 NHKEテレ..,2026-07-26,19:55,NHK手話ニュース🈐
富山,2 NHKEテレ..,2026-07-26,20:00,日曜美術館 滅びゆく写真 そして人類 現代美術作家・杉本博司🈑🈞
富山,2 NHKEテレ..,2026-07-26,20:45,日曜美術館 アートシーン「元禄！師宣劇場」展🈑
富山,2 NHKEテレ..,2026-07-26,21:00,古典芸能への招待 歌舞伎「近江源氏先陣館 盛綱陣屋」大阪松竹座さよなら公演🈕🈑
富山,2 NHKEテレ..,2026-07-26,23:00,美の壺 選「小さな芸術 干菓子」🈑
富山,2 NHKEテレ..,2026-07-26,23:30,サイエンスZERO“次世代塗料”が未来を塗り替える！？🈖🈑
富山,3 NHK総合1..,2026-07-26,05:00,ニュース・気象情報
富山,3 NHK総合1..,2026-07-26,05:10,Jリーグと私 あの試合を忘れない ＃17 横浜FM🈑
富山,3 NHK総合1..,2026-07-26,05:15,週末のNスペは… 激変・安全保障 日本の進路は🈑
富山,3 NHK総合1..,2026-07-26,05:20,桂文珍の演芸図鑑 レ・ロマネスクTOBI 柳亭小燕枝 三拍子🈑
富山,3 NHK総合1..,2026-07-26,05:50,気象情報
富山,3 NHK総合1..,2026-07-26,05:55,気象情報（東海・北陸）
富山,3 NHK総合1..,2026-07-26,06:00,ニュース
富山,3 NHK総合1..,2026-07-26,06:10,【特選！時代劇】大岡越前8 🈟（1）「燃える牢屋敷」🈖🈑
富山,3 NHK総合1..,2026-07-26,06:53,気象情報
富山,3 NHK総合1..,2026-07-26,06:55,ニュース・気象情報（東海・北陸）
富山,3 NHK総合1..,2026-07-26,07:00,NHKニュース おはよう日本 7月26日（日）🈑
富山,3 NHK総合1..,2026-07-26,07:40,ニュース・気象情報（東海・北陸）
富山,3 NHK総合1..,2026-07-26,07:45,さわやか自然百景 青森 屏風山湿原池沼群🈑
富山,3 NHK総合1..,2026-07-26,08:00,小さな旅「大原を継ぐ 〜京都市 左京区〜」🈖🈑
富山,3 NHK総合1..,2026-07-26,08:25,Dearにっぽん「私たちが新聞を書く理由〜滋賀・虎姫高校〜」🈑
富山,3 NHK総合1..,2026-07-26,08:50,あさイチの鈴木奈穂子アナが「NHK ONE」を解説🈑
富山,3 NHK総合1..,2026-07-26,08:57,気象情報
富山,3 NHK総合1..,2026-07-26,09:00,日曜討論 徹底解説！暑さはどこまで？対策は
富山,3 NHK総合1..,2026-07-26,10:00,ニュース・気象情報🈑
富山,3 NHK総合1..,2026-07-26,10:05,明日をまもるナビ選196 都市を襲う水害 内水氾濫〜見えない危険にどう備える🈖🈑
富山,3 NHK総合1..,2026-07-26,10:30,5分であさイチ（4）知ってトクする旅行術（2）バッグの詰め方🈑
富山,3 NHK総合1..,2026-07-26,10:35,ゆったり温泉ひとり旅 北海道・登別温泉🈑
富山,3 NHK総合1..,2026-07-26,11:04,ニュース🈑
富山,3 NHK総合1..,2026-07-26,11:05,あしたが変わるトリセツショー 骨ケアで健康革命！今すぐできる運動＆食事ワザ🈖🈑🈞
富山,3 NHK総合1..,2026-07-26,11:50,ふすま絵 奇跡の再会🈑
富山,3 NHK総合1..,2026-07-26,11:54,気象情報
富山,3 NHK総合1..,2026-07-26,12:00,ニュース🈑
富山,3 NHK総合1..,2026-07-26,12:10,ニュース（北陸3県）
富山,3 NHK総合1..,2026-07-26,12:15,NHKのど自慢 熱唱熱演名場面 2026 Part1🈑
富山,3 NHK総合1..,2026-07-26,12:55,ドキュメント72時間PR ドキュメント72時間の作り方＜編集・ナレーション編＞🈑
富山,3 NHK総合1..,2026-07-26,13:00,ニュース・気象情報🈑
富山,3 NHK総合1..,2026-07-26,13:05,北陸スペシャル 北陸に“野球の力”を〜開催直前！プロ野球オールスターゲーム〜🈞
富山,3 NHK総合1..,2026-07-26,13:32,アニメ「きとっピ冒険物語」
富山,3 NHK総合1..,2026-07-26,13:34,中部ネイチャーシリーズ 絶景コレクション「立山カルデラ」
富山,3 NHK総合1..,2026-07-26,13:35,さわやか自然百景10min．（37）兵庫 猫崎の海と黒川渓谷🈑
富山,3 NHK総合1..,2026-07-26,13:45,JAPAN DELISH 5min カレーライス🈑
富山,3 NHK総合1..,2026-07-26,13:50,アニメまとめPR 放送中！注目の3番組ほか🈑
富山,3 NHK総合1..,2026-07-26,13:55,プロフェッショナル 仕事の流儀 旅する家族、春をつなぐ〜養蜂家・藤井髙治〜🈖🈑🈞
富山,3 NHK総合1..,2026-07-26,14:40,秀サルでもわかる 豊臣兄弟！ なんで豊臣兄弟は明智光秀に勝てたの？🈑
富山,3 NHK総合1..,2026-07-26,14:45,あしたが変わるトリセツショー 番外編 フレイル対策15分エクササイズ🈑
富山,3 NHK総合1..,2026-07-26,15:00,ニュース・気象情報🈑
富山,3 NHK総合1..,2026-07-26,15:05,大相撲（2026年） 名古屋場所 千秋楽🈑
富山,3 NHK総合1..,2026-07-26,15:30,大相撲（2026年） 名古屋場所 千秋楽 優勝力士・三賞力士インタビュー🈔🈑
富山,3 NHK総合1..,2026-07-26,18:00,ニュース🈑
富山,3 NHK総合1..,2026-07-26,18:05,有吉のお金発見 突撃！カネオくん 令和に再ブーム！RCカーのヒミツ🈑
富山,3 NHK総合1..,2026-07-26,18:45,ニュースとやま
富山,3 NHK総合1..,2026-07-26,19:00,NHKニュース7🈔🈑
富山,3 NHK総合1..,2026-07-26,19:30,ダーウィンが来た！「最大の味方！最強のライバル！？動物兄弟」🈖🈑
富山,3 NHK総合1..,2026-07-26,20:00,豊臣兄弟！（29）天下への道🈖🈑
富山,3 NHK総合1..,2026-07-26,20:45,ニュース🈑🈐
富山,3 NHK総合1..,2026-07-26,20:55,ニュース・気象情報（東海・北陸）
富山,3 NHK総合1..,2026-07-26,21:00,NHKスペシャル 激変・安全保障 “力の支配”と揺らぐ国際秩序 日本の針路は🈑
富山,3 NHK総合1..,2026-07-26,22:00,サンデースポーツ🈑
富山,3 NHK総合1..,2026-07-26,22:50,ニュース・気象情報🈑
富山,3 NHK総合1..,2026-07-26,22:55,ハロー！NHKワールドJAPAN 7月の地域特集・山口県関連番組紹介🈑
富山,3 NHK総合1..,2026-07-26,23:00,DOC（ドック）3 あすへのカルテ（8）「暗闇の先へ」🈔🈑
富山,3 NHK総合1..,2026-07-26,23:59,連続テレビ小説「ひよっこ」再放送PR
富山,6 チューリップ..,2026-07-26,05:00,おはよう！ショッピング
富山,6 チューリップ..,2026-07-26,05:30,皇室アルバム
富山,6 チューリップ..,2026-07-26,05:45,THEフィッシング【執念で掴んだ衝撃の大型！カリスマが魅せる山陰エギング】
富山,6 チューリップ..,2026-07-26,06:15,ポケットモンスター【ドリームボールをキミに！】
富山,6 チューリップ..,2026-07-26,06:45,JNNニュース🈐
富山,6 チューリップ..,2026-07-26,07:00,健康カプセル！ゲンキの時間🈖🈑侮っていると一大事に！？消えないあざに隠れた恐怖
富山,6 チューリップ..,2026-07-26,07:30,がっちりマンデー‼CMで良く見るけど知らない会社！渡辺パイプ、INPEX、NGK
富山,6 チューリップ..,2026-07-26,08:00,サンデーモーニング🈑高市総理“寝てない”投稿の波紋▽消費税“迷走”と骨太ショック
富山,6 チューリップ..,2026-07-26,09:54,チューリップテレビ番組審議会だより
富山,6 チューリップ..,2026-07-26,10:00,サンデー・ジャポン 延長国会閉幕…議員直撃！▽堺雅人が緊急生出演！スタジオ生考察
富山,6 チューリップ..,2026-07-26,11:23,寅さんのものづくり応援団【南砺福野高校】
富山,6 チューリップ..,2026-07-26,11:27,天気予報
富山,6 チューリップ..,2026-07-26,11:30,6チャンチューリップ
富山,6 チューリップ..,2026-07-26,11:35,上田晋也のサンデーQ🈑堺雅人が生出演「VIVANT」エキストラは4千人！聖地先取り巡礼
富山,6 チューリップ..,2026-07-26,12:54,生活ナビテレビ
富山,6 チューリップ..,2026-07-26,12:59,開運！なんでも鑑定団 傑作選【いま価値急騰!?＜徳川家康＞も集めたお宝】🈞
富山,6 チューリップ..,2026-07-26,14:00,YOUは何しに日本へ？★創業100年!?京都で餅の名店
富山,6 チューリップ..,2026-07-26,15:24,ハッピータイム
富山,6 チューリップ..,2026-07-26,15:30,今さらシロー！岡田准一＆ロバート秋山が桜レジェンドから学ぶ「桜」の魅力
富山,6 チューリップ..,2026-07-26,16:30,レッツゴー怪奇組 第四怪🈑
富山,6 チューリップ..,2026-07-26,17:00,日5「正反対な君と僕」 ＃16「新学期」🈑🈓
富山,6 チューリップ..,2026-07-26,17:30,Nスタ🈑 「飛鳥・藤原の宮都」が世界遺産新登録なるか▽「土用の丑の日」うなぎ店は
富山,6 チューリップ..,2026-07-26,18:00,世界遺産／バリ島 1000年続く棚田の絶景（インドネシア）🈖🈑
富山,6 チューリップ..,2026-07-26,18:30,ベスコングルメ★夏の軽井沢SP・そば通DEEN池森オススメの手打ちそば名店へ🈖🈑🈓
富山,6 チューリップ..,2026-07-26,19:00,バナナマンのせっかくグルメ★VIVANT堺雅人＆濱田岳と日村が人気リゾート地🈑🈓
富山,6 チューリップ..,2026-07-26,20:00,VIVANT直前生放送★堺×阿部×二宮×松坂が集結！今からでも間に合うSPダイジェスト🈑
富山,6 チューリップ..,2026-07-26,21:00,🈟日曜劇場「VIVANT」第11話🈖🈑
富山,6 チューリップ..,2026-07-26,22:19,寿司といえば、富山story ＃29
富山,6 チューリップ..,2026-07-26,22:25,日曜日の初耳学◆堺雅人×林修『VIVANT』放送直後90分SP阿部寛＆初出しメイキング映像
富山,6 チューリップ..,2026-07-26,23:49,天気予報
富山,6 チューリップ..,2026-07-26,23:55,黒猫と魔女の教室🈑🈓 ＃16「イオ・トーラス がんばります」【アガルアニメ】
富山,8 富山テレビ放送1,2026-07-26,04:35,いいものプラス〜朝のテレショップ
富山,8 富山テレビ放送1,2026-07-26,05:05,BBTスクランブル🈑
富山,8 富山テレビ放送1,2026-07-26,05:15,テレビ寺子屋【「さ・か・さ」の学校／加藤登紀子】
富山,8 富山テレビ放送1,2026-07-26,05:45,皇室ご一家🈑
富山,8 富山テレビ放送1,2026-07-26,06:00,BBTニュース🈑
富山,8 富山テレビ放送1,2026-07-26,06:10,お天気情報
富山,8 富山テレビ放送1,2026-07-26,06:15,DIGIMON BEATBREAK【きれいごと】🈑🈖
富山,8 富山テレビ放送1,2026-07-26,06:43,ごるビバ
富山,8 富山テレビ放送1,2026-07-26,06:56,富山市民ニュース
富山,8 富山テレビ放送1,2026-07-26,07:00,SUNDAYブレイク． 千葉県勝浦でオズワルド伊藤が絶叫アクティビティ体験🈑🈕🈓
富山,8 富山テレビ放送1,2026-07-26,08:55,物語の始まりへ
富山,8 富山テレビ放送1,2026-07-26,09:00,家、ついて行ってイイですか？★祝ゴールデン10周年！桜の下で涙と笑いSP 後編
富山,8 富山テレビ放送1,2026-07-26,10:00,かのサンド◆学生街で絶品グルメSP！早稲田コスパ抜群グルメ＆学芸大学の名店中華🈑
富山,8 富山テレビ放送1,2026-07-26,11:15,ミラモンGOLD🈑
富山,8 富山テレビ放送1,2026-07-26,11:45,スエヒロガる！TV
富山,8 富山テレビ放送1,2026-07-26,11:50,FNN Live News days🈑
富山,8 富山テレビ放送1,2026-07-26,12:00,所さんの学校では教えてくれないそこんトコロ！
富山,8 富山テレビ放送1,2026-07-26,13:00,奇跡体験！アンビリバボー 感情揺さぶりまくり！衝撃映像＆逆転！奇跡の救出SP🈞🈑
富山,8 富山テレビ放送1,2026-07-26,14:00,所＆林修のポツンと一軒家 傑作選
富山,8 富山テレビ放送1,2026-07-26,15:00,競馬BEAT【第43回東海ステークス（GⅢ）▽第61回関屋記念（GⅢ）】
富山,8 富山テレビ放送1,2026-07-26,16:00,後世に残したいニッポン職人名鑑 驚異の職人技を大公開SP
富山,8 富山テレビ放送1,2026-07-26,17:25,サンデートピックス
富山,8 富山テレビ放送1,2026-07-26,17:30,北陸中日新聞 サンデーNews🈑
富山,8 富山テレビ放送1,2026-07-26,18:00,ちびまる子ちゃん【隣町の男子とプールで勝負する／たまちゃんちで日曜大工を】🈑🈖
富山,8 富山テレビ放送1,2026-07-26,18:30,サザエさん【憧れの松／うっかりでしっかり ほか】🈑🈖🈓
富山,8 富山テレビ放送1,2026-07-26,19:00,千鳥の鬼レンチャン◆鬼ハード初代女王誕生？STU池ちゃん＆高橋成美サビカラ登場🈑
富山,8 富山テレビ放送1,2026-07-26,20:54,BBTニュース＆お天気情報
富山,8 富山テレビ放送1,2026-07-26,21:00,Mr．サンデー🈑🈓
富山,8 富山テレビ放送1,2026-07-26,23:09,スエヒロガる！TV
富山,8 富山テレビ放送1,2026-07-26,23:15,ワンピース【エルバフの大罪人 冥界のロキ解放！？】🈑🈖
富山,8 富山テレビ放送1,2026-07-26,23:45,すぽると！ 大谷翔平のストレートは軌道が読めない⁉スター証言＆脳科学から紐解く🈑
三重,1 東海テレビ011,2026-07-26,04:34,ショッピングストリート
三重,1 東海テレビ011,2026-07-26,05:04,エンタメ！イッチー
三重,1 東海テレビ011,2026-07-26,05:12,村上佳菜子の週刊愛ちっち🈑🈞
三重,1 東海テレビ011,2026-07-26,05:15,メッセージ1
三重,1 東海テレビ011,2026-07-26,05:30,フットマップ🈑 アインシュタインと三重！VISON日本最大級のリゾート施設へ！
三重,1 東海テレビ011,2026-07-26,06:00,東海テレニュース🈑
三重,1 東海テレビ011,2026-07-26,06:15,スイッチ！サンデー🈑
三重,1 東海テレビ011,2026-07-26,07:00,SUNDAYブレイク． 千葉県勝浦でオズワルド伊藤が絶叫アクティビティ体験🈑🈕🈓
三重,1 東海テレビ011,2026-07-26,08:55,物語の始まりへ🈑
三重,1 東海テレビ011,2026-07-26,09:00,DIGIMON BEATBREAK【消せない夜】 ＃40🈑🈖
三重,1 東海テレビ011,2026-07-26,09:30,テレビアニメ「鬼滅の刃」シリーズ全編再放送【竈門炭治郎 立志編】🈑🈖🈓
三重,1 東海テレビ011,2026-07-26,10:00,かのサンド◆学生街で絶品グルメSP！早稲田コスパ抜群グルメ＆学芸大学の名店中華🈑
三重,1 東海テレビ011,2026-07-26,11:15,ミラモンGOLD🈑
三重,1 東海テレビ011,2026-07-26,11:45,お天気レーダー
三重,1 東海テレビ011,2026-07-26,11:50,FNN Live News days🈑
三重,1 東海テレビ011,2026-07-26,12:00,坂上どうぶつ王国傑作選🈑🈞
三重,1 東海テレビ011,2026-07-26,14:00,世界の何だコレ！？ミステリー傑作選🈑🈞
三重,1 東海テレビ011,2026-07-26,15:00,競馬BEAT【第43回東海ステークス（GⅢ）▽第61回関屋記念（GⅢ）】
三重,1 東海テレビ011,2026-07-26,16:00,東海のイイとこみんな教えて！田村淳のスマホ旅🈑🈖🈞
三重,1 東海テレビ011,2026-07-26,16:55,ぐっさん家傑作選🈑🈞【ぐっさん！知多市！男のロマンを巡る旅】
三重,1 東海テレビ011,2026-07-26,17:25,WAYS〜医療の道を拓くひと〜🈑
三重,1 東海テレビ011,2026-07-26,17:30,中日新聞テレビ日曜夕刊🈑
三重,1 東海テレビ011,2026-07-26,18:00,ちびまる子ちゃん【隣町の男子とプールで勝負する／たまちゃんちで日曜大工を】🈑🈖
三重,1 東海テレビ011,2026-07-26,18:30,サザエさん【憧れの松／うっかりでしっかり ほか】🈑🈖🈓
三重,1 東海テレビ011,2026-07-26,19:00,千鳥の鬼レンチャン◆鬼ハード初代女王誕生？STU池ちゃん＆高橋成美サビカラ登場🈑
三重,1 東海テレビ011,2026-07-26,20:54,東海テレニュース・天気🈑
三重,1 東海テレビ011,2026-07-26,21:00,Mr．サンデー🈑🈓
三重,1 東海テレビ011,2026-07-26,23:09,明日よる7時放送「ネプリーグ」見どころ
三重,1 東海テレビ011,2026-07-26,23:15,ワンピース【エルバフの大罪人 冥界のロキ解放！？】🈑🈖
三重,1 東海テレビ011,2026-07-26,23:45,すぽると！ 大谷翔平のストレートは軌道が読めない⁉スター証言＆脳科学から紐解く🈑
三重,2 NHKEテレ..,2026-07-26,05:00,こころの時代 わからなさのなかで〜最首悟の思想をたどる〜🈑🈞
三重,2 NHKEテレ..,2026-07-26,06:00,NHK短歌 わたしの宮沢賢治 テーマ「月」🈑
三重,2 NHKEテレ..,2026-07-26,06:25,テレビ体操🈑
三重,2 NHKEテレ..,2026-07-26,06:35,NHK俳句 題「七夕」🈑
三重,2 NHKEテレ..,2026-07-26,07:00,第93回NHK全国学校音楽コンクール みんなの合唱レッスン・高等学校の部🈑
三重,2 NHKEテレ..,2026-07-26,07:10,第93回NHK全国学校音楽コンクール みんなの合唱レッスン・中学校の部🈑
三重,2 NHKEテレ..,2026-07-26,07:20,第93回NHK全国学校音楽コンクール みんなの合唱レッスン・小学校の部🈑
三重,2 NHKEテレ..,2026-07-26,07:30,おとうさんといっしょ「まねまねどんぐー」🈑🈞
三重,2 NHKEテレ..,2026-07-26,08:00,やさいの時間 みんなの菜園物語 兵庫県（後編）🈑
三重,2 NHKEテレ..,2026-07-26,08:25,趣味の園芸 京も一日陽だまり屋「の〜んびり 蘇鉄（そてつ）」🈑
三重,2 NHKEテレ..,2026-07-26,08:30,趣味の園芸 選 ステキをセレクト！タネから育てるコスモス🈑
三重,2 NHKEテレ..,2026-07-26,08:55,no art，no life「洋一」🈑
三重,2 NHKEテレ..,2026-07-26,09:00,日曜美術館 陶芸家ルーシー・リー 繊細でたくましい器🈑
三重,2 NHKEテレ..,2026-07-26,09:45,日曜美術館 アートシーン「まなざしの奇跡 日本女性写真家の冒険」展🈑
三重,2 NHKEテレ..,2026-07-26,10:00,将棋フォーカス 選 フォーカス流・観る将検定 第2回！🈑
三重,2 NHKEテレ..,2026-07-26,10:30,第76回 NHK杯テレビ将棋トーナメント 1回戦第17局 羽生九段×横山七段🈑
三重,2 NHKEテレ..,2026-07-26,12:00,囲碁フォーカス 選 知らずに使っている！？「囲碁用語」🈑
三重,2 NHKEテレ..,2026-07-26,12:30,第74回NHK杯テレビ囲碁トーナメント1回戦第17局酒井佑規七段×加藤千笑四段🈑
三重,2 NHKEテレ..,2026-07-26,14:00,日本の話芸 柳家蝠丸 落語「叩き蟹」🈖🈑
三重,2 NHKEテレ..,2026-07-26,14:30,アニメ 青のオーケストラ シーズン2（1）「ほころび」🈑
三重,2 NHKEテレ..,2026-07-26,14:55,アニメ 青のオーケストラ シーズン2（2）「波紋」🈑
三重,2 NHKEテレ..,2026-07-26,15:20,アニメ 青のオーケストラ シーズン2（3）「ケジメ」🈑
三重,2 NHKEテレ..,2026-07-26,15:45,アニメ 青のオーケストラ シーズン2（4）「体育祭」🈑
三重,2 NHKEテレ..,2026-07-26,16:10,ピタゴラミングスイッチ2🈑🈞
三重,2 NHKEテレ..,2026-07-26,16:30,ざわざわ森のがんこちゃん30周年スペシャルがんこのびっくりおたんじょうび会🈖🈑🈞
三重,2 NHKEテレ..,2026-07-26,17:00,アニメ アオアシ（17）東京都リーグ第7節 多摩体育大学附属高校戦🈑
三重,2 NHKEテレ..,2026-07-26,17:25,レディー・グレース 女王陛下のスパイ（4）「迷える女王」🈔🈑
三重,2 NHKEテレ..,2026-07-26,17:50,こども手話ウイークリー🈐
三重,2 NHKEテレ..,2026-07-26,18:00,木村多江の、いまさらですが… アメリカ建国の立役者 初代財務長官ハミルトン🈖🈑🈞
三重,2 NHKEテレ..,2026-07-26,18:30,ブリティッシュ・ベイクオフ6（17）チョコレート対決・前編🈔🈑🈞
三重,2 NHKEテレ..,2026-07-26,19:00,未病息災を願います 選「骨密度」が気になったら🈖🈑
三重,2 NHKEテレ..,2026-07-26,19:45,365日の献立日記「野菜ずし」🈑
三重,2 NHKEテレ..,2026-07-26,19:50,5分であさイチ 夏休みの“お昼ごはん”に革命を！🈑
三重,2 NHKEテレ..,2026-07-26,19:55,NHK手話ニュース🈐
三重,2 NHKEテレ..,2026-07-26,20:00,日曜美術館 滅びゆく写真 そして人類 現代美術作家・杉本博司🈑🈞
三重,2 NHKEテレ..,2026-07-26,20:45,日曜美術館 アートシーン「元禄！師宣劇場」展🈑
三重,2 NHKEテレ..,2026-07-26,21:00,古典芸能への招待 歌舞伎「近江源氏先陣館 盛綱陣屋」大阪松竹座さよなら公演🈕🈑
三重,2 NHKEテレ..,2026-07-26,23:00,美の壺 選「小さな芸術 干菓子」🈑
三重,2 NHKEテレ..,2026-07-26,23:30,サイエンスZERO“次世代塗料”が未来を塗り替える！？🈖🈑
三重,3 NHK総合1・津,2026-07-26,05:00,ニュース・気象情報
三重,3 NHK総合1・津,2026-07-26,05:10,Jリーグと私 あの試合を忘れない ＃17 横浜FM🈑
三重,3 NHK総合1・津,2026-07-26,05:15,週末のNスペは… 激変・安全保障 日本の進路は🈑
三重,3 NHK総合1・津,2026-07-26,05:20,桂文珍の演芸図鑑 レ・ロマネスクTOBI 柳亭小燕枝 三拍子🈑
三重,3 NHK総合1・津,2026-07-26,05:50,気象情報
三重,3 NHK総合1・津,2026-07-26,05:55,気象情報（東海・北陸）
三重,3 NHK総合1・津,2026-07-26,06:00,ニュース
三重,3 NHK総合1・津,2026-07-26,06:10,【特選！時代劇】大岡越前8 🈟（1）「燃える牢屋敷」🈖🈑
三重,3 NHK総合1・津,2026-07-26,06:53,気象情報
三重,3 NHK総合1・津,2026-07-26,06:55,ニュース・気象情報（東海・北陸）
三重,3 NHK総合1・津,2026-07-26,07:00,NHKニュース おはよう日本 7月26日（日）🈑
三重,3 NHK総合1・津,2026-07-26,07:40,ニュース・気象情報（東海・北陸）
三重,3 NHK総合1・津,2026-07-26,07:45,さわやか自然百景 青森 屏風山湿原池沼群🈑
三重,3 NHK総合1・津,2026-07-26,08:00,小さな旅「大原を継ぐ 〜京都市 左京区〜」🈖🈑
三重,3 NHK総合1・津,2026-07-26,08:25,Dearにっぽん「私たちが新聞を書く理由〜滋賀・虎姫高校〜」🈑
三重,3 NHK総合1・津,2026-07-26,08:50,あさイチの鈴木奈穂子アナが「NHK ONE」を解説🈑
三重,3 NHK総合1・津,2026-07-26,08:57,気象情報
三重,3 NHK総合1・津,2026-07-26,09:00,日曜討論 徹底解説！暑さはどこまで？対策は
三重,3 NHK総合1・津,2026-07-26,10:00,ニュース・気象情報🈑
三重,3 NHK総合1・津,2026-07-26,10:05,明日をまもるナビ選196 都市を襲う水害 内水氾濫〜見えない危険にどう備える🈖🈑
三重,3 NHK総合1・津,2026-07-26,10:30,5分であさイチ（4）知ってトクする旅行術（2）バッグの詰め方🈑
三重,3 NHK総合1・津,2026-07-26,10:35,ゆったり温泉ひとり旅 北海道・登別温泉🈑
三重,3 NHK総合1・津,2026-07-26,11:04,ニュース🈑
三重,3 NHK総合1・津,2026-07-26,11:05,あしたが変わるトリセツショー 骨ケアで健康革命！今すぐできる運動＆食事ワザ🈖🈑🈞
三重,3 NHK総合1・津,2026-07-26,11:50,ふすま絵 奇跡の再会🈑
三重,3 NHK総合1・津,2026-07-26,11:54,気象情報
三重,3 NHK総合1・津,2026-07-26,12:00,ニュース🈑
三重,3 NHK総合1・津,2026-07-26,12:10,ニュース（東海3県）
三重,3 NHK総合1・津,2026-07-26,12:15,NHKのど自慢 熱唱熱演名場面 2026 Part1🈑
三重,3 NHK総合1・津,2026-07-26,12:55,ドキュメント72時間PR ドキュメント72時間の作り方＜編集・ナレーション編＞🈑
三重,3 NHK総合1・津,2026-07-26,13:00,ニュース・気象情報🈑
三重,3 NHK総合1・津,2026-07-26,13:05,ダーウィンが来た！「相葉さんと探せ！ミクロいきもの超ワールド」🈖🈑🈞
三重,3 NHK総合1・津,2026-07-26,13:35,さわやか自然百景10min．（37）兵庫 猫崎の海と黒川渓谷🈑
三重,3 NHK総合1・津,2026-07-26,13:45,JAPAN DELISH 5min カレーライス🈑
三重,3 NHK総合1・津,2026-07-26,13:50,アニメまとめPR 放送中！注目の3番組ほか🈑
三重,3 NHK総合1・津,2026-07-26,13:55,プロフェッショナル 仕事の流儀 旅する家族、春をつなぐ〜養蜂家・藤井髙治〜🈖🈑🈞
三重,3 NHK総合1・津,2026-07-26,14:40,秀サルでもわかる 豊臣兄弟！ なんで豊臣兄弟は明智光秀に勝てたの？🈑
三重,3 NHK総合1・津,2026-07-26,14:45,あしたが変わるトリセツショー 番外編 フレイル対策15分エクササイズ🈑
三重,3 NHK総合1・津,2026-07-26,15:00,ニュース・気象情報🈑
三重,3 NHK総合1・津,2026-07-26,15:05,大相撲（2026年） 名古屋場所 千秋楽🈑
三重,3 NHK総合1・津,2026-07-26,15:30,大相撲（2026年） 名古屋場所 千秋楽 優勝力士・三賞力士インタビュー🈔🈑
三重,3 NHK総合1・津,2026-07-26,18:00,ニュース🈑
三重,3 NHK総合1・津,2026-07-26,18:05,有吉のお金発見 突撃！カネオくん 令和に再ブーム！RCカーのヒミツ🈑
三重,3 NHK総合1・津,2026-07-26,18:45,ニュース・気象情報（東海3県）
三重,3 NHK総合1・津,2026-07-26,19:00,NHKニュース7🈔🈑
三重,3 NHK総合1・津,2026-07-26,19:30,ダーウィンが来た！「最大の味方！最強のライバル！？動物兄弟」🈖🈑
三重,3 NHK総合1・津,2026-07-26,20:00,豊臣兄弟！（29）天下への道🈖🈑
三重,3 NHK総合1・津,2026-07-26,20:45,ニュース🈑🈐
三重,3 NHK総合1・津,2026-07-26,20:55,ニュース・気象情報（東海・北陸）
三重,3 NHK総合1・津,2026-07-26,21:00,NHKスペシャル 激変・安全保障 “力の支配”と揺らぐ国際秩序 日本の針路は🈑
三重,3 NHK総合1・津,2026-07-26,22:00,サンデースポーツ🈑
三重,3 NHK総合1・津,2026-07-26,22:50,ニュース・気象情報🈑
三重,3 NHK総合1・津,2026-07-26,22:55,ハロー！NHKワールドJAPAN 7月の地域特集・山口県関連番組紹介🈑
三重,3 NHK総合1・津,2026-07-26,23:00,DOC（ドック）3 あすへのカルテ（8）「暗闇の先へ」🈔🈑
三重,3 NHK総合1・津,2026-07-26,23:59,連続テレビ小説「ひよっこ」再放送PR
三重,4 中京テレビ1,2026-07-26,04:45,ダイレクトテレショップ
三重,4 中京テレビ1,2026-07-26,05:15,ジャパネットたかたTVショッピング
三重,4 中京テレビ1,2026-07-26,05:45,あなたと中京テレビ🈑
三重,4 中京テレビ1,2026-07-26,06:00,皇室日記🈑▽天皇ご一家那須ご静養▽佳子さま「重複障がい者」に寄せる思い
三重,4 中京テレビ1,2026-07-26,06:15,NNNニュースサンデー🈐
三重,4 中京テレビ1,2026-07-26,06:30,それいけ！アンパンマン「ニガウリマンとねがい星かなえ星・他」🈖🈑
三重,4 中京テレビ1,2026-07-26,07:00,遠くへ行きたい【高橋成美が信州・長野へ】くるみ蕎麦＆清流が育む薬用魚🈖🈑
三重,4 中京テレビ1,2026-07-26,07:30,シューイチ🈑🈓8月から変わること＆新スポット▽秋山＆平子が南房総の体格グルメ堪能
三重,4 中京テレビ1,2026-07-26,09:55,ぐ〜たくさん🈓 超冷感グルメ！酷暑に快適絶品の冷やし鍋＆冷カツ丼⁉MC木村昴
三重,4 中京テレビ1,2026-07-26,11:40,上沼・高田のクギズケ！ 水谷豊の娘婿に文春砲▽W杯でトランプ氏が大批判🈑
三重,4 中京テレビ1,2026-07-26,12:35,仲間由紀恵が知多半島に‼めしあがれ！知多どれストラン！真夏の夏野菜カレーSP🈑
三重,4 中京テレビ1,2026-07-26,13:30,そこまで言って委員会NP 「大戦争時代」SP！戦争終結シナリオを徹底討論🈑
三重,4 中京テレビ1,2026-07-26,15:00,上田と女がDEEPに吠える夜【推し活疲れ】🈑🈞
三重,4 中京テレビ1,2026-07-26,15:27,笑ってコラえて🈑道の駅スゴロク！全国1230駅踏破⁉家族で当てよう売上1位は？🈞
三重,4 中京テレビ1,2026-07-26,16:30,イッテQ🈑珍獣ハンターイモト南アフリカで激レア珍獣▼お祭り宮川ポテト大食い熱戦🈞
三重,4 中京テレビ1,2026-07-26,17:25,さいしょの一歩🈖🈑東海3県の子ども＆家族ドキドキの瞬間に密着／ナレーター髙木菜那
三重,4 中京テレビ1,2026-07-26,17:30,笑点🈖🈑🈓城島茂が座布団運び「ザ！鉄腕！DASH！！」×「笑点」夢のコラボDAY
三重,4 中京テレビ1,2026-07-26,18:00,真相報道バンキシャ！🈑独自分析…熱中症患者10人の行動に教訓▽花火大会で湿度検証
三重,4 中京テレビ1,2026-07-26,18:55,博士は今日も嫉妬する 人生が楽しくなる最新テクノロジー🈑
三重,4 中京テレビ1,2026-07-26,19:00,ザ！鉄腕！DASH！！▽笑点60周年記念夏祭り！師匠全員参加で巨大お好み焼き！🈑
三重,4 中京テレビ1,2026-07-26,19:58,イッテQ【お祭り男宮川＆二代目手越】フィンランドで丸太乗って川を下る木材選手権🈑
三重,4 中京テレビ1,2026-07-26,20:54,音のソノリティ🈑
三重,4 中京テレビ1,2026-07-26,21:00,ゴールデンストーンズ▽番組史上最大‼人気芸人軍団と総勢31名の大混戦バトル🈑
三重,4 中京テレビ1,2026-07-26,21:54,4チャン、押してみな。
三重,4 中京テレビ1,2026-07-26,22:00,おしゃれクリップ🈖🈑出川哲朗はなぜ愛される？▼妻や一茂が忖度なしでガチ素顔告白
三重,4 中京テレビ1,2026-07-26,22:30,ドラマ「一次元の挿し木」第4話【激動の真相が発覚…古人骨と義妹を巡る謎】🈖🈑🈓
三重,4 中京テレビ1,2026-07-26,23:25,ダウンタウンのガキの使い！10人で男の勲章歌い切り！エース＆小田参戦で大波乱🈑
三重,4 中京テレビ1,2026-07-26,23:55,Going！🈑生出演！渡邊雄太が明かす日本バスケの進化▼赤星絶賛！怪物高校生
三重,5 CBCテレビ,2026-07-26,04:40,うたなびMAX！！
三重,5 CBCテレビ,2026-07-26,05:10,テレビショッピング
三重,5 CBCテレビ,2026-07-26,05:40,今夜8時〜「VIVANT直前生放送」堺×阿部×二宮集結！今からでも間に合うダイジェスト
三重,5 CBCテレビ,2026-07-26,05:45,皇室アルバム【天皇皇后両陛下 学術・芸術の発展を願われて】
三重,5 CBCテレビ,2026-07-26,06:00,バナナマンの早起きせっかくグルメ★全国から厳選！極上焼肉のタレでお肉を大満喫！🈑
三重,5 CBCテレビ,2026-07-26,06:45,JNNニュース🈐
三重,5 CBCテレビ,2026-07-26,07:00,健康カプセル！ゲンキの時間🈖🈑侮っていると一大事に！？消えないあざに隠れた恐怖
三重,5 CBCテレビ,2026-07-26,07:30,がっちりマンデー‼CMで良く見るけど知らない会社！渡辺パイプ、INPEX、NGK
三重,5 CBCテレビ,2026-07-26,08:00,サンデーモーニング🈑高市総理“寝てない”投稿の波紋▽消費税“迷走”と骨太ショック
三重,5 CBCテレビ,2026-07-26,09:54,今夜9時〜スタート！日曜劇場「VIVANT」第11話
三重,5 CBCテレビ,2026-07-26,10:00,サンデー・ジャポン 延長国会閉幕…議員直撃！▽堺雅人が緊急生出演！スタジオ生考察
三重,5 CBCテレビ,2026-07-26,11:23,天気予報
三重,5 CBCテレビ,2026-07-26,11:29,今夜8時〜「VIVANT直前生放送」堺×阿部×二宮集結！今からでも間に合うダイジェスト
三重,5 CBCテレビ,2026-07-26,11:35,上田晋也のサンデーQ🈑堺雅人が生出演「VIVANT」エキストラは4千人！聖地先取り巡礼
三重,5 CBCテレビ,2026-07-26,12:54,サンデードラゴンズ【再生への道 落合×森対談！完結編】
三重,5 CBCテレビ,2026-07-26,13:24,燃えよドラゴンズ2026「中日×DeNA」🈖🈓
三重,5 CBCテレビ,2026-07-26,16:30,レッツゴー怪奇組 第四怪🈑
三重,5 CBCテレビ,2026-07-26,17:00,日5「正反対な君と僕」 ＃16「新学期」🈑🈓
三重,5 CBCテレビ,2026-07-26,17:30,Nスタ🈑 「飛鳥・藤原の宮都」が世界遺産新登録なるか▽「土用の丑の日」うなぎ店は
三重,5 CBCテレビ,2026-07-26,18:00,世界遺産／バリ島 1000年続く棚田の絶景（インドネシア）🈖🈑
三重,5 CBCテレビ,2026-07-26,18:30,ベスコングルメ★夏の軽井沢SP・そば通DEEN池森オススメの手打ちそば名店へ🈖🈑🈓
三重,5 CBCテレビ,2026-07-26,19:00,バナナマンのせっかくグルメ★VIVANT堺雅人＆濱田岳と日村が人気リゾート地🈑🈓
三重,5 CBCテレビ,2026-07-26,20:00,VIVANT直前生放送★堺×阿部×二宮×松坂が集結！今からでも間に合うSPダイジェスト🈑
三重,5 CBCテレビ,2026-07-26,21:00,🈟日曜劇場「VIVANT」第11話🈖🈑
三重,5 CBCテレビ,2026-07-26,22:19,天気予報
三重,5 CBCテレビ,2026-07-26,22:25,日曜日の初耳学◆堺雅人×林修『VIVANT』放送直後90分SP阿部寛＆初出しメイキング映像
三重,5 CBCテレビ,2026-07-26,23:49,東京空色さんぽ🈖🈑
三重,5 CBCテレビ,2026-07-26,23:55,黒猫と魔女の教室🈑🈓 ＃16「イオ・トーラス がんばります」【アガルアニメ】
三重,6 メ〜テレ,2026-07-26,04:45,テレビショッピング
三重,6 メ〜テレ,2026-07-26,05:15,メ〜ロメロ！メ〜テレ 地元に響け、愛のメ〜ロディ♥
三重,6 メ〜テレ,2026-07-26,05:20,テレビショッピング
三重,6 メ〜テレ,2026-07-26,05:50,グッド！モーニング🈓🈑
三重,6 メ〜テレ,2026-07-26,08:00,よ〜い！スターと！トビダスクール しなことリボンでTシャツデコ！🈓🈑
三重,6 メ〜テレ,2026-07-26,08:30,名探偵プリキュア！ #26 キュアエクレールの復活！🈓🈑
三重,6 メ〜テレ,2026-07-26,09:00,仮面ライダーゼッツ 第45話「惑わす」🈓🈑
三重,6 メ〜テレ,2026-07-26,09:30,🈟角醒ハンター オメガホーン 第1話「角醒せよ！赤き角獣王！」🈓🈑
三重,6 メ〜テレ,2026-07-26,10:00,科捜研の女10 ＃4🈑🈞
三重,6 メ〜テレ,2026-07-26,11:00,U字工事のナゴツウ大作戦傑作選【ドデスカ！メ〜ロメロ！セレクション】🈑
三重,6 メ〜テレ,2026-07-26,11:15,オカムラ麺ズ倶楽部 ▽ナイナイ岡村が熱田神宮をご参拝！きしめんを初体験！？🈑🈞
三重,6 メ〜テレ,2026-07-26,11:45,おもてなし隊なごや2026🈑
三重,6 メ〜テレ,2026-07-26,11:50,ANNニュース🈑
三重,6 メ〜テレ,2026-07-26,12:00,ビートたけしのTVタックル 昭和は驚きの光景が…令和のゴミ問題＆激安リユース店🈑
三重,6 メ〜テレ,2026-07-26,12:55,新婚さんいらっしゃい！ オーストラリア在住夫婦出場！親戚100人大運動会⁉ 🈖🈑
三重,6 メ〜テレ,2026-07-26,13:25,華丸丼と大吉麺【荻窪で発見！あのドラマの監修をした三ツ星店の斬新沖縄そば】🈑
三重,6 メ〜テレ,2026-07-26,13:55,林修の今知りたいでしょ！ 傑作選 帯状疱疹・脳卒中・糖尿病！意外な病気のサイン🈑
三重,6 メ〜テレ,2026-07-26,15:20,ナニコレ珍百景 アクセサリー会社社長は女子中学生&アイスのフルコース&手品銭湯🈑🈞
三重,6 メ〜テレ,2026-07-26,16:25,超町人！チョコレートサムネット ▽チョコプラ大歓喜！養老の星・幸ちゃん登場！🈑
三重,6 メ〜テレ,2026-07-26,17:25,港時間🈑
三重,6 メ〜テレ,2026-07-26,17:30,ANNスーパーJチャンネル🈑
三重,6 メ〜テレ,2026-07-26,17:55,メ〜ロメロ！メ〜テレ 地元に響け、愛のメ〜ロディ♥
三重,6 メ〜テレ,2026-07-26,18:00,相葉マナブ 初登場！timelesz佐藤勝利と地引き網！相模湾で何が獲れる？🈑
三重,6 メ〜テレ,2026-07-26,18:52,メ〜ロメロ！メ〜テレ 地元に響け、愛のメ〜ロディ♥
三重,6 メ〜テレ,2026-07-26,18:56,ポツンと一軒家 2時間SP！84歳チェーンソーアート挑戦！仲間とBBQ宴会＆絶景岩風呂🈑
三重,6 メ〜テレ,2026-07-26,20:56,有働Times🈑
三重,6 メ〜テレ,2026-07-26,22:15,マイ・フィクション 第4話「刑務所にいるはずの人間」🈖🈑
三重,6 メ〜テレ,2026-07-26,23:09,メ〜ロメロ！メ〜テレ 地元に響け、愛のメ〜ロディ♥
三重,6 メ〜テレ,2026-07-26,23:15,EIGHT－JAM 【中森明菜特集‼松田聖子・小泉今日子との関係、振付秘話…】🈑
三重,10 テレビ愛知1,2026-07-26,04:54,モーニングプレゼント（1部）
三重,10 テレビ愛知1,2026-07-26,05:24,モーニングプレゼント（2部）
三重,10 テレビ愛知1,2026-07-26,05:54,モーニングプレゼント（3部）
三重,10 テレビ愛知1,2026-07-26,06:24,ルアルアチャンネル【池内修次さんとイカメタル】
三重,10 テレビ愛知1,2026-07-26,06:54,天気予報
三重,10 テレビ愛知1,2026-07-26,07:00,アニもり！🈑
三重,10 テレビ愛知1,2026-07-26,07:30,ポケモンとどこいく！？【チャンピオンズ対決に派手刺客でバトル部ピンチ！】🈑🈓
三重,10 テレビ愛知1,2026-07-26,08:30,トミプラワールドのりのりタイムズ！！🈑
三重,10 テレビ愛知1,2026-07-26,09:00,ギャビーのドールハウス 118話 新しい家族のベニー・ボックス（前編）🈑🈔
三重,10 テレビ愛知1,2026-07-26,09:15,ぷにるんず ぷに3 第17話『くーるんとカチコチあいるん♪』🈞🈑
三重,10 テレビ愛知1,2026-07-26,09:30,おねがいアイプリ あおいとおねがいかなえ隊🈑
三重,10 テレビ愛知1,2026-07-26,10:00,武井壮のゴルフバッグ担いでください▽永久保存版！宮里優作プロのゴルフレッスン🈑
三重,10 テレビ愛知1,2026-07-26,10:30,優香のサンデークッキング【レンジde簡単ナスキーマ＆グリルde焼きナス】🈑
三重,10 テレビ愛知1,2026-07-26,11:00,YOUは何しに日本へ？傑作選🈑
三重,10 テレビ愛知1,2026-07-26,11:55,世界！ニッポン行きたい人応援団傑作選🈑
三重,10 テレビ愛知1,2026-07-26,12:55,開運！なんでも鑑定団傑作選🈑🈖
三重,10 テレビ愛知1,2026-07-26,14:00,大東建託・いい部屋ネットレディス🈑
三重,10 テレビ愛知1,2026-07-26,15:15,監察官・羽生宗一2🈖
三重,10 テレビ愛知1,2026-07-26,17:15,テレプラザ
三重,10 テレビ愛知1,2026-07-26,17:20,TXNニュース🈑🈐
三重,10 テレビ愛知1,2026-07-26,17:30,鉄鍋のジャン！「毒を御す者」🈑
三重,10 テレビ愛知1,2026-07-26,18:00,パズドラ「吹き矢コンボバトル／もう一度見たい！アニメセレクション」🈑🈓
三重,10 テレビ愛知1,2026-07-26,18:30,日本の海を守る！海上保安庁の激ヤバすぎる最前線100連発SP🈑🈓
三重,10 テレビ愛知1,2026-07-26,20:50,家、ついて行ってイイですか？菊池風磨愛止まらない女子＆妻夫木涙…亡き妻への想い🈑
三重,10 テレビ愛知1,2026-07-26,21:54,天気予報
三重,10 テレビ愛知1,2026-07-26,22:00,有吉ぃぃeeeee!【アモアス】クセ者10人でダマし合い！裏切り者は誰だ？🈑
三重,10 テレビ愛知1,2026-07-26,22:48,愛知あたりまえ体操
三重,10 テレビ愛知1,2026-07-26,22:54,スポーツリアライブ
三重,10 テレビ愛知1,2026-07-26,23:20,Weekly女子ゴルフ
三重,10 テレビ愛知1,2026-07-26,23:45,ふつつかな悪女ではございますが〜雛宮蝶鼠とりかえ伝〜 第3話🈑
三重,7 三重テレビ1,2026-07-26,04:53,ダイレクトテレショップ
三重,7 三重テレビ1,2026-07-26,05:23,ショップジャパン
三重,7 三重テレビ1,2026-07-26,05:53,天気予報
三重,7 三重テレビ1,2026-07-26,05:55,スゴ得！なに使ってこうなりました？
三重,7 三重テレビ1,2026-07-26,06:25,ワンラブショッピング
三重,7 三重テレビ1,2026-07-26,06:55,〜加齢に負けない薄毛ケア最前線〜知っておきたい実践セレクション
三重,7 三重テレビ1,2026-07-26,07:25,ダイレクトテレショップ
三重,7 三重テレビ1,2026-07-26,07:55,幸せマルシェ！プレミアム
三重,7 三重テレビ1,2026-07-26,08:25,岡三投資ナビ🈞
三重,7 三重テレビ1,2026-07-26,08:40,ダイレクトテレショップ
三重,7 三重テレビ1,2026-07-26,09:10,匠の技🈞 「伊勢形紙▽伊勢和紙▽関の桶」
三重,7 三重テレビ1,2026-07-26,09:25,天気予報
三重,7 三重テレビ1,2026-07-26,09:30,おウチde買いまSHOW
三重,7 三重テレビ1,2026-07-26,10:00,健康テレビショッピング あなたの食事がガラリと変わる！！大調査ズバリあなたの食事
三重,7 三重テレビ1,2026-07-26,10:30,やすらかな夢を見られる日まで〜ストレスと介護と〜
三重,7 三重テレビ1,2026-07-26,11:00,おウチde買いまSHOW
三重,7 三重テレビ1,2026-07-26,11:30,腰と膝にお悩みのあなた 必見！
三重,7 三重テレビ1,2026-07-26,12:00,ぺこもぐキッチン ▽後藤真希が話題の『重ね煮』で超超超いい感じに野菜を大量摂取！
三重,7 三重テレビ1,2026-07-26,12:30,ショップジャパン
三重,7 三重テレビ1,2026-07-26,13:00,あなたがいるから・・・Being with you
三重,7 三重テレビ1,2026-07-26,13:30,野草の持つ健康のチカラに迫る！
三重,7 三重テレビ1,2026-07-26,14:00,人生がもっと楽しくなる！脳の㊙健康法！
三重,7 三重テレビ1,2026-07-26,14:30,開運！なんでも鑑定団傑作選 「清水隆行▽出張鑑定：神奈川県横浜市青葉区」
三重,7 三重テレビ1,2026-07-26,15:30,ダイレクトテレショップ
三重,7 三重テレビ1,2026-07-26,16:00,お買い物ベストショー 通販商品大集合スペシャル
三重,7 三重テレビ1,2026-07-26,16:30,通販商品大集合  お買い物ベストショー  昭和100年スペシャル
三重,7 三重テレビ1,2026-07-26,17:00,健康の知恵袋  野草のすご〜い話！
三重,7 三重テレビ1,2026-07-26,17:30,おウチde買いまSHOW
三重,7 三重テレビ1,2026-07-26,18:00,三重テレビニュースウィズ
三重,7 三重テレビ1,2026-07-26,18:15,ゲンキ！みえ！〜生き活きリポート〜 「ムーンリバーファーム／津市」
三重,7 三重テレビ1,2026-07-26,18:30,80歳の壁なんて怖くない？？？？で30品目元気習慣
三重,7 三重テレビ1,2026-07-26,19:00,おとな旅あるき旅 「夏京都のんびり浴衣でそぞろ歩き 雅な花街で京の風物詩」
三重,7 三重テレビ1,2026-07-26,19:30,〜新時代の漢方最前線〜現代を生きる知恵セレクション
三重,7 三重テレビ1,2026-07-26,20:00,日曜アワー「ダイアンの奇跡の安い店！沿線グルメ対決旅」
三重,7 三重テレビ1,2026-07-26,21:55,中日ニュース
三重,7 三重テレビ1,2026-07-26,22:00,衝撃的人物バラエティー ありえへん∞世界SP2 ▽愛知県豊川市の〇〇工場に潜入！
三重,7 三重テレビ1,2026-07-26,22:54,SPORTS Real＆Live
三重,7 三重テレビ1,2026-07-26,23:20,インフォマーシャル
三重,7 三重テレビ1,2026-07-26,23:50,あのちゃんの電電電波♪ 「2人組ロックバンド・セカンドバッカーが登場！」
岐阜,1 東海テレビ011,2026-07-26,04:34,ショッピングストリート
岐阜,1 東海テレビ011,2026-07-26,05:04,エンタメ！イッチー
岐阜,1 東海テレビ011,2026-07-26,05:12,村上佳菜子の週刊愛ちっち🈑🈞
岐阜,1 東海テレビ011,2026-07-26,05:15,メッセージ1
岐阜,1 東海テレビ011,2026-07-26,05:30,フットマップ🈑 アインシュタインと三重！VISON日本最大級のリゾート施設へ！
岐阜,1 東海テレビ011,2026-07-26,06:00,東海テレニュース🈑
岐阜,1 東海テレビ011,2026-07-26,06:15,スイッチ！サンデー🈑
岐阜,1 東海テレビ011,2026-07-26,07:00,SUNDAYブレイク． 千葉県勝浦でオズワルド伊藤が絶叫アクティビティ体験🈑🈕🈓
岐阜,1 東海テレビ011,2026-07-26,08:55,物語の始まりへ🈑
岐阜,1 東海テレビ011,2026-07-26,09:00,DIGIMON BEATBREAK【消せない夜】 ＃40🈑🈖
岐阜,1 東海テレビ011,2026-07-26,09:30,テレビアニメ「鬼滅の刃」シリーズ全編再放送【竈門炭治郎 立志編】🈑🈖🈓
岐阜,1 東海テレビ011,2026-07-26,10:00,かのサンド◆学生街で絶品グルメSP！早稲田コスパ抜群グルメ＆学芸大学の名店中華🈑
岐阜,1 東海テレビ011,2026-07-26,11:15,ミラモンGOLD🈑
岐阜,1 東海テレビ011,2026-07-26,11:45,お天気レーダー
岐阜,1 東海テレビ011,2026-07-26,11:50,FNN Live News days🈑
岐阜,1 東海テレビ011,2026-07-26,12:00,坂上どうぶつ王国傑作選🈑🈞
岐阜,1 東海テレビ011,2026-07-26,14:00,世界の何だコレ！？ミステリー傑作選🈑🈞
岐阜,1 東海テレビ011,2026-07-26,15:00,競馬BEAT【第43回東海ステークス（GⅢ）▽第61回関屋記念（GⅢ）】
岐阜,1 東海テレビ011,2026-07-26,16:00,東海のイイとこみんな教えて！田村淳のスマホ旅🈑🈖🈞
岐阜,1 東海テレビ011,2026-07-26,16:55,ぐっさん家傑作選🈑🈞【ぐっさん！知多市！男のロマンを巡る旅】
岐阜,1 東海テレビ011,2026-07-26,17:25,WAYS〜医療の道を拓くひと〜🈑
岐阜,1 東海テレビ011,2026-07-26,17:30,中日新聞テレビ日曜夕刊🈑
岐阜,1 東海テレビ011,2026-07-26,18:00,ちびまる子ちゃん【隣町の男子とプールで勝負する／たまちゃんちで日曜大工を】🈑🈖
岐阜,1 東海テレビ011,2026-07-26,18:30,サザエさん【憧れの松／うっかりでしっかり ほか】🈑🈖🈓
岐阜,1 東海テレビ011,2026-07-26,19:00,千鳥の鬼レンチャン◆鬼ハード初代女王誕生？STU池ちゃん＆高橋成美サビカラ登場🈑
岐阜,1 東海テレビ011,2026-07-26,20:54,東海テレニュース・天気🈑
岐阜,1 東海テレビ011,2026-07-26,21:00,Mr．サンデー🈑🈓
岐阜,1 東海テレビ011,2026-07-26,23:09,明日よる7時放送「ネプリーグ」見どころ
岐阜,1 東海テレビ011,2026-07-26,23:15,ワンピース【エルバフの大罪人 冥界のロキ解放！？】🈑🈖
岐阜,1 東海テレビ011,2026-07-26,23:45,すぽると！ 大谷翔平のストレートは軌道が読めない⁉スター証言＆脳科学から紐解く🈑
岐阜,2 NHKEテレ..,2026-07-26,05:00,こころの時代 わからなさのなかで〜最首悟の思想をたどる〜🈑🈞
岐阜,2 NHKEテレ..,2026-07-26,06:00,NHK短歌 わたしの宮沢賢治 テーマ「月」🈑
岐阜,2 NHKEテレ..,2026-07-26,06:25,テレビ体操🈑
岐阜,2 NHKEテレ..,2026-07-26,06:35,NHK俳句 題「七夕」🈑
岐阜,2 NHKEテレ..,2026-07-26,07:00,第93回NHK全国学校音楽コンクール みんなの合唱レッスン・高等学校の部🈑
岐阜,2 NHKEテレ..,2026-07-26,07:10,第93回NHK全国学校音楽コンクール みんなの合唱レッスン・中学校の部🈑
岐阜,2 NHKEテレ..,2026-07-26,07:20,第93回NHK全国学校音楽コンクール みんなの合唱レッスン・小学校の部🈑
岐阜,2 NHKEテレ..,2026-07-26,07:30,おとうさんといっしょ「まねまねどんぐー」🈑🈞
岐阜,2 NHKEテレ..,2026-07-26,08:00,やさいの時間 みんなの菜園物語 兵庫県（後編）🈑
岐阜,2 NHKEテレ..,2026-07-26,08:25,趣味の園芸 京も一日陽だまり屋「の〜んびり 蘇鉄（そてつ）」🈑
岐阜,2 NHKEテレ..,2026-07-26,08:30,趣味の園芸 選 ステキをセレクト！タネから育てるコスモス🈑
岐阜,2 NHKEテレ..,2026-07-26,08:55,no art，no life「洋一」🈑
岐阜,2 NHKEテレ..,2026-07-26,09:00,日曜美術館 陶芸家ルーシー・リー 繊細でたくましい器🈑
岐阜,2 NHKEテレ..,2026-07-26,09:45,日曜美術館 アートシーン「まなざしの奇跡 日本女性写真家の冒険」展🈑
岐阜,2 NHKEテレ..,2026-07-26,10:00,将棋フォーカス 選 フォーカス流・観る将検定 第2回！🈑
岐阜,2 NHKEテレ..,2026-07-26,10:30,第76回 NHK杯テレビ将棋トーナメント 1回戦第17局 羽生九段×横山七段🈑
岐阜,2 NHKEテレ..,2026-07-26,12:00,囲碁フォーカス 選 知らずに使っている！？「囲碁用語」🈑
岐阜,2 NHKEテレ..,2026-07-26,12:30,第74回NHK杯テレビ囲碁トーナメント1回戦第17局酒井佑規七段×加藤千笑四段🈑
岐阜,2 NHKEテレ..,2026-07-26,14:00,日本の話芸 柳家蝠丸 落語「叩き蟹」🈖🈑
岐阜,2 NHKEテレ..,2026-07-26,14:30,アニメ 青のオーケストラ シーズン2（1）「ほころび」🈑
岐阜,2 NHKEテレ..,2026-07-26,14:55,アニメ 青のオーケストラ シーズン2（2）「波紋」🈑
岐阜,2 NHKEテレ..,2026-07-26,15:20,アニメ 青のオーケストラ シーズン2（3）「ケジメ」🈑
岐阜,2 NHKEテレ..,2026-07-26,15:45,アニメ 青のオーケストラ シーズン2（4）「体育祭」🈑
岐阜,2 NHKEテレ..,2026-07-26,16:10,ピタゴラミングスイッチ2🈑🈞
岐阜,2 NHKEテレ..,2026-07-26,16:30,ざわざわ森のがんこちゃん30周年スペシャルがんこのびっくりおたんじょうび会🈖🈑🈞
岐阜,2 NHKEテレ..,2026-07-26,17:00,アニメ アオアシ（17）東京都リーグ第7節 多摩体育大学附属高校戦🈑
岐阜,2 NHKEテレ..,2026-07-26,17:25,レディー・グレース 女王陛下のスパイ（4）「迷える女王」🈔🈑
岐阜,2 NHKEテレ..,2026-07-26,17:50,こども手話ウイークリー🈐
岐阜,2 NHKEテレ..,2026-07-26,18:00,木村多江の、いまさらですが… アメリカ建国の立役者 初代財務長官ハミルトン🈖🈑🈞
岐阜,2 NHKEテレ..,2026-07-26,18:30,ブリティッシュ・ベイクオフ6（17）チョコレート対決・前編🈔🈑🈞
岐阜,2 NHKEテレ..,2026-07-26,19:00,未病息災を願います 選「骨密度」が気になったら🈖🈑
岐阜,2 NHKEテレ..,2026-07-26,19:45,365日の献立日記「野菜ずし」🈑
岐阜,2 NHKEテレ..,2026-07-26,19:50,5分であさイチ 夏休みの“お昼ごはん”に革命を！🈑
岐阜,2 NHKEテレ..,2026-07-26,19:55,NHK手話ニュース🈐
岐阜,2 NHKEテレ..,2026-07-26,20:00,日曜美術館 滅びゆく写真 そして人類 現代美術作家・杉本博司🈑🈞
岐阜,2 NHKEテレ..,2026-07-26,20:45,日曜美術館 アートシーン「元禄！師宣劇場」展🈑
岐阜,2 NHKEテレ..,2026-07-26,21:00,古典芸能への招待 歌舞伎「近江源氏先陣館 盛綱陣屋」大阪松竹座さよなら公演🈕🈑
岐阜,2 NHKEテレ..,2026-07-26,23:00,美の壺 選「小さな芸術 干菓子」🈑
岐阜,2 NHKEテレ..,2026-07-26,23:30,サイエンスZERO“次世代塗料”が未来を塗り替える！？🈖🈑
岐阜,3 NHK総合1..,2026-07-26,05:00,ニュース・気象情報
岐阜,3 NHK総合1..,2026-07-26,05:10,Jリーグと私 あの試合を忘れない ＃17 横浜FM🈑
岐阜,3 NHK総合1..,2026-07-26,05:15,週末のNスペは… 激変・安全保障 日本の進路は🈑
岐阜,3 NHK総合1..,2026-07-26,05:20,桂文珍の演芸図鑑 レ・ロマネスクTOBI 柳亭小燕枝 三拍子🈑
岐阜,3 NHK総合1..,2026-07-26,05:50,気象情報
岐阜,3 NHK総合1..,2026-07-26,05:55,気象情報（東海・北陸）
岐阜,3 NHK総合1..,2026-07-26,06:00,ニュース
岐阜,3 NHK総合1..,2026-07-26,06:10,【特選！時代劇】大岡越前8 🈟（1）「燃える牢屋敷」🈖🈑
岐阜,3 NHK総合1..,2026-07-26,06:53,気象情報
岐阜,3 NHK総合1..,2026-07-26,06:55,ニュース・気象情報（東海・北陸）
岐阜,3 NHK総合1..,2026-07-26,07:00,NHKニュース おはよう日本 7月26日（日）🈑
岐阜,3 NHK総合1..,2026-07-26,07:40,ニュース・気象情報（東海・北陸）
岐阜,3 NHK総合1..,2026-07-26,07:45,さわやか自然百景 青森 屏風山湿原池沼群🈑
岐阜,3 NHK総合1..,2026-07-26,08:00,小さな旅「大原を継ぐ 〜京都市 左京区〜」🈖🈑
岐阜,3 NHK総合1..,2026-07-26,08:25,Dearにっぽん「私たちが新聞を書く理由〜滋賀・虎姫高校〜」🈑
岐阜,3 NHK総合1..,2026-07-26,08:50,あさイチの鈴木奈穂子アナが「NHK ONE」を解説🈑
岐阜,3 NHK総合1..,2026-07-26,08:57,気象情報
岐阜,3 NHK総合1..,2026-07-26,09:00,日曜討論 徹底解説！暑さはどこまで？対策は
岐阜,3 NHK総合1..,2026-07-26,10:00,ニュース・気象情報🈑
岐阜,3 NHK総合1..,2026-07-26,10:05,明日をまもるナビ選196 都市を襲う水害 内水氾濫〜見えない危険にどう備える🈖🈑
岐阜,3 NHK総合1..,2026-07-26,10:30,5分であさイチ（4）知ってトクする旅行術（2）バッグの詰め方🈑
岐阜,3 NHK総合1..,2026-07-26,10:35,ゆったり温泉ひとり旅 北海道・登別温泉🈑
岐阜,3 NHK総合1..,2026-07-26,11:04,ニュース🈑
岐阜,3 NHK総合1..,2026-07-26,11:05,あしたが変わるトリセツショー 骨ケアで健康革命！今すぐできる運動＆食事ワザ🈖🈑🈞
岐阜,3 NHK総合1..,2026-07-26,11:50,ふすま絵 奇跡の再会🈑
岐阜,3 NHK総合1..,2026-07-26,11:54,気象情報
岐阜,3 NHK総合1..,2026-07-26,12:00,ニュース🈑
岐阜,3 NHK総合1..,2026-07-26,12:10,ニュース（東海3県）
岐阜,3 NHK総合1..,2026-07-26,12:15,NHKのど自慢 熱唱熱演名場面 2026 Part1🈑
岐阜,3 NHK総合1..,2026-07-26,12:55,ドキュメント72時間PR ドキュメント72時間の作り方＜編集・ナレーション編＞🈑
岐阜,3 NHK総合1..,2026-07-26,13:00,ニュース・気象情報🈑
岐阜,3 NHK総合1..,2026-07-26,13:05,ダーウィンが来た！「相葉さんと探せ！ミクロいきもの超ワールド」🈖🈑🈞
岐阜,3 NHK総合1..,2026-07-26,13:35,さわやか自然百景10min．（37）兵庫 猫崎の海と黒川渓谷🈑
岐阜,3 NHK総合1..,2026-07-26,13:45,JAPAN DELISH 5min カレーライス🈑
岐阜,3 NHK総合1..,2026-07-26,13:50,アニメまとめPR 放送中！注目の3番組ほか🈑
岐阜,3 NHK総合1..,2026-07-26,13:55,プロフェッショナル 仕事の流儀 旅する家族、春をつなぐ〜養蜂家・藤井髙治〜🈖🈑🈞
岐阜,3 NHK総合1..,2026-07-26,14:40,秀サルでもわかる 豊臣兄弟！ なんで豊臣兄弟は明智光秀に勝てたの？🈑
岐阜,3 NHK総合1..,2026-07-26,14:45,あしたが変わるトリセツショー 番外編 フレイル対策15分エクササイズ🈑
岐阜,3 NHK総合1..,2026-07-26,15:00,ニュース・気象情報🈑
岐阜,3 NHK総合1..,2026-07-26,15:05,大相撲（2026年） 名古屋場所 千秋楽🈑
岐阜,3 NHK総合1..,2026-07-26,15:30,大相撲（2026年） 名古屋場所 千秋楽 優勝力士・三賞力士インタビュー🈔🈑
岐阜,3 NHK総合1..,2026-07-26,18:00,ニュース🈑
岐阜,3 NHK総合1..,2026-07-26,18:05,有吉のお金発見 突撃！カネオくん 令和に再ブーム！RCカーのヒミツ🈑
岐阜,3 NHK総合1..,2026-07-26,18:45,ニュース・気象情報（東海3県）
岐阜,3 NHK総合1..,2026-07-26,19:00,NHKニュース7🈔🈑
岐阜,3 NHK総合1..,2026-07-26,19:30,ダーウィンが来た！「最大の味方！最強のライバル！？動物兄弟」🈖🈑
岐阜,3 NHK総合1..,2026-07-26,20:00,豊臣兄弟！（29）天下への道🈖🈑
岐阜,3 NHK総合1..,2026-07-26,20:45,ニュース🈑🈐
岐阜,3 NHK総合1..,2026-07-26,20:55,ニュース・気象情報（東海・北陸）
岐阜,3 NHK総合1..,2026-07-26,21:00,NHKスペシャル 激変・安全保障 “力の支配”と揺らぐ国際秩序 日本の針路は🈑
岐阜,3 NHK総合1..,2026-07-26,22:00,サンデースポーツ🈑
岐阜,3 NHK総合1..,2026-07-26,22:50,ニュース・気象情報🈑
岐阜,3 NHK総合1..,2026-07-26,22:55,ハロー！NHKワールドJAPAN 7月の地域特集・山口県関連番組紹介🈑
岐阜,3 NHK総合1..,2026-07-26,23:00,DOC（ドック）3 あすへのカルテ（8）「暗闇の先へ」🈔🈑
岐阜,3 NHK総合1..,2026-07-26,23:59,連続テレビ小説「ひよっこ」再放送PR
岐阜,4 中京テレビ1,2026-07-26,04:45,ダイレクトテレショップ
岐阜,4 中京テレビ1,2026-07-26,05:15,ジャパネットたかたTVショッピング
岐阜,4 中京テレビ1,2026-07-26,05:45,あなたと中京テレビ🈑
岐阜,4 中京テレビ1,2026-07-26,06:00,皇室日記🈑▽天皇ご一家那須ご静養▽佳子さま「重複障がい者」に寄せる思い
岐阜,4 中京テレビ1,2026-07-26,06:15,NNNニュースサンデー🈐
岐阜,4 中京テレビ1,2026-07-26,06:30,それいけ！アンパンマン「ニガウリマンとねがい星かなえ星・他」🈖🈑
岐阜,4 中京テレビ1,2026-07-26,07:00,遠くへ行きたい【高橋成美が信州・長野へ】くるみ蕎麦＆清流が育む薬用魚🈖🈑
岐阜,4 中京テレビ1,2026-07-26,07:30,シューイチ🈑🈓8月から変わること＆新スポット▽秋山＆平子が南房総の体格グルメ堪能
岐阜,4 中京テレビ1,2026-07-26,09:55,ぐ〜たくさん🈓 超冷感グルメ！酷暑に快適絶品の冷やし鍋＆冷カツ丼⁉MC木村昴
岐阜,4 中京テレビ1,2026-07-26,11:40,上沼・高田のクギズケ！ 水谷豊の娘婿に文春砲▽W杯でトランプ氏が大批判🈑
岐阜,4 中京テレビ1,2026-07-26,12:35,仲間由紀恵が知多半島に‼めしあがれ！知多どれストラン！真夏の夏野菜カレーSP🈑
岐阜,4 中京テレビ1,2026-07-26,13:30,そこまで言って委員会NP 「大戦争時代」SP！戦争終結シナリオを徹底討論🈑
岐阜,4 中京テレビ1,2026-07-26,15:00,上田と女がDEEPに吠える夜【推し活疲れ】🈑🈞
岐阜,4 中京テレビ1,2026-07-26,15:27,笑ってコラえて🈑道の駅スゴロク！全国1230駅踏破⁉家族で当てよう売上1位は？🈞
岐阜,4 中京テレビ1,2026-07-26,16:30,イッテQ🈑珍獣ハンターイモト南アフリカで激レア珍獣▼お祭り宮川ポテト大食い熱戦🈞
岐阜,4 中京テレビ1,2026-07-26,17:25,さいしょの一歩🈖🈑東海3県の子ども＆家族ドキドキの瞬間に密着／ナレーター髙木菜那
岐阜,4 中京テレビ1,2026-07-26,17:30,笑点🈖🈑🈓城島茂が座布団運び「ザ！鉄腕！DASH！！」×「笑点」夢のコラボDAY
岐阜,4 中京テレビ1,2026-07-26,18:00,真相報道バンキシャ！🈑独自分析…熱中症患者10人の行動に教訓▽花火大会で湿度検証
岐阜,4 中京テレビ1,2026-07-26,18:55,博士は今日も嫉妬する 人生が楽しくなる最新テクノロジー🈑
岐阜,4 中京テレビ1,2026-07-26,19:00,ザ！鉄腕！DASH！！▽笑点60周年記念夏祭り！師匠全員参加で巨大お好み焼き！🈑
岐阜,4 中京テレビ1,2026-07-26,19:58,イッテQ【お祭り男宮川＆二代目手越】フィンランドで丸太乗って川を下る木材選手権🈑
岐阜,4 中京テレビ1,2026-07-26,20:54,音のソノリティ🈑
岐阜,4 中京テレビ1,2026-07-26,21:00,ゴールデンストーンズ▽番組史上最大‼人気芸人軍団と総勢31名の大混戦バトル🈑
岐阜,4 中京テレビ1,2026-07-26,21:54,4チャン、押してみな。
岐阜,4 中京テレビ1,2026-07-26,22:00,おしゃれクリップ🈖🈑出川哲朗はなぜ愛される？▼妻や一茂が忖度なしでガチ素顔告白
岐阜,4 中京テレビ1,2026-07-26,22:30,ドラマ「一次元の挿し木」第4話【激動の真相が発覚…古人骨と義妹を巡る謎】🈖🈑🈓
岐阜,4 中京テレビ1,2026-07-26,23:25,ダウンタウンのガキの使い！10人で男の勲章歌い切り！エース＆小田参戦で大波乱🈑
岐阜,4 中京テレビ1,2026-07-26,23:55,Going！🈑生出演！渡邊雄太が明かす日本バスケの進化▼赤星絶賛！怪物高校生
岐阜,5 CBCテレビ,2026-07-26,04:40,うたなびMAX！！
岐阜,5 CBCテレビ,2026-07-26,05:10,テレビショッピング
岐阜,5 CBCテレビ,2026-07-26,05:40,今夜8時〜「VIVANT直前生放送」堺×阿部×二宮集結！今からでも間に合うダイジェスト
岐阜,5 CBCテレビ,2026-07-26,05:45,皇室アルバム【天皇皇后両陛下 学術・芸術の発展を願われて】
岐阜,5 CBCテレビ,2026-07-26,06:00,バナナマンの早起きせっかくグルメ★全国から厳選！極上焼肉のタレでお肉を大満喫！🈑
岐阜,5 CBCテレビ,2026-07-26,06:45,JNNニュース🈐
岐阜,5 CBCテレビ,2026-07-26,07:00,健康カプセル！ゲンキの時間🈖🈑侮っていると一大事に！？消えないあざに隠れた恐怖
岐阜,5 CBCテレビ,2026-07-26,07:30,がっちりマンデー‼CMで良く見るけど知らない会社！渡辺パイプ、INPEX、NGK
岐阜,5 CBCテレビ,2026-07-26,08:00,サンデーモーニング🈑高市総理“寝てない”投稿の波紋▽消費税“迷走”と骨太ショック
岐阜,5 CBCテレビ,2026-07-26,09:54,今夜9時〜スタート！日曜劇場「VIVANT」第11話
岐阜,5 CBCテレビ,2026-07-26,10:00,サンデー・ジャポン 延長国会閉幕…議員直撃！▽堺雅人が緊急生出演！スタジオ生考察
岐阜,5 CBCテレビ,2026-07-26,11:23,天気予報
岐阜,5 CBCテレビ,2026-07-26,11:29,今夜8時〜「VIVANT直前生放送」堺×阿部×二宮集結！今からでも間に合うダイジェスト
岐阜,5 CBCテレビ,2026-07-26,11:35,上田晋也のサンデーQ🈑堺雅人が生出演「VIVANT」エキストラは4千人！聖地先取り巡礼
岐阜,5 CBCテレビ,2026-07-26,12:54,サンデードラゴンズ【再生への道 落合×森対談！完結編】
岐阜,5 CBCテレビ,2026-07-26,13:24,燃えよドラゴンズ2026「中日×DeNA」🈖🈓
岐阜,5 CBCテレビ,2026-07-26,16:30,レッツゴー怪奇組 第四怪🈑
岐阜,5 CBCテレビ,2026-07-26,17:00,日5「正反対な君と僕」 ＃16「新学期」🈑🈓
岐阜,5 CBCテレビ,2026-07-26,17:30,Nスタ🈑 「飛鳥・藤原の宮都」が世界遺産新登録なるか▽「土用の丑の日」うなぎ店は
岐阜,5 CBCテレビ,2026-07-26,18:00,世界遺産／バリ島 1000年続く棚田の絶景（インドネシア）🈖🈑
岐阜,5 CBCテレビ,2026-07-26,18:30,ベスコングルメ★夏の軽井沢SP・そば通DEEN池森オススメの手打ちそば名店へ🈖🈑🈓
岐阜,5 CBCテレビ,2026-07-26,19:00,バナナマンのせっかくグルメ★VIVANT堺雅人＆濱田岳と日村が人気リゾート地🈑🈓
岐阜,5 CBCテレビ,2026-07-26,20:00,VIVANT直前生放送★堺×阿部×二宮×松坂が集結！今からでも間に合うSPダイジェスト🈑
岐阜,5 CBCテレビ,2026-07-26,21:00,🈟日曜劇場「VIVANT」第11話🈖🈑
岐阜,5 CBCテレビ,2026-07-26,22:19,天気予報
岐阜,5 CBCテレビ,2026-07-26,22:25,日曜日の初耳学◆堺雅人×林修『VIVANT』放送直後90分SP阿部寛＆初出しメイキング映像
岐阜,5 CBCテレビ,2026-07-26,23:49,東京空色さんぽ🈖🈑
岐阜,5 CBCテレビ,2026-07-26,23:55,黒猫と魔女の教室🈑🈓 ＃16「イオ・トーラス がんばります」【アガルアニメ】
岐阜,6 メ〜テレ,2026-07-26,04:45,テレビショッピング
岐阜,6 メ〜テレ,2026-07-26,05:15,メ〜ロメロ！メ〜テレ 地元に響け、愛のメ〜ロディ♥
岐阜,6 メ〜テレ,2026-07-26,05:20,テレビショッピング
岐阜,6 メ〜テレ,2026-07-26,05:50,グッド！モーニング🈓🈑
岐阜,6 メ〜テレ,2026-07-26,08:00,よ〜い！スターと！トビダスクール しなことリボンでTシャツデコ！🈓🈑
岐阜,6 メ〜テレ,2026-07-26,08:30,名探偵プリキュア！ #26 キュアエクレールの復活！🈓🈑
岐阜,6 メ〜テレ,2026-07-26,09:00,仮面ライダーゼッツ 第45話「惑わす」🈓🈑
岐阜,6 メ〜テレ,2026-07-26,09:30,🈟角醒ハンター オメガホーン 第1話「角醒せよ！赤き角獣王！」🈓🈑
岐阜,6 メ〜テレ,2026-07-26,10:00,科捜研の女10 ＃4🈑🈞
岐阜,6 メ〜テレ,2026-07-26,11:00,U字工事のナゴツウ大作戦傑作選【ドデスカ！メ〜ロメロ！セレクション】🈑
岐阜,6 メ〜テレ,2026-07-26,11:15,オカムラ麺ズ倶楽部 ▽ナイナイ岡村が熱田神宮をご参拝！きしめんを初体験！？🈑🈞
岐阜,6 メ〜テレ,2026-07-26,11:45,おもてなし隊なごや2026🈑
岐阜,6 メ〜テレ,2026-07-26,11:50,ANNニュース🈑
岐阜,6 メ〜テレ,2026-07-26,12:00,ビートたけしのTVタックル 昭和は驚きの光景が…令和のゴミ問題＆激安リユース店🈑
岐阜,6 メ〜テレ,2026-07-26,12:55,新婚さんいらっしゃい！ オーストラリア在住夫婦出場！親戚100人大運動会⁉ 🈖🈑
岐阜,6 メ〜テレ,2026-07-26,13:25,華丸丼と大吉麺【荻窪で発見！あのドラマの監修をした三ツ星店の斬新沖縄そば】🈑
岐阜,6 メ〜テレ,2026-07-26,13:55,林修の今知りたいでしょ！ 傑作選 帯状疱疹・脳卒中・糖尿病！意外な病気のサイン🈑
岐阜,6 メ〜テレ,2026-07-26,15:20,ナニコレ珍百景 アクセサリー会社社長は女子中学生&アイスのフルコース&手品銭湯🈑🈞
岐阜,6 メ〜テレ,2026-07-26,16:25,超町人！チョコレートサムネット ▽チョコプラ大歓喜！養老の星・幸ちゃん登場！🈑
岐阜,6 メ〜テレ,2026-07-26,17:25,港時間🈑
岐阜,6 メ〜テレ,2026-07-26,17:30,ANNスーパーJチャンネル🈑
岐阜,6 メ〜テレ,2026-07-26,17:55,メ〜ロメロ！メ〜テレ 地元に響け、愛のメ〜ロディ♥
岐阜,6 メ〜テレ,2026-07-26,18:00,相葉マナブ 初登場！timelesz佐藤勝利と地引き網！相模湾で何が獲れる？🈑
岐阜,6 メ〜テレ,2026-07-26,18:52,メ〜ロメロ！メ〜テレ 地元に響け、愛のメ〜ロディ♥
岐阜,6 メ〜テレ,2026-07-26,18:56,ポツンと一軒家 2時間SP！84歳チェーンソーアート挑戦！仲間とBBQ宴会＆絶景岩風呂🈑
岐阜,6 メ〜テレ,2026-07-26,20:56,有働Times🈑
岐阜,6 メ〜テレ,2026-07-26,22:15,マイ・フィクション 第4話「刑務所にいるはずの人間」🈖🈑
岐阜,6 メ〜テレ,2026-07-26,23:09,メ〜ロメロ！メ〜テレ 地元に響け、愛のメ〜ロディ♥
岐阜,6 メ〜テレ,2026-07-26,23:15,EIGHT－JAM 【中森明菜特集‼松田聖子・小泉今日子との関係、振付秘話…】🈑
岐阜,10 テレビ愛知1,2026-07-26,04:54,モーニングプレゼント（1部）
岐阜,10 テレビ愛知1,2026-07-26,05:24,モーニングプレゼント（2部）
岐阜,10 テレビ愛知1,2026-07-26,05:54,モーニングプレゼント（3部）
岐阜,10 テレビ愛知1,2026-07-26,06:24,ルアルアチャンネル【池内修次さんとイカメタル】
岐阜,10 テレビ愛知1,2026-07-26,06:54,天気予報
岐阜,10 テレビ愛知1,2026-07-26,07:00,アニもり！🈑
岐阜,10 テレビ愛知1,2026-07-26,07:30,ポケモンとどこいく！？【チャンピオンズ対決に派手刺客でバトル部ピンチ！】🈑🈓
岐阜,10 テレビ愛知1,2026-07-26,08:30,トミプラワールドのりのりタイムズ！！🈑
岐阜,10 テレビ愛知1,2026-07-26,09:00,ギャビーのドールハウス 118話 新しい家族のベニー・ボックス（前編）🈑🈔
岐阜,10 テレビ愛知1,2026-07-26,09:15,ぷにるんず ぷに3 第17話『くーるんとカチコチあいるん♪』🈞🈑
岐阜,10 テレビ愛知1,2026-07-26,09:30,おねがいアイプリ あおいとおねがいかなえ隊🈑
岐阜,10 テレビ愛知1,2026-07-26,10:00,武井壮のゴルフバッグ担いでください▽永久保存版！宮里優作プロのゴルフレッスン🈑
岐阜,10 テレビ愛知1,2026-07-26,10:30,優香のサンデークッキング【レンジde簡単ナスキーマ＆グリルde焼きナス】🈑
岐阜,10 テレビ愛知1,2026-07-26,11:00,YOUは何しに日本へ？傑作選🈑
岐阜,10 テレビ愛知1,2026-07-26,11:55,世界！ニッポン行きたい人応援団傑作選🈑
岐阜,10 テレビ愛知1,2026-07-26,12:55,開運！なんでも鑑定団傑作選🈑🈖
岐阜,10 テレビ愛知1,2026-07-26,14:00,大東建託・いい部屋ネットレディス🈑
岐阜,10 テレビ愛知1,2026-07-26,15:15,監察官・羽生宗一2🈖
岐阜,10 テレビ愛知1,2026-07-26,17:15,テレプラザ
岐阜,10 テレビ愛知1,2026-07-26,17:20,TXNニュース🈑🈐
岐阜,10 テレビ愛知1,2026-07-26,17:30,鉄鍋のジャン！「毒を御す者」🈑
岐阜,10 テレビ愛知1,2026-07-26,18:00,パズドラ「吹き矢コンボバトル／もう一度見たい！アニメセレクション」🈑🈓
岐阜,10 テレビ愛知1,2026-07-26,18:30,日本の海を守る！海上保安庁の激ヤバすぎる最前線100連発SP🈑🈓
岐阜,10 テレビ愛知1,2026-07-26,20:50,家、ついて行ってイイですか？菊池風磨愛止まらない女子＆妻夫木涙…亡き妻への想い🈑
岐阜,10 テレビ愛知1,2026-07-26,21:54,天気予報
岐阜,10 テレビ愛知1,2026-07-26,22:00,有吉ぃぃeeeee!【アモアス】クセ者10人でダマし合い！裏切り者は誰だ？🈑
岐阜,10 テレビ愛知1,2026-07-26,22:48,愛知あたりまえ体操
岐阜,10 テレビ愛知1,2026-07-26,22:54,スポーツリアライブ
岐阜,10 テレビ愛知1,2026-07-26,23:20,Weekly女子ゴルフ
岐阜,10 テレビ愛知1,2026-07-26,23:45,ふつつかな悪女ではございますが〜雛宮蝶鼠とりかえ伝〜 第3話🈑
岐阜,8 ぎふチャン,2026-07-26,05:00,健康インフォメーション
岐阜,8 ぎふチャン,2026-07-26,05:30,モーニングライフ
岐阜,8 ぎふチャン,2026-07-26,06:00,GOLFサクラサク
岐阜,8 ぎふチャン,2026-07-26,06:30,モーニングライフ
岐阜,8 ぎふチャン,2026-07-26,07:00,尿の悩みでお困りの方必見！サプリメント
岐阜,8 ぎふチャン,2026-07-26,07:30,テレビショッピング！いま話題の電化製品🈀
岐阜,8 ぎふチャン,2026-07-26,08:00,なるほど！なっとく！引き算ケンコウ法！！
岐阜,8 ぎふチャン,2026-07-26,08:30,第108回全国高校野球選手権岐阜大会 準決勝
岐阜,8 ぎふチャン,2026-07-26,14:00,ぺこもぐキッチン 【台所がメキシコの世界に！本格タコスパーティー＆SPドリンク】
岐阜,8 ぎふチャン,2026-07-26,14:30,ひざ関節が気になる方活動的な毎日サポート
岐阜,8 ぎふチャン,2026-07-26,15:00,耳鳴り・難聴の悩みに注目の栄養分！サプリ
岐阜,8 ぎふチャン,2026-07-26,16:00,気になる部分に注入！目元・口元に集中ケア
岐阜,8 ぎふチャン,2026-07-26,16:30,いつまでも健やかな髪に…発毛促進育毛ケア
岐阜,8 ぎふチャン,2026-07-26,17:00,シワ・シミに潤いを…多機能オールインワン
岐阜,8 ぎふチャン,2026-07-26,17:30,女性に嬉しい栄養素をギュッと凝縮！サプリ
岐阜,8 ぎふチャン,2026-07-26,18:00,なるほど！なっとく！引き算ケンコウ法！！
岐阜,8 ぎふチャン,2026-07-26,18:30,2つの酵素で強力洗浄！部屋中キレイにお掃除
岐阜,8 ぎふチャン,2026-07-26,19:00,家、ついて行ってイイですか？★謝罪の達人！“垢抜け”に人生を捧げるアラ還女性
岐阜,8 ぎふチャン,2026-07-26,20:00,薄毛・抜け毛に！発毛ケアで若々しい毎日を
岐阜,8 ぎふチャン,2026-07-26,20:30,やっぱ岐阜やて！
岐阜,8 ぎふチャン,2026-07-26,20:45,日本まんなか直送便🈞
岐阜,8 ぎふチャン,2026-07-26,20:51,天気予報
岐阜,8 ぎふチャン,2026-07-26,20:54,発信！UPるんチャン
岐阜,8 ぎふチャン,2026-07-26,21:00,頻尿・腰痛でお困りの方に！生薬のチカラ！
岐阜,8 ぎふチャン,2026-07-26,21:30,THEフィッシング 【春の海で魅せる爆釣劇！チニングゲームin上天草】
岐阜,8 ぎふチャン,2026-07-26,22:00,2つの酵素で強力洗浄！部屋中キレイにお掃除
岐阜,8 ぎふチャン,2026-07-26,22:30,新・ええじゃないか〜いい旅いい発見〜
岐阜,8 ぎふチャン,2026-07-26,23:25,発信！UPるんチャン
岐阜,8 ぎふチャン,2026-07-26,23:30,ミッドナイトライフ
岐阜,7 三重テレビ1,2026-07-26,04:53,ダイレクトテレショップ
岐阜,7 三重テレビ1,2026-07-26,05:23,ショップジャパン
岐阜,7 三重テレビ1,2026-07-26,05:53,天気予報
岐阜,7 三重テレビ1,2026-07-26,05:55,スゴ得！なに使ってこうなりました？
岐阜,7 三重テレビ1,2026-07-26,06:25,ワンラブショッピング
岐阜,7 三重テレビ1,2026-07-26,06:55,〜加齢に負けない薄毛ケア最前線〜知っておきたい実践セレクション
岐阜,7 三重テレビ1,2026-07-26,07:25,ダイレクトテレショップ
岐阜,7 三重テレビ1,2026-07-26,07:55,幸せマルシェ！プレミアム
岐阜,7 三重テレビ1,2026-07-26,08:25,岡三投資ナビ🈞
岐阜,7 三重テレビ1,2026-07-26,08:40,ダイレクトテレショップ
岐阜,7 三重テレビ1,2026-07-26,09:10,匠の技🈞 「伊勢形紙▽伊勢和紙▽関の桶」
岐阜,7 三重テレビ1,2026-07-26,09:25,天気予報
岐阜,7 三重テレビ1,2026-07-26,09:30,おウチde買いまSHOW
岐阜,7 三重テレビ1,2026-07-26,10:00,健康テレビショッピング あなたの食事がガラリと変わる！！大調査ズバリあなたの食事
岐阜,7 三重テレビ1,2026-07-26,10:30,やすらかな夢を見られる日まで〜ストレスと介護と〜
岐阜,7 三重テレビ1,2026-07-26,11:00,おウチde買いまSHOW
岐阜,7 三重テレビ1,2026-07-26,11:30,腰と膝にお悩みのあなた 必見！
岐阜,7 三重テレビ1,2026-07-26,12:00,ぺこもぐキッチン ▽後藤真希が話題の『重ね煮』で超超超いい感じに野菜を大量摂取！
岐阜,7 三重テレビ1,2026-07-26,12:30,ショップジャパン
岐阜,7 三重テレビ1,2026-07-26,13:00,あなたがいるから・・・Being with you
岐阜,7 三重テレビ1,2026-07-26,13:30,野草の持つ健康のチカラに迫る！
岐阜,7 三重テレビ1,2026-07-26,14:00,人生がもっと楽しくなる！脳の㊙健康法！
岐阜,7 三重テレビ1,2026-07-26,14:30,開運！なんでも鑑定団傑作選 「清水隆行▽出張鑑定：神奈川県横浜市青葉区」
岐阜,7 三重テレビ1,2026-07-26,15:30,ダイレクトテレショップ
岐阜,7 三重テレビ1,2026-07-26,16:00,お買い物ベストショー 通販商品大集合スペシャル
岐阜,7 三重テレビ1,2026-07-26,16:30,通販商品大集合  お買い物ベストショー  昭和100年スペシャル
岐阜,7 三重テレビ1,2026-07-26,17:00,健康の知恵袋  野草のすご〜い話！
岐阜,7 三重テレビ1,2026-07-26,17:30,おウチde買いまSHOW
岐阜,7 三重テレビ1,2026-07-26,18:00,三重テレビニュースウィズ
岐阜,7 三重テレビ1,2026-07-26,18:15,ゲンキ！みえ！〜生き活きリポート〜 「ムーンリバーファーム／津市」
岐阜,7 三重テレビ1,2026-07-26,18:30,80歳の壁なんて怖くない？？？？で30品目元気習慣
岐阜,7 三重テレビ1,2026-07-26,19:00,おとな旅あるき旅 「夏京都のんびり浴衣でそぞろ歩き 雅な花街で京の風物詩」
岐阜,7 三重テレビ1,2026-07-26,19:30,〜新時代の漢方最前線〜現代を生きる知恵セレクション
岐阜,7 三重テレビ1,2026-07-26,20:00,日曜アワー「ダイアンの奇跡の安い店！沿線グルメ対決旅」
岐阜,7 三重テレビ1,2026-07-26,21:55,中日ニュース
岐阜,7 三重テレビ1,2026-07-26,22:00,衝撃的人物バラエティー ありえへん∞世界SP2 ▽愛知県豊川市の〇〇工場に潜入！
岐阜,7 三重テレビ1,2026-07-26,22:54,SPORTS Real＆Live
岐阜,7 三重テレビ1,2026-07-26,23:20,インフォマーシャル
岐阜,7 三重テレビ1,2026-07-26,23:50,あのちゃんの電電電波♪ 「2人組ロックバンド・セカンドバッカーが登場！」
大阪,1 NHK総合1..,2026-07-26,05:00,ニュース・気象情報
大阪,1 NHK総合1..,2026-07-26,05:10,Jリーグと私 あの試合を忘れない ＃17 横浜FM🈑
大阪,1 NHK総合1..,2026-07-26,05:15,週末のNスペは… 激変・安全保障 日本の進路は🈑
大阪,1 NHK総合1..,2026-07-26,05:20,桂文珍の演芸図鑑 レ・ロマネスクTOBI 柳亭小燕枝 三拍子🈑
大阪,1 NHK総合1..,2026-07-26,05:50,気象情報
大阪,1 NHK総合1..,2026-07-26,05:55,気象情報（関西）
大阪,1 NHK総合1..,2026-07-26,06:00,ニュース
大阪,1 NHK総合1..,2026-07-26,06:10,【特選！時代劇】大岡越前8 🈟（1）「燃える牢屋敷」🈖🈑
大阪,1 NHK総合1..,2026-07-26,06:53,ニュース・気象情報（関西）
大阪,1 NHK総合1..,2026-07-26,07:00,NHKニュース おはよう日本 7月26日（日）🈑
大阪,1 NHK総合1..,2026-07-26,07:40,ニュース・気象情報（関西）
大阪,1 NHK総合1..,2026-07-26,07:45,さわやか自然百景 青森 屏風山湿原池沼群🈑
大阪,1 NHK総合1..,2026-07-26,08:00,小さな旅「大原を継ぐ 〜京都市 左京区〜」🈖🈑
大阪,1 NHK総合1..,2026-07-26,08:25,Dearにっぽん「私たちが新聞を書く理由〜滋賀・虎姫高校〜」🈑
大阪,1 NHK総合1..,2026-07-26,08:50,あさイチの鈴木奈穂子アナが「NHK ONE」を解説🈑
大阪,1 NHK総合1..,2026-07-26,08:57,気象情報
大阪,1 NHK総合1..,2026-07-26,09:00,日曜討論 徹底解説！暑さはどこまで？対策は
大阪,1 NHK総合1..,2026-07-26,10:00,ニュース・気象情報🈑
大阪,1 NHK総合1..,2026-07-26,10:05,第108回全国高校野球選手権大阪大会 準決勝 第1試合「履正社」対「金光大阪」
大阪,1 NHK総合1..,2026-07-26,11:53,サブチャンネル切り替え方法のご案内
大阪,1 NHK総合1..,2026-07-26,11:54,気象情報
大阪,1 NHK総合1..,2026-07-26,12:00,ニュース🈑
大阪,1 NHK総合1..,2026-07-26,12:10,ニュース（関西）
大阪,1 NHK総合1..,2026-07-26,12:15,第108回全国高校野球選手権大阪大会 準決勝第2試合「箕面学園×東海大大阪仰星」
大阪,1 NHK総合1..,2026-07-26,14:59,サブチャンネル切り替え方法のご案内
大阪,1 NHK総合1..,2026-07-26,15:00,ニュース・気象情報🈑
大阪,1 NHK総合1..,2026-07-26,15:05,大相撲（2026年） 名古屋場所 千秋楽🈑
大阪,1 NHK総合1..,2026-07-26,15:30,大相撲（2026年） 名古屋場所 千秋楽 優勝力士・三賞力士インタビュー🈔🈑
大阪,1 NHK総合1..,2026-07-26,16:00,大相撲（2026年） 名古屋場所 千秋楽 優勝力士・三賞力士インタビュー🈔🈑
大阪,1 NHK総合1..,2026-07-26,18:00,ニュース🈑
大阪,1 NHK総合1..,2026-07-26,18:05,有吉のお金発見 突撃！カネオくん 令和に再ブーム！RCカーのヒミツ🈑
大阪,1 NHK総合1..,2026-07-26,18:45,ニュース・気象情報（関西）
大阪,1 NHK総合1..,2026-07-26,19:00,NHKニュース7🈔🈑
大阪,1 NHK総合1..,2026-07-26,19:30,ダーウィンが来た！「最大の味方！最強のライバル！？動物兄弟」🈖🈑
大阪,1 NHK総合1..,2026-07-26,20:00,豊臣兄弟！（29）天下への道🈖🈑
大阪,1 NHK総合1..,2026-07-26,20:45,ニュース🈑🈐
大阪,1 NHK総合1..,2026-07-26,20:55,ニュース・気象情報（関西）
大阪,1 NHK総合1..,2026-07-26,21:00,NHKスペシャル 激変・安全保障 “力の支配”と揺らぐ国際秩序 日本の針路は🈑
大阪,1 NHK総合1..,2026-07-26,22:00,サンデースポーツ🈑
大阪,1 NHK総合1..,2026-07-26,22:50,ニュース・気象情報🈑
大阪,1 NHK総合1..,2026-07-26,22:55,ハロー！NHKワールドJAPAN 7月の地域特集・山口県関連番組紹介🈑
大阪,1 NHK総合1..,2026-07-26,23:00,DOC（ドック）3 あすへのカルテ（8）「暗闇の先へ」🈔🈑
大阪,1 NHK総合1..,2026-07-26,23:59,連続テレビ小説「ひよっこ」再放送PR
大阪,2 NHKEテレ..,2026-07-26,05:00,こころの時代 わからなさのなかで〜最首悟の思想をたどる〜🈑🈞
大阪,2 NHKEテレ..,2026-07-26,06:00,NHK短歌 わたしの宮沢賢治 テーマ「月」🈑
大阪,2 NHKEテレ..,2026-07-26,06:25,テレビ体操🈑
大阪,2 NHKEテレ..,2026-07-26,06:35,NHK俳句 題「七夕」🈑
大阪,2 NHKEテレ..,2026-07-26,07:00,第93回NHK全国学校音楽コンクール みんなの合唱レッスン・高等学校の部🈑
大阪,2 NHKEテレ..,2026-07-26,07:10,第93回NHK全国学校音楽コンクール みんなの合唱レッスン・中学校の部🈑
大阪,2 NHKEテレ..,2026-07-26,07:20,第93回NHK全国学校音楽コンクール みんなの合唱レッスン・小学校の部🈑
大阪,2 NHKEテレ..,2026-07-26,07:30,おとうさんといっしょ「まねまねどんぐー」🈑🈞
大阪,2 NHKEテレ..,2026-07-26,08:00,やさいの時間 みんなの菜園物語 兵庫県（後編）🈑
大阪,2 NHKEテレ..,2026-07-26,08:25,趣味の園芸 京も一日陽だまり屋「の〜んびり 蘇鉄（そてつ）」🈑
大阪,2 NHKEテレ..,2026-07-26,08:30,趣味の園芸 選 ステキをセレクト！タネから育てるコスモス🈑
大阪,2 NHKEテレ..,2026-07-26,08:55,no art，no life「洋一」🈑
大阪,2 NHKEテレ..,2026-07-26,09:00,日曜美術館 陶芸家ルーシー・リー 繊細でたくましい器🈑
大阪,2 NHKEテレ..,2026-07-26,09:45,日曜美術館 アートシーン「まなざしの奇跡 日本女性写真家の冒険」展🈑
大阪,2 NHKEテレ..,2026-07-26,10:00,将棋フォーカス 選 フォーカス流・観る将検定 第2回！🈑
大阪,2 NHKEテレ..,2026-07-26,10:30,第76回 NHK杯テレビ将棋トーナメント 1回戦第17局 羽生九段×横山七段🈑
大阪,2 NHKEテレ..,2026-07-26,12:00,囲碁フォーカス 選 知らずに使っている！？「囲碁用語」🈑
大阪,2 NHKEテレ..,2026-07-26,12:30,第74回NHK杯テレビ囲碁トーナメント1回戦第17局酒井佑規七段×加藤千笑四段🈑
大阪,2 NHKEテレ..,2026-07-26,14:00,日本の話芸 柳家蝠丸 落語「叩き蟹」🈖🈑
大阪,2 NHKEテレ..,2026-07-26,14:30,アニメ 青のオーケストラ シーズン2（1）「ほころび」🈑
大阪,2 NHKEテレ..,2026-07-26,14:55,アニメ 青のオーケストラ シーズン2（2）「波紋」🈑
大阪,2 NHKEテレ..,2026-07-26,15:20,アニメ 青のオーケストラ シーズン2（3）「ケジメ」🈑
大阪,2 NHKEテレ..,2026-07-26,15:45,アニメ 青のオーケストラ シーズン2（4）「体育祭」🈑
大阪,2 NHKEテレ..,2026-07-26,16:10,ピタゴラミングスイッチ2🈑🈞
大阪,2 NHKEテレ..,2026-07-26,16:30,ざわざわ森のがんこちゃん30周年スペシャルがんこのびっくりおたんじょうび会🈖🈑🈞
大阪,2 NHKEテレ..,2026-07-26,17:00,アニメ アオアシ（17）東京都リーグ第7節 多摩体育大学附属高校戦🈑
大阪,2 NHKEテレ..,2026-07-26,17:25,レディー・グレース 女王陛下のスパイ（4）「迷える女王」🈔🈑
大阪,2 NHKEテレ..,2026-07-26,17:50,こども手話ウイークリー🈐
大阪,2 NHKEテレ..,2026-07-26,18:00,木村多江の、いまさらですが… アメリカ建国の立役者 初代財務長官ハミルトン🈖🈑🈞
大阪,2 NHKEテレ..,2026-07-26,18:30,ブリティッシュ・ベイクオフ6（17）チョコレート対決・前編🈔🈑🈞
大阪,2 NHKEテレ..,2026-07-26,19:00,未病息災を願います 選「骨密度」が気になったら🈖🈑
大阪,2 NHKEテレ..,2026-07-26,19:45,365日の献立日記「野菜ずし」🈑
大阪,2 NHKEテレ..,2026-07-26,19:50,5分であさイチ 夏休みの“お昼ごはん”に革命を！🈑
大阪,2 NHKEテレ..,2026-07-26,19:55,NHK手話ニュース🈐
大阪,2 NHKEテレ..,2026-07-26,20:00,日曜美術館 滅びゆく写真 そして人類 現代美術作家・杉本博司🈑🈞
大阪,2 NHKEテレ..,2026-07-26,20:45,日曜美術館 アートシーン「元禄！師宣劇場」展🈑
大阪,2 NHKEテレ..,2026-07-26,21:00,古典芸能への招待 歌舞伎「近江源氏先陣館 盛綱陣屋」大阪松竹座さよなら公演🈕🈑
大阪,2 NHKEテレ..,2026-07-26,23:00,美の壺 選「小さな芸術 干菓子」🈑
大阪,2 NHKEテレ..,2026-07-26,23:30,サイエンスZERO“次世代塗料”が未来を塗り替える！？🈖🈑
大阪,4 MBS毎日放送,2026-07-26,05:00,映像’26「異教の隣人たち 〜ともに歩めるのか〜」🈑
大阪,4 MBS毎日放送,2026-07-26,06:00,MBS NEWS DIG
大阪,4 MBS毎日放送,2026-07-26,06:15,京都知新【篠笛奏者 森田 玲 森田香織】
大阪,4 MBS毎日放送,2026-07-26,06:30,皇室アルバム
大阪,4 MBS毎日放送,2026-07-26,06:45,JNNニュース🈐
大阪,4 MBS毎日放送,2026-07-26,07:00,健康カプセル！ゲンキの時間🈖🈑侮っていると一大事に！？消えないあざに隠れた恐怖
大阪,4 MBS毎日放送,2026-07-26,07:30,がっちりマンデー‼CMで良く見るけど知らない会社！渡辺パイプ、INPEX、NGK
大阪,4 MBS毎日放送,2026-07-26,08:00,サンデーモーニング🈑高市総理“寝てない”投稿の波紋▽消費税“迷走”と骨太ショック
大阪,4 MBS毎日放送,2026-07-26,10:00,サンデー・ジャポン 延長国会閉幕…議員直撃！▽堺雅人が緊急生出演！スタジオ生考察
大阪,4 MBS毎日放送,2026-07-26,11:35,上田晋也のサンデーQ🈑堺雅人が生出演「VIVANT」エキストラは4千人！聖地先取り巡礼
大阪,4 MBS毎日放送,2026-07-26,12:54,世界の乗り物乗ってきた！ World Ride Document🈞🈑
大阪,4 MBS毎日放送,2026-07-26,14:54,世界くらべてみたら★日本の超人気な便利グッズ…世界人気1位は？🈑
大阪,4 MBS毎日放送,2026-07-26,16:00,本日！7月26日スタート VIVANT 初回直前SPナビ
大阪,4 MBS毎日放送,2026-07-26,16:30,レッツゴー怪奇組 第四怪🈑
大阪,4 MBS毎日放送,2026-07-26,17:00,日5「正反対な君と僕」 ＃16「新学期」🈑🈓
大阪,4 MBS毎日放送,2026-07-26,17:30,Nスタ🈑
大阪,4 MBS毎日放送,2026-07-26,18:00,世界遺産／バリ島 1000年続く棚田の絶景（インドネシア）🈖🈑
大阪,4 MBS毎日放送,2026-07-26,18:30,ベスコングルメ★夏の軽井沢SP・そば通DEEN池森オススメの手打ちそば名店へ🈖🈑🈓
大阪,4 MBS毎日放送,2026-07-26,19:00,バナナマンのせっかくグルメ★VIVANT堺雅人＆濱田岳と日村が人気リゾート地🈑🈓
大阪,4 MBS毎日放送,2026-07-26,20:00,VIVANT直前生放送★堺×阿部×二宮×松坂が集結！今からでも間に合うSPダイジェスト🈑
大阪,4 MBS毎日放送,2026-07-26,21:00,🈟日曜劇場「VIVANT」第11話🈖🈑
大阪,4 MBS毎日放送,2026-07-26,22:19,らいよんチャンネル
大阪,4 MBS毎日放送,2026-07-26,22:25,日曜日の初耳学◆堺雅人×林修『VIVANT』放送直後90分SP阿部寛＆初出しメイキング映像
大阪,4 MBS毎日放送,2026-07-26,23:49,東京空色さんぽ🈖🈑
大阪,4 MBS毎日放送,2026-07-26,23:55,黒猫と魔女の教室🈑🈓 ＃16「イオ・トーラス がんばります」【アガルアニメ】
大阪,6 ABCテレビ1,2026-07-26,04:50,テレメンタリー2026「落とし穴〜袴田事件60年と再審法改正の闇」🈑
大阪,6 ABCテレビ1,2026-07-26,05:20,LIFE〜夢のカタチ〜🈞🈑 京都を見渡せる絶景の店で伝説のシェフが作るイタリアン
大阪,6 ABCテレビ1,2026-07-26,05:50,グッド！モーニング🈓🈑
大阪,6 ABCテレビ1,2026-07-26,08:00,よ〜い！スターと！トビダスクール しなことリボンでTシャツデコ！🈓🈑
大阪,6 ABCテレビ1,2026-07-26,08:30,名探偵プリキュア！ #26 キュアエクレールの復活！🈓🈑
大阪,6 ABCテレビ1,2026-07-26,09:00,仮面ライダーゼッツ 第45話「惑わす」🈓🈑
大阪,6 ABCテレビ1,2026-07-26,09:30,🈟角醒ハンター オメガホーン 第1話「角醒せよ！赤き角獣王！」🈓🈑
大阪,6 ABCテレビ1,2026-07-26,10:00,新作映画公開記念「映画クレヨンしんちゃん超華麗！灼熱のカスカベダンサーズ」🈑
大阪,6 ABCテレビ1,2026-07-26,11:45,エビ推シ〜【ABCテレビのおススメ番組＆見どころをエビシーが紹介！】
大阪,6 ABCテレビ1,2026-07-26,11:50,ANNニュース🈑
大阪,6 ABCテレビ1,2026-07-26,12:00,ビートたけしのTVタックル 昭和は驚きの光景が…令和のゴミ問題＆激安リユース店🈑
大阪,6 ABCテレビ1,2026-07-26,12:55,新婚さんいらっしゃい！ オーストラリア在住夫婦が出場！親戚100人の大運動会!?🈖🈑
大阪,6 ABCテレビ1,2026-07-26,13:25,華丸丼と大吉麺【荻窪で発見！あのドラマの監修をした三ツ星店の斬新沖縄そば】🈑
大阪,6 ABCテレビ1,2026-07-26,13:55,news おかえり 傑作選
大阪,6 ABCテレビ1,2026-07-26,14:30,第47回ABCお笑いグランプリ2026 presented by SCOグループ🈑
大阪,6 ABCテレビ1,2026-07-26,17:30,ANNスーパーJチャンネル🈑
大阪,6 ABCテレビ1,2026-07-26,17:55,Co．☆ラボ🈑
大阪,6 ABCテレビ1,2026-07-26,18:00,相葉マナブ 初登場！timelesz佐藤勝利と地引き網！相模湾で何が獲れる？🈑
大阪,6 ABCテレビ1,2026-07-26,18:52,ABC天気予報
大阪,6 ABCテレビ1,2026-07-26,18:56,ポツンと一軒家 2時間SP！84歳チェーンソーアート挑戦！仲間とBBQ宴会＆絶景岩風呂🈑
大阪,6 ABCテレビ1,2026-07-26,20:56,有働Times🈑
大阪,6 ABCテレビ1,2026-07-26,22:15,マイ・フィクション 第4話「刑務所にいるはずの人間」🈖🈑
大阪,6 ABCテレビ1,2026-07-26,23:09,エビ推シ〜【ABCテレビのおススメ番組＆見どころをエビシーが紹介！】
大阪,6 ABCテレビ1,2026-07-26,23:15,EIGHT－JAM 【中森明菜特集‼松田聖子・小泉今日子との関係、振付秘話…】🈑
大阪,7 テレビ大阪1,2026-07-26,04:39,TVOミュージック
大阪,7 テレビ大阪1,2026-07-26,05:10,イベントシャワー
大阪,7 テレビ大阪1,2026-07-26,05:15,たこるくん
大阪,7 テレビ大阪1,2026-07-26,05:20,朝イチショッピング
大阪,7 テレビ大阪1,2026-07-26,05:50,モーニングショッピング
大阪,7 テレビ大阪1,2026-07-26,06:20,日曜傑作選「記憶のロケ地を巡る旅2」 ＃11/「豆助の撮影日記」 ＃4
大阪,7 テレビ大阪1,2026-07-26,06:50,天気予報
大阪,7 テレビ大阪1,2026-07-26,06:54,放送番組審議会便り🈑
大阪,7 テレビ大阪1,2026-07-26,07:00,アニもり！🈑
大阪,7 テレビ大阪1,2026-07-26,07:30,ポケモンとどこいく！？【チャンピオンズ対決に派手刺客でバトル部ピンチ！】🈑🈓
大阪,7 テレビ大阪1,2026-07-26,08:30,トミプラワールドのりのりタイムズ！！🈑
大阪,7 テレビ大阪1,2026-07-26,09:00,ギャビーのドールハウス 118話 新しい家族のベニー・ボックス（前編）🈑🈔
大阪,7 テレビ大阪1,2026-07-26,09:15,ぷにるんず ぷに3 第17話『くーるんとカチコチあいるん♪』🈞🈑
大阪,7 テレビ大阪1,2026-07-26,09:30,おねがいアイプリ あおいとおねがいかなえ隊🈑
大阪,7 テレビ大阪1,2026-07-26,10:00,武井壮のゴルフバッグ担いでください▽永久保存版！宮里優作プロのゴルフレッスン🈑
大阪,7 テレビ大阪1,2026-07-26,10:30,優香のサンデークッキング【レンジde簡単ナスキーマ&グリルde焼きナス】🈑
大阪,7 テレビ大阪1,2026-07-26,11:00,ぺこもぐキッチン【真夏のアジフライSP】石原良純の大好物を三枚おろしから調理！🈑
大阪,7 テレビ大阪1,2026-07-26,11:30,大阪おっさんぽ🈞梅田の高級タワマン▼屋上で!?㊙キャンプ飯▼元サッカー代表の裏話🈑
大阪,7 テレビ大阪1,2026-07-26,12:29,発見!!“食”遺産【神戸のモロヘイヤ】栄養満点！最強ネバネバ野菜の絶品レシピ続々🈑
大阪,7 テレビ大阪1,2026-07-26,12:54,開運！なんでも鑑定団🈞【世界2点目!?幻のブリキ玩具＆明治時代の至宝にド級値】🈑🈖
大阪,7 テレビ大阪1,2026-07-26,14:00,大東建託・いい部屋ネットレディス🈑
大阪,7 テレビ大阪1,2026-07-26,15:15,やすとものどこいこ！？【マユリカとイオンモール神戸北でお買い物！】🈑
大阪,7 テレビ大阪1,2026-07-26,16:15,関西リーダー列伝【梅酒の王者！チョーヤ梅酒が世界で愛されるオンリーワン戦略】🈑
大阪,7 テレビ大阪1,2026-07-26,17:15,たこるの耳より情報
大阪,7 テレビ大阪1,2026-07-26,17:20,TXNニュース🈑🈐
大阪,7 テレビ大阪1,2026-07-26,17:25,やさしいニュースプラス
大阪,7 テレビ大阪1,2026-07-26,17:30,鉄鍋のジャン！「毒を御す者」🈑
大阪,7 テレビ大阪1,2026-07-26,18:00,パズドラ「吹き矢コンボバトル／もう一度見たい！アニメセレクション」🈑🈓
大阪,7 テレビ大阪1,2026-07-26,18:30,日本の海を守る！海上保安庁の激ヤバすぎる最前線100連発SP🈑🈓
大阪,7 テレビ大阪1,2026-07-26,20:50,家、ついて行ってイイですか？菊池風磨愛止まらない女子＆妻夫木涙…亡き妻への想い🈑
大阪,7 テレビ大阪1,2026-07-26,21:54,たこるくん
大阪,7 テレビ大阪1,2026-07-26,22:00,有吉ぃぃeeeee!【アモアス】クセ者10人でダマし合い！裏切り者は誰だ？🈑
大阪,7 テレビ大阪1,2026-07-26,22:48,天気予報
大阪,7 テレビ大阪1,2026-07-26,22:54,スポーツリアライブ
大阪,7 テレビ大阪1,2026-07-26,23:20,Weekly女子ゴルフ
大阪,7 テレビ大阪1,2026-07-26,23:45,ふつつかな悪女ではございますが〜雛宮蝶鼠とりかえ伝〜 第3話🈑
大阪,8 関西テレビ1,2026-07-26,05:00,釣りごろ つられごろ
大阪,8 関西テレビ1,2026-07-26,05:15,EN－GINE 山崎怜奈が時代を動かす企業、ビジネスパーソンのリアルに迫る！
大阪,8 関西テレビ1,2026-07-26,05:45,皇室ご一家🈑
大阪,8 関西テレビ1,2026-07-26,06:00,カンテレNEWS🈑 全国・関西の最新ニュースをわかりやすくお伝えします
大阪,8 関西テレビ1,2026-07-26,06:15,ピーチケプラス🈑 鈴木亮平＆アルピー平子㊙シティーハンター愛を熱弁▽尾上右近
大阪,8 関西テレビ1,2026-07-26,06:30,リーダーの流儀🈑 大倉忠義がビジネスリーダーと対談！新感覚ビジネス・トーク番組！
大阪,8 関西テレビ1,2026-07-26,07:00,SUNDAYブレイク． 千葉県勝浦でオズワルド伊藤が絶叫アクティビティ体験🈑🈕🈓
大阪,8 関西テレビ1,2026-07-26,08:25,物語の始まりへ🈑 学生たちの研究にかける熱い想いは見逃せない
大阪,8 関西テレビ1,2026-07-26,08:30,ロザンのクイズの神様・超🈑 夏に食べたい！関西の定番ソースでアレンジレシピ対決！
大阪,8 関西テレビ1,2026-07-26,09:00,DIGIMON BEATBREAK ＃40🈑🈖【消せない夜】
大阪,8 関西テレビ1,2026-07-26,09:30,テレビアニメ「鬼滅の刃」シリーズ全編再放送🈑🈖🈓【竈門炭治郎 立志編】
大阪,8 関西テレビ1,2026-07-26,10:00,かのサンド🈑◆学生街で絶品グルメSP！早稲田コスパ抜群グルメ＆学芸大学の名店中華
大阪,8 関西テレビ1,2026-07-26,11:15,ミラモンGOLD🈑
大阪,8 関西テレビ1,2026-07-26,11:45,攻殻PR隊🈑 ＃4
大阪,8 関西テレビ1,2026-07-26,11:50,FNN Live News days🈑 全国・関西のニュースをわかりやすく
大阪,8 関西テレビ1,2026-07-26,12:00,世界の何だコレ！？ミステリー🈞🈑 ▼経営破綻したJAL…復活劇の裏に何が？
大阪,8 関西テレビ1,2026-07-26,13:59,マルコポロリ！🈑 解散した芸人たちが新相方とマッチング⁉森本や九条がガチ告白
大阪,8 関西テレビ1,2026-07-26,14:54,発見たまご！ころころコロンブス🈑 日曜の昼下がりにほっこり和む注目情報をお届け
大阪,8 関西テレビ1,2026-07-26,15:00,競馬BEAT【第43回東海ステークス（GⅢ）▽第61回関屋記念（GⅢ）】
大阪,8 関西テレビ1,2026-07-26,16:00,ちゃちゃ入れマンデー🈞🈑 ★関西弁の新ジョーシキ大調査SP
大阪,8 関西テレビ1,2026-07-26,17:00,newsランナー 日曜版 憧れのA5ランク“高級和牛”が余る時代…業界に激震何が
大阪,8 関西テレビ1,2026-07-26,17:30,FNN Live News イット！🈑 全国・関西の最新ニュースをお伝えします
大阪,8 関西テレビ1,2026-07-26,18:00,ちびまる子ちゃん🈑🈖【隣町の男子とプールで勝負する／たまちゃんちで日曜大工を】
大阪,8 関西テレビ1,2026-07-26,18:30,サザエさん🈑🈖🈓【憧れの松／うっかりでしっかり ほか】
大阪,8 関西テレビ1,2026-07-26,19:00,千鳥の鬼レンチャン🈑◆鬼ハード初代女王誕生？STU池ちゃん＆高橋成美サビカラ登場
大阪,8 関西テレビ1,2026-07-26,21:00,Mr．サンデー🈑🈓
大阪,8 関西テレビ1,2026-07-26,23:09,中川家と博士のねじねじの世界🈑 気が利く六角レンチ
大阪,8 関西テレビ1,2026-07-26,23:15,ワンピース🈑🈖【エルバフの大罪人 冥界のロキ解放！？】
大阪,8 関西テレビ1,2026-07-26,23:45,すぽると！🈑 大谷翔平のストレートは軌道が読めない⁉スター証言＆脳科学から紐解く
大阪,10 読売テレビ1,2026-07-26,05:00,モニしょぴ！
大阪,10 読売テレビ1,2026-07-26,05:30,めざましウキウキショッピング
大阪,10 読売テレビ1,2026-07-26,06:00,皇室日記🈑▽天皇ご一家那須ご静養▽佳子さま「重複障がい者」に寄せる思い
大阪,10 読売テレビ1,2026-07-26,06:15,NNNニュース・サンデー🈐
大阪,10 読売テレビ1,2026-07-26,06:30,ウィークリーアクセスten．
大阪,10 読売テレビ1,2026-07-26,07:00,遠くへ行きたい【高橋成美が信州・長野へ】くるみ蕎麦＆清流が育む薬用魚🈖🈑
大阪,10 読売テレビ1,2026-07-26,07:30,シューイチ🈑🈓8月から変わること＆新スポット▽秋山＆平子が南房総の体格グルメ堪能
大阪,10 読売テレビ1,2026-07-26,10:25,グッと！地球便 悲劇を乗り越えカンボジアの未来のために木を植え続ける妹へ🈖🈑
大阪,10 読売テレビ1,2026-07-26,10:55,所さんの目がテン！🈑桝太一＆トーキョーバグボーイズがパラオで念願のチョウに出会う
大阪,10 読売テレビ1,2026-07-26,11:25,BEAT〜時代の鼓動〜【佐藤薬品工業株式会社】🈑
大阪,10 読売テレビ1,2026-07-26,11:30,NNN ストレイトニュース🈑
大阪,10 読売テレビ1,2026-07-26,11:40,上沼・高田のクギズケ！ 水谷豊の娘婿に文春砲▽W杯でトランプ氏が大批判🈑
大阪,10 読売テレビ1,2026-07-26,12:35,草彅やすとものうさぎとかめ【山形秋田岩手の格安宿】🈖🈑
大阪,10 読売テレビ1,2026-07-26,13:30,そこまで言って委員会NP 「大戦争時代」SP！戦争終結シナリオを徹底討論🈑
大阪,10 読売テレビ1,2026-07-26,15:00,突破ファイル🈞🈑崖の上に17坪の旗竿地⁉狭小住宅▽草薙が當真＆上白石とダイハード
大阪,10 読売テレビ1,2026-07-26,17:05,【every．レコメンド】総菜名人の愛され繁盛店🈑
大阪,10 読売テレビ1,2026-07-26,17:30,笑点🈖🈑🈓城島茂が座布団運び「ザ！鉄腕！DASH！！」×「笑点」夢のコラボDAY
大阪,10 読売テレビ1,2026-07-26,18:00,真相報道バンキシャ！🈑桝太一＆石川みなみが1週間の出来事を詳しく
大阪,10 読売テレビ1,2026-07-26,18:55,博士は今日も嫉妬する 人生が楽しくなる最新テクノロジー🈑
大阪,10 読売テレビ1,2026-07-26,19:00,ザ！鉄腕！DASH！！▽笑点60周年記念夏祭り！師匠全員参加で巨大お好み焼き！🈑
大阪,10 読売テレビ1,2026-07-26,19:58,イッテQ【お祭り男宮川＆二代目手越】フィンランドで丸太乗って川を下る木材選手権🈑
大阪,10 読売テレビ1,2026-07-26,20:54,音のソノリティ🈑
大阪,10 読売テレビ1,2026-07-26,21:00,ゴールデンストーンズ▽番組史上最大‼人気芸人軍団と総勢31名の大混戦バトル🈑
大阪,10 読売テレビ1,2026-07-26,21:54,シノビーといっしょ
大阪,10 読売テレビ1,2026-07-26,22:00,おしゃれクリップ🈖🈑出川哲朗はなぜ愛される？▽妻や一茂が忖度なしでガチ素顔告白
大阪,10 読売テレビ1,2026-07-26,22:30,ドラマ「一次元の挿し木」第4話【激動の真相が発覚…古人骨と義妹を巡る謎】🈖🈑🈓
大阪,10 読売テレビ1,2026-07-26,23:25,ダウンタウンのガキの使い！10人で男の勲章歌い切り！エース＆小田参戦で大波乱🈑
大阪,10 読売テレビ1,2026-07-26,23:55,Going！🈑生出演！渡邊雄太が明かす日本バスケの進化▽赤星絶賛！怪物高校生
大阪,5 KBS京都,2026-07-26,04:52,試験電波（OP前）
大阪,5 KBS京都,2026-07-26,05:25,オープニング
大阪,5 KBS京都,2026-07-26,05:27,天気予報
大阪,5 KBS京都,2026-07-26,05:30,テレビショッピング
大阪,5 KBS京都,2026-07-26,06:00,おはよう！輝き世代 「パッチワーク教室＆おうちの防犯できていますか？」
大阪,5 KBS京都,2026-07-26,06:30,テレビショッピング
大阪,5 KBS京都,2026-07-26,07:00,テレビショッピング
大阪,5 KBS京都,2026-07-26,07:30,ごりやくさん🈞🈑 ＃10「富士山本宮浅間大社」
大阪,5 KBS京都,2026-07-26,07:55,天気予報
大阪,5 KBS京都,2026-07-26,08:00,テレビショッピング
大阪,5 KBS京都,2026-07-26,08:30,童謡コーラス名曲大合唱＆みんなの音楽会テレビ
大阪,5 KBS京都,2026-07-26,08:45,比叡の光 「舞鶴・引き揚げの記憶を未来へ①」
大阪,5 KBS京都,2026-07-26,09:00,テレビショッピング
大阪,5 KBS京都,2026-07-26,09:30,ごりやくさん🈞🈑 ＃11「橿原神宮（奈良）」
大阪,5 KBS京都,2026-07-26,09:55,天気予報
大阪,5 KBS京都,2026-07-26,10:00,テレビショッピング
大阪,5 KBS京都,2026-07-26,10:30,テレビショッピング
大阪,5 KBS京都,2026-07-26,11:00,村瀬哲史の京都  ガッ地理！クイズ🈞🈑 ＃19「今宮神社を散策」
大阪,5 KBS京都,2026-07-26,11:25,テレビショッピング
大阪,5 KBS京都,2026-07-26,11:55,KBS京都ニュース・天気予報
大阪,5 KBS京都,2026-07-26,12:00,日本ふるさと百景🈞🈑 「神奈川編④」
大阪,5 KBS京都,2026-07-26,12:25,黒谷和紙応援キャンペーン 「京都の暮らしに息づく黒谷和紙」
大阪,5 KBS京都,2026-07-26,12:30,テレビショッピング
大阪,5 KBS京都,2026-07-26,13:00,京暮士門🈞 「お助け士門！城陽市の幼稚園で1日先生に」
大阪,5 KBS京都,2026-07-26,13:30,テレビショッピング
大阪,5 KBS京都,2026-07-26,14:00,暴れん坊将軍Ⅳ ＃22「死を呼んだ玉の輿！」
大阪,5 KBS京都,2026-07-26,15:00,テレビショッピング
大阪,5 KBS京都,2026-07-26,15:30,テレビショッピング
大阪,5 KBS京都,2026-07-26,16:00,あんぎゃでござる！！🈞 「＃223いとおかしあんぎゃ！！」
大阪,5 KBS京都,2026-07-26,16:30,テレビショッピング
大阪,5 KBS京都,2026-07-26,17:00,魅せます！とちブラ🈐 「とちぎでカレー」
大阪,5 KBS京都,2026-07-26,17:15,天気予報
大阪,5 KBS京都,2026-07-26,17:20,京是好日🈞 ＃104「暮らしを潤す急須」
大阪,5 KBS京都,2026-07-26,17:25,ポケットモンスター🈞 ＃26「テラパゴスの冒険」
大阪,5 KBS京都,2026-07-26,17:55,KBS京都ニュース
大阪,5 KBS京都,2026-07-26,18:00,KBS京都エキサイトナイター 「阪神×巨人」
大阪,5 KBS京都,2026-07-26,20:56,でんじろう先生のはぴエネ！
大阪,5 KBS京都,2026-07-26,21:00,京都浪漫 悠久の物語🈞🈑 「京都の民俗芸能〜伝統守る人々の祈り〜」
大阪,5 KBS京都,2026-07-26,21:55,京の水ものがたり🈞 ＃249「心光寺」
大阪,5 KBS京都,2026-07-26,22:00,小島よしおのブリスベン自転車旅
大阪,5 KBS京都,2026-07-26,22:30,あんぎゃでござる！！ 「＃427忍術村あんぎゃ！！」
大阪,5 KBS京都,2026-07-26,23:00,お買い物プラス 「世界の“！”をお届けします」
大阪,5 KBS京都,2026-07-26,23:30,お買い物プラス 「世界の“！”をお届けします」
大阪,3 サンテレビ1,2026-07-26,01:31,
大阪,3 サンテレビ1,2026-07-26,05:15,天気予報
大阪,3 サンテレビ1,2026-07-26,05:28,オープニング
大阪,3 サンテレビ1,2026-07-26,05:30,テレビショッピング
大阪,3 サンテレビ1,2026-07-26,06:00,真弓＆勝成のExpert GOLF🈞
大阪,3 サンテレビ1,2026-07-26,06:30,テレビショッピング
大阪,3 サンテレビ1,2026-07-26,07:00,ライフ・ライン
大阪,3 サンテレビ1,2026-07-26,07:30,ごりやくさん🈑🈞
大阪,3 サンテレビ1,2026-07-26,07:55,こちらサンテレビです
大阪,3 サンテレビ1,2026-07-26,08:00,テレビショッピング
大阪,3 サンテレビ1,2026-07-26,08:30,日本ふるさと百景【京都編4】🈑🈞
大阪,3 サンテレビ1,2026-07-26,08:55,トップの言魂
大阪,3 サンテレビ1,2026-07-26,09:00,はりきりテレビダイレクト〜だって日曜だもん〜
大阪,3 サンテレビ1,2026-07-26,09:30,アサスマ！
大阪,3 サンテレビ1,2026-07-26,10:00,第108回全国高等学校野球選手権 兵庫大会決勝 生中継
大阪,3 サンテレビ1,2026-07-26,13:55,天気予報
大阪,3 サンテレビ1,2026-07-26,14:00,テレビショッピング
大阪,3 サンテレビ1,2026-07-26,14:30,童謡コーラス名曲大合唱＆みんなの音楽会テレビ
大阪,3 サンテレビ1,2026-07-26,14:45,縁めぐり旅
大阪,3 サンテレビ1,2026-07-26,15:00,テレビショッピング
大阪,3 サンテレビ1,2026-07-26,15:30,テレビショッピング
大阪,3 サンテレビ1,2026-07-26,16:00,天才ピアニスト・フースーヤ・ジョックロックのワチャラチャ忍忍🈞
大阪,3 サンテレビ1,2026-07-26,16:30,ドラマ あざとかわいいワタシが優勝🈑
大阪,3 サンテレビ1,2026-07-26,17:00,サンデーショッピング
大阪,3 サンテレビ1,2026-07-26,17:30,ニュースSUNデー
大阪,3 サンテレビ1,2026-07-26,17:52,天気予報
大阪,3 サンテレビ1,2026-07-26,17:54,淡路島へ行こう！〜ほっこり洲本温泉の旅〜
大阪,3 サンテレビ1,2026-07-26,18:00,サンテレビボックス席 阪神×巨人（甲子園）
大阪,3 サンテレビ1,2026-07-26,21:54,天気予報
大阪,3 サンテレビ1,2026-07-26,21:56,日曜よるまるひめ
大阪,3 サンテレビ1,2026-07-26,22:00,あんてなサン
大阪,3 サンテレビ1,2026-07-26,22:30,大阪芸大テレビ
大阪,3 サンテレビ1,2026-07-26,22:45,ボートの時間！
大阪,3 サンテレビ1,2026-07-26,23:00,生×カラ！TV
大阪,3 サンテレビ1,2026-07-26,23:30,刃牙道（第4話）
京都,1 NHK総合1..,2026-07-26,05:00,ニュース・気象情報
京都,1 NHK総合1..,2026-07-26,05:10,Jリーグと私 あの試合を忘れない ＃17 横浜FM🈑
京都,1 NHK総合1..,2026-07-26,05:15,週末のNスペは… 激変・安全保障 日本の進路は🈑
京都,1 NHK総合1..,2026-07-26,05:20,桂文珍の演芸図鑑 レ・ロマネスクTOBI 柳亭小燕枝 三拍子🈑
京都,1 NHK総合1..,2026-07-26,05:50,気象情報
京都,1 NHK総合1..,2026-07-26,05:55,気象情報（関西）
京都,1 NHK総合1..,2026-07-26,06:00,ニュース
京都,1 NHK総合1..,2026-07-26,06:10,【特選！時代劇】大岡越前8 🈟（1）「燃える牢屋敷」🈖🈑
京都,1 NHK総合1..,2026-07-26,06:53,ニュース・気象情報（関西）
京都,1 NHK総合1..,2026-07-26,07:00,NHKニュース おはよう日本 7月26日（日）🈑
京都,1 NHK総合1..,2026-07-26,07:40,ニュース・気象情報（関西）
京都,1 NHK総合1..,2026-07-26,07:45,さわやか自然百景 青森 屏風山湿原池沼群🈑
京都,1 NHK総合1..,2026-07-26,08:00,小さな旅「大原を継ぐ 〜京都市 左京区〜」🈖🈑
京都,1 NHK総合1..,2026-07-26,08:25,Dearにっぽん「私たちが新聞を書く理由〜滋賀・虎姫高校〜」🈑
京都,1 NHK総合1..,2026-07-26,08:50,あさイチの鈴木奈穂子アナが「NHK ONE」を解説🈑
京都,1 NHK総合1..,2026-07-26,08:57,気象情報
京都,1 NHK総合1..,2026-07-26,09:00,日曜討論 徹底解説！暑さはどこまで？対策は
京都,1 NHK総合1..,2026-07-26,10:00,ニュース・気象情報🈑
京都,1 NHK総合1..,2026-07-26,10:05,明日をまもるナビ選196 都市を襲う水害 内水氾濫〜見えない危険にどう備える🈖🈑
京都,1 NHK総合1..,2026-07-26,10:30,5分であさイチ（4）知ってトクする旅行術（2）バッグの詰め方🈑
京都,1 NHK総合1..,2026-07-26,10:35,ゆったり温泉ひとり旅 北海道・登別温泉🈑
京都,1 NHK総合1..,2026-07-26,11:04,ニュース🈑
京都,1 NHK総合1..,2026-07-26,11:05,あしたが変わるトリセツショー 骨ケアで健康革命！今すぐできる運動＆食事ワザ🈖🈑🈞
京都,1 NHK総合1..,2026-07-26,11:50,ふすま絵 奇跡の再会🈑
京都,1 NHK総合1..,2026-07-26,11:54,気象情報
京都,1 NHK総合1..,2026-07-26,12:00,ニュース🈑
京都,1 NHK総合1..,2026-07-26,12:10,ニュース（関西）
京都,1 NHK総合1..,2026-07-26,12:15,NHKのど自慢 熱唱熱演名場面 2026 Part1🈑
京都,1 NHK総合1..,2026-07-26,12:55,ドキュメント72時間PR ドキュメント72時間の作り方＜編集・ナレーション編＞🈑
京都,1 NHK総合1..,2026-07-26,13:00,ニュース・気象情報🈑
京都,1 NHK総合1..,2026-07-26,13:05,ダーウィンが来た！「相葉さんと探せ！ミクロいきもの超ワールド」🈖🈑🈞
京都,1 NHK総合1..,2026-07-26,13:35,さわやか自然百景10min．（37）兵庫 猫崎の海と黒川渓谷🈑
京都,1 NHK総合1..,2026-07-26,13:45,JAPAN DELISH 5min カレーライス🈑
京都,1 NHK総合1..,2026-07-26,13:50,アニメまとめPR 放送中！注目の3番組ほか🈑
京都,1 NHK総合1..,2026-07-26,13:55,プロフェッショナル 仕事の流儀 旅する家族、春をつなぐ〜養蜂家・藤井髙治〜🈖🈑🈞
京都,1 NHK総合1..,2026-07-26,14:40,秀サルでもわかる 豊臣兄弟！ なんで豊臣兄弟は明智光秀に勝てたの？🈑
京都,1 NHK総合1..,2026-07-26,14:45,あしたが変わるトリセツショー 番外編 フレイル対策15分エクササイズ🈑
京都,1 NHK総合1..,2026-07-26,15:00,ニュース・気象情報🈑
京都,1 NHK総合1..,2026-07-26,15:05,大相撲（2026年） 名古屋場所 千秋楽🈑
京都,1 NHK総合1..,2026-07-26,15:30,大相撲（2026年） 名古屋場所 千秋楽 優勝力士・三賞力士インタビュー🈔🈑
京都,1 NHK総合1..,2026-07-26,18:00,ニュース🈑
京都,1 NHK総合1..,2026-07-26,18:05,有吉のお金発見 突撃！カネオくん 令和に再ブーム！RCカーのヒミツ🈑
京都,1 NHK総合1..,2026-07-26,18:45,ニュース・気象情報（関西）
京都,1 NHK総合1..,2026-07-26,19:00,NHKニュース7🈔🈑
京都,1 NHK総合1..,2026-07-26,19:30,ダーウィンが来た！「最大の味方！最強のライバル！？動物兄弟」🈖🈑
京都,1 NHK総合1..,2026-07-26,20:00,豊臣兄弟！（29）天下への道🈖🈑
京都,1 NHK総合1..,2026-07-26,20:45,ニュース🈑🈐
京都,1 NHK総合1..,2026-07-26,20:55,ニュース・気象情報（関西）
京都,1 NHK総合1..,2026-07-26,21:00,NHKスペシャル 激変・安全保障 “力の支配”と揺らぐ国際秩序 日本の針路は🈑
京都,1 NHK総合1..,2026-07-26,22:00,サンデースポーツ🈑
京都,1 NHK総合1..,2026-07-26,22:50,ニュース・気象情報🈑
京都,1 NHK総合1..,2026-07-26,22:55,ハロー！NHKワールドJAPAN 7月の地域特集・山口県関連番組紹介🈑
京都,1 NHK総合1..,2026-07-26,23:00,DOC（ドック）3 あすへのカルテ（8）「暗闇の先へ」🈔🈑
京都,1 NHK総合1..,2026-07-26,23:59,連続テレビ小説「ひよっこ」再放送PR
京都,2 NHKEテレ..,2026-07-26,05:00,こころの時代 わからなさのなかで〜最首悟の思想をたどる〜🈑🈞
京都,2 NHKEテレ..,2026-07-26,06:00,NHK短歌 わたしの宮沢賢治 テーマ「月」🈑
京都,2 NHKEテレ..,2026-07-26,06:25,テレビ体操🈑
京都,2 NHKEテレ..,2026-07-26,06:35,NHK俳句 題「七夕」🈑
京都,2 NHKEテレ..,2026-07-26,07:00,第93回NHK全国学校音楽コンクール みんなの合唱レッスン・高等学校の部🈑
京都,2 NHKEテレ..,2026-07-26,07:10,第93回NHK全国学校音楽コンクール みんなの合唱レッスン・中学校の部🈑
京都,2 NHKEテレ..,2026-07-26,07:20,第93回NHK全国学校音楽コンクール みんなの合唱レッスン・小学校の部🈑
京都,2 NHKEテレ..,2026-07-26,07:30,おとうさんといっしょ「まねまねどんぐー」🈑🈞
京都,2 NHKEテレ..,2026-07-26,08:00,やさいの時間 みんなの菜園物語 兵庫県（後編）🈑
京都,2 NHKEテレ..,2026-07-26,08:25,趣味の園芸 京も一日陽だまり屋「の〜んびり 蘇鉄（そてつ）」🈑
京都,2 NHKEテレ..,2026-07-26,08:30,趣味の園芸 選 ステキをセレクト！タネから育てるコスモス🈑
京都,2 NHKEテレ..,2026-07-26,08:55,no art，no life「洋一」🈑
京都,2 NHKEテレ..,2026-07-26,09:00,日曜美術館 陶芸家ルーシー・リー 繊細でたくましい器🈑
京都,2 NHKEテレ..,2026-07-26,09:45,日曜美術館 アートシーン「まなざしの奇跡 日本女性写真家の冒険」展🈑
京都,2 NHKEテレ..,2026-07-26,10:00,将棋フォーカス 選 フォーカス流・観る将検定 第2回！🈑
京都,2 NHKEテレ..,2026-07-26,10:30,第76回 NHK杯テレビ将棋トーナメント 1回戦第17局 羽生九段×横山七段🈑
京都,2 NHKEテレ..,2026-07-26,12:00,囲碁フォーカス 選 知らずに使っている！？「囲碁用語」🈑
京都,2 NHKEテレ..,2026-07-26,12:30,第74回NHK杯テレビ囲碁トーナメント1回戦第17局酒井佑規七段×加藤千笑四段🈑
京都,2 NHKEテレ..,2026-07-26,14:00,日本の話芸 柳家蝠丸 落語「叩き蟹」🈖🈑
京都,2 NHKEテレ..,2026-07-26,14:30,アニメ 青のオーケストラ シーズン2（1）「ほころび」🈑
京都,2 NHKEテレ..,2026-07-26,14:55,アニメ 青のオーケストラ シーズン2（2）「波紋」🈑
京都,2 NHKEテレ..,2026-07-26,15:20,アニメ 青のオーケストラ シーズン2（3）「ケジメ」🈑
京都,2 NHKEテレ..,2026-07-26,15:45,アニメ 青のオーケストラ シーズン2（4）「体育祭」🈑
京都,2 NHKEテレ..,2026-07-26,16:10,ピタゴラミングスイッチ2🈑🈞
京都,2 NHKEテレ..,2026-07-26,16:30,ざわざわ森のがんこちゃん30周年スペシャルがんこのびっくりおたんじょうび会🈖🈑🈞
京都,2 NHKEテレ..,2026-07-26,17:00,アニメ アオアシ（17）東京都リーグ第7節 多摩体育大学附属高校戦🈑
京都,2 NHKEテレ..,2026-07-26,17:25,レディー・グレース 女王陛下のスパイ（4）「迷える女王」🈔🈑
京都,2 NHKEテレ..,2026-07-26,17:50,こども手話ウイークリー🈐
京都,2 NHKEテレ..,2026-07-26,18:00,木村多江の、いまさらですが… アメリカ建国の立役者 初代財務長官ハミルトン🈖🈑🈞
京都,2 NHKEテレ..,2026-07-26,18:30,ブリティッシュ・ベイクオフ6（17）チョコレート対決・前編🈔🈑🈞
京都,2 NHKEテレ..,2026-07-26,19:00,未病息災を願います 選「骨密度」が気になったら🈖🈑
京都,2 NHKEテレ..,2026-07-26,19:45,365日の献立日記「野菜ずし」🈑
京都,2 NHKEテレ..,2026-07-26,19:50,5分であさイチ 夏休みの“お昼ごはん”に革命を！🈑
京都,2 NHKEテレ..,2026-07-26,19:55,NHK手話ニュース🈐
京都,2 NHKEテレ..,2026-07-26,20:00,日曜美術館 滅びゆく写真 そして人類 現代美術作家・杉本博司🈑🈞
京都,2 NHKEテレ..,2026-07-26,20:45,日曜美術館 アートシーン「元禄！師宣劇場」展🈑
京都,2 NHKEテレ..,2026-07-26,21:00,古典芸能への招待 歌舞伎「近江源氏先陣館 盛綱陣屋」大阪松竹座さよなら公演🈕🈑
京都,2 NHKEテレ..,2026-07-26,23:00,美の壺 選「小さな芸術 干菓子」🈑
京都,2 NHKEテレ..,2026-07-26,23:30,サイエンスZERO“次世代塗料”が未来を塗り替える！？🈖🈑
京都,4 MBS毎日放送,2026-07-26,05:00,映像’26「異教の隣人たち 〜ともに歩めるのか〜」🈑
京都,4 MBS毎日放送,2026-07-26,06:00,MBS NEWS DIG
京都,4 MBS毎日放送,2026-07-26,06:15,京都知新【篠笛奏者 森田 玲 森田香織】
京都,4 MBS毎日放送,2026-07-26,06:30,皇室アルバム
京都,4 MBS毎日放送,2026-07-26,06:45,JNNニュース🈐
京都,4 MBS毎日放送,2026-07-26,07:00,健康カプセル！ゲンキの時間🈖🈑侮っていると一大事に！？消えないあざに隠れた恐怖
京都,4 MBS毎日放送,2026-07-26,07:30,がっちりマンデー‼CMで良く見るけど知らない会社！渡辺パイプ、INPEX、NGK
京都,4 MBS毎日放送,2026-07-26,08:00,サンデーモーニング🈑高市総理“寝てない”投稿の波紋▽消費税“迷走”と骨太ショック
京都,4 MBS毎日放送,2026-07-26,10:00,サンデー・ジャポン 延長国会閉幕…議員直撃！▽堺雅人が緊急生出演！スタジオ生考察
京都,4 MBS毎日放送,2026-07-26,11:35,上田晋也のサンデーQ🈑堺雅人が生出演「VIVANT」エキストラは4千人！聖地先取り巡礼
京都,4 MBS毎日放送,2026-07-26,12:54,世界の乗り物乗ってきた！ World Ride Document🈞🈑
京都,4 MBS毎日放送,2026-07-26,14:54,世界くらべてみたら★日本の超人気な便利グッズ…世界人気1位は？🈑
京都,4 MBS毎日放送,2026-07-26,16:00,本日！7月26日スタート VIVANT 初回直前SPナビ
京都,4 MBS毎日放送,2026-07-26,16:30,レッツゴー怪奇組 第四怪🈑
京都,4 MBS毎日放送,2026-07-26,17:00,日5「正反対な君と僕」 ＃16「新学期」🈑🈓
京都,4 MBS毎日放送,2026-07-26,17:30,Nスタ🈑
京都,4 MBS毎日放送,2026-07-26,18:00,世界遺産／バリ島 1000年続く棚田の絶景（インドネシア）🈖🈑
京都,4 MBS毎日放送,2026-07-26,18:30,ベスコングルメ★夏の軽井沢SP・そば通DEEN池森オススメの手打ちそば名店へ🈖🈑🈓
京都,4 MBS毎日放送,2026-07-26,19:00,バナナマンのせっかくグルメ★VIVANT堺雅人＆濱田岳と日村が人気リゾート地🈑🈓
京都,4 MBS毎日放送,2026-07-26,20:00,VIVANT直前生放送★堺×阿部×二宮×松坂が集結！今からでも間に合うSPダイジェスト🈑
京都,4 MBS毎日放送,2026-07-26,21:00,🈟日曜劇場「VIVANT」第11話🈖🈑
京都,4 MBS毎日放送,2026-07-26,22:19,らいよんチャンネル
京都,4 MBS毎日放送,2026-07-26,22:25,日曜日の初耳学◆堺雅人×林修『VIVANT』放送直後90分SP阿部寛＆初出しメイキング映像
京都,4 MBS毎日放送,2026-07-26,23:49,東京空色さんぽ🈖🈑
京都,4 MBS毎日放送,2026-07-26,23:55,黒猫と魔女の教室🈑🈓 ＃16「イオ・トーラス がんばります」【アガルアニメ】
京都,6 ABCテレビ1,2026-07-26,04:50,テレメンタリー2026「落とし穴〜袴田事件60年と再審法改正の闇」🈑
京都,6 ABCテレビ1,2026-07-26,05:20,LIFE〜夢のカタチ〜🈞🈑 京都を見渡せる絶景の店で伝説のシェフが作るイタリアン
京都,6 ABCテレビ1,2026-07-26,05:50,グッド！モーニング🈓🈑
京都,6 ABCテレビ1,2026-07-26,08:00,よ〜い！スターと！トビダスクール しなことリボンでTシャツデコ！🈓🈑
京都,6 ABCテレビ1,2026-07-26,08:30,名探偵プリキュア！ #26 キュアエクレールの復活！🈓🈑
京都,6 ABCテレビ1,2026-07-26,09:00,仮面ライダーゼッツ 第45話「惑わす」🈓🈑
京都,6 ABCテレビ1,2026-07-26,09:30,🈟角醒ハンター オメガホーン 第1話「角醒せよ！赤き角獣王！」🈓🈑
京都,6 ABCテレビ1,2026-07-26,10:00,新作映画公開記念「映画クレヨンしんちゃん超華麗！灼熱のカスカベダンサーズ」🈑
京都,6 ABCテレビ1,2026-07-26,11:45,エビ推シ〜【ABCテレビのおススメ番組＆見どころをエビシーが紹介！】
京都,6 ABCテレビ1,2026-07-26,11:50,ANNニュース🈑
京都,6 ABCテレビ1,2026-07-26,12:00,ビートたけしのTVタックル 昭和は驚きの光景が…令和のゴミ問題＆激安リユース店🈑
京都,6 ABCテレビ1,2026-07-26,12:55,新婚さんいらっしゃい！ オーストラリア在住夫婦が出場！親戚100人の大運動会!?🈖🈑
京都,6 ABCテレビ1,2026-07-26,13:25,華丸丼と大吉麺【荻窪で発見！あのドラマの監修をした三ツ星店の斬新沖縄そば】🈑
京都,6 ABCテレビ1,2026-07-26,13:55,news おかえり 傑作選
京都,6 ABCテレビ1,2026-07-26,14:30,第47回ABCお笑いグランプリ2026 presented by SCOグループ🈑
京都,6 ABCテレビ1,2026-07-26,17:30,ANNスーパーJチャンネル🈑
京都,6 ABCテレビ1,2026-07-26,17:55,Co．☆ラボ🈑
京都,6 ABCテレビ1,2026-07-26,18:00,相葉マナブ 初登場！timelesz佐藤勝利と地引き網！相模湾で何が獲れる？🈑
京都,6 ABCテレビ1,2026-07-26,18:52,ABC天気予報
京都,6 ABCテレビ1,2026-07-26,18:56,ポツンと一軒家 2時間SP！84歳チェーンソーアート挑戦！仲間とBBQ宴会＆絶景岩風呂🈑
京都,6 ABCテレビ1,2026-07-26,20:56,有働Times🈑
京都,6 ABCテレビ1,2026-07-26,22:15,マイ・フィクション 第4話「刑務所にいるはずの人間」🈖🈑
京都,6 ABCテレビ1,2026-07-26,23:09,エビ推シ〜【ABCテレビのおススメ番組＆見どころをエビシーが紹介！】
京都,6 ABCテレビ1,2026-07-26,23:15,EIGHT－JAM 【中森明菜特集‼松田聖子・小泉今日子との関係、振付秘話…】🈑
京都,7 テレビ大阪1,2026-07-26,04:39,TVOミュージック
京都,7 テレビ大阪1,2026-07-26,05:10,イベントシャワー
京都,7 テレビ大阪1,2026-07-26,05:15,たこるくん
京都,7 テレビ大阪1,2026-07-26,05:20,朝イチショッピング
京都,7 テレビ大阪1,2026-07-26,05:50,モーニングショッピング
京都,7 テレビ大阪1,2026-07-26,06:20,日曜傑作選「記憶のロケ地を巡る旅2」 ＃11/「豆助の撮影日記」 ＃4
京都,7 テレビ大阪1,2026-07-26,06:50,天気予報
京都,7 テレビ大阪1,2026-07-26,06:54,放送番組審議会便り🈑
京都,7 テレビ大阪1,2026-07-26,07:00,アニもり！🈑
京都,7 テレビ大阪1,2026-07-26,07:30,ポケモンとどこいく！？【チャンピオンズ対決に派手刺客でバトル部ピンチ！】🈑🈓
京都,7 テレビ大阪1,2026-07-26,08:30,トミプラワールドのりのりタイムズ！！🈑
京都,7 テレビ大阪1,2026-07-26,09:00,ギャビーのドールハウス 118話 新しい家族のベニー・ボックス（前編）🈑🈔
京都,7 テレビ大阪1,2026-07-26,09:15,ぷにるんず ぷに3 第17話『くーるんとカチコチあいるん♪』🈞🈑
京都,7 テレビ大阪1,2026-07-26,09:30,おねがいアイプリ あおいとおねがいかなえ隊🈑
京都,7 テレビ大阪1,2026-07-26,10:00,武井壮のゴルフバッグ担いでください▽永久保存版！宮里優作プロのゴルフレッスン🈑
京都,7 テレビ大阪1,2026-07-26,10:30,優香のサンデークッキング【レンジde簡単ナスキーマ&グリルde焼きナス】🈑
京都,7 テレビ大阪1,2026-07-26,11:00,ぺこもぐキッチン【真夏のアジフライSP】石原良純の大好物を三枚おろしから調理！🈑
京都,7 テレビ大阪1,2026-07-26,11:30,大阪おっさんぽ🈞梅田の高級タワマン▼屋上で!?㊙キャンプ飯▼元サッカー代表の裏話🈑
京都,7 テレビ大阪1,2026-07-26,12:29,発見!!“食”遺産【神戸のモロヘイヤ】栄養満点！最強ネバネバ野菜の絶品レシピ続々🈑
京都,7 テレビ大阪1,2026-07-26,12:54,開運！なんでも鑑定団🈞【世界2点目!?幻のブリキ玩具＆明治時代の至宝にド級値】🈑🈖
京都,7 テレビ大阪1,2026-07-26,14:00,大東建託・いい部屋ネットレディス🈑
京都,7 テレビ大阪1,2026-07-26,15:15,やすとものどこいこ！？【マユリカとイオンモール神戸北でお買い物！】🈑
京都,7 テレビ大阪1,2026-07-26,16:15,関西リーダー列伝【梅酒の王者！チョーヤ梅酒が世界で愛されるオンリーワン戦略】🈑
京都,7 テレビ大阪1,2026-07-26,17:15,たこるの耳より情報
京都,7 テレビ大阪1,2026-07-26,17:20,TXNニュース🈑🈐
京都,7 テレビ大阪1,2026-07-26,17:25,やさしいニュースプラス
京都,7 テレビ大阪1,2026-07-26,17:30,鉄鍋のジャン！「毒を御す者」🈑
京都,7 テレビ大阪1,2026-07-26,18:00,パズドラ「吹き矢コンボバトル／もう一度見たい！アニメセレクション」🈑🈓
京都,7 テレビ大阪1,2026-07-26,18:30,日本の海を守る！海上保安庁の激ヤバすぎる最前線100連発SP🈑🈓
京都,7 テレビ大阪1,2026-07-26,20:50,家、ついて行ってイイですか？菊池風磨愛止まらない女子＆妻夫木涙…亡き妻への想い🈑
京都,7 テレビ大阪1,2026-07-26,21:54,たこるくん
京都,7 テレビ大阪1,2026-07-26,22:00,有吉ぃぃeeeee!【アモアス】クセ者10人でダマし合い！裏切り者は誰だ？🈑
京都,7 テレビ大阪1,2026-07-26,22:48,天気予報
京都,7 テレビ大阪1,2026-07-26,22:54,スポーツリアライブ
京都,7 テレビ大阪1,2026-07-26,23:20,Weekly女子ゴルフ
京都,7 テレビ大阪1,2026-07-26,23:45,ふつつかな悪女ではございますが〜雛宮蝶鼠とりかえ伝〜 第3話🈑
京都,8 関西テレビ1,2026-07-26,05:00,釣りごろ つられごろ
京都,8 関西テレビ1,2026-07-26,05:15,EN－GINE 山崎怜奈が時代を動かす企業、ビジネスパーソンのリアルに迫る！
京都,8 関西テレビ1,2026-07-26,05:45,皇室ご一家🈑
京都,8 関西テレビ1,2026-07-26,06:00,カンテレNEWS🈑 全国・関西の最新ニュースをわかりやすくお伝えします
京都,8 関西テレビ1,2026-07-26,06:15,ピーチケプラス🈑 鈴木亮平＆アルピー平子㊙シティーハンター愛を熱弁▽尾上右近
京都,8 関西テレビ1,2026-07-26,06:30,リーダーの流儀🈑 大倉忠義がビジネスリーダーと対談！新感覚ビジネス・トーク番組！
京都,8 関西テレビ1,2026-07-26,07:00,SUNDAYブレイク． 千葉県勝浦でオズワルド伊藤が絶叫アクティビティ体験🈑🈕🈓
京都,8 関西テレビ1,2026-07-26,08:25,物語の始まりへ🈑 学生たちの研究にかける熱い想いは見逃せない
京都,8 関西テレビ1,2026-07-26,08:30,ロザンのクイズの神様・超🈑 夏に食べたい！関西の定番ソースでアレンジレシピ対決！
京都,8 関西テレビ1,2026-07-26,09:00,DIGIMON BEATBREAK ＃40🈑🈖【消せない夜】
京都,8 関西テレビ1,2026-07-26,09:30,テレビアニメ「鬼滅の刃」シリーズ全編再放送🈑🈖🈓【竈門炭治郎 立志編】
京都,8 関西テレビ1,2026-07-26,10:00,かのサンド🈑◆学生街で絶品グルメSP！早稲田コスパ抜群グルメ＆学芸大学の名店中華
京都,8 関西テレビ1,2026-07-26,11:15,ミラモンGOLD🈑
京都,8 関西テレビ1,2026-07-26,11:45,攻殻PR隊🈑 ＃4
京都,8 関西テレビ1,2026-07-26,11:50,FNN Live News days🈑 全国・関西のニュースをわかりやすく
京都,8 関西テレビ1,2026-07-26,12:00,世界の何だコレ！？ミステリー🈞🈑 ▼経営破綻したJAL…復活劇の裏に何が？
京都,8 関西テレビ1,2026-07-26,13:59,マルコポロリ！🈑 解散した芸人たちが新相方とマッチング⁉森本や九条がガチ告白
京都,8 関西テレビ1,2026-07-26,14:54,発見たまご！ころころコロンブス🈑 日曜の昼下がりにほっこり和む注目情報をお届け
京都,8 関西テレビ1,2026-07-26,15:00,競馬BEAT【第43回東海ステークス（GⅢ）▽第61回関屋記念（GⅢ）】
京都,8 関西テレビ1,2026-07-26,16:00,ちゃちゃ入れマンデー🈞🈑 ★関西弁の新ジョーシキ大調査SP
京都,8 関西テレビ1,2026-07-26,17:00,newsランナー 日曜版 憧れのA5ランク“高級和牛”が余る時代…業界に激震何が
京都,8 関西テレビ1,2026-07-26,17:30,FNN Live News イット！🈑 全国・関西の最新ニュースをお伝えします
京都,8 関西テレビ1,2026-07-26,18:00,ちびまる子ちゃん🈑🈖【隣町の男子とプールで勝負する／たまちゃんちで日曜大工を】
京都,8 関西テレビ1,2026-07-26,18:30,サザエさん🈑🈖🈓【憧れの松／うっかりでしっかり ほか】
京都,8 関西テレビ1,2026-07-26,19:00,千鳥の鬼レンチャン🈑◆鬼ハード初代女王誕生？STU池ちゃん＆高橋成美サビカラ登場
京都,8 関西テレビ1,2026-07-26,21:00,Mr．サンデー🈑🈓
京都,8 関西テレビ1,2026-07-26,23:09,中川家と博士のねじねじの世界🈑 気が利く六角レンチ
京都,8 関西テレビ1,2026-07-26,23:15,ワンピース🈑🈖【エルバフの大罪人 冥界のロキ解放！？】
京都,8 関西テレビ1,2026-07-26,23:45,すぽると！🈑 大谷翔平のストレートは軌道が読めない⁉スター証言＆脳科学から紐解く
京都,10 読売テレビ1,2026-07-26,05:00,モニしょぴ！
京都,10 読売テレビ1,2026-07-26,05:30,めざましウキウキショッピング
京都,10 読売テレビ1,2026-07-26,06:00,皇室日記🈑▽天皇ご一家那須ご静養▽佳子さま「重複障がい者」に寄せる思い
京都,10 読売テレビ1,2026-07-26,06:15,NNNニュース・サンデー🈐
京都,10 読売テレビ1,2026-07-26,06:30,ウィークリーアクセスten．
京都,10 読売テレビ1,2026-07-26,07:00,遠くへ行きたい【高橋成美が信州・長野へ】くるみ蕎麦＆清流が育む薬用魚🈖🈑
京都,10 読売テレビ1,2026-07-26,07:30,シューイチ🈑🈓8月から変わること＆新スポット▽秋山＆平子が南房総の体格グルメ堪能
京都,10 読売テレビ1,2026-07-26,10:25,グッと！地球便 悲劇を乗り越えカンボジアの未来のために木を植え続ける妹へ🈖🈑
京都,10 読売テレビ1,2026-07-26,10:55,所さんの目がテン！🈑桝太一＆トーキョーバグボーイズがパラオで念願のチョウに出会う
京都,10 読売テレビ1,2026-07-26,11:25,BEAT〜時代の鼓動〜【佐藤薬品工業株式会社】🈑
京都,10 読売テレビ1,2026-07-26,11:30,NNN ストレイトニュース🈑
京都,10 読売テレビ1,2026-07-26,11:40,上沼・高田のクギズケ！ 水谷豊の娘婿に文春砲▽W杯でトランプ氏が大批判🈑
京都,10 読売テレビ1,2026-07-26,12:35,草彅やすとものうさぎとかめ【山形秋田岩手の格安宿】🈖🈑
京都,10 読売テレビ1,2026-07-26,13:30,そこまで言って委員会NP 「大戦争時代」SP！戦争終結シナリオを徹底討論🈑
京都,10 読売テレビ1,2026-07-26,15:00,突破ファイル🈞🈑崖の上に17坪の旗竿地⁉狭小住宅▽草薙が當真＆上白石とダイハード
京都,10 読売テレビ1,2026-07-26,17:05,【every．レコメンド】総菜名人の愛され繁盛店🈑
京都,10 読売テレビ1,2026-07-26,17:30,笑点🈖🈑🈓城島茂が座布団運び「ザ！鉄腕！DASH！！」×「笑点」夢のコラボDAY
京都,10 読売テレビ1,2026-07-26,18:00,真相報道バンキシャ！🈑桝太一＆石川みなみが1週間の出来事を詳しく
京都,10 読売テレビ1,2026-07-26,18:55,博士は今日も嫉妬する 人生が楽しくなる最新テクノロジー🈑
京都,10 読売テレビ1,2026-07-26,19:00,ザ！鉄腕！DASH！！▽笑点60周年記念夏祭り！師匠全員参加で巨大お好み焼き！🈑
京都,10 読売テレビ1,2026-07-26,19:58,イッテQ【お祭り男宮川＆二代目手越】フィンランドで丸太乗って川を下る木材選手権🈑
京都,10 読売テレビ1,2026-07-26,20:54,音のソノリティ🈑
京都,10 読売テレビ1,2026-07-26,21:00,ゴールデンストーンズ▽番組史上最大‼人気芸人軍団と総勢31名の大混戦バトル🈑
京都,10 読売テレビ1,2026-07-26,21:54,シノビーといっしょ
京都,10 読売テレビ1,2026-07-26,22:00,おしゃれクリップ🈖🈑出川哲朗はなぜ愛される？▽妻や一茂が忖度なしでガチ素顔告白
京都,10 読売テレビ1,2026-07-26,22:30,ドラマ「一次元の挿し木」第4話【激動の真相が発覚…古人骨と義妹を巡る謎】🈖🈑🈓
京都,10 読売テレビ1,2026-07-26,23:25,ダウンタウンのガキの使い！10人で男の勲章歌い切り！エース＆小田参戦で大波乱🈑
京都,10 読売テレビ1,2026-07-26,23:55,Going！🈑生出演！渡邊雄太が明かす日本バスケの進化▽赤星絶賛！怪物高校生
京都,5 KBS京都,2026-07-26,04:52,試験電波（OP前）
京都,5 KBS京都,2026-07-26,05:25,オープニング
京都,5 KBS京都,2026-07-26,05:27,天気予報
京都,5 KBS京都,2026-07-26,05:30,テレビショッピング
京都,5 KBS京都,2026-07-26,06:00,おはよう！輝き世代 「パッチワーク教室＆おうちの防犯できていますか？」
京都,5 KBS京都,2026-07-26,06:30,テレビショッピング
京都,5 KBS京都,2026-07-26,07:00,テレビショッピング
京都,5 KBS京都,2026-07-26,07:30,ごりやくさん🈞🈑 ＃10「富士山本宮浅間大社」
京都,5 KBS京都,2026-07-26,07:55,天気予報
京都,5 KBS京都,2026-07-26,08:00,テレビショッピング
京都,5 KBS京都,2026-07-26,08:30,童謡コーラス名曲大合唱＆みんなの音楽会テレビ
京都,5 KBS京都,2026-07-26,08:45,比叡の光 「舞鶴・引き揚げの記憶を未来へ①」
京都,5 KBS京都,2026-07-26,09:00,テレビショッピング
京都,5 KBS京都,2026-07-26,09:30,ごりやくさん🈞🈑 ＃11「橿原神宮（奈良）」
京都,5 KBS京都,2026-07-26,09:55,天気予報
京都,5 KBS京都,2026-07-26,10:00,テレビショッピング
京都,5 KBS京都,2026-07-26,10:30,テレビショッピング
京都,5 KBS京都,2026-07-26,11:00,村瀬哲史の京都  ガッ地理！クイズ🈞🈑 ＃19「今宮神社を散策」
京都,5 KBS京都,2026-07-26,11:25,テレビショッピング
京都,5 KBS京都,2026-07-26,11:55,KBS京都ニュース・天気予報
京都,5 KBS京都,2026-07-26,12:00,日本ふるさと百景🈞🈑 「神奈川編④」
京都,5 KBS京都,2026-07-26,12:25,黒谷和紙応援キャンペーン 「京都の暮らしに息づく黒谷和紙」
京都,5 KBS京都,2026-07-26,12:30,テレビショッピング
京都,5 KBS京都,2026-07-26,13:00,京暮士門🈞 「お助け士門！城陽市の幼稚園で1日先生に」
京都,5 KBS京都,2026-07-26,13:30,テレビショッピング
京都,5 KBS京都,2026-07-26,14:00,暴れん坊将軍Ⅳ ＃22「死を呼んだ玉の輿！」
京都,5 KBS京都,2026-07-26,15:00,テレビショッピング
京都,5 KBS京都,2026-07-26,15:30,テレビショッピング
京都,5 KBS京都,2026-07-26,16:00,あんぎゃでござる！！🈞 「＃223いとおかしあんぎゃ！！」
京都,5 KBS京都,2026-07-26,16:30,テレビショッピング
京都,5 KBS京都,2026-07-26,17:00,魅せます！とちブラ🈐 「とちぎでカレー」
京都,5 KBS京都,2026-07-26,17:15,天気予報
京都,5 KBS京都,2026-07-26,17:20,京是好日🈞 ＃104「暮らしを潤す急須」
京都,5 KBS京都,2026-07-26,17:25,ポケットモンスター🈞 ＃26「テラパゴスの冒険」
京都,5 KBS京都,2026-07-26,17:55,KBS京都ニュース
京都,5 KBS京都,2026-07-26,18:00,KBS京都エキサイトナイター 「阪神×巨人」
京都,5 KBS京都,2026-07-26,20:56,でんじろう先生のはぴエネ！
京都,5 KBS京都,2026-07-26,21:00,京都浪漫 悠久の物語🈞🈑 「京都の民俗芸能〜伝統守る人々の祈り〜」
京都,5 KBS京都,2026-07-26,21:55,京の水ものがたり🈞 ＃249「心光寺」
京都,5 KBS京都,2026-07-26,22:00,小島よしおのブリスベン自転車旅
京都,5 KBS京都,2026-07-26,22:30,あんぎゃでござる！！ 「＃427忍術村あんぎゃ！！」
京都,5 KBS京都,2026-07-26,23:00,お買い物プラス 「世界の“！”をお届けします」
京都,5 KBS京都,2026-07-26,23:30,お買い物プラス 「世界の“！”をお届けします」
京都,3 サンテレビ1,2026-07-26,01:31,
京都,3 サンテレビ1,2026-07-26,05:15,天気予報
京都,3 サンテレビ1,2026-07-26,05:28,オープニング
京都,3 サンテレビ1,2026-07-26,05:30,テレビショッピング
京都,3 サンテレビ1,2026-07-26,06:00,真弓＆勝成のExpert GOLF🈞
京都,3 サンテレビ1,2026-07-26,06:30,テレビショッピング
京都,3 サンテレビ1,2026-07-26,07:00,ライフ・ライン
京都,3 サンテレビ1,2026-07-26,07:30,ごりやくさん🈑🈞
京都,3 サンテレビ1,2026-07-26,07:55,こちらサンテレビです
京都,3 サンテレビ1,2026-07-26,08:00,テレビショッピング
京都,3 サンテレビ1,2026-07-26,08:30,日本ふるさと百景【京都編4】🈑🈞
京都,3 サンテレビ1,2026-07-26,08:55,トップの言魂
京都,3 サンテレビ1,2026-07-26,09:00,はりきりテレビダイレクト〜だって日曜だもん〜
京都,3 サンテレビ1,2026-07-26,09:30,アサスマ！
京都,3 サンテレビ1,2026-07-26,10:00,第108回全国高等学校野球選手権 兵庫大会決勝 生中継
京都,3 サンテレビ1,2026-07-26,13:55,天気予報
京都,3 サンテレビ1,2026-07-26,14:00,テレビショッピング
京都,3 サンテレビ1,2026-07-26,14:30,童謡コーラス名曲大合唱＆みんなの音楽会テレビ
京都,3 サンテレビ1,2026-07-26,14:45,縁めぐり旅
京都,3 サンテレビ1,2026-07-26,15:00,テレビショッピング
京都,3 サンテレビ1,2026-07-26,15:30,テレビショッピング
京都,3 サンテレビ1,2026-07-26,16:00,天才ピアニスト・フースーヤ・ジョックロックのワチャラチャ忍忍🈞
京都,3 サンテレビ1,2026-07-26,16:30,ドラマ あざとかわいいワタシが優勝🈑
京都,3 サンテレビ1,2026-07-26,17:00,サンデーショッピング
京都,3 サンテレビ1,2026-07-26,17:30,ニュースSUNデー
京都,3 サンテレビ1,2026-07-26,17:52,天気予報
京都,3 サンテレビ1,2026-07-26,17:54,淡路島へ行こう！〜ほっこり洲本温泉の旅〜
京都,3 サンテレビ1,2026-07-26,18:00,サンテレビボックス席 阪神×巨人（甲子園）
京都,3 サンテレビ1,2026-07-26,21:54,天気予報
京都,3 サンテレビ1,2026-07-26,21:56,日曜よるまるひめ
京都,3 サンテレビ1,2026-07-26,22:00,あんてなサン
京都,3 サンテレビ1,2026-07-26,22:30,大阪芸大テレビ
京都,3 サンテレビ1,2026-07-26,22:45,ボートの時間！
京都,3 サンテレビ1,2026-07-26,23:00,生×カラ！TV
京都,3 サンテレビ1,2026-07-26,23:30,刃牙道（第4話）
兵庫,1 NHK総合1..,2026-07-26,05:00,ニュース・気象情報
兵庫,1 NHK総合1..,2026-07-26,05:10,Jリーグと私 あの試合を忘れない ＃17 横浜FM🈑
兵庫,1 NHK総合1..,2026-07-26,05:15,週末のNスペは… 激変・安全保障 日本の進路は🈑
兵庫,1 NHK総合1..,2026-07-26,05:20,桂文珍の演芸図鑑 レ・ロマネスクTOBI 柳亭小燕枝 三拍子🈑
兵庫,1 NHK総合1..,2026-07-26,05:50,気象情報
兵庫,1 NHK総合1..,2026-07-26,05:55,気象情報（関西）
兵庫,1 NHK総合1..,2026-07-26,06:00,ニュース
兵庫,1 NHK総合1..,2026-07-26,06:10,【特選！時代劇】大岡越前8 🈟（1）「燃える牢屋敷」🈖🈑
兵庫,1 NHK総合1..,2026-07-26,06:53,ニュース・気象情報（関西）
兵庫,1 NHK総合1..,2026-07-26,07:00,NHKニュース おはよう日本 7月26日（日）🈑
兵庫,1 NHK総合1..,2026-07-26,07:40,ニュース・気象情報（関西）
兵庫,1 NHK総合1..,2026-07-26,07:45,さわやか自然百景 青森 屏風山湿原池沼群🈑
兵庫,1 NHK総合1..,2026-07-26,08:00,小さな旅「大原を継ぐ 〜京都市 左京区〜」🈖🈑
兵庫,1 NHK総合1..,2026-07-26,08:25,Dearにっぽん「私たちが新聞を書く理由〜滋賀・虎姫高校〜」🈑
兵庫,1 NHK総合1..,2026-07-26,08:50,あさイチの鈴木奈穂子アナが「NHK ONE」を解説🈑
兵庫,1 NHK総合1..,2026-07-26,08:57,気象情報
兵庫,1 NHK総合1..,2026-07-26,09:00,日曜討論 徹底解説！暑さはどこまで？対策は
兵庫,1 NHK総合1..,2026-07-26,10:00,第108回全国高校野球選手権兵庫大会 決勝「社」対「明石商」
兵庫,1 NHK総合1..,2026-07-26,11:53,サブチャンネル切り替え方法のご案内
兵庫,1 NHK総合1..,2026-07-26,11:54,気象情報
兵庫,1 NHK総合1..,2026-07-26,12:00,ニュース🈑
兵庫,1 NHK総合1..,2026-07-26,12:10,ニュース（関西）
兵庫,1 NHK総合1..,2026-07-26,12:15,第108回全国高校野球選手権兵庫大会 決勝「社」対「明石商」
兵庫,1 NHK総合1..,2026-07-26,13:00,ニュース・気象情報🈑
兵庫,1 NHK総合1..,2026-07-26,13:05,ダーウィンが来た！「相葉さんと探せ！ミクロいきもの超ワールド」🈖🈑🈞
兵庫,1 NHK総合1..,2026-07-26,13:35,さわやか自然百景10min．（37）兵庫 猫崎の海と黒川渓谷🈑
兵庫,1 NHK総合1..,2026-07-26,13:45,JAPAN DELISH 5min カレーライス🈑
兵庫,1 NHK総合1..,2026-07-26,13:50,アニメまとめPR 放送中！注目の3番組ほか🈑
兵庫,1 NHK総合1..,2026-07-26,13:55,プロフェッショナル 仕事の流儀 旅する家族、春をつなぐ〜養蜂家・藤井髙治〜🈖🈑🈞
兵庫,1 NHK総合1..,2026-07-26,14:40,秀サルでもわかる 豊臣兄弟！ なんで豊臣兄弟は明智光秀に勝てたの？🈑
兵庫,1 NHK総合1..,2026-07-26,14:45,あしたが変わるトリセツショー 番外編 フレイル対策15分エクササイズ🈑
兵庫,1 NHK総合1..,2026-07-26,15:00,ニュース・気象情報🈑
兵庫,1 NHK総合1..,2026-07-26,15:05,大相撲（2026年） 名古屋場所 千秋楽🈑
兵庫,1 NHK総合1..,2026-07-26,15:30,大相撲（2026年） 名古屋場所 千秋楽 優勝力士・三賞力士インタビュー🈔🈑
兵庫,1 NHK総合1..,2026-07-26,18:00,ニュース🈑
兵庫,1 NHK総合1..,2026-07-26,18:05,有吉のお金発見 突撃！カネオくん 令和に再ブーム！RCカーのヒミツ🈑
兵庫,1 NHK総合1..,2026-07-26,18:45,ニュース・気象情報（関西）
兵庫,1 NHK総合1..,2026-07-26,19:00,NHKニュース7🈔🈑
兵庫,1 NHK総合1..,2026-07-26,19:30,ダーウィンが来た！「最大の味方！最強のライバル！？動物兄弟」🈖🈑
兵庫,1 NHK総合1..,2026-07-26,20:00,豊臣兄弟！（29）天下への道🈖🈑
兵庫,1 NHK総合1..,2026-07-26,20:45,ニュース🈑🈐
兵庫,1 NHK総合1..,2026-07-26,20:55,ニュース・気象情報（関西）
兵庫,1 NHK総合1..,2026-07-26,21:00,NHKスペシャル 激変・安全保障 “力の支配”と揺らぐ国際秩序 日本の針路は🈑
兵庫,1 NHK総合1..,2026-07-26,22:00,サンデースポーツ🈑
兵庫,1 NHK総合1..,2026-07-26,22:50,ニュース・気象情報🈑
兵庫,1 NHK総合1..,2026-07-26,22:55,ハロー！NHKワールドJAPAN 7月の地域特集・山口県関連番組紹介🈑
兵庫,1 NHK総合1..,2026-07-26,23:00,DOC（ドック）3 あすへのカルテ（8）「暗闇の先へ」🈔🈑
兵庫,1 NHK総合1..,2026-07-26,23:59,連続テレビ小説「ひよっこ」再放送PR
兵庫,2 NHKEテレ..,2026-07-26,05:00,こころの時代 わからなさのなかで〜最首悟の思想をたどる〜🈑🈞
兵庫,2 NHKEテレ..,2026-07-26,06:00,NHK短歌 わたしの宮沢賢治 テーマ「月」🈑
兵庫,2 NHKEテレ..,2026-07-26,06:25,テレビ体操🈑
兵庫,2 NHKEテレ..,2026-07-26,06:35,NHK俳句 題「七夕」🈑
兵庫,2 NHKEテレ..,2026-07-26,07:00,第93回NHK全国学校音楽コンクール みんなの合唱レッスン・高等学校の部🈑
兵庫,2 NHKEテレ..,2026-07-26,07:10,第93回NHK全国学校音楽コンクール みんなの合唱レッスン・中学校の部🈑
兵庫,2 NHKEテレ..,2026-07-26,07:20,第93回NHK全国学校音楽コンクール みんなの合唱レッスン・小学校の部🈑
兵庫,2 NHKEテレ..,2026-07-26,07:30,おとうさんといっしょ「まねまねどんぐー」🈑🈞
兵庫,2 NHKEテレ..,2026-07-26,08:00,やさいの時間 みんなの菜園物語 兵庫県（後編）🈑
兵庫,2 NHKEテレ..,2026-07-26,08:25,趣味の園芸 京も一日陽だまり屋「の〜んびり 蘇鉄（そてつ）」🈑
兵庫,2 NHKEテレ..,2026-07-26,08:30,趣味の園芸 選 ステキをセレクト！タネから育てるコスモス🈑
兵庫,2 NHKEテレ..,2026-07-26,08:55,no art，no life「洋一」🈑
兵庫,2 NHKEテレ..,2026-07-26,09:00,日曜美術館 陶芸家ルーシー・リー 繊細でたくましい器🈑
兵庫,2 NHKEテレ..,2026-07-26,09:45,日曜美術館 アートシーン「まなざしの奇跡 日本女性写真家の冒険」展🈑
兵庫,2 NHKEテレ..,2026-07-26,10:00,将棋フォーカス 選 フォーカス流・観る将検定 第2回！🈑
兵庫,2 NHKEテレ..,2026-07-26,10:30,第76回 NHK杯テレビ将棋トーナメント 1回戦第17局 羽生九段×横山七段🈑
兵庫,2 NHKEテレ..,2026-07-26,12:00,囲碁フォーカス 選 知らずに使っている！？「囲碁用語」🈑
兵庫,2 NHKEテレ..,2026-07-26,12:30,第74回NHK杯テレビ囲碁トーナメント1回戦第17局酒井佑規七段×加藤千笑四段🈑
兵庫,2 NHKEテレ..,2026-07-26,14:00,日本の話芸 柳家蝠丸 落語「叩き蟹」🈖🈑
兵庫,2 NHKEテレ..,2026-07-26,14:30,アニメ 青のオーケストラ シーズン2（1）「ほころび」🈑
兵庫,2 NHKEテレ..,2026-07-26,14:55,アニメ 青のオーケストラ シーズン2（2）「波紋」🈑
兵庫,2 NHKEテレ..,2026-07-26,15:20,アニメ 青のオーケストラ シーズン2（3）「ケジメ」🈑
兵庫,2 NHKEテレ..,2026-07-26,15:45,アニメ 青のオーケストラ シーズン2（4）「体育祭」🈑
兵庫,2 NHKEテレ..,2026-07-26,16:10,ピタゴラミングスイッチ2🈑🈞
兵庫,2 NHKEテレ..,2026-07-26,16:30,ざわざわ森のがんこちゃん30周年スペシャルがんこのびっくりおたんじょうび会🈖🈑🈞
兵庫,2 NHKEテレ..,2026-07-26,17:00,アニメ アオアシ（17）東京都リーグ第7節 多摩体育大学附属高校戦🈑
兵庫,2 NHKEテレ..,2026-07-26,17:25,レディー・グレース 女王陛下のスパイ（4）「迷える女王」🈔🈑
兵庫,2 NHKEテレ..,2026-07-26,17:50,こども手話ウイークリー🈐
兵庫,2 NHKEテレ..,2026-07-26,18:00,木村多江の、いまさらですが… アメリカ建国の立役者 初代財務長官ハミルトン🈖🈑🈞
兵庫,2 NHKEテレ..,2026-07-26,18:30,ブリティッシュ・ベイクオフ6（17）チョコレート対決・前編🈔🈑🈞
兵庫,2 NHKEテレ..,2026-07-26,19:00,未病息災を願います 選「骨密度」が気になったら🈖🈑
兵庫,2 NHKEテレ..,2026-07-26,19:45,365日の献立日記「野菜ずし」🈑
兵庫,2 NHKEテレ..,2026-07-26,19:50,5分であさイチ 夏休みの“お昼ごはん”に革命を！🈑
兵庫,2 NHKEテレ..,2026-07-26,19:55,NHK手話ニュース🈐
兵庫,2 NHKEテレ..,2026-07-26,20:00,日曜美術館 滅びゆく写真 そして人類 現代美術作家・杉本博司🈑🈞
兵庫,2 NHKEテレ..,2026-07-26,20:45,日曜美術館 アートシーン「元禄！師宣劇場」展🈑
兵庫,2 NHKEテレ..,2026-07-26,21:00,古典芸能への招待 歌舞伎「近江源氏先陣館 盛綱陣屋」大阪松竹座さよなら公演🈕🈑
兵庫,2 NHKEテレ..,2026-07-26,23:00,美の壺 選「小さな芸術 干菓子」🈑
兵庫,2 NHKEテレ..,2026-07-26,23:30,サイエンスZERO“次世代塗料”が未来を塗り替える！？🈖🈑
兵庫,4 MBS毎日放送,2026-07-26,05:00,映像’26「異教の隣人たち 〜ともに歩めるのか〜」🈑
兵庫,4 MBS毎日放送,2026-07-26,06:00,MBS NEWS DIG
兵庫,4 MBS毎日放送,2026-07-26,06:15,京都知新【篠笛奏者 森田 玲 森田香織】
兵庫,4 MBS毎日放送,2026-07-26,06:30,皇室アルバム
兵庫,4 MBS毎日放送,2026-07-26,06:45,JNNニュース🈐
兵庫,4 MBS毎日放送,2026-07-26,07:00,健康カプセル！ゲンキの時間🈖🈑侮っていると一大事に！？消えないあざに隠れた恐怖
兵庫,4 MBS毎日放送,2026-07-26,07:30,がっちりマンデー‼CMで良く見るけど知らない会社！渡辺パイプ、INPEX、NGK
兵庫,4 MBS毎日放送,2026-07-26,08:00,サンデーモーニング🈑高市総理“寝てない”投稿の波紋▽消費税“迷走”と骨太ショック
兵庫,4 MBS毎日放送,2026-07-26,10:00,サンデー・ジャポン 延長国会閉幕…議員直撃！▽堺雅人が緊急生出演！スタジオ生考察
兵庫,4 MBS毎日放送,2026-07-26,11:35,上田晋也のサンデーQ🈑堺雅人が生出演「VIVANT」エキストラは4千人！聖地先取り巡礼
兵庫,4 MBS毎日放送,2026-07-26,12:54,世界の乗り物乗ってきた！ World Ride Document🈞🈑
兵庫,4 MBS毎日放送,2026-07-26,14:54,世界くらべてみたら★日本の超人気な便利グッズ…世界人気1位は？🈑
兵庫,4 MBS毎日放送,2026-07-26,16:00,本日！7月26日スタート VIVANT 初回直前SPナビ
兵庫,4 MBS毎日放送,2026-07-26,16:30,レッツゴー怪奇組 第四怪🈑
兵庫,4 MBS毎日放送,2026-07-26,17:00,日5「正反対な君と僕」 ＃16「新学期」🈑🈓
兵庫,4 MBS毎日放送,2026-07-26,17:30,Nスタ🈑
兵庫,4 MBS毎日放送,2026-07-26,18:00,世界遺産／バリ島 1000年続く棚田の絶景（インドネシア）🈖🈑
兵庫,4 MBS毎日放送,2026-07-26,18:30,ベスコングルメ★夏の軽井沢SP・そば通DEEN池森オススメの手打ちそば名店へ🈖🈑🈓
兵庫,4 MBS毎日放送,2026-07-26,19:00,バナナマンのせっかくグルメ★VIVANT堺雅人＆濱田岳と日村が人気リゾート地🈑🈓
兵庫,4 MBS毎日放送,2026-07-26,20:00,VIVANT直前生放送★堺×阿部×二宮×松坂が集結！今からでも間に合うSPダイジェスト🈑
兵庫,4 MBS毎日放送,2026-07-26,21:00,🈟日曜劇場「VIVANT」第11話🈖🈑
兵庫,4 MBS毎日放送,2026-07-26,22:19,らいよんチャンネル
兵庫,4 MBS毎日放送,2026-07-26,22:25,日曜日の初耳学◆堺雅人×林修『VIVANT』放送直後90分SP阿部寛＆初出しメイキング映像
兵庫,4 MBS毎日放送,2026-07-26,23:49,東京空色さんぽ🈖🈑
兵庫,4 MBS毎日放送,2026-07-26,23:55,黒猫と魔女の教室🈑🈓 ＃16「イオ・トーラス がんばります」【アガルアニメ】
兵庫,6 ABCテレビ1,2026-07-26,04:50,テレメンタリー2026「落とし穴〜袴田事件60年と再審法改正の闇」🈑
兵庫,6 ABCテレビ1,2026-07-26,05:20,LIFE〜夢のカタチ〜🈞🈑 京都を見渡せる絶景の店で伝説のシェフが作るイタリアン
兵庫,6 ABCテレビ1,2026-07-26,05:50,グッド！モーニング🈓🈑
兵庫,6 ABCテレビ1,2026-07-26,08:00,よ〜い！スターと！トビダスクール しなことリボンでTシャツデコ！🈓🈑
兵庫,6 ABCテレビ1,2026-07-26,08:30,名探偵プリキュア！ #26 キュアエクレールの復活！🈓🈑
兵庫,6 ABCテレビ1,2026-07-26,09:00,仮面ライダーゼッツ 第45話「惑わす」🈓🈑
兵庫,6 ABCテレビ1,2026-07-26,09:30,🈟角醒ハンター オメガホーン 第1話「角醒せよ！赤き角獣王！」🈓🈑
兵庫,6 ABCテレビ1,2026-07-26,10:00,新作映画公開記念「映画クレヨンしんちゃん超華麗！灼熱のカスカベダンサーズ」🈑
兵庫,6 ABCテレビ1,2026-07-26,11:45,エビ推シ〜【ABCテレビのおススメ番組＆見どころをエビシーが紹介！】
兵庫,6 ABCテレビ1,2026-07-26,11:50,ANNニュース🈑
兵庫,6 ABCテレビ1,2026-07-26,12:00,ビートたけしのTVタックル 昭和は驚きの光景が…令和のゴミ問題＆激安リユース店🈑
兵庫,6 ABCテレビ1,2026-07-26,12:55,新婚さんいらっしゃい！ オーストラリア在住夫婦が出場！親戚100人の大運動会!?🈖🈑
兵庫,6 ABCテレビ1,2026-07-26,13:25,華丸丼と大吉麺【荻窪で発見！あのドラマの監修をした三ツ星店の斬新沖縄そば】🈑
兵庫,6 ABCテレビ1,2026-07-26,13:55,news おかえり 傑作選
兵庫,6 ABCテレビ1,2026-07-26,14:30,第47回ABCお笑いグランプリ2026 presented by SCOグループ🈑
兵庫,6 ABCテレビ1,2026-07-26,17:30,ANNスーパーJチャンネル🈑
兵庫,6 ABCテレビ1,2026-07-26,17:55,Co．☆ラボ🈑
兵庫,6 ABCテレビ1,2026-07-26,18:00,相葉マナブ 初登場！timelesz佐藤勝利と地引き網！相模湾で何が獲れる？🈑
兵庫,6 ABCテレビ1,2026-07-26,18:52,ABC天気予報
兵庫,6 ABCテレビ1,2026-07-26,18:56,ポツンと一軒家 2時間SP！84歳チェーンソーアート挑戦！仲間とBBQ宴会＆絶景岩風呂🈑
兵庫,6 ABCテレビ1,2026-07-26,20:56,有働Times🈑
兵庫,6 ABCテレビ1,2026-07-26,22:15,マイ・フィクション 第4話「刑務所にいるはずの人間」🈖🈑
兵庫,6 ABCテレビ1,2026-07-26,23:09,エビ推シ〜【ABCテレビのおススメ番組＆見どころをエビシーが紹介！】
兵庫,6 ABCテレビ1,2026-07-26,23:15,EIGHT－JAM 【中森明菜特集‼松田聖子・小泉今日子との関係、振付秘話…】🈑
兵庫,7 テレビ大阪1,2026-07-26,04:39,TVOミュージック
兵庫,7 テレビ大阪1,2026-07-26,05:10,イベントシャワー
兵庫,7 テレビ大阪1,2026-07-26,05:15,たこるくん
兵庫,7 テレビ大阪1,2026-07-26,05:20,朝イチショッピング
兵庫,7 テレビ大阪1,2026-07-26,05:50,モーニングショッピング
兵庫,7 テレビ大阪1,2026-07-26,06:20,日曜傑作選「記憶のロケ地を巡る旅2」 ＃11/「豆助の撮影日記」 ＃4
兵庫,7 テレビ大阪1,2026-07-26,06:50,天気予報
兵庫,7 テレビ大阪1,2026-07-26,06:54,放送番組審議会便り🈑
兵庫,7 テレビ大阪1,2026-07-26,07:00,アニもり！🈑
兵庫,7 テレビ大阪1,2026-07-26,07:30,ポケモンとどこいく！？【チャンピオンズ対決に派手刺客でバトル部ピンチ！】🈑🈓
兵庫,7 テレビ大阪1,2026-07-26,08:30,トミプラワールドのりのりタイムズ！！🈑
兵庫,7 テレビ大阪1,2026-07-26,09:00,ギャビーのドールハウス 118話 新しい家族のベニー・ボックス（前編）🈑🈔
兵庫,7 テレビ大阪1,2026-07-26,09:15,ぷにるんず ぷに3 第17話『くーるんとカチコチあいるん♪』🈞🈑
兵庫,7 テレビ大阪1,2026-07-26,09:30,おねがいアイプリ あおいとおねがいかなえ隊🈑
兵庫,7 テレビ大阪1,2026-07-26,10:00,武井壮のゴルフバッグ担いでください▽永久保存版！宮里優作プロのゴルフレッスン🈑
兵庫,7 テレビ大阪1,2026-07-26,10:30,優香のサンデークッキング【レンジde簡単ナスキーマ&グリルde焼きナス】🈑
兵庫,7 テレビ大阪1,2026-07-26,11:00,ぺこもぐキッチン【真夏のアジフライSP】石原良純の大好物を三枚おろしから調理！🈑
兵庫,7 テレビ大阪1,2026-07-26,11:30,大阪おっさんぽ🈞梅田の高級タワマン▼屋上で!?㊙キャンプ飯▼元サッカー代表の裏話🈑
兵庫,7 テレビ大阪1,2026-07-26,12:29,発見!!“食”遺産【神戸のモロヘイヤ】栄養満点！最強ネバネバ野菜の絶品レシピ続々🈑
兵庫,7 テレビ大阪1,2026-07-26,12:54,開運！なんでも鑑定団🈞【世界2点目!?幻のブリキ玩具＆明治時代の至宝にド級値】🈑🈖
兵庫,7 テレビ大阪1,2026-07-26,14:00,大東建託・いい部屋ネットレディス🈑
兵庫,7 テレビ大阪1,2026-07-26,15:15,やすとものどこいこ！？【マユリカとイオンモール神戸北でお買い物！】🈑
兵庫,7 テレビ大阪1,2026-07-26,16:15,関西リーダー列伝【梅酒の王者！チョーヤ梅酒が世界で愛されるオンリーワン戦略】🈑
兵庫,7 テレビ大阪1,2026-07-26,17:15,たこるの耳より情報
兵庫,7 テレビ大阪1,2026-07-26,17:20,TXNニュース🈑🈐
兵庫,7 テレビ大阪1,2026-07-26,17:25,やさしいニュースプラス
兵庫,7 テレビ大阪1,2026-07-26,17:30,鉄鍋のジャン！「毒を御す者」🈑
兵庫,7 テレビ大阪1,2026-07-26,18:00,パズドラ「吹き矢コンボバトル／もう一度見たい！アニメセレクション」🈑🈓
兵庫,7 テレビ大阪1,2026-07-26,18:30,日本の海を守る！海上保安庁の激ヤバすぎる最前線100連発SP🈑🈓
兵庫,7 テレビ大阪1,2026-07-26,20:50,家、ついて行ってイイですか？菊池風磨愛止まらない女子＆妻夫木涙…亡き妻への想い🈑
兵庫,7 テレビ大阪1,2026-07-26,21:54,たこるくん
兵庫,7 テレビ大阪1,2026-07-26,22:00,有吉ぃぃeeeee!【アモアス】クセ者10人でダマし合い！裏切り者は誰だ？🈑
兵庫,7 テレビ大阪1,2026-07-26,22:48,天気予報
兵庫,7 テレビ大阪1,2026-07-26,22:54,スポーツリアライブ
兵庫,7 テレビ大阪1,2026-07-26,23:20,Weekly女子ゴルフ
兵庫,7 テレビ大阪1,2026-07-26,23:45,ふつつかな悪女ではございますが〜雛宮蝶鼠とりかえ伝〜 第3話🈑
兵庫,8 関西テレビ1,2026-07-26,05:00,釣りごろ つられごろ
兵庫,8 関西テレビ1,2026-07-26,05:15,EN－GINE 山崎怜奈が時代を動かす企業、ビジネスパーソンのリアルに迫る！
兵庫,8 関西テレビ1,2026-07-26,05:45,皇室ご一家🈑
兵庫,8 関西テレビ1,2026-07-26,06:00,カンテレNEWS🈑 全国・関西の最新ニュースをわかりやすくお伝えします
兵庫,8 関西テレビ1,2026-07-26,06:15,ピーチケプラス🈑 鈴木亮平＆アルピー平子㊙シティーハンター愛を熱弁▽尾上右近
兵庫,8 関西テレビ1,2026-07-26,06:30,リーダーの流儀🈑 大倉忠義がビジネスリーダーと対談！新感覚ビジネス・トーク番組！
兵庫,8 関西テレビ1,2026-07-26,07:00,SUNDAYブレイク． 千葉県勝浦でオズワルド伊藤が絶叫アクティビティ体験🈑🈕🈓
兵庫,8 関西テレビ1,2026-07-26,08:25,物語の始まりへ🈑 学生たちの研究にかける熱い想いは見逃せない
兵庫,8 関西テレビ1,2026-07-26,08:30,ロザンのクイズの神様・超🈑 夏に食べたい！関西の定番ソースでアレンジレシピ対決！
兵庫,8 関西テレビ1,2026-07-26,09:00,DIGIMON BEATBREAK ＃40🈑🈖【消せない夜】
兵庫,8 関西テレビ1,2026-07-26,09:30,テレビアニメ「鬼滅の刃」シリーズ全編再放送🈑🈖🈓【竈門炭治郎 立志編】
兵庫,8 関西テレビ1,2026-07-26,10:00,かのサンド🈑◆学生街で絶品グルメSP！早稲田コスパ抜群グルメ＆学芸大学の名店中華
兵庫,8 関西テレビ1,2026-07-26,11:15,ミラモンGOLD🈑
兵庫,8 関西テレビ1,2026-07-26,11:45,攻殻PR隊🈑 ＃4
兵庫,8 関西テレビ1,2026-07-26,11:50,FNN Live News days🈑 全国・関西のニュースをわかりやすく
兵庫,8 関西テレビ1,2026-07-26,12:00,世界の何だコレ！？ミステリー🈞🈑 ▼経営破綻したJAL…復活劇の裏に何が？
兵庫,8 関西テレビ1,2026-07-26,13:59,マルコポロリ！🈑 解散した芸人たちが新相方とマッチング⁉森本や九条がガチ告白
兵庫,8 関西テレビ1,2026-07-26,14:54,発見たまご！ころころコロンブス🈑 日曜の昼下がりにほっこり和む注目情報をお届け
兵庫,8 関西テレビ1,2026-07-26,15:00,競馬BEAT【第43回東海ステークス（GⅢ）▽第61回関屋記念（GⅢ）】
兵庫,8 関西テレビ1,2026-07-26,16:00,ちゃちゃ入れマンデー🈞🈑 ★関西弁の新ジョーシキ大調査SP
兵庫,8 関西テレビ1,2026-07-26,17:00,newsランナー 日曜版 憧れのA5ランク“高級和牛”が余る時代…業界に激震何が
兵庫,8 関西テレビ1,2026-07-26,17:30,FNN Live News イット！🈑 全国・関西の最新ニュースをお伝えします
兵庫,8 関西テレビ1,2026-07-26,18:00,ちびまる子ちゃん🈑🈖【隣町の男子とプールで勝負する／たまちゃんちで日曜大工を】
兵庫,8 関西テレビ1,2026-07-26,18:30,サザエさん🈑🈖🈓【憧れの松／うっかりでしっかり ほか】
兵庫,8 関西テレビ1,2026-07-26,19:00,千鳥の鬼レンチャン🈑◆鬼ハード初代女王誕生？STU池ちゃん＆高橋成美サビカラ登場
兵庫,8 関西テレビ1,2026-07-26,21:00,Mr．サンデー🈑🈓
兵庫,8 関西テレビ1,2026-07-26,23:09,中川家と博士のねじねじの世界🈑 気が利く六角レンチ
兵庫,8 関西テレビ1,2026-07-26,23:15,ワンピース🈑🈖【エルバフの大罪人 冥界のロキ解放！？】
兵庫,8 関西テレビ1,2026-07-26,23:45,すぽると！🈑 大谷翔平のストレートは軌道が読めない⁉スター証言＆脳科学から紐解く
兵庫,10 読売テレビ1,2026-07-26,05:00,モニしょぴ！
兵庫,10 読売テレビ1,2026-07-26,05:30,めざましウキウキショッピング
兵庫,10 読売テレビ1,2026-07-26,06:00,皇室日記🈑▽天皇ご一家那須ご静養▽佳子さま「重複障がい者」に寄せる思い
兵庫,10 読売テレビ1,2026-07-26,06:15,NNNニュース・サンデー🈐
兵庫,10 読売テレビ1,2026-07-26,06:30,ウィークリーアクセスten．
兵庫,10 読売テレビ1,2026-07-26,07:00,遠くへ行きたい【高橋成美が信州・長野へ】くるみ蕎麦＆清流が育む薬用魚🈖🈑
兵庫,10 読売テレビ1,2026-07-26,07:30,シューイチ🈑🈓8月から変わること＆新スポット▽秋山＆平子が南房総の体格グルメ堪能
兵庫,10 読売テレビ1,2026-07-26,10:25,グッと！地球便 悲劇を乗り越えカンボジアの未来のために木を植え続ける妹へ🈖🈑
兵庫,10 読売テレビ1,2026-07-26,10:55,所さんの目がテン！🈑桝太一＆トーキョーバグボーイズがパラオで念願のチョウに出会う
兵庫,10 読売テレビ1,2026-07-26,11:25,BEAT〜時代の鼓動〜【佐藤薬品工業株式会社】🈑
兵庫,10 読売テレビ1,2026-07-26,11:30,NNN ストレイトニュース🈑
兵庫,10 読売テレビ1,2026-07-26,11:40,上沼・高田のクギズケ！ 水谷豊の娘婿に文春砲▽W杯でトランプ氏が大批判🈑
兵庫,10 読売テレビ1,2026-07-26,12:35,草彅やすとものうさぎとかめ【山形秋田岩手の格安宿】🈖🈑
兵庫,10 読売テレビ1,2026-07-26,13:30,そこまで言って委員会NP 「大戦争時代」SP！戦争終結シナリオを徹底討論🈑
兵庫,10 読売テレビ1,2026-07-26,15:00,突破ファイル🈞🈑崖の上に17坪の旗竿地⁉狭小住宅▽草薙が當真＆上白石とダイハード
兵庫,10 読売テレビ1,2026-07-26,17:05,【every．レコメンド】総菜名人の愛され繁盛店🈑
兵庫,10 読売テレビ1,2026-07-26,17:30,笑点🈖🈑🈓城島茂が座布団運び「ザ！鉄腕！DASH！！」×「笑点」夢のコラボDAY
兵庫,10 読売テレビ1,2026-07-26,18:00,真相報道バンキシャ！🈑桝太一＆石川みなみが1週間の出来事を詳しく
兵庫,10 読売テレビ1,2026-07-26,18:55,博士は今日も嫉妬する 人生が楽しくなる最新テクノロジー🈑
兵庫,10 読売テレビ1,2026-07-26,19:00,ザ！鉄腕！DASH！！▽笑点60周年記念夏祭り！師匠全員参加で巨大お好み焼き！🈑
兵庫,10 読売テレビ1,2026-07-26,19:58,イッテQ【お祭り男宮川＆二代目手越】フィンランドで丸太乗って川を下る木材選手権🈑
兵庫,10 読売テレビ1,2026-07-26,20:54,音のソノリティ🈑
兵庫,10 読売テレビ1,2026-07-26,21:00,ゴールデンストーンズ▽番組史上最大‼人気芸人軍団と総勢31名の大混戦バトル🈑
兵庫,10 読売テレビ1,2026-07-26,21:54,シノビーといっしょ
兵庫,10 読売テレビ1,2026-07-26,22:00,おしゃれクリップ🈖🈑出川哲朗はなぜ愛される？▽妻や一茂が忖度なしでガチ素顔告白
兵庫,10 読売テレビ1,2026-07-26,22:30,ドラマ「一次元の挿し木」第4話【激動の真相が発覚…古人骨と義妹を巡る謎】🈖🈑🈓
兵庫,10 読売テレビ1,2026-07-26,23:25,ダウンタウンのガキの使い！10人で男の勲章歌い切り！エース＆小田参戦で大波乱🈑
兵庫,10 読売テレビ1,2026-07-26,23:55,Going！🈑生出演！渡邊雄太が明かす日本バスケの進化▽赤星絶賛！怪物高校生
兵庫,3 サンテレビ1,2026-07-26,01:31,
兵庫,3 サンテレビ1,2026-07-26,05:15,天気予報
兵庫,3 サンテレビ1,2026-07-26,05:28,オープニング
兵庫,3 サンテレビ1,2026-07-26,05:30,テレビショッピング
兵庫,3 サンテレビ1,2026-07-26,06:00,真弓＆勝成のExpert GOLF🈞
兵庫,3 サンテレビ1,2026-07-26,06:30,テレビショッピング
兵庫,3 サンテレビ1,2026-07-26,07:00,ライフ・ライン
兵庫,3 サンテレビ1,2026-07-26,07:30,ごりやくさん🈑🈞
兵庫,3 サンテレビ1,2026-07-26,07:55,こちらサンテレビです
兵庫,3 サンテレビ1,2026-07-26,08:00,テレビショッピング
兵庫,3 サンテレビ1,2026-07-26,08:30,日本ふるさと百景【京都編4】🈑🈞
兵庫,3 サンテレビ1,2026-07-26,08:55,トップの言魂
兵庫,3 サンテレビ1,2026-07-26,09:00,はりきりテレビダイレクト〜だって日曜だもん〜
兵庫,3 サンテレビ1,2026-07-26,09:30,アサスマ！
兵庫,3 サンテレビ1,2026-07-26,10:00,第108回全国高等学校野球選手権 兵庫大会決勝 生中継
兵庫,3 サンテレビ1,2026-07-26,13:55,天気予報
兵庫,3 サンテレビ1,2026-07-26,14:00,テレビショッピング
兵庫,3 サンテレビ1,2026-07-26,14:30,童謡コーラス名曲大合唱＆みんなの音楽会テレビ
兵庫,3 サンテレビ1,2026-07-26,14:45,縁めぐり旅
兵庫,3 サンテレビ1,2026-07-26,15:00,テレビショッピング
兵庫,3 サンテレビ1,2026-07-26,15:30,テレビショッピング
兵庫,3 サンテレビ1,2026-07-26,16:00,天才ピアニスト・フースーヤ・ジョックロックのワチャラチャ忍忍🈞
兵庫,3 サンテレビ1,2026-07-26,16:30,ドラマ あざとかわいいワタシが優勝🈑
兵庫,3 サンテレビ1,2026-07-26,17:00,サンデーショッピング
兵庫,3 サンテレビ1,2026-07-26,17:30,ニュースSUNデー
兵庫,3 サンテレビ1,2026-07-26,17:52,天気予報
兵庫,3 サンテレビ1,2026-07-26,17:54,淡路島へ行こう！〜ほっこり洲本温泉の旅〜
兵庫,3 サンテレビ1,2026-07-26,18:00,サンテレビボックス席 阪神×巨人（甲子園）
兵庫,3 サンテレビ1,2026-07-26,21:54,天気予報
兵庫,3 サンテレビ1,2026-07-26,21:56,日曜よるまるひめ
兵庫,3 サンテレビ1,2026-07-26,22:00,あんてなサン
兵庫,3 サンテレビ1,2026-07-26,22:30,大阪芸大テレビ
兵庫,3 サンテレビ1,2026-07-26,22:45,ボートの時間！
兵庫,3 サンテレビ1,2026-07-26,23:00,生×カラ！TV
兵庫,3 サンテレビ1,2026-07-26,23:30,刃牙道（第4話）
和歌山,1 NHK総合1..,2026-07-26,05:00,ニュース・気象情報
和歌山,1 NHK総合1..,2026-07-26,05:10,Jリーグと私 あの試合を忘れない ＃17 横浜FM🈑
和歌山,1 NHK総合1..,2026-07-26,05:15,週末のNスペは… 激変・安全保障 日本の進路は🈑
和歌山,1 NHK総合1..,2026-07-26,05:20,桂文珍の演芸図鑑 レ・ロマネスクTOBI 柳亭小燕枝 三拍子🈑
和歌山,1 NHK総合1..,2026-07-26,05:50,気象情報
和歌山,1 NHK総合1..,2026-07-26,05:55,気象情報（関西）
和歌山,1 NHK総合1..,2026-07-26,06:00,ニュース
和歌山,1 NHK総合1..,2026-07-26,06:10,【特選！時代劇】大岡越前8 🈟（1）「燃える牢屋敷」🈖🈑
和歌山,1 NHK総合1..,2026-07-26,06:53,ニュース・気象情報（関西）
和歌山,1 NHK総合1..,2026-07-26,07:00,NHKニュース おはよう日本 7月26日（日）🈑
和歌山,1 NHK総合1..,2026-07-26,07:40,ニュース・気象情報（関西）
和歌山,1 NHK総合1..,2026-07-26,07:45,さわやか自然百景 青森 屏風山湿原池沼群🈑
和歌山,1 NHK総合1..,2026-07-26,08:00,小さな旅「大原を継ぐ 〜京都市 左京区〜」🈖🈑
和歌山,1 NHK総合1..,2026-07-26,08:25,Dearにっぽん「私たちが新聞を書く理由〜滋賀・虎姫高校〜」🈑
和歌山,1 NHK総合1..,2026-07-26,08:50,あさイチの鈴木奈穂子アナが「NHK ONE」を解説🈑
和歌山,1 NHK総合1..,2026-07-26,08:57,気象情報
和歌山,1 NHK総合1..,2026-07-26,09:00,日曜討論 徹底解説！暑さはどこまで？対策は
和歌山,1 NHK総合1..,2026-07-26,10:00,ニュース・気象情報🈑
和歌山,1 NHK総合1..,2026-07-26,10:05,明日をまもるナビ選196 都市を襲う水害 内水氾濫〜見えない危険にどう備える🈖🈑
和歌山,1 NHK総合1..,2026-07-26,10:30,5分であさイチ（4）知ってトクする旅行術（2）バッグの詰め方🈑
和歌山,1 NHK総合1..,2026-07-26,10:35,ゆったり温泉ひとり旅 北海道・登別温泉🈑
和歌山,1 NHK総合1..,2026-07-26,11:04,ニュース🈑
和歌山,1 NHK総合1..,2026-07-26,11:05,あしたが変わるトリセツショー 骨ケアで健康革命！今すぐできる運動＆食事ワザ🈖🈑🈞
和歌山,1 NHK総合1..,2026-07-26,11:50,ふすま絵 奇跡の再会🈑
和歌山,1 NHK総合1..,2026-07-26,11:54,気象情報
和歌山,1 NHK総合1..,2026-07-26,12:00,ニュース🈑
和歌山,1 NHK総合1..,2026-07-26,12:10,ニュース（関西）
和歌山,1 NHK総合1..,2026-07-26,12:15,NHKのど自慢 熱唱熱演名場面 2026 Part1🈑
和歌山,1 NHK総合1..,2026-07-26,12:55,ドキュメント72時間PR ドキュメント72時間の作り方＜編集・ナレーション編＞🈑
和歌山,1 NHK総合1..,2026-07-26,13:00,ニュース・気象情報🈑
和歌山,1 NHK総合1..,2026-07-26,13:05,ダーウィンが来た！「相葉さんと探せ！ミクロいきもの超ワールド」🈖🈑🈞
和歌山,1 NHK総合1..,2026-07-26,13:35,さわやか自然百景10min．（37）兵庫 猫崎の海と黒川渓谷🈑
和歌山,1 NHK総合1..,2026-07-26,13:45,JAPAN DELISH 5min カレーライス🈑
和歌山,1 NHK総合1..,2026-07-26,13:50,アニメまとめPR 放送中！注目の3番組ほか🈑
和歌山,1 NHK総合1..,2026-07-26,13:55,プロフェッショナル 仕事の流儀 旅する家族、春をつなぐ〜養蜂家・藤井髙治〜🈖🈑🈞
和歌山,1 NHK総合1..,2026-07-26,14:40,秀サルでもわかる 豊臣兄弟！ なんで豊臣兄弟は明智光秀に勝てたの？🈑
和歌山,1 NHK総合1..,2026-07-26,14:45,あしたが変わるトリセツショー 番外編 フレイル対策15分エクササイズ🈑
和歌山,1 NHK総合1..,2026-07-26,15:00,ニュース・気象情報🈑
和歌山,1 NHK総合1..,2026-07-26,15:05,大相撲（2026年） 名古屋場所 千秋楽🈑
和歌山,1 NHK総合1..,2026-07-26,15:30,大相撲（2026年） 名古屋場所 千秋楽 優勝力士・三賞力士インタビュー🈔🈑
和歌山,1 NHK総合1..,2026-07-26,18:00,ニュース🈑
和歌山,1 NHK総合1..,2026-07-26,18:05,有吉のお金発見 突撃！カネオくん 令和に再ブーム！RCカーのヒミツ🈑
和歌山,1 NHK総合1..,2026-07-26,18:45,ニュース・気象情報（関西）
和歌山,1 NHK総合1..,2026-07-26,19:00,NHKニュース7🈔🈑
和歌山,1 NHK総合1..,2026-07-26,19:30,ダーウィンが来た！「最大の味方！最強のライバル！？動物兄弟」🈖🈑
和歌山,1 NHK総合1..,2026-07-26,20:00,豊臣兄弟！（29）天下への道🈖🈑
和歌山,1 NHK総合1..,2026-07-26,20:45,ニュース🈑🈐
和歌山,1 NHK総合1..,2026-07-26,20:55,ニュース・気象情報（関西）
和歌山,1 NHK総合1..,2026-07-26,21:00,NHKスペシャル 激変・安全保障 “力の支配”と揺らぐ国際秩序 日本の針路は🈑
和歌山,1 NHK総合1..,2026-07-26,22:00,サンデースポーツ🈑
和歌山,1 NHK総合1..,2026-07-26,22:50,ニュース・気象情報🈑
和歌山,1 NHK総合1..,2026-07-26,22:55,ハロー！NHKワールドJAPAN 7月の地域特集・山口県関連番組紹介🈑
和歌山,1 NHK総合1..,2026-07-26,23:00,DOC（ドック）3 あすへのカルテ（8）「暗闇の先へ」🈔🈑
和歌山,1 NHK総合1..,2026-07-26,23:59,連続テレビ小説「ひよっこ」再放送PR
和歌山,2 NHKEテレ..,2026-07-26,05:00,こころの時代 わからなさのなかで〜最首悟の思想をたどる〜🈑🈞
和歌山,2 NHKEテレ..,2026-07-26,06:00,NHK短歌 わたしの宮沢賢治 テーマ「月」🈑
和歌山,2 NHKEテレ..,2026-07-26,06:25,テレビ体操🈑
和歌山,2 NHKEテレ..,2026-07-26,06:35,NHK俳句 題「七夕」🈑
和歌山,2 NHKEテレ..,2026-07-26,07:00,第93回NHK全国学校音楽コンクール みんなの合唱レッスン・高等学校の部🈑
和歌山,2 NHKEテレ..,2026-07-26,07:10,第93回NHK全国学校音楽コンクール みんなの合唱レッスン・中学校の部🈑
和歌山,2 NHKEテレ..,2026-07-26,07:20,第93回NHK全国学校音楽コンクール みんなの合唱レッスン・小学校の部🈑
和歌山,2 NHKEテレ..,2026-07-26,07:30,おとうさんといっしょ「まねまねどんぐー」🈑🈞
和歌山,2 NHKEテレ..,2026-07-26,08:00,やさいの時間 みんなの菜園物語 兵庫県（後編）🈑
和歌山,2 NHKEテレ..,2026-07-26,08:25,趣味の園芸 京も一日陽だまり屋「の〜んびり 蘇鉄（そてつ）」🈑
和歌山,2 NHKEテレ..,2026-07-26,08:30,趣味の園芸 選 ステキをセレクト！タネから育てるコスモス🈑
和歌山,2 NHKEテレ..,2026-07-26,08:55,no art，no life「洋一」🈑
和歌山,2 NHKEテレ..,2026-07-26,09:00,日曜美術館 陶芸家ルーシー・リー 繊細でたくましい器🈑
和歌山,2 NHKEテレ..,2026-07-26,09:45,日曜美術館 アートシーン「まなざしの奇跡 日本女性写真家の冒険」展🈑
和歌山,2 NHKEテレ..,2026-07-26,10:00,将棋フォーカス 選 フォーカス流・観る将検定 第2回！🈑
和歌山,2 NHKEテレ..,2026-07-26,10:30,第76回 NHK杯テレビ将棋トーナメント 1回戦第17局 羽生九段×横山七段🈑
和歌山,2 NHKEテレ..,2026-07-26,12:00,囲碁フォーカス 選 知らずに使っている！？「囲碁用語」🈑
和歌山,2 NHKEテレ..,2026-07-26,12:30,第74回NHK杯テレビ囲碁トーナメント1回戦第17局酒井佑規七段×加藤千笑四段🈑
和歌山,2 NHKEテレ..,2026-07-26,14:00,日本の話芸 柳家蝠丸 落語「叩き蟹」🈖🈑
和歌山,2 NHKEテレ..,2026-07-26,14:30,アニメ 青のオーケストラ シーズン2（1）「ほころび」🈑
和歌山,2 NHKEテレ..,2026-07-26,14:55,アニメ 青のオーケストラ シーズン2（2）「波紋」🈑
和歌山,2 NHKEテレ..,2026-07-26,15:20,アニメ 青のオーケストラ シーズン2（3）「ケジメ」🈑
和歌山,2 NHKEテレ..,2026-07-26,15:45,アニメ 青のオーケストラ シーズン2（4）「体育祭」🈑
和歌山,2 NHKEテレ..,2026-07-26,16:10,ピタゴラミングスイッチ2🈑🈞
和歌山,2 NHKEテレ..,2026-07-26,16:30,ざわざわ森のがんこちゃん30周年スペシャルがんこのびっくりおたんじょうび会🈖🈑🈞
和歌山,2 NHKEテレ..,2026-07-26,17:00,アニメ アオアシ（17）東京都リーグ第7節 多摩体育大学附属高校戦🈑
和歌山,2 NHKEテレ..,2026-07-26,17:25,レディー・グレース 女王陛下のスパイ（4）「迷える女王」🈔🈑
和歌山,2 NHKEテレ..,2026-07-26,17:50,こども手話ウイークリー🈐
和歌山,2 NHKEテレ..,2026-07-26,18:00,木村多江の、いまさらですが… アメリカ建国の立役者 初代財務長官ハミルトン🈖🈑🈞
和歌山,2 NHKEテレ..,2026-07-26,18:30,ブリティッシュ・ベイクオフ6（17）チョコレート対決・前編🈔🈑🈞
和歌山,2 NHKEテレ..,2026-07-26,19:00,未病息災を願います 選「骨密度」が気になったら🈖🈑
和歌山,2 NHKEテレ..,2026-07-26,19:45,365日の献立日記「野菜ずし」🈑
和歌山,2 NHKEテレ..,2026-07-26,19:50,5分であさイチ 夏休みの“お昼ごはん”に革命を！🈑
和歌山,2 NHKEテレ..,2026-07-26,19:55,NHK手話ニュース🈐
和歌山,2 NHKEテレ..,2026-07-26,20:00,日曜美術館 滅びゆく写真 そして人類 現代美術作家・杉本博司🈑🈞
和歌山,2 NHKEテレ..,2026-07-26,20:45,日曜美術館 アートシーン「元禄！師宣劇場」展🈑
和歌山,2 NHKEテレ..,2026-07-26,21:00,古典芸能への招待 歌舞伎「近江源氏先陣館 盛綱陣屋」大阪松竹座さよなら公演🈕🈑
和歌山,2 NHKEテレ..,2026-07-26,23:00,美の壺 選「小さな芸術 干菓子」🈑
和歌山,2 NHKEテレ..,2026-07-26,23:30,サイエンスZERO“次世代塗料”が未来を塗り替える！？🈖🈑
和歌山,4 MBS毎日放送,2026-07-26,05:00,映像’26「異教の隣人たち 〜ともに歩めるのか〜」🈑
和歌山,4 MBS毎日放送,2026-07-26,06:00,MBS NEWS DIG
和歌山,4 MBS毎日放送,2026-07-26,06:15,京都知新【篠笛奏者 森田 玲 森田香織】
和歌山,4 MBS毎日放送,2026-07-26,06:30,皇室アルバム
和歌山,4 MBS毎日放送,2026-07-26,06:45,JNNニュース🈐
和歌山,4 MBS毎日放送,2026-07-26,07:00,健康カプセル！ゲンキの時間🈖🈑侮っていると一大事に！？消えないあざに隠れた恐怖
和歌山,4 MBS毎日放送,2026-07-26,07:30,がっちりマンデー‼CMで良く見るけど知らない会社！渡辺パイプ、INPEX、NGK
和歌山,4 MBS毎日放送,2026-07-26,08:00,サンデーモーニング🈑高市総理“寝てない”投稿の波紋▽消費税“迷走”と骨太ショック
和歌山,4 MBS毎日放送,2026-07-26,10:00,サンデー・ジャポン 延長国会閉幕…議員直撃！▽堺雅人が緊急生出演！スタジオ生考察
和歌山,4 MBS毎日放送,2026-07-26,11:35,上田晋也のサンデーQ🈑堺雅人が生出演「VIVANT」エキストラは4千人！聖地先取り巡礼
和歌山,4 MBS毎日放送,2026-07-26,12:54,世界の乗り物乗ってきた！ World Ride Document🈞🈑
和歌山,4 MBS毎日放送,2026-07-26,14:54,世界くらべてみたら★日本の超人気な便利グッズ…世界人気1位は？🈑
和歌山,4 MBS毎日放送,2026-07-26,16:00,本日！7月26日スタート VIVANT 初回直前SPナビ
和歌山,4 MBS毎日放送,2026-07-26,16:30,レッツゴー怪奇組 第四怪🈑
和歌山,4 MBS毎日放送,2026-07-26,17:00,日5「正反対な君と僕」 ＃16「新学期」🈑🈓
和歌山,4 MBS毎日放送,2026-07-26,17:30,Nスタ🈑
和歌山,4 MBS毎日放送,2026-07-26,18:00,世界遺産／バリ島 1000年続く棚田の絶景（インドネシア）🈖🈑
和歌山,4 MBS毎日放送,2026-07-26,18:30,ベスコングルメ★夏の軽井沢SP・そば通DEEN池森オススメの手打ちそば名店へ🈖🈑🈓
和歌山,4 MBS毎日放送,2026-07-26,19:00,バナナマンのせっかくグルメ★VIVANT堺雅人＆濱田岳と日村が人気リゾート地🈑🈓
和歌山,4 MBS毎日放送,2026-07-26,20:00,VIVANT直前生放送★堺×阿部×二宮×松坂が集結！今からでも間に合うSPダイジェスト🈑
和歌山,4 MBS毎日放送,2026-07-26,21:00,🈟日曜劇場「VIVANT」第11話🈖🈑
和歌山,4 MBS毎日放送,2026-07-26,22:19,らいよんチャンネル
和歌山,4 MBS毎日放送,2026-07-26,22:25,日曜日の初耳学◆堺雅人×林修『VIVANT』放送直後90分SP阿部寛＆初出しメイキング映像
和歌山,4 MBS毎日放送,2026-07-26,23:49,東京空色さんぽ🈖🈑
和歌山,4 MBS毎日放送,2026-07-26,23:55,黒猫と魔女の教室🈑🈓 ＃16「イオ・トーラス がんばります」【アガルアニメ】
和歌山,6 ABCテレビ1,2026-07-26,04:50,テレメンタリー2026「落とし穴〜袴田事件60年と再審法改正の闇」🈑
和歌山,6 ABCテレビ1,2026-07-26,05:20,LIFE〜夢のカタチ〜🈞🈑 京都を見渡せる絶景の店で伝説のシェフが作るイタリアン
和歌山,6 ABCテレビ1,2026-07-26,05:50,グッド！モーニング🈓🈑
和歌山,6 ABCテレビ1,2026-07-26,08:00,よ〜い！スターと！トビダスクール しなことリボンでTシャツデコ！🈓🈑
和歌山,6 ABCテレビ1,2026-07-26,08:30,名探偵プリキュア！ #26 キュアエクレールの復活！🈓🈑
和歌山,6 ABCテレビ1,2026-07-26,09:00,仮面ライダーゼッツ 第45話「惑わす」🈓🈑
和歌山,6 ABCテレビ1,2026-07-26,09:30,🈟角醒ハンター オメガホーン 第1話「角醒せよ！赤き角獣王！」🈓🈑
和歌山,6 ABCテレビ1,2026-07-26,10:00,新作映画公開記念「映画クレヨンしんちゃん超華麗！灼熱のカスカベダンサーズ」🈑
和歌山,6 ABCテレビ1,2026-07-26,11:45,エビ推シ〜【ABCテレビのおススメ番組＆見どころをエビシーが紹介！】
和歌山,6 ABCテレビ1,2026-07-26,11:50,ANNニュース🈑
和歌山,6 ABCテレビ1,2026-07-26,12:00,ビートたけしのTVタックル 昭和は驚きの光景が…令和のゴミ問題＆激安リユース店🈑
和歌山,6 ABCテレビ1,2026-07-26,12:55,新婚さんいらっしゃい！ オーストラリア在住夫婦が出場！親戚100人の大運動会!?🈖🈑
和歌山,6 ABCテレビ1,2026-07-26,13:25,華丸丼と大吉麺【荻窪で発見！あのドラマの監修をした三ツ星店の斬新沖縄そば】🈑
和歌山,6 ABCテレビ1,2026-07-26,13:55,news おかえり 傑作選
和歌山,6 ABCテレビ1,2026-07-26,14:30,第47回ABCお笑いグランプリ2026 presented by SCOグループ🈑
和歌山,6 ABCテレビ1,2026-07-26,17:30,ANNスーパーJチャンネル🈑
和歌山,6 ABCテレビ1,2026-07-26,17:55,Co．☆ラボ🈑
和歌山,6 ABCテレビ1,2026-07-26,18:00,相葉マナブ 初登場！timelesz佐藤勝利と地引き網！相模湾で何が獲れる？🈑
和歌山,6 ABCテレビ1,2026-07-26,18:52,ABC天気予報
和歌山,6 ABCテレビ1,2026-07-26,18:56,ポツンと一軒家 2時間SP！84歳チェーンソーアート挑戦！仲間とBBQ宴会＆絶景岩風呂🈑
和歌山,6 ABCテレビ1,2026-07-26,20:56,有働Times🈑
和歌山,6 ABCテレビ1,2026-07-26,22:15,マイ・フィクション 第4話「刑務所にいるはずの人間」🈖🈑
和歌山,6 ABCテレビ1,2026-07-26,23:09,エビ推シ〜【ABCテレビのおススメ番組＆見どころをエビシーが紹介！】
和歌山,6 ABCテレビ1,2026-07-26,23:15,EIGHT－JAM 【中森明菜特集‼松田聖子・小泉今日子との関係、振付秘話…】🈑
和歌山,8 関西テレビ1,2026-07-26,05:00,釣りごろ つられごろ
和歌山,8 関西テレビ1,2026-07-26,05:15,EN－GINE 山崎怜奈が時代を動かす企業、ビジネスパーソンのリアルに迫る！
和歌山,8 関西テレビ1,2026-07-26,05:45,皇室ご一家🈑
和歌山,8 関西テレビ1,2026-07-26,06:00,カンテレNEWS🈑 全国・関西の最新ニュースをわかりやすくお伝えします
和歌山,8 関西テレビ1,2026-07-26,06:15,ピーチケプラス🈑 鈴木亮平＆アルピー平子㊙シティーハンター愛を熱弁▽尾上右近
和歌山,8 関西テレビ1,2026-07-26,06:30,リーダーの流儀🈑 大倉忠義がビジネスリーダーと対談！新感覚ビジネス・トーク番組！
和歌山,8 関西テレビ1,2026-07-26,07:00,SUNDAYブレイク． 千葉県勝浦でオズワルド伊藤が絶叫アクティビティ体験🈑🈕🈓
和歌山,8 関西テレビ1,2026-07-26,08:25,物語の始まりへ🈑 学生たちの研究にかける熱い想いは見逃せない
和歌山,8 関西テレビ1,2026-07-26,08:30,ロザンのクイズの神様・超🈑 夏に食べたい！関西の定番ソースでアレンジレシピ対決！
和歌山,8 関西テレビ1,2026-07-26,09:00,DIGIMON BEATBREAK ＃40🈑🈖【消せない夜】
和歌山,8 関西テレビ1,2026-07-26,09:30,テレビアニメ「鬼滅の刃」シリーズ全編再放送🈑🈖🈓【竈門炭治郎 立志編】
和歌山,8 関西テレビ1,2026-07-26,10:00,かのサンド🈑◆学生街で絶品グルメSP！早稲田コスパ抜群グルメ＆学芸大学の名店中華
和歌山,8 関西テレビ1,2026-07-26,11:15,ミラモンGOLD🈑
和歌山,8 関西テレビ1,2026-07-26,11:45,攻殻PR隊🈑 ＃4
和歌山,8 関西テレビ1,2026-07-26,11:50,FNN Live News days🈑 全国・関西のニュースをわかりやすく
和歌山,8 関西テレビ1,2026-07-26,12:00,世界の何だコレ！？ミステリー🈞🈑 ▼経営破綻したJAL…復活劇の裏に何が？
和歌山,8 関西テレビ1,2026-07-26,13:59,マルコポロリ！🈑 解散した芸人たちが新相方とマッチング⁉森本や九条がガチ告白
和歌山,8 関西テレビ1,2026-07-26,14:54,発見たまご！ころころコロンブス🈑 日曜の昼下がりにほっこり和む注目情報をお届け
和歌山,8 関西テレビ1,2026-07-26,15:00,競馬BEAT【第43回東海ステークス（GⅢ）▽第61回関屋記念（GⅢ）】
和歌山,8 関西テレビ1,2026-07-26,16:00,ちゃちゃ入れマンデー🈞🈑 ★関西弁の新ジョーシキ大調査SP
和歌山,8 関西テレビ1,2026-07-26,17:00,newsランナー 日曜版 憧れのA5ランク“高級和牛”が余る時代…業界に激震何が
和歌山,8 関西テレビ1,2026-07-26,17:30,FNN Live News イット！🈑 全国・関西の最新ニュースをお伝えします
和歌山,8 関西テレビ1,2026-07-26,18:00,ちびまる子ちゃん🈑🈖【隣町の男子とプールで勝負する／たまちゃんちで日曜大工を】
和歌山,8 関西テレビ1,2026-07-26,18:30,サザエさん🈑🈖🈓【憧れの松／うっかりでしっかり ほか】
和歌山,8 関西テレビ1,2026-07-26,19:00,千鳥の鬼レンチャン🈑◆鬼ハード初代女王誕生？STU池ちゃん＆高橋成美サビカラ登場
和歌山,8 関西テレビ1,2026-07-26,21:00,Mr．サンデー🈑🈓
和歌山,8 関西テレビ1,2026-07-26,23:09,中川家と博士のねじねじの世界🈑 気が利く六角レンチ
和歌山,8 関西テレビ1,2026-07-26,23:15,ワンピース🈑🈖【エルバフの大罪人 冥界のロキ解放！？】
和歌山,8 関西テレビ1,2026-07-26,23:45,すぽると！🈑 大谷翔平のストレートは軌道が読めない⁉スター証言＆脳科学から紐解く
和歌山,10 読売テレビ1,2026-07-26,05:00,モニしょぴ！
和歌山,10 読売テレビ1,2026-07-26,05:30,めざましウキウキショッピング
和歌山,10 読売テレビ1,2026-07-26,06:00,皇室日記🈑▽天皇ご一家那須ご静養▽佳子さま「重複障がい者」に寄せる思い
和歌山,10 読売テレビ1,2026-07-26,06:15,NNNニュース・サンデー🈐
和歌山,10 読売テレビ1,2026-07-26,06:30,ウィークリーアクセスten．
和歌山,10 読売テレビ1,2026-07-26,07:00,遠くへ行きたい【高橋成美が信州・長野へ】くるみ蕎麦＆清流が育む薬用魚🈖🈑
和歌山,10 読売テレビ1,2026-07-26,07:30,シューイチ🈑🈓8月から変わること＆新スポット▽秋山＆平子が南房総の体格グルメ堪能
和歌山,10 読売テレビ1,2026-07-26,10:25,グッと！地球便 悲劇を乗り越えカンボジアの未来のために木を植え続ける妹へ🈖🈑
和歌山,10 読売テレビ1,2026-07-26,10:55,所さんの目がテン！🈑桝太一＆トーキョーバグボーイズがパラオで念願のチョウに出会う
和歌山,10 読売テレビ1,2026-07-26,11:25,BEAT〜時代の鼓動〜【佐藤薬品工業株式会社】🈑
和歌山,10 読売テレビ1,2026-07-26,11:30,NNN ストレイトニュース🈑
和歌山,10 読売テレビ1,2026-07-26,11:40,上沼・高田のクギズケ！ 水谷豊の娘婿に文春砲▽W杯でトランプ氏が大批判🈑
和歌山,10 読売テレビ1,2026-07-26,12:35,草彅やすとものうさぎとかめ【山形秋田岩手の格安宿】🈖🈑
和歌山,10 読売テレビ1,2026-07-26,13:30,そこまで言って委員会NP 「大戦争時代」SP！戦争終結シナリオを徹底討論🈑
和歌山,10 読売テレビ1,2026-07-26,15:00,突破ファイル🈞🈑崖の上に17坪の旗竿地⁉狭小住宅▽草薙が當真＆上白石とダイハード
和歌山,10 読売テレビ1,2026-07-26,17:05,【every．レコメンド】総菜名人の愛され繁盛店🈑
和歌山,10 読売テレビ1,2026-07-26,17:30,笑点🈖🈑🈓城島茂が座布団運び「ザ！鉄腕！DASH！！」×「笑点」夢のコラボDAY
和歌山,10 読売テレビ1,2026-07-26,18:00,真相報道バンキシャ！🈑桝太一＆石川みなみが1週間の出来事を詳しく
和歌山,10 読売テレビ1,2026-07-26,18:55,博士は今日も嫉妬する 人生が楽しくなる最新テクノロジー🈑
和歌山,10 読売テレビ1,2026-07-26,19:00,ザ！鉄腕！DASH！！▽笑点60周年記念夏祭り！師匠全員参加で巨大お好み焼き！🈑
和歌山,10 読売テレビ1,2026-07-26,19:58,イッテQ【お祭り男宮川＆二代目手越】フィンランドで丸太乗って川を下る木材選手権🈑
和歌山,10 読売テレビ1,2026-07-26,20:54,音のソノリティ🈑
和歌山,10 読売テレビ1,2026-07-26,21:00,ゴールデンストーンズ▽番組史上最大‼人気芸人軍団と総勢31名の大混戦バトル🈑
和歌山,10 読売テレビ1,2026-07-26,21:54,シノビーといっしょ
和歌山,10 読売テレビ1,2026-07-26,22:00,おしゃれクリップ🈖🈑出川哲朗はなぜ愛される？▽妻や一茂が忖度なしでガチ素顔告白
和歌山,10 読売テレビ1,2026-07-26,22:30,ドラマ「一次元の挿し木」第4話【激動の真相が発覚…古人骨と義妹を巡る謎】🈖🈑🈓
和歌山,10 読売テレビ1,2026-07-26,23:25,ダウンタウンのガキの使い！10人で男の勲章歌い切り！エース＆小田参戦で大波乱🈑
和歌山,10 読売テレビ1,2026-07-26,23:55,Going！🈑生出演！渡邊雄太が明かす日本バスケの進化▽赤星絶賛！怪物高校生
和歌山,5 WTV1,2026-07-26,05:00,モーニングプラザ2 テレビショッピング
和歌山,5 WTV1,2026-07-26,05:30,モーニングプラザ3 おウチde買いまSHOW
和歌山,5 WTV1,2026-07-26,06:00,四季の釣り 【近くて便利な海釣り公園 手軽にサビキ釣りを楽しもう！】
和歌山,5 WTV1,2026-07-26,06:30,テレわか＋
和歌山,5 WTV1,2026-07-26,06:35,ガッ釣り関西 和歌山【和歌山県・みなべ町 堤防で紀州釣り】
和歌山,5 WTV1,2026-07-26,07:05,サンデースクエア1 森永乳業テレビショッピング
和歌山,5 WTV1,2026-07-26,07:35,🈑🈐きのくに21 ▽第25回わかやま環境賞▽和歌山で農業を始めよう〜就農支援
和歌山,5 WTV1,2026-07-26,08:05,がんばれ！おでんくん
和歌山,5 WTV1,2026-07-26,08:10,ミュージックブレイク
和歌山,5 WTV1,2026-07-26,08:15,サンデースクエア2 ショップジャパンテレビショッピング
和歌山,5 WTV1,2026-07-26,08:30,新美の巨人たち 【鉛筆で命を描く】 木下晋×星野真理
和歌山,5 WTV1,2026-07-26,09:00,トミプラワールドのりのりタイムズ！！ 【超電導リニアにのる＆タクシー】
和歌山,5 WTV1,2026-07-26,09:30,サンデースクエア3 ショップジャパンテレビショッピング
和歌山,5 WTV1,2026-07-26,10:00,日曜情報室 おウチde買いまSHOW
和歌山,5 WTV1,2026-07-26,10:30,日曜情報室2 野草の持つ健康のチカラに迫る！
和歌山,5 WTV1,2026-07-26,11:00,🈑ぺこもぐキッチン！【真夏のアジフライSP】石原良純の大好物を三枚おろしから調理！
和歌山,5 WTV1,2026-07-26,11:30,日曜コレクション1 おウチde買いまSHOW
和歌山,5 WTV1,2026-07-26,12:00,開運！なんでも鑑定団 【色彩輝く＜大正浪漫＞宝＆アノ人気映画宝が価値沸騰】🈞
和歌山,5 WTV1,2026-07-26,13:00,サンデーアフタヌーン1 継続は自信なり‼〜10年先の健康のために
和歌山,5 WTV1,2026-07-26,13:30,サンデーアフタヌーン2 元気に歩き続けるための秘訣を大公開！
和歌山,5 WTV1,2026-07-26,14:00,サンデープレミア！▽大阪43市町村を大調査！誰も知らんキング第23弾＆28弾
和歌山,5 WTV1,2026-07-26,16:00,サンデースペシャル1 ハーブ健康本舗テレビショッピング
和歌山,5 WTV1,2026-07-26,16:30,サンデースペシャル2 徹底紹介！美容医療発想スキンケア〜内側からくるハリを支える
和歌山,5 WTV1,2026-07-26,17:00,イブニングセレクト1 ショップジャパンテレビショッピング
和歌山,5 WTV1,2026-07-26,17:30,🈐和歌山県議会 新正副議長に聞く🈞
和歌山,5 WTV1,2026-07-26,17:45,うちのタマ知りませんか？
和歌山,5 WTV1,2026-07-26,17:50,和歌山で働こう！カンパニーガイド5
和歌山,5 WTV1,2026-07-26,17:55,WTV NEWS
和歌山,5 WTV1,2026-07-26,18:00,🈑🈐きのくに21 ▽第25回わかやま環境賞▽和歌山で農業を始めよう〜就農支援🈞
和歌山,5 WTV1,2026-07-26,18:30,🈑日本の海を守る！海上保安庁の激ヤバすぎる最前線100連発SP
和歌山,5 WTV1,2026-07-26,20:50,🈑家、ついて行ってイイですか？菊池風磨愛止まらない女子＆妻夫木涙…亡き妻への想い
和歌山,5 WTV1,2026-07-26,21:54,WTV NEWS
和歌山,5 WTV1,2026-07-26,22:00,🈑有吉ぃぃeeeee！【アモアス】クセ者10人でダマし合い！裏切り者つきは誰だ？
和歌山,5 WTV1,2026-07-26,22:50,和歌山で働こう！カンパニーガイド2
和歌山,5 WTV1,2026-07-26,22:54,スポーツ リアライブ〜SPORTS Real＆Live〜
和歌山,5 WTV1,2026-07-26,23:20,Weekly 女子ゴルフ
和歌山,5 WTV1,2026-07-26,23:45,片っ端から喫茶店🈞
奈良,1 NHK総合1..,2026-07-26,05:00,ニュース・気象情報
奈良,1 NHK総合1..,2026-07-26,05:10,Jリーグと私 あの試合を忘れない ＃17 横浜FM🈑
奈良,1 NHK総合1..,2026-07-26,05:15,週末のNスペは… 激変・安全保障 日本の進路は🈑
奈良,1 NHK総合1..,2026-07-26,05:20,桂文珍の演芸図鑑 レ・ロマネスクTOBI 柳亭小燕枝 三拍子🈑
奈良,1 NHK総合1..,2026-07-26,05:50,気象情報
奈良,1 NHK総合1..,2026-07-26,05:55,気象情報（関西）
奈良,1 NHK総合1..,2026-07-26,06:00,ニュース
奈良,1 NHK総合1..,2026-07-26,06:10,【特選！時代劇】大岡越前8 🈟（1）「燃える牢屋敷」🈖🈑
奈良,1 NHK総合1..,2026-07-26,06:53,ニュース・気象情報（関西）
奈良,1 NHK総合1..,2026-07-26,07:00,NHKニュース おはよう日本 7月26日（日）🈑
奈良,1 NHK総合1..,2026-07-26,07:40,ニュース・気象情報（関西）
奈良,1 NHK総合1..,2026-07-26,07:45,さわやか自然百景 青森 屏風山湿原池沼群🈑
奈良,1 NHK総合1..,2026-07-26,08:00,小さな旅「大原を継ぐ 〜京都市 左京区〜」🈖🈑
奈良,1 NHK総合1..,2026-07-26,08:25,Dearにっぽん「私たちが新聞を書く理由〜滋賀・虎姫高校〜」🈑
奈良,1 NHK総合1..,2026-07-26,08:50,あさイチの鈴木奈穂子アナが「NHK ONE」を解説🈑
奈良,1 NHK総合1..,2026-07-26,08:57,気象情報
奈良,1 NHK総合1..,2026-07-26,09:00,日曜討論 徹底解説！暑さはどこまで？対策は
奈良,1 NHK総合1..,2026-07-26,10:00,ニュース・気象情報🈑
奈良,1 NHK総合1..,2026-07-26,10:05,明日をまもるナビ選196 都市を襲う水害 内水氾濫〜見えない危険にどう備える🈖🈑
奈良,1 NHK総合1..,2026-07-26,10:30,5分であさイチ（4）知ってトクする旅行術（2）バッグの詰め方🈑
奈良,1 NHK総合1..,2026-07-26,10:35,ゆったり温泉ひとり旅 北海道・登別温泉🈑
奈良,1 NHK総合1..,2026-07-26,11:04,ニュース🈑
奈良,1 NHK総合1..,2026-07-26,11:05,あしたが変わるトリセツショー 骨ケアで健康革命！今すぐできる運動＆食事ワザ🈖🈑🈞
奈良,1 NHK総合1..,2026-07-26,11:50,ふすま絵 奇跡の再会🈑
奈良,1 NHK総合1..,2026-07-26,11:54,気象情報
奈良,1 NHK総合1..,2026-07-26,12:00,ニュース🈑
奈良,1 NHK総合1..,2026-07-26,12:10,ニュース（関西）
奈良,1 NHK総合1..,2026-07-26,12:15,NHKのど自慢 熱唱熱演名場面 2026 Part1🈑
奈良,1 NHK総合1..,2026-07-26,12:55,ドキュメント72時間PR ドキュメント72時間の作り方＜編集・ナレーション編＞🈑
奈良,1 NHK総合1..,2026-07-26,13:00,ニュース・気象情報🈑
奈良,1 NHK総合1..,2026-07-26,13:05,ダーウィンが来た！「相葉さんと探せ！ミクロいきもの超ワールド」🈖🈑🈞
奈良,1 NHK総合1..,2026-07-26,13:35,さわやか自然百景10min．（37）兵庫 猫崎の海と黒川渓谷🈑
奈良,1 NHK総合1..,2026-07-26,13:45,JAPAN DELISH 5min カレーライス🈑
奈良,1 NHK総合1..,2026-07-26,13:50,アニメまとめPR 放送中！注目の3番組ほか🈑
奈良,1 NHK総合1..,2026-07-26,13:55,プロフェッショナル 仕事の流儀 旅する家族、春をつなぐ〜養蜂家・藤井髙治〜🈖🈑🈞
奈良,1 NHK総合1..,2026-07-26,14:40,秀サルでもわかる 豊臣兄弟！ なんで豊臣兄弟は明智光秀に勝てたの？🈑
奈良,1 NHK総合1..,2026-07-26,14:45,あしたが変わるトリセツショー 番外編 フレイル対策15分エクササイズ🈑
奈良,1 NHK総合1..,2026-07-26,15:00,ニュース・気象情報🈑
奈良,1 NHK総合1..,2026-07-26,15:05,大相撲（2026年） 名古屋場所 千秋楽🈑
奈良,1 NHK総合1..,2026-07-26,15:30,大相撲（2026年） 名古屋場所 千秋楽 優勝力士・三賞力士インタビュー🈔🈑
奈良,1 NHK総合1..,2026-07-26,18:00,ニュース🈑
奈良,1 NHK総合1..,2026-07-26,18:05,有吉のお金発見 突撃！カネオくん 令和に再ブーム！RCカーのヒミツ🈑
奈良,1 NHK総合1..,2026-07-26,18:45,ニュース・気象情報（関西）
奈良,1 NHK総合1..,2026-07-26,19:00,NHKニュース7🈔🈑
奈良,1 NHK総合1..,2026-07-26,19:30,ダーウィンが来た！「最大の味方！最強のライバル！？動物兄弟」🈖🈑
奈良,1 NHK総合1..,2026-07-26,20:00,豊臣兄弟！（29）天下への道🈖🈑
奈良,1 NHK総合1..,2026-07-26,20:45,ニュース🈑🈐
奈良,1 NHK総合1..,2026-07-26,20:55,ニュース・気象情報（関西）
奈良,1 NHK総合1..,2026-07-26,21:00,NHKスペシャル 激変・安全保障 “力の支配”と揺らぐ国際秩序 日本の針路は🈑
奈良,1 NHK総合1..,2026-07-26,22:00,サンデースポーツ🈑
奈良,1 NHK総合1..,2026-07-26,22:50,ニュース・気象情報🈑
奈良,1 NHK総合1..,2026-07-26,22:55,ハロー！NHKワールドJAPAN 7月の地域特集・山口県関連番組紹介🈑
奈良,1 NHK総合1..,2026-07-26,23:00,DOC（ドック）3 あすへのカルテ（8）「暗闇の先へ」🈔🈑
奈良,1 NHK総合1..,2026-07-26,23:59,連続テレビ小説「ひよっこ」再放送PR
奈良,2 NHKEテレ..,2026-07-26,05:00,こころの時代 わからなさのなかで〜最首悟の思想をたどる〜🈑🈞
奈良,2 NHKEテレ..,2026-07-26,06:00,NHK短歌 わたしの宮沢賢治 テーマ「月」🈑
奈良,2 NHKEテレ..,2026-07-26,06:25,テレビ体操🈑
奈良,2 NHKEテレ..,2026-07-26,06:35,NHK俳句 題「七夕」🈑
奈良,2 NHKEテレ..,2026-07-26,07:00,第93回NHK全国学校音楽コンクール みんなの合唱レッスン・高等学校の部🈑
奈良,2 NHKEテレ..,2026-07-26,07:10,第93回NHK全国学校音楽コンクール みんなの合唱レッスン・中学校の部🈑
奈良,2 NHKEテレ..,2026-07-26,07:20,第93回NHK全国学校音楽コンクール みんなの合唱レッスン・小学校の部🈑
奈良,2 NHKEテレ..,2026-07-26,07:30,おとうさんといっしょ「まねまねどんぐー」🈑🈞
奈良,2 NHKEテレ..,2026-07-26,08:00,やさいの時間 みんなの菜園物語 兵庫県（後編）🈑
奈良,2 NHKEテレ..,2026-07-26,08:25,趣味の園芸 京も一日陽だまり屋「の〜んびり 蘇鉄（そてつ）」🈑
奈良,2 NHKEテレ..,2026-07-26,08:30,趣味の園芸 選 ステキをセレクト！タネから育てるコスモス🈑
奈良,2 NHKEテレ..,2026-07-26,08:55,no art，no life「洋一」🈑
奈良,2 NHKEテレ..,2026-07-26,09:00,日曜美術館 陶芸家ルーシー・リー 繊細でたくましい器🈑
奈良,2 NHKEテレ..,2026-07-26,09:45,日曜美術館 アートシーン「まなざしの奇跡 日本女性写真家の冒険」展🈑
奈良,2 NHKEテレ..,2026-07-26,10:00,将棋フォーカス 選 フォーカス流・観る将検定 第2回！🈑
奈良,2 NHKEテレ..,2026-07-26,10:30,第76回 NHK杯テレビ将棋トーナメント 1回戦第17局 羽生九段×横山七段🈑
奈良,2 NHKEテレ..,2026-07-26,12:00,囲碁フォーカス 選 知らずに使っている！？「囲碁用語」🈑
奈良,2 NHKEテレ..,2026-07-26,12:30,第74回NHK杯テレビ囲碁トーナメント1回戦第17局酒井佑規七段×加藤千笑四段🈑
奈良,2 NHKEテレ..,2026-07-26,14:00,日本の話芸 柳家蝠丸 落語「叩き蟹」🈖🈑
奈良,2 NHKEテレ..,2026-07-26,14:30,アニメ 青のオーケストラ シーズン2（1）「ほころび」🈑
奈良,2 NHKEテレ..,2026-07-26,14:55,アニメ 青のオーケストラ シーズン2（2）「波紋」🈑
奈良,2 NHKEテレ..,2026-07-26,15:20,アニメ 青のオーケストラ シーズン2（3）「ケジメ」🈑
奈良,2 NHKEテレ..,2026-07-26,15:45,アニメ 青のオーケストラ シーズン2（4）「体育祭」🈑
奈良,2 NHKEテレ..,2026-07-26,16:10,ピタゴラミングスイッチ2🈑🈞
奈良,2 NHKEテレ..,2026-07-26,16:30,ざわざわ森のがんこちゃん30周年スペシャルがんこのびっくりおたんじょうび会🈖🈑🈞
奈良,2 NHKEテレ..,2026-07-26,17:00,アニメ アオアシ（17）東京都リーグ第7節 多摩体育大学附属高校戦🈑
奈良,2 NHKEテレ..,2026-07-26,17:25,レディー・グレース 女王陛下のスパイ（4）「迷える女王」🈔🈑
奈良,2 NHKEテレ..,2026-07-26,17:50,こども手話ウイークリー🈐
奈良,2 NHKEテレ..,2026-07-26,18:00,木村多江の、いまさらですが… アメリカ建国の立役者 初代財務長官ハミルトン🈖🈑🈞
奈良,2 NHKEテレ..,2026-07-26,18:30,ブリティッシュ・ベイクオフ6（17）チョコレート対決・前編🈔🈑🈞
奈良,2 NHKEテレ..,2026-07-26,19:00,未病息災を願います 選「骨密度」が気になったら🈖🈑
奈良,2 NHKEテレ..,2026-07-26,19:45,365日の献立日記「野菜ずし」🈑
奈良,2 NHKEテレ..,2026-07-26,19:50,5分であさイチ 夏休みの“お昼ごはん”に革命を！🈑
奈良,2 NHKEテレ..,2026-07-26,19:55,NHK手話ニュース🈐
奈良,2 NHKEテレ..,2026-07-26,20:00,日曜美術館 滅びゆく写真 そして人類 現代美術作家・杉本博司🈑🈞
奈良,2 NHKEテレ..,2026-07-26,20:45,日曜美術館 アートシーン「元禄！師宣劇場」展🈑
奈良,2 NHKEテレ..,2026-07-26,21:00,古典芸能への招待 歌舞伎「近江源氏先陣館 盛綱陣屋」大阪松竹座さよなら公演🈕🈑
奈良,2 NHKEテレ..,2026-07-26,23:00,美の壺 選「小さな芸術 干菓子」🈑
奈良,2 NHKEテレ..,2026-07-26,23:30,サイエンスZERO“次世代塗料”が未来を塗り替える！？🈖🈑
奈良,4 MBS毎日放送,2026-07-26,05:00,映像’26「異教の隣人たち 〜ともに歩めるのか〜」🈑
奈良,4 MBS毎日放送,2026-07-26,06:00,MBS NEWS DIG
奈良,4 MBS毎日放送,2026-07-26,06:15,京都知新【篠笛奏者 森田 玲 森田香織】
奈良,4 MBS毎日放送,2026-07-26,06:30,皇室アルバム
奈良,4 MBS毎日放送,2026-07-26,06:45,JNNニュース🈐
奈良,4 MBS毎日放送,2026-07-26,07:00,健康カプセル！ゲンキの時間🈖🈑侮っていると一大事に！？消えないあざに隠れた恐怖
奈良,4 MBS毎日放送,2026-07-26,07:30,がっちりマンデー‼CMで良く見るけど知らない会社！渡辺パイプ、INPEX、NGK
奈良,4 MBS毎日放送,2026-07-26,08:00,サンデーモーニング🈑高市総理“寝てない”投稿の波紋▽消費税“迷走”と骨太ショック
奈良,4 MBS毎日放送,2026-07-26,10:00,サンデー・ジャポン 延長国会閉幕…議員直撃！▽堺雅人が緊急生出演！スタジオ生考察
奈良,4 MBS毎日放送,2026-07-26,11:35,上田晋也のサンデーQ🈑堺雅人が生出演「VIVANT」エキストラは4千人！聖地先取り巡礼
奈良,4 MBS毎日放送,2026-07-26,12:54,世界の乗り物乗ってきた！ World Ride Document🈞🈑
奈良,4 MBS毎日放送,2026-07-26,14:54,世界くらべてみたら★日本の超人気な便利グッズ…世界人気1位は？🈑
奈良,4 MBS毎日放送,2026-07-26,16:00,本日！7月26日スタート VIVANT 初回直前SPナビ
奈良,4 MBS毎日放送,2026-07-26,16:30,レッツゴー怪奇組 第四怪🈑
奈良,4 MBS毎日放送,2026-07-26,17:00,日5「正反対な君と僕」 ＃16「新学期」🈑🈓
奈良,4 MBS毎日放送,2026-07-26,17:30,Nスタ🈑
奈良,4 MBS毎日放送,2026-07-26,18:00,世界遺産／バリ島 1000年続く棚田の絶景（インドネシア）🈖🈑
奈良,4 MBS毎日放送,2026-07-26,18:30,ベスコングルメ★夏の軽井沢SP・そば通DEEN池森オススメの手打ちそば名店へ🈖🈑🈓
奈良,4 MBS毎日放送,2026-07-26,19:00,バナナマンのせっかくグルメ★VIVANT堺雅人＆濱田岳と日村が人気リゾート地🈑🈓
奈良,4 MBS毎日放送,2026-07-26,20:00,VIVANT直前生放送★堺×阿部×二宮×松坂が集結！今からでも間に合うSPダイジェスト🈑
奈良,4 MBS毎日放送,2026-07-26,21:00,🈟日曜劇場「VIVANT」第11話🈖🈑
奈良,4 MBS毎日放送,2026-07-26,22:19,らいよんチャンネル
奈良,4 MBS毎日放送,2026-07-26,22:25,日曜日の初耳学◆堺雅人×林修『VIVANT』放送直後90分SP阿部寛＆初出しメイキング映像
奈良,4 MBS毎日放送,2026-07-26,23:49,東京空色さんぽ🈖🈑
奈良,4 MBS毎日放送,2026-07-26,23:55,黒猫と魔女の教室🈑🈓 ＃16「イオ・トーラス がんばります」【アガルアニメ】
奈良,6 ABCテレビ1,2026-07-26,04:50,テレメンタリー2026「落とし穴〜袴田事件60年と再審法改正の闇」🈑
奈良,6 ABCテレビ1,2026-07-26,05:20,LIFE〜夢のカタチ〜🈞🈑 京都を見渡せる絶景の店で伝説のシェフが作るイタリアン
奈良,6 ABCテレビ1,2026-07-26,05:50,グッド！モーニング🈓🈑
奈良,6 ABCテレビ1,2026-07-26,08:00,よ〜い！スターと！トビダスクール しなことリボンでTシャツデコ！🈓🈑
奈良,6 ABCテレビ1,2026-07-26,08:30,名探偵プリキュア！ #26 キュアエクレールの復活！🈓🈑
奈良,6 ABCテレビ1,2026-07-26,09:00,仮面ライダーゼッツ 第45話「惑わす」🈓🈑
奈良,6 ABCテレビ1,2026-07-26,09:30,🈟角醒ハンター オメガホーン 第1話「角醒せよ！赤き角獣王！」🈓🈑
奈良,6 ABCテレビ1,2026-07-26,10:00,新作映画公開記念「映画クレヨンしんちゃん超華麗！灼熱のカスカベダンサーズ」🈑
奈良,6 ABCテレビ1,2026-07-26,11:45,エビ推シ〜【ABCテレビのおススメ番組＆見どころをエビシーが紹介！】
奈良,6 ABCテレビ1,2026-07-26,11:50,ANNニュース🈑
奈良,6 ABCテレビ1,2026-07-26,12:00,ビートたけしのTVタックル 昭和は驚きの光景が…令和のゴミ問題＆激安リユース店🈑
奈良,6 ABCテレビ1,2026-07-26,12:55,新婚さんいらっしゃい！ オーストラリア在住夫婦が出場！親戚100人の大運動会!?🈖🈑
奈良,6 ABCテレビ1,2026-07-26,13:25,華丸丼と大吉麺【荻窪で発見！あのドラマの監修をした三ツ星店の斬新沖縄そば】🈑
奈良,6 ABCテレビ1,2026-07-26,13:55,news おかえり 傑作選
奈良,6 ABCテレビ1,2026-07-26,14:30,第47回ABCお笑いグランプリ2026 presented by SCOグループ🈑
奈良,6 ABCテレビ1,2026-07-26,17:30,ANNスーパーJチャンネル🈑
奈良,6 ABCテレビ1,2026-07-26,17:55,Co．☆ラボ🈑
奈良,6 ABCテレビ1,2026-07-26,18:00,相葉マナブ 初登場！timelesz佐藤勝利と地引き網！相模湾で何が獲れる？🈑
奈良,6 ABCテレビ1,2026-07-26,18:52,ABC天気予報
奈良,6 ABCテレビ1,2026-07-26,18:56,ポツンと一軒家 2時間SP！84歳チェーンソーアート挑戦！仲間とBBQ宴会＆絶景岩風呂🈑
奈良,6 ABCテレビ1,2026-07-26,20:56,有働Times🈑
奈良,6 ABCテレビ1,2026-07-26,22:15,マイ・フィクション 第4話「刑務所にいるはずの人間」🈖🈑
奈良,6 ABCテレビ1,2026-07-26,23:09,エビ推シ〜【ABCテレビのおススメ番組＆見どころをエビシーが紹介！】
奈良,6 ABCテレビ1,2026-07-26,23:15,EIGHT－JAM 【中森明菜特集‼松田聖子・小泉今日子との関係、振付秘話…】🈑
奈良,7 テレビ大阪1,2026-07-26,04:39,TVOミュージック
奈良,7 テレビ大阪1,2026-07-26,05:10,イベントシャワー
奈良,7 テレビ大阪1,2026-07-26,05:15,たこるくん
奈良,7 テレビ大阪1,2026-07-26,05:20,朝イチショッピング
奈良,7 テレビ大阪1,2026-07-26,05:50,モーニングショッピング
奈良,7 テレビ大阪1,2026-07-26,06:20,日曜傑作選「記憶のロケ地を巡る旅2」 ＃11/「豆助の撮影日記」 ＃4
奈良,7 テレビ大阪1,2026-07-26,06:50,天気予報
奈良,7 テレビ大阪1,2026-07-26,06:54,放送番組審議会便り🈑
奈良,7 テレビ大阪1,2026-07-26,07:00,アニもり！🈑
奈良,7 テレビ大阪1,2026-07-26,07:30,ポケモンとどこいく！？【チャンピオンズ対決に派手刺客でバトル部ピンチ！】🈑🈓
奈良,7 テレビ大阪1,2026-07-26,08:30,トミプラワールドのりのりタイムズ！！🈑
奈良,7 テレビ大阪1,2026-07-26,09:00,ギャビーのドールハウス 118話 新しい家族のベニー・ボックス（前編）🈑🈔
奈良,7 テレビ大阪1,2026-07-26,09:15,ぷにるんず ぷに3 第17話『くーるんとカチコチあいるん♪』🈞🈑
奈良,7 テレビ大阪1,2026-07-26,09:30,おねがいアイプリ あおいとおねがいかなえ隊🈑
奈良,7 テレビ大阪1,2026-07-26,10:00,武井壮のゴルフバッグ担いでください▽永久保存版！宮里優作プロのゴルフレッスン🈑
奈良,7 テレビ大阪1,2026-07-26,10:30,優香のサンデークッキング【レンジde簡単ナスキーマ&グリルde焼きナス】🈑
奈良,7 テレビ大阪1,2026-07-26,11:00,ぺこもぐキッチン【真夏のアジフライSP】石原良純の大好物を三枚おろしから調理！🈑
奈良,7 テレビ大阪1,2026-07-26,11:30,大阪おっさんぽ🈞梅田の高級タワマン▼屋上で!?㊙キャンプ飯▼元サッカー代表の裏話🈑
奈良,7 テレビ大阪1,2026-07-26,12:29,発見!!“食”遺産【神戸のモロヘイヤ】栄養満点！最強ネバネバ野菜の絶品レシピ続々🈑
奈良,7 テレビ大阪1,2026-07-26,12:54,開運！なんでも鑑定団🈞【世界2点目!?幻のブリキ玩具＆明治時代の至宝にド級値】🈑🈖
奈良,7 テレビ大阪1,2026-07-26,14:00,大東建託・いい部屋ネットレディス🈑
奈良,7 テレビ大阪1,2026-07-26,15:15,やすとものどこいこ！？【マユリカとイオンモール神戸北でお買い物！】🈑
奈良,7 テレビ大阪1,2026-07-26,16:15,関西リーダー列伝【梅酒の王者！チョーヤ梅酒が世界で愛されるオンリーワン戦略】🈑
奈良,7 テレビ大阪1,2026-07-26,17:15,たこるの耳より情報
奈良,7 テレビ大阪1,2026-07-26,17:20,TXNニュース🈑🈐
奈良,7 テレビ大阪1,2026-07-26,17:25,やさしいニュースプラス
奈良,7 テレビ大阪1,2026-07-26,17:30,鉄鍋のジャン！「毒を御す者」🈑
奈良,7 テレビ大阪1,2026-07-26,18:00,パズドラ「吹き矢コンボバトル／もう一度見たい！アニメセレクション」🈑🈓
奈良,7 テレビ大阪1,2026-07-26,18:30,日本の海を守る！海上保安庁の激ヤバすぎる最前線100連発SP🈑🈓
奈良,7 テレビ大阪1,2026-07-26,20:50,家、ついて行ってイイですか？菊池風磨愛止まらない女子＆妻夫木涙…亡き妻への想い🈑
奈良,7 テレビ大阪1,2026-07-26,21:54,たこるくん
奈良,7 テレビ大阪1,2026-07-26,22:00,有吉ぃぃeeeee!【アモアス】クセ者10人でダマし合い！裏切り者は誰だ？🈑
奈良,7 テレビ大阪1,2026-07-26,22:48,天気予報
奈良,7 テレビ大阪1,2026-07-26,22:54,スポーツリアライブ
奈良,7 テレビ大阪1,2026-07-26,23:20,Weekly女子ゴルフ
奈良,7 テレビ大阪1,2026-07-26,23:45,ふつつかな悪女ではございますが〜雛宮蝶鼠とりかえ伝〜 第3話🈑
奈良,8 関西テレビ1,2026-07-26,05:00,釣りごろ つられごろ
奈良,8 関西テレビ1,2026-07-26,05:15,EN－GINE 山崎怜奈が時代を動かす企業、ビジネスパーソンのリアルに迫る！
奈良,8 関西テレビ1,2026-07-26,05:45,皇室ご一家🈑
奈良,8 関西テレビ1,2026-07-26,06:00,カンテレNEWS🈑 全国・関西の最新ニュースをわかりやすくお伝えします
奈良,8 関西テレビ1,2026-07-26,06:15,ピーチケプラス🈑 鈴木亮平＆アルピー平子㊙シティーハンター愛を熱弁▽尾上右近
奈良,8 関西テレビ1,2026-07-26,06:30,リーダーの流儀🈑 大倉忠義がビジネスリーダーと対談！新感覚ビジネス・トーク番組！
奈良,8 関西テレビ1,2026-07-26,07:00,SUNDAYブレイク． 千葉県勝浦でオズワルド伊藤が絶叫アクティビティ体験🈑🈕🈓
奈良,8 関西テレビ1,2026-07-26,08:25,物語の始まりへ🈑 学生たちの研究にかける熱い想いは見逃せない
奈良,8 関西テレビ1,2026-07-26,08:30,ロザンのクイズの神様・超🈑 夏に食べたい！関西の定番ソースでアレンジレシピ対決！
奈良,8 関西テレビ1,2026-07-26,09:00,DIGIMON BEATBREAK ＃40🈑🈖【消せない夜】
奈良,8 関西テレビ1,2026-07-26,09:30,テレビアニメ「鬼滅の刃」シリーズ全編再放送🈑🈖🈓【竈門炭治郎 立志編】
奈良,8 関西テレビ1,2026-07-26,10:00,かのサンド🈑◆学生街で絶品グルメSP！早稲田コスパ抜群グルメ＆学芸大学の名店中華
奈良,8 関西テレビ1,2026-07-26,11:15,ミラモンGOLD🈑
奈良,8 関西テレビ1,2026-07-26,11:45,攻殻PR隊🈑 ＃4
奈良,8 関西テレビ1,2026-07-26,11:50,FNN Live News days🈑 全国・関西のニュースをわかりやすく
奈良,8 関西テレビ1,2026-07-26,12:00,世界の何だコレ！？ミステリー🈞🈑 ▼経営破綻したJAL…復活劇の裏に何が？
奈良,8 関西テレビ1,2026-07-26,13:59,マルコポロリ！🈑 解散した芸人たちが新相方とマッチング⁉森本や九条がガチ告白
奈良,8 関西テレビ1,2026-07-26,14:54,発見たまご！ころころコロンブス🈑 日曜の昼下がりにほっこり和む注目情報をお届け
奈良,8 関西テレビ1,2026-07-26,15:00,競馬BEAT【第43回東海ステークス（GⅢ）▽第61回関屋記念（GⅢ）】
奈良,8 関西テレビ1,2026-07-26,16:00,ちゃちゃ入れマンデー🈞🈑 ★関西弁の新ジョーシキ大調査SP
奈良,8 関西テレビ1,2026-07-26,17:00,newsランナー 日曜版 憧れのA5ランク“高級和牛”が余る時代…業界に激震何が
奈良,8 関西テレビ1,2026-07-26,17:30,FNN Live News イット！🈑 全国・関西の最新ニュースをお伝えします
奈良,8 関西テレビ1,2026-07-26,18:00,ちびまる子ちゃん🈑🈖【隣町の男子とプールで勝負する／たまちゃんちで日曜大工を】
奈良,8 関西テレビ1,2026-07-26,18:30,サザエさん🈑🈖🈓【憧れの松／うっかりでしっかり ほか】
奈良,8 関西テレビ1,2026-07-26,19:00,千鳥の鬼レンチャン🈑◆鬼ハード初代女王誕生？STU池ちゃん＆高橋成美サビカラ登場
奈良,8 関西テレビ1,2026-07-26,21:00,Mr．サンデー🈑🈓
奈良,8 関西テレビ1,2026-07-26,23:09,中川家と博士のねじねじの世界🈑 気が利く六角レンチ
奈良,8 関西テレビ1,2026-07-26,23:15,ワンピース🈑🈖【エルバフの大罪人 冥界のロキ解放！？】
奈良,8 関西テレビ1,2026-07-26,23:45,すぽると！🈑 大谷翔平のストレートは軌道が読めない⁉スター証言＆脳科学から紐解く
奈良,10 読売テレビ1,2026-07-26,05:00,モニしょぴ！
奈良,10 読売テレビ1,2026-07-26,05:30,めざましウキウキショッピング
奈良,10 読売テレビ1,2026-07-26,06:00,皇室日記🈑▽天皇ご一家那須ご静養▽佳子さま「重複障がい者」に寄せる思い
奈良,10 読売テレビ1,2026-07-26,06:15,NNNニュース・サンデー🈐
奈良,10 読売テレビ1,2026-07-26,06:30,ウィークリーアクセスten．
奈良,10 読売テレビ1,2026-07-26,07:00,遠くへ行きたい【高橋成美が信州・長野へ】くるみ蕎麦＆清流が育む薬用魚🈖🈑
奈良,10 読売テレビ1,2026-07-26,07:30,シューイチ🈑🈓8月から変わること＆新スポット▽秋山＆平子が南房総の体格グルメ堪能
奈良,10 読売テレビ1,2026-07-26,10:25,グッと！地球便 悲劇を乗り越えカンボジアの未来のために木を植え続ける妹へ🈖🈑
奈良,10 読売テレビ1,2026-07-26,10:55,所さんの目がテン！🈑桝太一＆トーキョーバグボーイズがパラオで念願のチョウに出会う
奈良,10 読売テレビ1,2026-07-26,11:25,BEAT〜時代の鼓動〜【佐藤薬品工業株式会社】🈑
奈良,10 読売テレビ1,2026-07-26,11:30,NNN ストレイトニュース🈑
奈良,10 読売テレビ1,2026-07-26,11:40,上沼・高田のクギズケ！ 水谷豊の娘婿に文春砲▽W杯でトランプ氏が大批判🈑
奈良,10 読売テレビ1,2026-07-26,12:35,草彅やすとものうさぎとかめ【山形秋田岩手の格安宿】🈖🈑
奈良,10 読売テレビ1,2026-07-26,13:30,そこまで言って委員会NP 「大戦争時代」SP！戦争終結シナリオを徹底討論🈑
奈良,10 読売テレビ1,2026-07-26,15:00,突破ファイル🈞🈑崖の上に17坪の旗竿地⁉狭小住宅▽草薙が當真＆上白石とダイハード
奈良,10 読売テレビ1,2026-07-26,17:05,【every．レコメンド】総菜名人の愛され繁盛店🈑
奈良,10 読売テレビ1,2026-07-26,17:30,笑点🈖🈑🈓城島茂が座布団運び「ザ！鉄腕！DASH！！」×「笑点」夢のコラボDAY
奈良,10 読売テレビ1,2026-07-26,18:00,真相報道バンキシャ！🈑桝太一＆石川みなみが1週間の出来事を詳しく
奈良,10 読売テレビ1,2026-07-26,18:55,博士は今日も嫉妬する 人生が楽しくなる最新テクノロジー🈑
奈良,10 読売テレビ1,2026-07-26,19:00,ザ！鉄腕！DASH！！▽笑点60周年記念夏祭り！師匠全員参加で巨大お好み焼き！🈑
奈良,10 読売テレビ1,2026-07-26,19:58,イッテQ【お祭り男宮川＆二代目手越】フィンランドで丸太乗って川を下る木材選手権🈑
奈良,10 読売テレビ1,2026-07-26,20:54,音のソノリティ🈑
奈良,10 読売テレビ1,2026-07-26,21:00,ゴールデンストーンズ▽番組史上最大‼人気芸人軍団と総勢31名の大混戦バトル🈑
奈良,10 読売テレビ1,2026-07-26,21:54,シノビーといっしょ
奈良,10 読売テレビ1,2026-07-26,22:00,おしゃれクリップ🈖🈑出川哲朗はなぜ愛される？▽妻や一茂が忖度なしでガチ素顔告白
奈良,10 読売テレビ1,2026-07-26,22:30,ドラマ「一次元の挿し木」第4話【激動の真相が発覚…古人骨と義妹を巡る謎】🈖🈑🈓
奈良,10 読売テレビ1,2026-07-26,23:25,ダウンタウンのガキの使い！10人で男の勲章歌い切り！エース＆小田参戦で大波乱🈑
奈良,10 読売テレビ1,2026-07-26,23:55,Going！🈑生出演！渡邊雄太が明かす日本バスケの進化▽赤星絶賛！怪物高校生
奈良,9 奈良テレビ１,2026-07-26,05:00,テレビショッピング
奈良,9 奈良テレビ１,2026-07-26,05:29,天気予報
奈良,9 奈良テレビ１,2026-07-26,05:30,レッツビギン！人生100年時代！元気なひざで生涯現役！
奈良,9 奈良テレビ１,2026-07-26,06:00,テレビショッピング
奈良,9 奈良テレビ１,2026-07-26,06:29,天気予報
奈良,9 奈良テレビ１,2026-07-26,06:30,テレビショッピング
奈良,9 奈良テレビ１,2026-07-26,07:00,テレビショッピング
奈良,9 奈良テレビ１,2026-07-26,07:30,THEフィッシング
奈良,9 奈良テレビ１,2026-07-26,07:59,天気予報
奈良,9 奈良テレビ１,2026-07-26,08:00,テレビショッピング
奈良,9 奈良テレビ１,2026-07-26,08:30,はぴねすくらぶ
奈良,9 奈良テレビ１,2026-07-26,09:00,やすとものどこいこ！？
奈良,9 奈良テレビ１,2026-07-26,09:55,テレビショッピング
奈良,9 奈良テレビ１,2026-07-26,10:25,テレビショッピング
奈良,9 奈良テレビ１,2026-07-26,10:54,天気予報
奈良,9 奈良テレビ１,2026-07-26,10:55,テレビショッピング
奈良,9 奈良テレビ１,2026-07-26,11:24,天気予報
奈良,9 奈良テレビ１,2026-07-26,11:30,開運！なんでも鑑定団🈞
奈良,9 奈良テレビ１,2026-07-26,12:30,テレビショッピング
奈良,9 奈良テレビ１,2026-07-26,13:00,テレビショッピング
奈良,9 奈良テレビ１,2026-07-26,13:30,テレビショッピング
奈良,9 奈良テレビ１,2026-07-26,14:00,天気予報
奈良,9 奈良テレビ１,2026-07-26,14:05,暴れん坊将軍Ⅳ ＃12「血ぬられた折鶴」
奈良,9 奈良テレビ１,2026-07-26,15:00,テレビショッピング
奈良,9 奈良テレビ１,2026-07-26,15:30,テレビショッピング
奈良,9 奈良テレビ１,2026-07-26,15:59,天気予報
奈良,9 奈良テレビ１,2026-07-26,16:00,テレビショッピング
奈良,9 奈良テレビ１,2026-07-26,16:30,テレビショッピング
奈良,9 奈良テレビ１,2026-07-26,16:59,天気予報
奈良,9 奈良テレビ１,2026-07-26,17:00,テレビショッピング
奈良,9 奈良テレビ１,2026-07-26,17:30,テレビショッピング
奈良,9 奈良テレビ１,2026-07-26,18:00,TVNニュース
奈良,9 奈良テレビ１,2026-07-26,18:05,奈良からお届け！
奈良,9 奈良テレビ１,2026-07-26,18:10,テレビショッピング
奈良,9 奈良テレビ１,2026-07-26,18:25,奈良からお届け！
奈良,9 奈良テレビ１,2026-07-26,18:30,日本の海を守る！海上保安庁の激ヤバすぎる最前線100連発SP🈑
奈良,9 奈良テレビ１,2026-07-26,20:50,家、ついて行ってイイですか？菊池風磨愛止まらない女子＆妻夫木涙…亡き妻への想い🈑
奈良,9 奈良テレビ１,2026-07-26,21:54,天気予報
奈良,9 奈良テレビ１,2026-07-26,22:00,有吉ぃぃeeeee！【アモアス】クセ者10人でダマし合い！裏切り者は誰だ？🈑
奈良,9 奈良テレビ１,2026-07-26,22:48,天気予報
奈良,9 奈良テレビ１,2026-07-26,22:51,音楽 ♪円周率／日向坂46
奈良,9 奈良テレビ１,2026-07-26,22:54,TVNニュース
奈良,9 奈良テレビ１,2026-07-26,23:00,テレビショッピング
奈良,9 奈良テレビ１,2026-07-26,23:30,あのちゃんの電電電波♪
奈良,5 KBS京都,2026-07-26,04:52,試験電波（OP前）
奈良,5 KBS京都,2026-07-26,05:25,オープニング
奈良,5 KBS京都,2026-07-26,05:27,天気予報
奈良,5 KBS京都,2026-07-26,05:30,テレビショッピング
奈良,5 KBS京都,2026-07-26,06:00,おはよう！輝き世代 「パッチワーク教室＆おうちの防犯できていますか？」
奈良,5 KBS京都,2026-07-26,06:30,テレビショッピング
奈良,5 KBS京都,2026-07-26,07:00,テレビショッピング
奈良,5 KBS京都,2026-07-26,07:30,ごりやくさん🈞🈑 ＃10「富士山本宮浅間大社」
奈良,5 KBS京都,2026-07-26,07:55,天気予報
奈良,5 KBS京都,2026-07-26,08:00,テレビショッピング
奈良,5 KBS京都,2026-07-26,08:30,童謡コーラス名曲大合唱＆みんなの音楽会テレビ
奈良,5 KBS京都,2026-07-26,08:45,比叡の光 「舞鶴・引き揚げの記憶を未来へ①」
奈良,5 KBS京都,2026-07-26,09:00,テレビショッピング
奈良,5 KBS京都,2026-07-26,09:30,ごりやくさん🈞🈑 ＃11「橿原神宮（奈良）」
奈良,5 KBS京都,2026-07-26,09:55,天気予報
奈良,5 KBS京都,2026-07-26,10:00,テレビショッピング
奈良,5 KBS京都,2026-07-26,10:30,テレビショッピング
奈良,5 KBS京都,2026-07-26,11:00,村瀬哲史の京都  ガッ地理！クイズ🈞🈑 ＃19「今宮神社を散策」
奈良,5 KBS京都,2026-07-26,11:25,テレビショッピング
奈良,5 KBS京都,2026-07-26,11:55,KBS京都ニュース・天気予報
奈良,5 KBS京都,2026-07-26,12:00,日本ふるさと百景🈞🈑 「神奈川編④」
奈良,5 KBS京都,2026-07-26,12:25,黒谷和紙応援キャンペーン 「京都の暮らしに息づく黒谷和紙」
奈良,5 KBS京都,2026-07-26,12:30,テレビショッピング
奈良,5 KBS京都,2026-07-26,13:00,京暮士門🈞 「お助け士門！城陽市の幼稚園で1日先生に」
奈良,5 KBS京都,2026-07-26,13:30,テレビショッピング
奈良,5 KBS京都,2026-07-26,14:00,暴れん坊将軍Ⅳ ＃22「死を呼んだ玉の輿！」
奈良,5 KBS京都,2026-07-26,15:00,テレビショッピング
奈良,5 KBS京都,2026-07-26,15:30,テレビショッピング
奈良,5 KBS京都,2026-07-26,16:00,あんぎゃでござる！！🈞 「＃223いとおかしあんぎゃ！！」
奈良,5 KBS京都,2026-07-26,16:30,テレビショッピング
奈良,5 KBS京都,2026-07-26,17:00,魅せます！とちブラ🈐 「とちぎでカレー」
奈良,5 KBS京都,2026-07-26,17:15,天気予報
奈良,5 KBS京都,2026-07-26,17:20,京是好日🈞 ＃104「暮らしを潤す急須」
奈良,5 KBS京都,2026-07-26,17:25,ポケットモンスター🈞 ＃26「テラパゴスの冒険」
奈良,5 KBS京都,2026-07-26,17:55,KBS京都ニュース
奈良,5 KBS京都,2026-07-26,18:00,KBS京都エキサイトナイター 「阪神×巨人」
奈良,5 KBS京都,2026-07-26,20:56,でんじろう先生のはぴエネ！
奈良,5 KBS京都,2026-07-26,21:00,京都浪漫 悠久の物語🈞🈑 「京都の民俗芸能〜伝統守る人々の祈り〜」
奈良,5 KBS京都,2026-07-26,21:55,京の水ものがたり🈞 ＃249「心光寺」
奈良,5 KBS京都,2026-07-26,22:00,小島よしおのブリスベン自転車旅
奈良,5 KBS京都,2026-07-26,22:30,あんぎゃでござる！！ 「＃427忍術村あんぎゃ！！」
奈良,5 KBS京都,2026-07-26,23:00,お買い物プラス 「世界の“！”をお届けします」
奈良,5 KBS京都,2026-07-26,23:30,お買い物プラス 「世界の“！”をお届けします」
奈良,3 サンテレビ1,2026-07-26,01:31,
奈良,3 サンテレビ1,2026-07-26,05:15,天気予報
奈良,3 サンテレビ1,2026-07-26,05:28,オープニング
奈良,3 サンテレビ1,2026-07-26,05:30,テレビショッピング
奈良,3 サンテレビ1,2026-07-26,06:00,真弓＆勝成のExpert GOLF🈞
奈良,3 サンテレビ1,2026-07-26,06:30,テレビショッピング
奈良,3 サンテレビ1,2026-07-26,07:00,ライフ・ライン
奈良,3 サンテレビ1,2026-07-26,07:30,ごりやくさん🈑🈞
奈良,3 サンテレビ1,2026-07-26,07:55,こちらサンテレビです
奈良,3 サンテレビ1,2026-07-26,08:00,テレビショッピング
奈良,3 サンテレビ1,2026-07-26,08:30,日本ふるさと百景【京都編4】🈑🈞
奈良,3 サンテレビ1,2026-07-26,08:55,トップの言魂
奈良,3 サンテレビ1,2026-07-26,09:00,はりきりテレビダイレクト〜だって日曜だもん〜
奈良,3 サンテレビ1,2026-07-26,09:30,アサスマ！
奈良,3 サンテレビ1,2026-07-26,10:00,第108回全国高等学校野球選手権 兵庫大会決勝 生中継
奈良,3 サンテレビ1,2026-07-26,13:55,天気予報
奈良,3 サンテレビ1,2026-07-26,14:00,テレビショッピング
奈良,3 サンテレビ1,2026-07-26,14:30,童謡コーラス名曲大合唱＆みんなの音楽会テレビ
奈良,3 サンテレビ1,2026-07-26,14:45,縁めぐり旅
奈良,3 サンテレビ1,2026-07-26,15:00,テレビショッピング
奈良,3 サンテレビ1,2026-07-26,15:30,テレビショッピング
奈良,3 サンテレビ1,2026-07-26,16:00,天才ピアニスト・フースーヤ・ジョックロックのワチャラチャ忍忍🈞
奈良,3 サンテレビ1,2026-07-26,16:30,ドラマ あざとかわいいワタシが優勝🈑
奈良,3 サンテレビ1,2026-07-26,17:00,サンデーショッピング
奈良,3 サンテレビ1,2026-07-26,17:30,ニュースSUNデー
奈良,3 サンテレビ1,2026-07-26,17:52,天気予報
奈良,3 サンテレビ1,2026-07-26,17:54,淡路島へ行こう！〜ほっこり洲本温泉の旅〜
奈良,3 サンテレビ1,2026-07-26,18:00,サンテレビボックス席 阪神×巨人（甲子園）
奈良,3 サンテレビ1,2026-07-26,21:54,天気予報
奈良,3 サンテレビ1,2026-07-26,21:56,日曜よるまるひめ
奈良,3 サンテレビ1,2026-07-26,22:00,あんてなサン
奈良,3 サンテレビ1,2026-07-26,22:30,大阪芸大テレビ
奈良,3 サンテレビ1,2026-07-26,22:45,ボートの時間！
奈良,3 サンテレビ1,2026-07-26,23:00,生×カラ！TV
奈良,3 サンテレビ1,2026-07-26,23:30,刃牙道（第4話）
滋賀,1 NHK総合1..,2026-07-26,05:00,ニュース・気象情報
滋賀,1 NHK総合1..,2026-07-26,05:10,Jリーグと私 あの試合を忘れない ＃17 横浜FM🈑
滋賀,1 NHK総合1..,2026-07-26,05:15,週末のNスペは… 激変・安全保障 日本の進路は🈑
滋賀,1 NHK総合1..,2026-07-26,05:20,桂文珍の演芸図鑑 レ・ロマネスクTOBI 柳亭小燕枝 三拍子🈑
滋賀,1 NHK総合1..,2026-07-26,05:50,気象情報
滋賀,1 NHK総合1..,2026-07-26,05:55,気象情報（関西）
滋賀,1 NHK総合1..,2026-07-26,06:00,ニュース
滋賀,1 NHK総合1..,2026-07-26,06:10,【特選！時代劇】大岡越前8 🈟（1）「燃える牢屋敷」🈖🈑
滋賀,1 NHK総合1..,2026-07-26,06:53,ニュース・気象情報（関西）
滋賀,1 NHK総合1..,2026-07-26,07:00,NHKニュース おはよう日本 7月26日（日）🈑
滋賀,1 NHK総合1..,2026-07-26,07:40,ニュース・気象情報（関西）
滋賀,1 NHK総合1..,2026-07-26,07:45,さわやか自然百景 青森 屏風山湿原池沼群🈑
滋賀,1 NHK総合1..,2026-07-26,08:00,小さな旅「大原を継ぐ 〜京都市 左京区〜」🈖🈑
滋賀,1 NHK総合1..,2026-07-26,08:25,Dearにっぽん「私たちが新聞を書く理由〜滋賀・虎姫高校〜」🈑
滋賀,1 NHK総合1..,2026-07-26,08:50,あさイチの鈴木奈穂子アナが「NHK ONE」を解説🈑
滋賀,1 NHK総合1..,2026-07-26,08:57,気象情報
滋賀,1 NHK総合1..,2026-07-26,09:00,日曜討論 徹底解説！暑さはどこまで？対策は
滋賀,1 NHK総合1..,2026-07-26,10:00,ニュース・気象情報🈑
滋賀,1 NHK総合1..,2026-07-26,10:05,明日をまもるナビ選196 都市を襲う水害 内水氾濫〜見えない危険にどう備える🈖🈑
滋賀,1 NHK総合1..,2026-07-26,10:30,5分であさイチ（4）知ってトクする旅行術（2）バッグの詰め方🈑
滋賀,1 NHK総合1..,2026-07-26,10:35,ゆったり温泉ひとり旅 北海道・登別温泉🈑
滋賀,1 NHK総合1..,2026-07-26,11:04,ニュース🈑
滋賀,1 NHK総合1..,2026-07-26,11:05,あしたが変わるトリセツショー 骨ケアで健康革命！今すぐできる運動＆食事ワザ🈖🈑🈞
滋賀,1 NHK総合1..,2026-07-26,11:50,ふすま絵 奇跡の再会🈑
滋賀,1 NHK総合1..,2026-07-26,11:54,気象情報
滋賀,1 NHK総合1..,2026-07-26,12:00,ニュース🈑
滋賀,1 NHK総合1..,2026-07-26,12:10,ニュース（関西）
滋賀,1 NHK総合1..,2026-07-26,12:15,NHKのど自慢 熱唱熱演名場面 2026 Part1🈑
滋賀,1 NHK総合1..,2026-07-26,12:55,ドキュメント72時間PR ドキュメント72時間の作り方＜編集・ナレーション編＞🈑
滋賀,1 NHK総合1..,2026-07-26,13:00,ニュース・気象情報🈑
滋賀,1 NHK総合1..,2026-07-26,13:05,ダーウィンが来た！「相葉さんと探せ！ミクロいきもの超ワールド」🈖🈑🈞
滋賀,1 NHK総合1..,2026-07-26,13:35,さわやか自然百景10min．（37）兵庫 猫崎の海と黒川渓谷🈑
滋賀,1 NHK総合1..,2026-07-26,13:45,JAPAN DELISH 5min カレーライス🈑
滋賀,1 NHK総合1..,2026-07-26,13:50,アニメまとめPR 放送中！注目の3番組ほか🈑
滋賀,1 NHK総合1..,2026-07-26,13:55,プロフェッショナル 仕事の流儀 旅する家族、春をつなぐ〜養蜂家・藤井髙治〜🈖🈑🈞
滋賀,1 NHK総合1..,2026-07-26,14:40,秀サルでもわかる 豊臣兄弟！ なんで豊臣兄弟は明智光秀に勝てたの？🈑
滋賀,1 NHK総合1..,2026-07-26,14:45,あしたが変わるトリセツショー 番外編 フレイル対策15分エクササイズ🈑
滋賀,1 NHK総合1..,2026-07-26,15:00,ニュース・気象情報🈑
滋賀,1 NHK総合1..,2026-07-26,15:05,大相撲（2026年） 名古屋場所 千秋楽🈑
滋賀,1 NHK総合1..,2026-07-26,15:30,大相撲（2026年） 名古屋場所 千秋楽 優勝力士・三賞力士インタビュー🈔🈑
滋賀,1 NHK総合1..,2026-07-26,18:00,ニュース🈑
滋賀,1 NHK総合1..,2026-07-26,18:05,有吉のお金発見 突撃！カネオくん 令和に再ブーム！RCカーのヒミツ🈑
滋賀,1 NHK総合1..,2026-07-26,18:45,ニュース・気象情報（関西）
滋賀,1 NHK総合1..,2026-07-26,19:00,NHKニュース7🈔🈑
滋賀,1 NHK総合1..,2026-07-26,19:30,ダーウィンが来た！「最大の味方！最強のライバル！？動物兄弟」🈖🈑
滋賀,1 NHK総合1..,2026-07-26,20:00,豊臣兄弟！（29）天下への道🈖🈑
滋賀,1 NHK総合1..,2026-07-26,20:45,ニュース🈑🈐
滋賀,1 NHK総合1..,2026-07-26,20:55,ニュース・気象情報（関西）
滋賀,1 NHK総合1..,2026-07-26,21:00,NHKスペシャル 激変・安全保障 “力の支配”と揺らぐ国際秩序 日本の針路は🈑
滋賀,1 NHK総合1..,2026-07-26,22:00,サンデースポーツ🈑
滋賀,1 NHK総合1..,2026-07-26,22:50,ニュース・気象情報🈑
滋賀,1 NHK総合1..,2026-07-26,22:55,ハロー！NHKワールドJAPAN 7月の地域特集・山口県関連番組紹介🈑
滋賀,1 NHK総合1..,2026-07-26,23:00,DOC（ドック）3 あすへのカルテ（8）「暗闇の先へ」🈔🈑
滋賀,1 NHK総合1..,2026-07-26,23:59,連続テレビ小説「ひよっこ」再放送PR
滋賀,2 NHKEテレ..,2026-07-26,05:00,こころの時代 わからなさのなかで〜最首悟の思想をたどる〜🈑🈞
滋賀,2 NHKEテレ..,2026-07-26,06:00,NHK短歌 わたしの宮沢賢治 テーマ「月」🈑
滋賀,2 NHKEテレ..,2026-07-26,06:25,テレビ体操🈑
滋賀,2 NHKEテレ..,2026-07-26,06:35,NHK俳句 題「七夕」🈑
滋賀,2 NHKEテレ..,2026-07-26,07:00,第93回NHK全国学校音楽コンクール みんなの合唱レッスン・高等学校の部🈑
滋賀,2 NHKEテレ..,2026-07-26,07:10,第93回NHK全国学校音楽コンクール みんなの合唱レッスン・中学校の部🈑
滋賀,2 NHKEテレ..,2026-07-26,07:20,第93回NHK全国学校音楽コンクール みんなの合唱レッスン・小学校の部🈑
滋賀,2 NHKEテレ..,2026-07-26,07:30,おとうさんといっしょ「まねまねどんぐー」🈑🈞
滋賀,2 NHKEテレ..,2026-07-26,08:00,やさいの時間 みんなの菜園物語 兵庫県（後編）🈑
滋賀,2 NHKEテレ..,2026-07-26,08:25,趣味の園芸 京も一日陽だまり屋「の〜んびり 蘇鉄（そてつ）」🈑
滋賀,2 NHKEテレ..,2026-07-26,08:30,趣味の園芸 選 ステキをセレクト！タネから育てるコスモス🈑
滋賀,2 NHKEテレ..,2026-07-26,08:55,no art，no life「洋一」🈑
滋賀,2 NHKEテレ..,2026-07-26,09:00,日曜美術館 陶芸家ルーシー・リー 繊細でたくましい器🈑
滋賀,2 NHKEテレ..,2026-07-26,09:45,日曜美術館 アートシーン「まなざしの奇跡 日本女性写真家の冒険」展🈑
滋賀,2 NHKEテレ..,2026-07-26,10:00,将棋フォーカス 選 フォーカス流・観る将検定 第2回！🈑
滋賀,2 NHKEテレ..,2026-07-26,10:30,第76回 NHK杯テレビ将棋トーナメント 1回戦第17局 羽生九段×横山七段🈑
滋賀,2 NHKEテレ..,2026-07-26,12:00,囲碁フォーカス 選 知らずに使っている！？「囲碁用語」🈑
滋賀,2 NHKEテレ..,2026-07-26,12:30,第74回NHK杯テレビ囲碁トーナメント1回戦第17局酒井佑規七段×加藤千笑四段🈑
滋賀,2 NHKEテレ..,2026-07-26,14:00,日本の話芸 柳家蝠丸 落語「叩き蟹」🈖🈑
滋賀,2 NHKEテレ..,2026-07-26,14:30,アニメ 青のオーケストラ シーズン2（1）「ほころび」🈑
滋賀,2 NHKEテレ..,2026-07-26,14:55,アニメ 青のオーケストラ シーズン2（2）「波紋」🈑
滋賀,2 NHKEテレ..,2026-07-26,15:20,アニメ 青のオーケストラ シーズン2（3）「ケジメ」🈑
滋賀,2 NHKEテレ..,2026-07-26,15:45,アニメ 青のオーケストラ シーズン2（4）「体育祭」🈑
滋賀,2 NHKEテレ..,2026-07-26,16:10,ピタゴラミングスイッチ2🈑🈞
滋賀,2 NHKEテレ..,2026-07-26,16:30,ざわざわ森のがんこちゃん30周年スペシャルがんこのびっくりおたんじょうび会🈖🈑🈞
滋賀,2 NHKEテレ..,2026-07-26,17:00,アニメ アオアシ（17）東京都リーグ第7節 多摩体育大学附属高校戦🈑
滋賀,2 NHKEテレ..,2026-07-26,17:25,レディー・グレース 女王陛下のスパイ（4）「迷える女王」🈔🈑
滋賀,2 NHKEテレ..,2026-07-26,17:50,こども手話ウイークリー🈐
滋賀,2 NHKEテレ..,2026-07-26,18:00,木村多江の、いまさらですが… アメリカ建国の立役者 初代財務長官ハミルトン🈖🈑🈞
滋賀,2 NHKEテレ..,2026-07-26,18:30,ブリティッシュ・ベイクオフ6（17）チョコレート対決・前編🈔🈑🈞
滋賀,2 NHKEテレ..,2026-07-26,19:00,未病息災を願います 選「骨密度」が気になったら🈖🈑
滋賀,2 NHKEテレ..,2026-07-26,19:45,365日の献立日記「野菜ずし」🈑
滋賀,2 NHKEテレ..,2026-07-26,19:50,5分であさイチ 夏休みの“お昼ごはん”に革命を！🈑
滋賀,2 NHKEテレ..,2026-07-26,19:55,NHK手話ニュース🈐
滋賀,2 NHKEテレ..,2026-07-26,20:00,日曜美術館 滅びゆく写真 そして人類 現代美術作家・杉本博司🈑🈞
滋賀,2 NHKEテレ..,2026-07-26,20:45,日曜美術館 アートシーン「元禄！師宣劇場」展🈑
滋賀,2 NHKEテレ..,2026-07-26,21:00,古典芸能への招待 歌舞伎「近江源氏先陣館 盛綱陣屋」大阪松竹座さよなら公演🈕🈑
滋賀,2 NHKEテレ..,2026-07-26,23:00,美の壺 選「小さな芸術 干菓子」🈑
滋賀,2 NHKEテレ..,2026-07-26,23:30,サイエンスZERO“次世代塗料”が未来を塗り替える！？🈖🈑
滋賀,4 MBS毎日放送,2026-07-26,05:00,映像’26「異教の隣人たち 〜ともに歩めるのか〜」🈑
滋賀,4 MBS毎日放送,2026-07-26,06:00,MBS NEWS DIG
滋賀,4 MBS毎日放送,2026-07-26,06:15,京都知新【篠笛奏者 森田 玲 森田香織】
滋賀,4 MBS毎日放送,2026-07-26,06:30,皇室アルバム
滋賀,4 MBS毎日放送,2026-07-26,06:45,JNNニュース🈐
滋賀,4 MBS毎日放送,2026-07-26,07:00,健康カプセル！ゲンキの時間🈖🈑侮っていると一大事に！？消えないあざに隠れた恐怖
滋賀,4 MBS毎日放送,2026-07-26,07:30,がっちりマンデー‼CMで良く見るけど知らない会社！渡辺パイプ、INPEX、NGK
滋賀,4 MBS毎日放送,2026-07-26,08:00,サンデーモーニング🈑高市総理“寝てない”投稿の波紋▽消費税“迷走”と骨太ショック
滋賀,4 MBS毎日放送,2026-07-26,10:00,サンデー・ジャポン 延長国会閉幕…議員直撃！▽堺雅人が緊急生出演！スタジオ生考察
滋賀,4 MBS毎日放送,2026-07-26,11:35,上田晋也のサンデーQ🈑堺雅人が生出演「VIVANT」エキストラは4千人！聖地先取り巡礼
滋賀,4 MBS毎日放送,2026-07-26,12:54,世界の乗り物乗ってきた！ World Ride Document🈞🈑
滋賀,4 MBS毎日放送,2026-07-26,14:54,世界くらべてみたら★日本の超人気な便利グッズ…世界人気1位は？🈑
滋賀,4 MBS毎日放送,2026-07-26,16:00,本日！7月26日スタート VIVANT 初回直前SPナビ
滋賀,4 MBS毎日放送,2026-07-26,16:30,レッツゴー怪奇組 第四怪🈑
滋賀,4 MBS毎日放送,2026-07-26,17:00,日5「正反対な君と僕」 ＃16「新学期」🈑🈓
滋賀,4 MBS毎日放送,2026-07-26,17:30,Nスタ🈑
滋賀,4 MBS毎日放送,2026-07-26,18:00,世界遺産／バリ島 1000年続く棚田の絶景（インドネシア）🈖🈑
滋賀,4 MBS毎日放送,2026-07-26,18:30,ベスコングルメ★夏の軽井沢SP・そば通DEEN池森オススメの手打ちそば名店へ🈖🈑🈓
滋賀,4 MBS毎日放送,2026-07-26,19:00,バナナマンのせっかくグルメ★VIVANT堺雅人＆濱田岳と日村が人気リゾート地🈑🈓
滋賀,4 MBS毎日放送,2026-07-26,20:00,VIVANT直前生放送★堺×阿部×二宮×松坂が集結！今からでも間に合うSPダイジェスト🈑
滋賀,4 MBS毎日放送,2026-07-26,21:00,🈟日曜劇場「VIVANT」第11話🈖🈑
滋賀,4 MBS毎日放送,2026-07-26,22:19,らいよんチャンネル
滋賀,4 MBS毎日放送,2026-07-26,22:25,日曜日の初耳学◆堺雅人×林修『VIVANT』放送直後90分SP阿部寛＆初出しメイキング映像
滋賀,4 MBS毎日放送,2026-07-26,23:49,東京空色さんぽ🈖🈑
滋賀,4 MBS毎日放送,2026-07-26,23:55,黒猫と魔女の教室🈑🈓 ＃16「イオ・トーラス がんばります」【アガルアニメ】
滋賀,6 ABCテレビ1,2026-07-26,04:50,テレメンタリー2026「落とし穴〜袴田事件60年と再審法改正の闇」🈑
滋賀,6 ABCテレビ1,2026-07-26,05:20,LIFE〜夢のカタチ〜🈞🈑 京都を見渡せる絶景の店で伝説のシェフが作るイタリアン
滋賀,6 ABCテレビ1,2026-07-26,05:50,グッド！モーニング🈓🈑
滋賀,6 ABCテレビ1,2026-07-26,08:00,よ〜い！スターと！トビダスクール しなことリボンでTシャツデコ！🈓🈑
滋賀,6 ABCテレビ1,2026-07-26,08:30,名探偵プリキュア！ #26 キュアエクレールの復活！🈓🈑
滋賀,6 ABCテレビ1,2026-07-26,09:00,仮面ライダーゼッツ 第45話「惑わす」🈓🈑
滋賀,6 ABCテレビ1,2026-07-26,09:30,🈟角醒ハンター オメガホーン 第1話「角醒せよ！赤き角獣王！」🈓🈑
滋賀,6 ABCテレビ1,2026-07-26,10:00,新作映画公開記念「映画クレヨンしんちゃん超華麗！灼熱のカスカベダンサーズ」🈑
滋賀,6 ABCテレビ1,2026-07-26,11:45,エビ推シ〜【ABCテレビのおススメ番組＆見どころをエビシーが紹介！】
滋賀,6 ABCテレビ1,2026-07-26,11:50,ANNニュース🈑
滋賀,6 ABCテレビ1,2026-07-26,12:00,ビートたけしのTVタックル 昭和は驚きの光景が…令和のゴミ問題＆激安リユース店🈑
滋賀,6 ABCテレビ1,2026-07-26,12:55,新婚さんいらっしゃい！ オーストラリア在住夫婦が出場！親戚100人の大運動会!?🈖🈑
滋賀,6 ABCテレビ1,2026-07-26,13:25,華丸丼と大吉麺【荻窪で発見！あのドラマの監修をした三ツ星店の斬新沖縄そば】🈑
滋賀,6 ABCテレビ1,2026-07-26,13:55,news おかえり 傑作選
滋賀,6 ABCテレビ1,2026-07-26,14:30,第47回ABCお笑いグランプリ2026 presented by SCOグループ🈑
滋賀,6 ABCテレビ1,2026-07-26,17:30,ANNスーパーJチャンネル🈑
滋賀,6 ABCテレビ1,2026-07-26,17:55,Co．☆ラボ🈑
滋賀,6 ABCテレビ1,2026-07-26,18:00,相葉マナブ 初登場！timelesz佐藤勝利と地引き網！相模湾で何が獲れる？🈑
滋賀,6 ABCテレビ1,2026-07-26,18:52,ABC天気予報
滋賀,6 ABCテレビ1,2026-07-26,18:56,ポツンと一軒家 2時間SP！84歳チェーンソーアート挑戦！仲間とBBQ宴会＆絶景岩風呂🈑
滋賀,6 ABCテレビ1,2026-07-26,20:56,有働Times🈑
滋賀,6 ABCテレビ1,2026-07-26,22:15,マイ・フィクション 第4話「刑務所にいるはずの人間」🈖🈑
滋賀,6 ABCテレビ1,2026-07-26,23:09,エビ推シ〜【ABCテレビのおススメ番組＆見どころをエビシーが紹介！】
滋賀,6 ABCテレビ1,2026-07-26,23:15,EIGHT－JAM 【中森明菜特集‼松田聖子・小泉今日子との関係、振付秘話…】🈑
滋賀,8 関西テレビ1,2026-07-26,05:00,釣りごろ つられごろ
滋賀,8 関西テレビ1,2026-07-26,05:15,EN－GINE 山崎怜奈が時代を動かす企業、ビジネスパーソンのリアルに迫る！
滋賀,8 関西テレビ1,2026-07-26,05:45,皇室ご一家🈑
滋賀,8 関西テレビ1,2026-07-26,06:00,カンテレNEWS🈑 全国・関西の最新ニュースをわかりやすくお伝えします
滋賀,8 関西テレビ1,2026-07-26,06:15,ピーチケプラス🈑 鈴木亮平＆アルピー平子㊙シティーハンター愛を熱弁▽尾上右近
滋賀,8 関西テレビ1,2026-07-26,06:30,リーダーの流儀🈑 大倉忠義がビジネスリーダーと対談！新感覚ビジネス・トーク番組！
滋賀,8 関西テレビ1,2026-07-26,07:00,SUNDAYブレイク． 千葉県勝浦でオズワルド伊藤が絶叫アクティビティ体験🈑🈕🈓
滋賀,8 関西テレビ1,2026-07-26,08:25,物語の始まりへ🈑 学生たちの研究にかける熱い想いは見逃せない
滋賀,8 関西テレビ1,2026-07-26,08:30,ロザンのクイズの神様・超🈑 夏に食べたい！関西の定番ソースでアレンジレシピ対決！
滋賀,8 関西テレビ1,2026-07-26,09:00,DIGIMON BEATBREAK ＃40🈑🈖【消せない夜】
滋賀,8 関西テレビ1,2026-07-26,09:30,テレビアニメ「鬼滅の刃」シリーズ全編再放送🈑🈖🈓【竈門炭治郎 立志編】
滋賀,8 関西テレビ1,2026-07-26,10:00,かのサンド🈑◆学生街で絶品グルメSP！早稲田コスパ抜群グルメ＆学芸大学の名店中華
滋賀,8 関西テレビ1,2026-07-26,11:15,ミラモンGOLD🈑
滋賀,8 関西テレビ1,2026-07-26,11:45,攻殻PR隊🈑 ＃4
滋賀,8 関西テレビ1,2026-07-26,11:50,FNN Live News days🈑 全国・関西のニュースをわかりやすく
滋賀,8 関西テレビ1,2026-07-26,12:00,世界の何だコレ！？ミステリー🈞🈑 ▼経営破綻したJAL…復活劇の裏に何が？
滋賀,8 関西テレビ1,2026-07-26,13:59,マルコポロリ！🈑 解散した芸人たちが新相方とマッチング⁉森本や九条がガチ告白
滋賀,8 関西テレビ1,2026-07-26,14:54,発見たまご！ころころコロンブス🈑 日曜の昼下がりにほっこり和む注目情報をお届け
滋賀,8 関西テレビ1,2026-07-26,15:00,競馬BEAT【第43回東海ステークス（GⅢ）▽第61回関屋記念（GⅢ）】
滋賀,8 関西テレビ1,2026-07-26,16:00,ちゃちゃ入れマンデー🈞🈑 ★関西弁の新ジョーシキ大調査SP
滋賀,8 関西テレビ1,2026-07-26,17:00,newsランナー 日曜版 憧れのA5ランク“高級和牛”が余る時代…業界に激震何が
滋賀,8 関西テレビ1,2026-07-26,17:30,FNN Live News イット！🈑 全国・関西の最新ニュースをお伝えします
滋賀,8 関西テレビ1,2026-07-26,18:00,ちびまる子ちゃん🈑🈖【隣町の男子とプールで勝負する／たまちゃんちで日曜大工を】
滋賀,8 関西テレビ1,2026-07-26,18:30,サザエさん🈑🈖🈓【憧れの松／うっかりでしっかり ほか】
滋賀,8 関西テレビ1,2026-07-26,19:00,千鳥の鬼レンチャン🈑◆鬼ハード初代女王誕生？STU池ちゃん＆高橋成美サビカラ登場
滋賀,8 関西テレビ1,2026-07-26,21:00,Mr．サンデー🈑🈓
滋賀,8 関西テレビ1,2026-07-26,23:09,中川家と博士のねじねじの世界🈑 気が利く六角レンチ
滋賀,8 関西テレビ1,2026-07-26,23:15,ワンピース🈑🈖【エルバフの大罪人 冥界のロキ解放！？】
滋賀,8 関西テレビ1,2026-07-26,23:45,すぽると！🈑 大谷翔平のストレートは軌道が読めない⁉スター証言＆脳科学から紐解く
滋賀,10 読売テレビ1,2026-07-26,05:00,モニしょぴ！
滋賀,10 読売テレビ1,2026-07-26,05:30,めざましウキウキショッピング
滋賀,10 読売テレビ1,2026-07-26,06:00,皇室日記🈑▽天皇ご一家那須ご静養▽佳子さま「重複障がい者」に寄せる思い
滋賀,10 読売テレビ1,2026-07-26,06:15,NNNニュース・サンデー🈐
滋賀,10 読売テレビ1,2026-07-26,06:30,ウィークリーアクセスten．
滋賀,10 読売テレビ1,2026-07-26,07:00,遠くへ行きたい【高橋成美が信州・長野へ】くるみ蕎麦＆清流が育む薬用魚🈖🈑
滋賀,10 読売テレビ1,2026-07-26,07:30,シューイチ🈑🈓8月から変わること＆新スポット▽秋山＆平子が南房総の体格グルメ堪能
滋賀,10 読売テレビ1,2026-07-26,10:25,グッと！地球便 悲劇を乗り越えカンボジアの未来のために木を植え続ける妹へ🈖🈑
滋賀,10 読売テレビ1,2026-07-26,10:55,所さんの目がテン！🈑桝太一＆トーキョーバグボーイズがパラオで念願のチョウに出会う
滋賀,10 読売テレビ1,2026-07-26,11:25,BEAT〜時代の鼓動〜【佐藤薬品工業株式会社】🈑
滋賀,10 読売テレビ1,2026-07-26,11:30,NNN ストレイトニュース🈑
滋賀,10 読売テレビ1,2026-07-26,11:40,上沼・高田のクギズケ！ 水谷豊の娘婿に文春砲▽W杯でトランプ氏が大批判🈑
滋賀,10 読売テレビ1,2026-07-26,12:35,草彅やすとものうさぎとかめ【山形秋田岩手の格安宿】🈖🈑
滋賀,10 読売テレビ1,2026-07-26,13:30,そこまで言って委員会NP 「大戦争時代」SP！戦争終結シナリオを徹底討論🈑
滋賀,10 読売テレビ1,2026-07-26,15:00,突破ファイル🈞🈑崖の上に17坪の旗竿地⁉狭小住宅▽草薙が當真＆上白石とダイハード
滋賀,10 読売テレビ1,2026-07-26,17:05,【every．レコメンド】総菜名人の愛され繁盛店🈑
滋賀,10 読売テレビ1,2026-07-26,17:30,笑点🈖🈑🈓城島茂が座布団運び「ザ！鉄腕！DASH！！」×「笑点」夢のコラボDAY
滋賀,10 読売テレビ1,2026-07-26,18:00,真相報道バンキシャ！🈑桝太一＆石川みなみが1週間の出来事を詳しく
滋賀,10 読売テレビ1,2026-07-26,18:55,博士は今日も嫉妬する 人生が楽しくなる最新テクノロジー🈑
滋賀,10 読売テレビ1,2026-07-26,19:00,ザ！鉄腕！DASH！！▽笑点60周年記念夏祭り！師匠全員参加で巨大お好み焼き！🈑
滋賀,10 読売テレビ1,2026-07-26,19:58,イッテQ【お祭り男宮川＆二代目手越】フィンランドで丸太乗って川を下る木材選手権🈑
滋賀,10 読売テレビ1,2026-07-26,20:54,音のソノリティ🈑
滋賀,10 読売テレビ1,2026-07-26,21:00,ゴールデンストーンズ▽番組史上最大‼人気芸人軍団と総勢31名の大混戦バトル🈑
滋賀,10 読売テレビ1,2026-07-26,21:54,シノビーといっしょ
滋賀,10 読売テレビ1,2026-07-26,22:00,おしゃれクリップ🈖🈑出川哲朗はなぜ愛される？▽妻や一茂が忖度なしでガチ素顔告白
滋賀,10 読売テレビ1,2026-07-26,22:30,ドラマ「一次元の挿し木」第4話【激動の真相が発覚…古人骨と義妹を巡る謎】🈖🈑🈓
滋賀,10 読売テレビ1,2026-07-26,23:25,ダウンタウンのガキの使い！10人で男の勲章歌い切り！エース＆小田参戦で大波乱🈑
滋賀,10 読売テレビ1,2026-07-26,23:55,Going！🈑生出演！渡邊雄太が明かす日本バスケの進化▽赤星絶賛！怪物高校生
滋賀,3 BBCびわ湖..,2026-07-26,04:50,毎日の健康に！
滋賀,3 BBCびわ湖..,2026-07-26,05:20,お買い物ベストショー
滋賀,3 BBCびわ湖..,2026-07-26,05:50,THEフィッシング
滋賀,3 BBCびわ湖..,2026-07-26,06:20,現代を生きる知恵セレクション
滋賀,3 BBCびわ湖..,2026-07-26,06:50,とびおきSHIGA
滋賀,3 BBCびわ湖..,2026-07-26,06:55,湖国びより
滋賀,3 BBCびわ湖..,2026-07-26,07:00,イイものショッピングゥ〜！
滋賀,3 BBCびわ湖..,2026-07-26,07:30,童謡コーラス名曲合唱会＆みんなの音楽会テレビ
滋賀,3 BBCびわ湖..,2026-07-26,07:45,比叡の光
滋賀,3 BBCびわ湖..,2026-07-26,08:00,滋賀経済NOW
滋賀,3 BBCびわ湖..,2026-07-26,08:30,ポケットモンスター
滋賀,3 BBCびわ湖..,2026-07-26,09:00,踏ん張れる足腰へ！
滋賀,3 BBCびわ湖..,2026-07-26,09:30,ごりやくさん ＃15 香取神宮
滋賀,3 BBCびわ湖..,2026-07-26,10:00,新テニスの王子様 U-17 WORLD CUP
滋賀,3 BBCびわ湖..,2026-07-26,10:30,ごりやくさん ＃16 飛騨一宮水無神社
滋賀,3 BBCびわ湖..,2026-07-26,11:00,健康すこやか講座
滋賀,3 BBCびわ湖..,2026-07-26,11:30,お財布買い替え大チャンス
滋賀,3 BBCびわ湖..,2026-07-26,12:00,大阪おっさんぽ
滋賀,3 BBCびわ湖..,2026-07-26,12:55,てるてる天気
滋賀,3 BBCびわ湖..,2026-07-26,13:00,ごりやくさん ＃17 宇都宮二荒山神社
滋賀,3 BBCびわ湖..,2026-07-26,13:30,ごりやくさん ＃18 総集編③
滋賀,3 BBCびわ湖..,2026-07-26,14:00,ヒザ・腰！元気の源
滋賀,3 BBCびわ湖..,2026-07-26,14:30,イチおし！プレミアム
滋賀,3 BBCびわ湖..,2026-07-26,15:00,イイものショッピングゥ〜！
滋賀,3 BBCびわ湖..,2026-07-26,15:30,健康すこやか講座
滋賀,3 BBCびわ湖..,2026-07-26,16:00,イイものショッピングゥ〜！
滋賀,3 BBCびわ湖..,2026-07-26,16:30,野草の持つ健康のチカラに迫る！
滋賀,3 BBCびわ湖..,2026-07-26,17:00,生活をキレイに！健やかに！
滋賀,3 BBCびわ湖..,2026-07-26,17:30,簡単！楽々！めぐり習慣大公開
滋賀,3 BBCびわ湖..,2026-07-26,18:00,BBCニュース
滋賀,3 BBCびわ湖..,2026-07-26,18:05,淡海をあるく🈑 ＃476 山の神の祭り〜甲賀市土山町〜
滋賀,3 BBCびわ湖..,2026-07-26,18:10,てるてる天気
滋賀,3 BBCびわ湖..,2026-07-26,18:15,オモロみつけ旅
滋賀,3 BBCびわ湖..,2026-07-26,18:30,日曜プラチナアワー
滋賀,3 BBCびわ湖..,2026-07-26,20:50,家、ついて行ってイイですか？
滋賀,3 BBCびわ湖..,2026-07-26,21:54,BBCニュース
滋賀,3 BBCびわ湖..,2026-07-26,22:00,有吉ぃぃeeeee！
滋賀,3 BBCびわ湖..,2026-07-26,22:49,エンジニアレコメンド
滋賀,3 BBCびわ湖..,2026-07-26,22:54,スポーツ リアライブ〜SPORTS Real＆Live〜
滋賀,3 BBCびわ湖..,2026-07-26,23:20,Weekly女子ゴルフ
滋賀,3 BBCびわ湖..,2026-07-26,23:45,こうめのイオンモール草津リポート
滋賀,3 BBCびわ湖..,2026-07-26,23:50,淡海をあるく🈑 ＃477 西教寺〜大津市〜
滋賀,3 BBCびわ湖..,2026-07-26,23:55,催しものガイド
滋賀,5 KBS京都,2026-07-26,04:52,試験電波（OP前）
滋賀,5 KBS京都,2026-07-26,05:25,オープニング
滋賀,5 KBS京都,2026-07-26,05:27,天気予報
滋賀,5 KBS京都,2026-07-26,05:30,テレビショッピング
滋賀,5 KBS京都,2026-07-26,06:00,おはよう！輝き世代 「パッチワーク教室＆おうちの防犯できていますか？」
滋賀,5 KBS京都,2026-07-26,06:30,テレビショッピング
滋賀,5 KBS京都,2026-07-26,07:00,テレビショッピング
滋賀,5 KBS京都,2026-07-26,07:30,ごりやくさん🈞🈑 ＃10「富士山本宮浅間大社」
滋賀,5 KBS京都,2026-07-26,07:55,天気予報
滋賀,5 KBS京都,2026-07-26,08:00,テレビショッピング
滋賀,5 KBS京都,2026-07-26,08:30,童謡コーラス名曲大合唱＆みんなの音楽会テレビ
滋賀,5 KBS京都,2026-07-26,08:45,比叡の光 「舞鶴・引き揚げの記憶を未来へ①」
滋賀,5 KBS京都,2026-07-26,09:00,テレビショッピング
滋賀,5 KBS京都,2026-07-26,09:30,ごりやくさん🈞🈑 ＃11「橿原神宮（奈良）」
滋賀,5 KBS京都,2026-07-26,09:55,天気予報
滋賀,5 KBS京都,2026-07-26,10:00,テレビショッピング
滋賀,5 KBS京都,2026-07-26,10:30,テレビショッピング
滋賀,5 KBS京都,2026-07-26,11:00,村瀬哲史の京都  ガッ地理！クイズ🈞🈑 ＃19「今宮神社を散策」
滋賀,5 KBS京都,2026-07-26,11:25,テレビショッピング
滋賀,5 KBS京都,2026-07-26,11:55,KBS京都ニュース・天気予報
滋賀,5 KBS京都,2026-07-26,12:00,日本ふるさと百景🈞🈑 「神奈川編④」
滋賀,5 KBS京都,2026-07-26,12:25,黒谷和紙応援キャンペーン 「京都の暮らしに息づく黒谷和紙」
滋賀,5 KBS京都,2026-07-26,12:30,テレビショッピング
滋賀,5 KBS京都,2026-07-26,13:00,京暮士門🈞 「お助け士門！城陽市の幼稚園で1日先生に」
滋賀,5 KBS京都,2026-07-26,13:30,テレビショッピング
滋賀,5 KBS京都,2026-07-26,14:00,暴れん坊将軍Ⅳ ＃22「死を呼んだ玉の輿！」
滋賀,5 KBS京都,2026-07-26,15:00,テレビショッピング
滋賀,5 KBS京都,2026-07-26,15:30,テレビショッピング
滋賀,5 KBS京都,2026-07-26,16:00,あんぎゃでござる！！🈞 「＃223いとおかしあんぎゃ！！」
滋賀,5 KBS京都,2026-07-26,16:30,テレビショッピング
滋賀,5 KBS京都,2026-07-26,17:00,魅せます！とちブラ🈐 「とちぎでカレー」
滋賀,5 KBS京都,2026-07-26,17:15,天気予報
滋賀,5 KBS京都,2026-07-26,17:20,京是好日🈞 ＃104「暮らしを潤す急須」
滋賀,5 KBS京都,2026-07-26,17:25,ポケットモンスター🈞 ＃26「テラパゴスの冒険」
滋賀,5 KBS京都,2026-07-26,17:55,KBS京都ニュース
滋賀,5 KBS京都,2026-07-26,18:00,KBS京都エキサイトナイター 「阪神×巨人」
滋賀,5 KBS京都,2026-07-26,20:56,でんじろう先生のはぴエネ！
滋賀,5 KBS京都,2026-07-26,21:00,京都浪漫 悠久の物語🈞🈑 「京都の民俗芸能〜伝統守る人々の祈り〜」
滋賀,5 KBS京都,2026-07-26,21:55,京の水ものがたり🈞 ＃249「心光寺」
滋賀,5 KBS京都,2026-07-26,22:00,小島よしおのブリスベン自転車旅
滋賀,5 KBS京都,2026-07-26,22:30,あんぎゃでござる！！ 「＃427忍術村あんぎゃ！！」
滋賀,5 KBS京都,2026-07-26,23:00,お買い物プラス 「世界の“！”をお届けします」
滋賀,5 KBS京都,2026-07-26,23:30,お買い物プラス 「世界の“！”をお届けします」
広島,1 NHK総合1..,2026-07-26,05:00,ニュース・気象情報
広島,1 NHK総合1..,2026-07-26,05:10,Jリーグと私 あの試合を忘れない ＃17 横浜FM🈑
広島,1 NHK総合1..,2026-07-26,05:15,週末のNスペは… 激変・安全保障 日本の進路は🈑
広島,1 NHK総合1..,2026-07-26,05:20,桂文珍の演芸図鑑 レ・ロマネスクTOBI 柳亭小燕枝 三拍子🈑
広島,1 NHK総合1..,2026-07-26,05:50,気象情報
広島,1 NHK総合1..,2026-07-26,05:55,NHK広島なび NHK広島 夏の番組特集
広島,1 NHK総合1..,2026-07-26,05:58,巡る世界絶景 ベネチアの冬🅍
広島,1 NHK総合1..,2026-07-26,06:00,ニュース
広島,1 NHK総合1..,2026-07-26,06:10,【特選！時代劇】大岡越前8 🈟（1）「燃える牢屋敷」🈖🈑
広島,1 NHK総合1..,2026-07-26,06:53,気象情報
広島,1 NHK総合1..,2026-07-26,06:55,ニュース・気象情報（中国地方）
広島,1 NHK総合1..,2026-07-26,07:00,NHKニュース おはよう日本 7月26日（日）🈑
広島,1 NHK総合1..,2026-07-26,07:40,ニュース・気象情報（中国地方）
広島,1 NHK総合1..,2026-07-26,07:45,さわやか自然百景 青森 屏風山湿原池沼群🈑
広島,1 NHK総合1..,2026-07-26,08:00,アニメーション・ドキュメンタリー いわたくんちのおばあちゃん🈑🈞
広島,1 NHK総合1..,2026-07-26,08:30,地球は放置してても育たない 争いはなぜ起きる？🈖🈑
広島,1 NHK総合1..,2026-07-26,08:45,アニメーションで伝える“ヒバクシャからの手紙”「世界の国々の子どもたちへ」
広島,1 NHK総合1..,2026-07-26,08:50,NHK広島へいわの歌 ポルノグラフィティ 言伝−ことづて− ミュージックビデオ
広島,1 NHK総合1..,2026-07-26,08:57,気象情報
広島,1 NHK総合1..,2026-07-26,09:00,日曜討論 徹底解説！暑さはどこまで？対策は
広島,1 NHK総合1..,2026-07-26,10:00,第108回全国高校野球選手権広島大会 準決勝 第1試合「広島商業」対「広陵」
広島,1 NHK総合1..,2026-07-26,11:53,サブチャンネル切り替え方法のご案内
広島,1 NHK総合1..,2026-07-26,11:54,気象情報
広島,1 NHK総合1..,2026-07-26,12:00,ニュース🈑
広島,1 NHK総合1..,2026-07-26,12:10,ニュース（中国地方）
広島,1 NHK総合1..,2026-07-26,12:15,第108回全国高校野球選手権広島大会 準決勝 第2試合「市立呉」対「市立福山」
広島,1 NHK総合1..,2026-07-26,14:59,サブチャンネル切り替え方法のご案内
広島,1 NHK総合1..,2026-07-26,15:00,ニュース・気象情報🈑
広島,1 NHK総合1..,2026-07-26,15:05,大相撲（2026年） 名古屋場所 千秋楽🈑
広島,1 NHK総合1..,2026-07-26,15:30,大相撲（2026年） 名古屋場所 千秋楽 優勝力士・三賞力士インタビュー🈔🈑
広島,1 NHK総合1..,2026-07-26,18:00,ニュース🈑
広島,1 NHK総合1..,2026-07-26,18:05,有吉のお金発見 突撃！カネオくん 令和に再ブーム！RCカーのヒミツ🈑
広島,1 NHK総合1..,2026-07-26,18:45,ニュースお好みサンデー▽広島のニュース・気象情報ほか
広島,1 NHK総合1..,2026-07-26,19:00,NHKニュース7🈔🈑
広島,1 NHK総合1..,2026-07-26,19:30,ダーウィンが来た！「最大の味方！最強のライバル！？動物兄弟」🈖🈑
広島,1 NHK総合1..,2026-07-26,20:00,豊臣兄弟！（29）天下への道🈖🈑
広島,1 NHK総合1..,2026-07-26,20:45,ニュース🈑🈐
広島,1 NHK総合1..,2026-07-26,20:55,ニュース・気象情報（中国地方）
広島,1 NHK総合1..,2026-07-26,21:00,NHKスペシャル 激変・安全保障 “力の支配”と揺らぐ国際秩序 日本の針路は🈑
広島,1 NHK総合1..,2026-07-26,22:00,サンデースポーツ🈑
広島,1 NHK総合1..,2026-07-26,22:50,ニュース・気象情報🈑
広島,1 NHK総合1..,2026-07-26,22:55,ハロー！NHKワールドJAPAN 7月の地域特集・山口県関連番組紹介🈑
広島,1 NHK総合1..,2026-07-26,23:00,DOC（ドック）3 あすへのカルテ（8）「暗闇の先へ」🈔🈑
広島,1 NHK総合1..,2026-07-26,23:59,連続テレビ小説「ひよっこ」再放送PR
広島,2 NHKEテレ..,2026-07-26,05:00,こころの時代 わからなさのなかで〜最首悟の思想をたどる〜🈑🈞
広島,2 NHKEテレ..,2026-07-26,06:00,NHK短歌 わたしの宮沢賢治 テーマ「月」🈑
広島,2 NHKEテレ..,2026-07-26,06:25,テレビ体操🈑
広島,2 NHKEテレ..,2026-07-26,06:35,NHK俳句 題「七夕」🈑
広島,2 NHKEテレ..,2026-07-26,07:00,第93回NHK全国学校音楽コンクール みんなの合唱レッスン・高等学校の部🈑
広島,2 NHKEテレ..,2026-07-26,07:10,第93回NHK全国学校音楽コンクール みんなの合唱レッスン・中学校の部🈑
広島,2 NHKEテレ..,2026-07-26,07:20,第93回NHK全国学校音楽コンクール みんなの合唱レッスン・小学校の部🈑
広島,2 NHKEテレ..,2026-07-26,07:30,おとうさんといっしょ「まねまねどんぐー」🈑🈞
広島,2 NHKEテレ..,2026-07-26,08:00,やさいの時間 みんなの菜園物語 兵庫県（後編）🈑
広島,2 NHKEテレ..,2026-07-26,08:25,趣味の園芸 京も一日陽だまり屋「の〜んびり 蘇鉄（そてつ）」🈑
広島,2 NHKEテレ..,2026-07-26,08:30,趣味の園芸 選 ステキをセレクト！タネから育てるコスモス🈑
広島,2 NHKEテレ..,2026-07-26,08:55,no art，no life「洋一」🈑
広島,2 NHKEテレ..,2026-07-26,09:00,日曜美術館 陶芸家ルーシー・リー 繊細でたくましい器🈑
広島,2 NHKEテレ..,2026-07-26,09:45,日曜美術館 アートシーン「まなざしの奇跡 日本女性写真家の冒険」展🈑
広島,2 NHKEテレ..,2026-07-26,10:00,将棋フォーカス 選 フォーカス流・観る将検定 第2回！🈑
広島,2 NHKEテレ..,2026-07-26,10:30,第76回 NHK杯テレビ将棋トーナメント 1回戦第17局 羽生九段×横山七段🈑
広島,2 NHKEテレ..,2026-07-26,12:00,囲碁フォーカス 選 知らずに使っている！？「囲碁用語」🈑
広島,2 NHKEテレ..,2026-07-26,12:30,第74回NHK杯テレビ囲碁トーナメント1回戦第17局酒井佑規七段×加藤千笑四段🈑
広島,2 NHKEテレ..,2026-07-26,14:00,日本の話芸 柳家蝠丸 落語「叩き蟹」🈖🈑
広島,2 NHKEテレ..,2026-07-26,14:30,アニメ 青のオーケストラ シーズン2（1）「ほころび」🈑
広島,2 NHKEテレ..,2026-07-26,14:55,アニメ 青のオーケストラ シーズン2（2）「波紋」🈑
広島,2 NHKEテレ..,2026-07-26,15:20,アニメ 青のオーケストラ シーズン2（3）「ケジメ」🈑
広島,2 NHKEテレ..,2026-07-26,15:45,アニメ 青のオーケストラ シーズン2（4）「体育祭」🈑
広島,2 NHKEテレ..,2026-07-26,16:10,ピタゴラミングスイッチ2🈑🈞
広島,2 NHKEテレ..,2026-07-26,16:30,ざわざわ森のがんこちゃん30周年スペシャルがんこのびっくりおたんじょうび会🈖🈑🈞
広島,2 NHKEテレ..,2026-07-26,17:00,アニメ アオアシ（17）東京都リーグ第7節 多摩体育大学附属高校戦🈑
広島,2 NHKEテレ..,2026-07-26,17:25,レディー・グレース 女王陛下のスパイ（4）「迷える女王」🈔🈑
広島,2 NHKEテレ..,2026-07-26,17:50,こども手話ウイークリー🈐
広島,2 NHKEテレ..,2026-07-26,18:00,木村多江の、いまさらですが… アメリカ建国の立役者 初代財務長官ハミルトン🈖🈑🈞
広島,2 NHKEテレ..,2026-07-26,18:30,ブリティッシュ・ベイクオフ6（17）チョコレート対決・前編🈔🈑🈞
広島,2 NHKEテレ..,2026-07-26,19:00,未病息災を願います 選「骨密度」が気になったら🈖🈑
広島,2 NHKEテレ..,2026-07-26,19:45,365日の献立日記「野菜ずし」🈑
広島,2 NHKEテレ..,2026-07-26,19:50,5分であさイチ 夏休みの“お昼ごはん”に革命を！🈑
広島,2 NHKEテレ..,2026-07-26,19:55,NHK手話ニュース🈐
広島,2 NHKEテレ..,2026-07-26,20:00,日曜美術館 滅びゆく写真 そして人類 現代美術作家・杉本博司🈑🈞
広島,2 NHKEテレ..,2026-07-26,20:45,日曜美術館 アートシーン「元禄！師宣劇場」展🈑
広島,2 NHKEテレ..,2026-07-26,21:00,古典芸能への招待 歌舞伎「近江源氏先陣館 盛綱陣屋」大阪松竹座さよなら公演🈕🈑
広島,2 NHKEテレ..,2026-07-26,23:00,美の壺 選「小さな芸術 干菓子」🈑
広島,2 NHKEテレ..,2026-07-26,23:30,サイエンスZERO“次世代塗料”が未来を塗り替える！？🈖🈑
広島,3 RCCテレビ1,2026-07-26,04:40,モーニングテレショップ
広島,3 RCCテレビ1,2026-07-26,05:10,おはようショッピング
広島,3 RCCテレビ1,2026-07-26,05:40,レモンチ天気【歌と踊りで楽しく届ける天気予報！】レモンチダンス！
広島,3 RCCテレビ1,2026-07-26,05:45,日本のチカラ ビートで輝け！〜DJ介護士のロマンディスコ〜🈑
広島,3 RCCテレビ1,2026-07-26,06:15,ファ〜！時々バーディ！!今日イチだしちゃお！ ゲストアマ奮起③ゲストチーム逆転？
広島,3 RCCテレビ1,2026-07-26,06:45,JNNニュース🈐
広島,3 RCCテレビ1,2026-07-26,07:00,健康カプセル！ゲンキの時間🈖🈑侮っていると一大事に！？消えないあざに隠れた恐怖
広島,3 RCCテレビ1,2026-07-26,07:30,がっちりマンデー‼CMで良く見るけど知らない会社！渡辺パイプ、INPEX、NGK
広島,3 RCCテレビ1,2026-07-26,08:00,サンデーモーニング🈑高市総理“寝てない”投稿の波紋▽消費税“迷走”と骨太ショック
広島,3 RCCテレビ1,2026-07-26,09:54,天気予報
広島,3 RCCテレビ1,2026-07-26,10:00,サンデー・ジャポン 延長国会閉幕…議員直撃！▽堺雅人が緊急生出演！スタジオ生考察
広島,3 RCCテレビ1,2026-07-26,11:24,ピース！ピース！ふくやま🈑🈐
広島,3 RCCテレビ1,2026-07-26,11:30,夏休みの午後はRCC！この後お昼0時54分から元就。午後2時から絶景アイランド
広島,3 RCCテレビ1,2026-07-26,11:35,上田晋也のサンデーQ🈑堺雅人が生出演「VIVANT」エキストラは4千人！聖地先取り巡礼
広島,3 RCCテレビ1,2026-07-26,12:54,元就。 「阿品」宮島望む海辺のイタリアン＆人情鉄板・とん子のお好み焼き
広島,3 RCCテレビ1,2026-07-26,14:00,アンガールズの絶景アイランド あばれる君とB&ZAI川﨑星輝が夏の島で絶景探し！
広島,3 RCCテレビ1,2026-07-26,15:00,ナゼそこ？＋ 北海道 マイナス2℃で水遊び！？腹筋バキバキ66歳
広島,3 RCCテレビ1,2026-07-26,15:58,イマナマ！ワールド▼イマナマDOCTORS特別編▽リハビリクリニックに潜入取材！
広島,3 RCCテレビ1,2026-07-26,16:26,いよいよ今夜9時スタート！【日曜劇場 VIVANT】
広島,3 RCCテレビ1,2026-07-26,16:30,レッツゴー怪奇組 第四怪🈑
広島,3 RCCテレビ1,2026-07-26,17:00,日5「正反対な君と僕」 ＃16「新学期」🈑🈓
広島,3 RCCテレビ1,2026-07-26,17:30,Nスタ🈑 「飛鳥・藤原の宮都」が世界遺産新登録なるか▽「土用の丑の日」うなぎ店は
広島,3 RCCテレビ1,2026-07-26,18:00,世界遺産／バリ島 1000年続く棚田の絶景（インドネシア）🈖🈑
広島,3 RCCテレビ1,2026-07-26,18:30,ベスコングルメ★夏の軽井沢SP・そば通DEEN池森オススメの手打ちそば名店へ🈖🈑🈓
広島,3 RCCテレビ1,2026-07-26,19:00,バナナマンのせっかくグルメ★VIVANT堺雅人＆濱田岳と日村が人気リゾート地🈑🈓
広島,3 RCCテレビ1,2026-07-26,20:00,VIVANT直前生放送★堺×阿部×二宮×松坂が集結！今からでも間に合うSPダイジェスト🈑
広島,3 RCCテレビ1,2026-07-26,21:00,🈟日曜劇場「VIVANT」第11話🈖🈑
広島,3 RCCテレビ1,2026-07-26,22:19,あす夜7時は【密着警察24時＆追跡24時4時間合体SP】
広島,3 RCCテレビ1,2026-07-26,22:25,日曜日の初耳学◆堺雅人×林修『VIVANT』放送直後90分SP阿部寛＆初出しメイキング映像
広島,3 RCCテレビ1,2026-07-26,23:49,27日（月）からのイマナマ！を見ると宝くじプレゼントのチャンス！
広島,3 RCCテレビ1,2026-07-26,23:55,黒猫と魔女の教室🈑🈓 ＃16「イオ・トーラス がんばります」【アガルアニメ】
広島,4 広島テレビ1,2026-07-26,04:45,広テレモール
広島,4 広島テレビ1,2026-07-26,05:15,それいけ！アンパンマン「SLマンとリトルジョーカー・他」🈕🈑
広島,4 広島テレビ1,2026-07-26,05:45,ポケモンとどこいく！？シェフピカチュウがお出迎え！ポケモンカフェSP
広島,4 広島テレビ1,2026-07-26,06:15,NNNニュースサンデー🈐
広島,4 広島テレビ1,2026-07-26,06:30,WATCH〜真相に迫る〜 地下室で生き延びて… 〜爆心直下にいた少年〜
広島,4 広島テレビ1,2026-07-26,07:00,遠くへ行きたい【高橋成美が信州・長野へ】くるみ蕎麦＆清流が育む薬用魚🈖🈑
広島,4 広島テレビ1,2026-07-26,07:30,シューイチ🈑🈓8月から変わること＆新スポット▽秋山＆平子が南房総の体格グルメ堪能
広島,4 広島テレビ1,2026-07-26,10:25,ありえへん∞世界「昭和世代vs令和世代！“ヤバい昭和の流行”大調査」
広島,4 広島テレビ1,2026-07-26,11:25,子育てんき
広島,4 広島テレビ1,2026-07-26,11:30,NNN ストレイトニュース🈑
広島,4 広島テレビ1,2026-07-26,11:40,上沼・高田のクギズケ！ 水谷豊の娘婿に文春砲▽W杯でトランプ氏が大批判🈑
広島,4 広島テレビ1,2026-07-26,12:35,イッテQ【手越祐也6年ぶりスタジオ登場】宮川お祭り魂を受け継ぐ！新章突入SP🈞🈑
広島,4 広島テレビ1,2026-07-26,13:30,そこまで言って委員会NP 「大戦争時代」SP！戦争終結シナリオを徹底討論🈑
広島,4 広島テレビ1,2026-07-26,15:00,月曜から夜ふかし【お花見で聞いた個人的ニュース】🈞🈑
広島,4 広島テレビ1,2026-07-26,16:00,せとうちコットン ええ海、作ろう！プロジェクト
広島,4 広島テレビ1,2026-07-26,16:25,元気丸▽激写この一瞬は選手・現場スタッフが感じた“広島がひとつになった瞬間”
広島,4 広島テレビ1,2026-07-26,17:25,天気予報
広島,4 広島テレビ1,2026-07-26,17:30,笑点🈖🈑🈓城島茂が座布団運び「ザ！鉄腕！DASH！！」×「笑点」夢のコラボDAY
広島,4 広島テレビ1,2026-07-26,18:00,真相報道バンキシャ！🈑独自分析…熱中症患者10人の行動に教訓▽花火大会で湿度検証
広島,4 広島テレビ1,2026-07-26,18:55,博士は今日も嫉妬する 人生が楽しくなる最新テクノロジー🈑
広島,4 広島テレビ1,2026-07-26,19:00,ザ！鉄腕！DASH！！▽笑点60周年記念夏祭り！師匠全員参加で巨大お好み焼き！🈑
広島,4 広島テレビ1,2026-07-26,19:58,イッテQ【お祭り男宮川＆二代目手越】フィンランドで丸太乗って川を下る木材選手権🈑
広島,4 広島テレビ1,2026-07-26,20:54,音のソノリティ🈑
広島,4 広島テレビ1,2026-07-26,21:00,ゴールデンストーンズ▽番組史上最大‼人気芸人軍団と総勢31名の大混戦バトル🈑
広島,4 広島テレビ1,2026-07-26,21:54,馬場のぶえのひろしま脳トレ🈐🈑
広島,4 広島テレビ1,2026-07-26,22:00,おしゃれクリップ🈖🈑出川哲朗はなぜ愛される？▼妻や一茂が忖度なしでガチ素顔告白
広島,4 広島テレビ1,2026-07-26,22:30,ドラマ「一次元の挿し木」第4話【激動の真相が発覚…古人骨と義妹を巡る謎】🈖🈑🈓
広島,4 広島テレビ1,2026-07-26,23:25,ダウンタウンのガキの使い！10人で男の勲章歌い切り！エース＆小田参戦で大波乱🈑
広島,4 広島テレビ1,2026-07-26,23:55,Going！🈑生出演！渡邊雄太が明かす日本バスケの進化▼赤星絶賛！怪物高校生
広島,5 広島ホームテ..,2026-07-26,05:00,テレビショッピング
広島,5 広島ホームテ..,2026-07-26,05:30,ウルトラマンテオ 「狙われたプチ怪獣」
広島,5 広島ホームテ..,2026-07-26,06:00,じゅん散歩
広島,5 広島ホームテ..,2026-07-26,06:20,グッド！モーニング🈓🈑
広島,5 広島ホームテ..,2026-07-26,08:00,よ〜い！スターと！トビダスクール しなことリボンでTシャツデコ！🈓🈑
広島,5 広島ホームテ..,2026-07-26,08:30,名探偵プリキュア！ ＃26 キュアエクレールの復活！🈓🈑
広島,5 広島ホームテ..,2026-07-26,09:00,仮面ライダーゼッツ 第45話「惑わす」🈓🈑
広島,5 広島ホームテ..,2026-07-26,09:30,🈟角醒ハンター オメガホーン 第1話「角醒せよ！赤き角獣王！」🈓🈑
広島,5 広島ホームテ..,2026-07-26,10:00,第108回全国高等学校野球選手権広島大会 準決勝 マツダスタジアム
広島,5 広島ホームテ..,2026-07-26,11:50,ANNニュース🈑
広島,5 広島ホームテ..,2026-07-26,12:00,第108回全国高等学校野球選手権広島大会 準決勝 マツダスタジアム
広島,5 広島ホームテ..,2026-07-26,14:55,新婚さんいらっしゃい！ オーストラリア在住夫婦出場！親戚100人大運動会⁉ 🈖🈑
広島,5 広島ホームテ..,2026-07-26,15:25,華丸丼と大吉麺 荻窪で発見！あのドラマの監修をした三ツ星店の斬新沖縄そば🈑
広島,5 広島ホームテ..,2026-07-26,15:55,1泊家族 今が旬！埼玉ブロッコリー家族🈞
広島,5 広島ホームテ..,2026-07-26,16:25,開運！なんでも鑑定団 【北薩のデンプン王が遺した巨大掛軸＆棟方志功の倭画】
広島,5 広島ホームテ..,2026-07-26,17:30,ANNスーパーJチャンネル🈑
広島,5 広島ホームテ..,2026-07-26,17:55,この秋、トムとジェリー展がそごう広島店にやってくる！▼ぽるぽるエンタ
広島,5 広島ホームテ..,2026-07-26,18:00,相葉マナブ 初登場！timelesz佐藤勝利と地引き網！相模湾で何が獲れる？🈑
広島,5 広島ホームテ..,2026-07-26,18:52,ぽるぽるEYE
広島,5 広島ホームテ..,2026-07-26,18:56,ポツンと一軒家 2時間SP！84歳チェーンソーアート挑戦！BBQ＆絶景岩風呂🈑
広島,5 広島ホームテ..,2026-07-26,20:56,有働Times🈑
広島,5 広島ホームテ..,2026-07-26,22:15,マイ・フィクション ＃4 刑務所にいるはずの人間🈖🈑
広島,5 広島ホームテ..,2026-07-26,23:09,天気＆ぽるぽるEYE
広島,5 広島ホームテ..,2026-07-26,23:15,EIGHT－JAM 【中森明菜特集‼松田聖子・小泉今日子との関係、振付秘話…】🈑
広島,8 テレビ新広島1,2026-07-26,05:00,テレビショッピング
広島,8 テレビ新広島1,2026-07-26,05:30,おねがいアイプリ【情熱のトップ・パワー】
広島,8 テレビ新広島1,2026-07-26,06:00,FNNニュース🈑
広島,8 テレビ新広島1,2026-07-26,06:10,ずきゅん。TSS
広島,8 テレビ新広島1,2026-07-26,06:15,テレビ寺子屋【一流の指導者に学ぶ人材育成／奥村幸治】
広島,8 テレビ新広島1,2026-07-26,06:45,ワンわんワンダフル
広島,8 テレビ新広島1,2026-07-26,07:00,SUNDAYブレイク． 千葉県勝浦でオズワルド伊藤が絶叫アクティビティ体験🈑🈕🈓
広島,8 テレビ新広島1,2026-07-26,08:25,そ〜だったのかンパニー【アトツギ大集合SP前編】
広島,8 テレビ新広島1,2026-07-26,08:55,ずきゅん。TSS
広島,8 テレビ新広島1,2026-07-26,09:00,DIGIMON BEATBREAK【消せない夜】 ＃40🈑🈖
広島,8 テレビ新広島1,2026-07-26,09:30,テレビアニメ「鬼滅の刃」シリーズ全編再放送【竈門炭治郎 立志編】🈑🈖🈓
広島,8 テレビ新広島1,2026-07-26,10:00,かのサンド◆学生街で絶品グルメSP！早稲田コスパ抜群グルメ＆学芸大学の名店中華🈑
広島,8 テレビ新広島1,2026-07-26,11:15,ミラモンGOLD🈑
広島,8 テレビ新広島1,2026-07-26,11:45,ずきゅん。TSS
広島,8 テレビ新広島1,2026-07-26,11:50,FNN TSS Live News days🈑
広島,8 テレビ新広島1,2026-07-26,12:00,YOUは何しに日本へ？【新米大工YOUが日本建築の匠に弟子入りした理由】
広島,8 テレビ新広島1,2026-07-26,13:30,世界の給与明細【あなたの給料いくら？世界で衝撃㊙お金事情を調査】
広島,8 テレビ新広島1,2026-07-26,15:00,競馬BEAT【第43回東海ステークス（GⅢ）▽第61回関屋記念（GⅢ）】
広島,8 テレビ新広島1,2026-07-26,16:00,有吉くんの正直さんぽ▼新しいことをはじめたくなる街！御徒町＆お茶の水🈑
広島,8 テレビ新広島1,2026-07-26,17:25,TSS批評
広島,8 テレビ新広島1,2026-07-26,17:30,FNN TSS Live News イット！🈑
広島,8 テレビ新広島1,2026-07-26,18:00,ちびまる子ちゃん【隣町の男子とプールで勝負する／たまちゃんちで日曜大工を】🈑🈖
広島,8 テレビ新広島1,2026-07-26,18:30,サザエさん【憧れの松／うっかりでしっかり ほか】🈑🈖🈓
広島,8 テレビ新広島1,2026-07-26,19:00,千鳥の鬼レンチャン◆鬼ハード初代女王誕生？STU池ちゃん＆高橋成美サビカラ登場🈑
広島,8 テレビ新広島1,2026-07-26,21:00,Mr．サンデー🈑🈓
広島,8 テレビ新広島1,2026-07-26,23:09,ずきゅん。TSS
広島,8 テレビ新広島1,2026-07-26,23:15,ワンピース【エルバフの大罪人 冥界のロキ解放！？】🈑🈖
広島,8 テレビ新広島1,2026-07-26,23:45,すぽると！ 大谷翔平のストレートは軌道が読めない⁉スター証言＆脳科学から紐解く🈑
岡山,1 NHK総合1..,2026-07-26,05:00,ニュース・気象情報
岡山,1 NHK総合1..,2026-07-26,05:10,Jリーグと私 あの試合を忘れない ＃17 横浜FM🈑
岡山,1 NHK総合1..,2026-07-26,05:15,週末のNスペは… 激変・安全保障 日本の進路は🈑
岡山,1 NHK総合1..,2026-07-26,05:20,桂文珍の演芸図鑑 レ・ロマネスクTOBI 柳亭小燕枝 三拍子🈑
岡山,1 NHK総合1..,2026-07-26,05:50,気象情報
岡山,1 NHK総合1..,2026-07-26,05:55,にっぽん百名山ミニ 3min「夏 五竜岳」🈑
岡山,1 NHK総合1..,2026-07-26,05:58,巡る世界絶景 ベネチアの冬🅍
岡山,1 NHK総合1..,2026-07-26,06:00,ニュース
岡山,1 NHK総合1..,2026-07-26,06:10,【特選！時代劇】大岡越前8 🈟（1）「燃える牢屋敷」🈖🈑
岡山,1 NHK総合1..,2026-07-26,06:53,気象情報
岡山,1 NHK総合1..,2026-07-26,06:55,ニュース・気象情報（中国地方）
岡山,1 NHK総合1..,2026-07-26,07:00,NHKニュース おはよう日本 7月26日（日）🈑
岡山,1 NHK総合1..,2026-07-26,07:40,ニュース・気象情報（中国地方）
岡山,1 NHK総合1..,2026-07-26,07:45,さわやか自然百景 青森 屏風山湿原池沼群🈑
岡山,1 NHK総合1..,2026-07-26,08:00,小さな旅「大原を継ぐ 〜京都市 左京区〜」🈖🈑
岡山,1 NHK総合1..,2026-07-26,08:25,Dearにっぽん「私たちが新聞を書く理由〜滋賀・虎姫高校〜」🈑
岡山,1 NHK総合1..,2026-07-26,08:50,NHK広島へいわの歌 ポルノグラフィティ 言伝−ことづて− ミュージックビデオ
岡山,1 NHK総合1..,2026-07-26,08:57,気象情報
岡山,1 NHK総合1..,2026-07-26,09:00,日曜討論 徹底解説！暑さはどこまで？対策は
岡山,1 NHK総合1..,2026-07-26,10:00,ニュース・気象情報🈑
岡山,1 NHK総合1..,2026-07-26,10:05,明日をまもるナビ選196 都市を襲う水害 内水氾濫〜見えない危険にどう備える🈖🈑
岡山,1 NHK総合1..,2026-07-26,10:30,5分であさイチ（4）知ってトクする旅行術（2）バッグの詰め方🈑
岡山,1 NHK総合1..,2026-07-26,10:35,ゆったり温泉ひとり旅 北海道・登別温泉🈑
岡山,1 NHK総合1..,2026-07-26,11:04,ニュース🈑
岡山,1 NHK総合1..,2026-07-26,11:05,あしたが変わるトリセツショー 骨ケアで健康革命！今すぐできる運動＆食事ワザ🈖🈑🈞
岡山,1 NHK総合1..,2026-07-26,11:50,ふすま絵 奇跡の再会🈑
岡山,1 NHK総合1..,2026-07-26,11:54,気象情報
岡山,1 NHK総合1..,2026-07-26,12:00,ニュース🈑
岡山,1 NHK総合1..,2026-07-26,12:10,ニュース（中国地方）
岡山,1 NHK総合1..,2026-07-26,12:15,NHKのど自慢 熱唱熱演名場面 2026 Part1🈑
岡山,1 NHK総合1..,2026-07-26,12:55,ドキュメント72時間PR ドキュメント72時間の作り方＜編集・ナレーション編＞🈑
岡山,1 NHK総合1..,2026-07-26,13:00,ニュース・気象情報🈑
岡山,1 NHK総合1..,2026-07-26,13:05,ダーウィンが来た！「相葉さんと探せ！ミクロいきもの超ワールド」🈖🈑🈞
岡山,1 NHK総合1..,2026-07-26,13:35,さわやか自然百景10min．（37）兵庫 猫崎の海と黒川渓谷🈑
岡山,1 NHK総合1..,2026-07-26,13:45,JAPAN DELISH 5min カレーライス🈑
岡山,1 NHK総合1..,2026-07-26,13:50,アニメまとめPR 放送中！注目の3番組ほか🈑
岡山,1 NHK総合1..,2026-07-26,13:55,プロフェッショナル 仕事の流儀 旅する家族、春をつなぐ〜養蜂家・藤井髙治〜🈖🈑🈞
岡山,1 NHK総合1..,2026-07-26,14:40,秀サルでもわかる 豊臣兄弟！ なんで豊臣兄弟は明智光秀に勝てたの？🈑
岡山,1 NHK総合1..,2026-07-26,14:45,あしたが変わるトリセツショー 番外編 フレイル対策15分エクササイズ🈑
岡山,1 NHK総合1..,2026-07-26,15:00,ニュース・気象情報🈑
岡山,1 NHK総合1..,2026-07-26,15:05,大相撲（2026年） 名古屋場所 千秋楽🈑
岡山,1 NHK総合1..,2026-07-26,15:30,大相撲（2026年） 名古屋場所 千秋楽 優勝力士・三賞力士インタビュー🈔🈑
岡山,1 NHK総合1..,2026-07-26,18:00,ニュース🈑
岡山,1 NHK総合1..,2026-07-26,18:05,有吉のお金発見 突撃！カネオくん 令和に再ブーム！RCカーのヒミツ🈑
岡山,1 NHK総合1..,2026-07-26,18:45,もぎたて！645
岡山,1 NHK総合1..,2026-07-26,19:00,NHKニュース7🈔🈑
岡山,1 NHK総合1..,2026-07-26,19:30,ダーウィンが来た！「最大の味方！最強のライバル！？動物兄弟」🈖🈑
岡山,1 NHK総合1..,2026-07-26,20:00,豊臣兄弟！（29）天下への道🈖🈑
岡山,1 NHK総合1..,2026-07-26,20:45,ニュース🈑🈐
岡山,1 NHK総合1..,2026-07-26,20:55,ニュース・気象情報（中国地方）
岡山,1 NHK総合1..,2026-07-26,21:00,NHKスペシャル 激変・安全保障 “力の支配”と揺らぐ国際秩序 日本の針路は🈑
岡山,1 NHK総合1..,2026-07-26,22:00,サンデースポーツ🈑
岡山,1 NHK総合1..,2026-07-26,22:50,ニュース・気象情報🈑
岡山,1 NHK総合1..,2026-07-26,22:55,ハロー！NHKワールドJAPAN 7月の地域特集・山口県関連番組紹介🈑
岡山,1 NHK総合1..,2026-07-26,23:00,DOC（ドック）3 あすへのカルテ（8）「暗闇の先へ」🈔🈑
岡山,1 NHK総合1..,2026-07-26,23:59,連続テレビ小説「ひよっこ」再放送PR
岡山,2 NHKEテレ..,2026-07-26,05:00,こころの時代 わからなさのなかで〜最首悟の思想をたどる〜🈑🈞
岡山,2 NHKEテレ..,2026-07-26,06:00,NHK短歌 わたしの宮沢賢治 テーマ「月」🈑
岡山,2 NHKEテレ..,2026-07-26,06:25,テレビ体操🈑
岡山,2 NHKEテレ..,2026-07-26,06:35,NHK俳句 題「七夕」🈑
岡山,2 NHKEテレ..,2026-07-26,07:00,第93回NHK全国学校音楽コンクール みんなの合唱レッスン・高等学校の部🈑
岡山,2 NHKEテレ..,2026-07-26,07:10,第93回NHK全国学校音楽コンクール みんなの合唱レッスン・中学校の部🈑
岡山,2 NHKEテレ..,2026-07-26,07:20,第93回NHK全国学校音楽コンクール みんなの合唱レッスン・小学校の部🈑
岡山,2 NHKEテレ..,2026-07-26,07:30,おとうさんといっしょ「まねまねどんぐー」🈑🈞
岡山,2 NHKEテレ..,2026-07-26,08:00,やさいの時間 みんなの菜園物語 兵庫県（後編）🈑
岡山,2 NHKEテレ..,2026-07-26,08:25,趣味の園芸 京も一日陽だまり屋「の〜んびり 蘇鉄（そてつ）」🈑
岡山,2 NHKEテレ..,2026-07-26,08:30,趣味の園芸 選 ステキをセレクト！タネから育てるコスモス🈑
岡山,2 NHKEテレ..,2026-07-26,08:55,no art，no life「洋一」🈑
岡山,2 NHKEテレ..,2026-07-26,09:00,日曜美術館 陶芸家ルーシー・リー 繊細でたくましい器🈑
岡山,2 NHKEテレ..,2026-07-26,09:45,日曜美術館 アートシーン「まなざしの奇跡 日本女性写真家の冒険」展🈑
岡山,2 NHKEテレ..,2026-07-26,10:00,将棋フォーカス 選 フォーカス流・観る将検定 第2回！🈑
岡山,2 NHKEテレ..,2026-07-26,10:30,第76回 NHK杯テレビ将棋トーナメント 1回戦第17局 羽生九段×横山七段🈑
岡山,2 NHKEテレ..,2026-07-26,12:00,囲碁フォーカス 選 知らずに使っている！？「囲碁用語」🈑
岡山,2 NHKEテレ..,2026-07-26,12:30,第74回NHK杯テレビ囲碁トーナメント1回戦第17局酒井佑規七段×加藤千笑四段🈑
岡山,2 NHKEテレ..,2026-07-26,14:00,日本の話芸 柳家蝠丸 落語「叩き蟹」🈖🈑
岡山,2 NHKEテレ..,2026-07-26,14:30,アニメ 青のオーケストラ シーズン2（1）「ほころび」🈑
岡山,2 NHKEテレ..,2026-07-26,14:55,アニメ 青のオーケストラ シーズン2（2）「波紋」🈑
岡山,2 NHKEテレ..,2026-07-26,15:20,アニメ 青のオーケストラ シーズン2（3）「ケジメ」🈑
岡山,2 NHKEテレ..,2026-07-26,15:45,アニメ 青のオーケストラ シーズン2（4）「体育祭」🈑
岡山,2 NHKEテレ..,2026-07-26,16:10,ピタゴラミングスイッチ2🈑🈞
岡山,2 NHKEテレ..,2026-07-26,16:30,ざわざわ森のがんこちゃん30周年スペシャルがんこのびっくりおたんじょうび会🈖🈑🈞
岡山,2 NHKEテレ..,2026-07-26,17:00,アニメ アオアシ（17）東京都リーグ第7節 多摩体育大学附属高校戦🈑
岡山,2 NHKEテレ..,2026-07-26,17:25,レディー・グレース 女王陛下のスパイ（4）「迷える女王」🈔🈑
岡山,2 NHKEテレ..,2026-07-26,17:50,こども手話ウイークリー🈐
岡山,2 NHKEテレ..,2026-07-26,18:00,木村多江の、いまさらですが… アメリカ建国の立役者 初代財務長官ハミルトン🈖🈑🈞
岡山,2 NHKEテレ..,2026-07-26,18:30,ブリティッシュ・ベイクオフ6（17）チョコレート対決・前編🈔🈑🈞
岡山,2 NHKEテレ..,2026-07-26,19:00,未病息災を願います 選「骨密度」が気になったら🈖🈑
岡山,2 NHKEテレ..,2026-07-26,19:45,365日の献立日記「野菜ずし」🈑
岡山,2 NHKEテレ..,2026-07-26,19:50,5分であさイチ 夏休みの“お昼ごはん”に革命を！🈑
岡山,2 NHKEテレ..,2026-07-26,19:55,NHK手話ニュース🈐
岡山,2 NHKEテレ..,2026-07-26,20:00,日曜美術館 滅びゆく写真 そして人類 現代美術作家・杉本博司🈑🈞
岡山,2 NHKEテレ..,2026-07-26,20:45,日曜美術館 アートシーン「元禄！師宣劇場」展🈑
岡山,2 NHKEテレ..,2026-07-26,21:00,古典芸能への招待 歌舞伎「近江源氏先陣館 盛綱陣屋」大阪松竹座さよなら公演🈕🈑
岡山,2 NHKEテレ..,2026-07-26,23:00,美の壺 選「小さな芸術 干菓子」🈑
岡山,2 NHKEテレ..,2026-07-26,23:30,サイエンスZERO“次世代塗料”が未来を塗り替える！？🈖🈑
岡山,4 RNC西日本..,2026-07-26,05:00,テレビショッピング
岡山,4 RNC西日本..,2026-07-26,05:30,ビッグ・フィッシング「滋賀・安曇川広瀬でアユの友釣り」
岡山,4 RNC西日本..,2026-07-26,06:00,小峠英二のなんて美だ！「盆栽＃213」
岡山,4 RNC西日本..,2026-07-26,06:15,NNNニュースサンデー🈐
岡山,4 RNC西日本..,2026-07-26,06:30,日本のチカラ🈑「夜須町リメイク物語 〜地元を紡ぐデザイナー〜」
岡山,4 RNC西日本..,2026-07-26,07:00,所さんの目がテン！🈑所さんと奥田民生さんが絶品イノシシ肉で燻製作り⁉
岡山,4 RNC西日本..,2026-07-26,07:30,シューイチ🈑🈓8月から変わること＆新スポット▽秋山＆平子が南房総の体格グルメ堪能
岡山,4 RNC西日本..,2026-07-26,10:25,東野・岡村の旅猿27▼イルカショーでずぶ濡れ＆能登の豪華舟盛りに感動
岡山,4 RNC西日本..,2026-07-26,10:55,ルック 〜地域発・輝くビジネス〜「大同塗装」
岡山,4 RNC西日本..,2026-07-26,11:10,おしえて！四千頭身「話題の美筋ヨガ第2弾④」
岡山,4 RNC西日本..,2026-07-26,11:25,みどころ
岡山,4 RNC西日本..,2026-07-26,11:30,NNN ストレイトニュース🈑
岡山,4 RNC西日本..,2026-07-26,11:40,上沼・高田のクギズケ！ 水谷豊の娘婿に文春砲▽W杯でトランプ氏が大批判🈑
岡山,4 RNC西日本..,2026-07-26,12:35,イッテQ！🈞家族みんなで楽しめる！出川、宮川、ガンバレ…今夜だけ㊙映像大放出SP
岡山,4 RNC西日本..,2026-07-26,13:30,そこまで言って委員会NP 「大戦争時代」SP！戦争終結シナリオを徹底討論🈑
岡山,4 RNC西日本..,2026-07-26,15:00,オモウマい店🈞【愛知】夢のリブロース塊焼き肉‼【大阪】秋の悪魔的フレンチ‼
岡山,4 RNC西日本..,2026-07-26,15:55,踊る！さんま御殿🈞アウトドアVSインドア猛暑をどう乗り切る？大杉漣の長男が初登場
岡山,4 RNC西日本..,2026-07-26,16:55,月曜から夜ふかし
岡山,4 RNC西日本..,2026-07-26,17:25,RNC Just News
岡山,4 RNC西日本..,2026-07-26,17:30,笑点🈖🈑🈓城島茂が座布団運び「ザ！鉄腕！DASH！！」×「笑点」夢のコラボDAY
岡山,4 RNC西日本..,2026-07-26,18:00,真相報道バンキシャ！🈑独自分析…熱中症患者10人の行動に教訓▽花火大会で湿度検証
岡山,4 RNC西日本..,2026-07-26,18:55,博士は今日も嫉妬する 人生が楽しくなる最新テクノロジー🈑
岡山,4 RNC西日本..,2026-07-26,19:00,ザ！鉄腕！DASH！！▽笑点60周年記念夏祭り！師匠全員参加で巨大お好み焼き！🈑
岡山,4 RNC西日本..,2026-07-26,19:58,イッテQ【お祭り男宮川＆二代目手越】フィンランドで丸太乗って川を下る木材選手権🈑
岡山,4 RNC西日本..,2026-07-26,20:54,RNCニューススポット
岡山,4 RNC西日本..,2026-07-26,21:00,ゴールデンストーンズ▽番組史上最大‼人気芸人軍団と総勢31名の大混戦バトル🈑
岡山,4 RNC西日本..,2026-07-26,21:54,天気予報
岡山,4 RNC西日本..,2026-07-26,22:00,おしゃれクリップ🈖🈑出川哲朗はなぜ愛される？▼妻や一茂が忖度なしでガチ素顔告白
岡山,4 RNC西日本..,2026-07-26,22:30,ドラマ「一次元の挿し木」第4話【激動の真相が発覚…古人骨と義妹を巡る謎】🈖🈑🈓
岡山,4 RNC西日本..,2026-07-26,23:25,ダウンタウンのガキの使い！10人で男の勲章歌い切り！エース＆小田参戦で大波乱🈑
岡山,4 RNC西日本..,2026-07-26,23:55,Going！🈑生出演！渡邊雄太が明かす日本バスケの進化▼赤星絶賛！怪物高校生
岡山,5 瀬戸内海放送,2026-07-26,04:45,お買い物情報
岡山,5 瀬戸内海放送,2026-07-26,05:15,KSBお天気レーダー
岡山,5 瀬戸内海放送,2026-07-26,05:20,テレメンタリー2026「落とし穴〜袴田事件60年と再審法改正の闇」🈑
岡山,5 瀬戸内海放送,2026-07-26,05:50,グッド！モーニング🈓🈑
岡山,5 瀬戸内海放送,2026-07-26,08:00,よ〜い！スターと！トビダスクール しなことリボンでTシャツデコ！🈓🈑
岡山,5 瀬戸内海放送,2026-07-26,08:30,名探偵プリキュア！ ＃26 キュアエクレールの復活！🈓🈑
岡山,5 瀬戸内海放送,2026-07-26,09:00,仮面ライダーゼッツ 第45話「惑わす」🈓🈑
岡山,5 瀬戸内海放送,2026-07-26,09:30,🈟角醒ハンター オメガホーン 第1話「角醒せよ！赤き角獣王！」🈓🈑
岡山,5 瀬戸内海放送,2026-07-26,10:00,題名のない音楽会「オペラ歌手が秘密を打ち明ける休日」🈑
岡山,5 瀬戸内海放送,2026-07-26,10:30,クレヨンしんちゃん 【酔いどれ母ちゃんだゾ】🈀🈑🈖
岡山,5 瀬戸内海放送,2026-07-26,11:00,START UP！ドリームエンタ BUDDiiSがレーヴ・デ・リュミエールに潜入！
岡山,5 瀬戸内海放送,2026-07-26,11:45,スパちゃんねる
岡山,5 瀬戸内海放送,2026-07-26,11:50,ANNニュース🈑
岡山,5 瀬戸内海放送,2026-07-26,12:00,ビートたけしのTVタックル 昭和は驚きの光景が…令和のゴミ問題＆激安リユース店🈑
岡山,5 瀬戸内海放送,2026-07-26,12:55,新婚さんいらっしゃい！ オーストラリア在住夫婦出場！親戚100人大運動会⁉ 🈖🈑
岡山,5 瀬戸内海放送,2026-07-26,13:25,華丸丼と大吉麺 荻窪で発見！あのドラマの監修をした三ツ星店の斬新沖縄そば🈑
岡山,5 瀬戸内海放送,2026-07-26,13:55,林修の今知りたいでしょ！ 傑作選 帯状疱疹・脳卒中・糖尿病！意外な病気のサイン🈑
岡山,5 瀬戸内海放送,2026-07-26,15:20,路線バスで寄り道の旅 【世界の青木と徳光さんが願いをかなえる珍道中！】🈑
岡山,5 瀬戸内海放送,2026-07-26,16:30,マツコ＆有吉 かりそめ天国 ぶらり新幹線こだま旅 豊橋グルメ＆琵琶湖の絶景宿🈞
岡山,5 瀬戸内海放送,2026-07-26,17:25,with盲導犬
岡山,5 瀬戸内海放送,2026-07-26,17:30,ANNスーパーJチャンネル🈑
岡山,5 瀬戸内海放送,2026-07-26,18:00,相葉マナブ 初登場！timelesz佐藤勝利と地引き網！相模湾で何が獲れる？🈑
岡山,5 瀬戸内海放送,2026-07-26,18:52,高校生と見つける、私たちのSDGs
岡山,5 瀬戸内海放送,2026-07-26,18:56,ポツンと一軒家 2時間SP！84歳チェーンソーアート挑戦！BBQ＆絶景岩風呂🈑
岡山,5 瀬戸内海放送,2026-07-26,20:56,有働Times🈑
岡山,5 瀬戸内海放送,2026-07-26,22:15,マイ・フィクション ＃4 刑務所にいるはずの人間🈖🈑
岡山,5 瀬戸内海放送,2026-07-26,23:09,KSBお天気レーダー
岡山,5 瀬戸内海放送,2026-07-26,23:15,EIGHT－JAM 【中森明菜特集‼松田聖子・小泉今日子との関係、振付秘話…】🈑
岡山,6 RSKテレビ1,2026-07-26,05:00,テレビショッピング
岡山,6 RSKテレビ1,2026-07-26,05:30,爆釣り！？FiSHパレード【狙うはブリ！とんでもないパワーに大興奮！】🈞
岡山,6 RSKテレビ1,2026-07-26,05:45,西乃風ブラン堂 滋賀県東近江市◆シャッター商店街に大行列！地元愛が生んだデニム🈞
岡山,6 RSKテレビ1,2026-07-26,06:15,SUNDAYスマイルGOLF【すしプロ熱血指導！坂井のドライバーが劇的改善⁉】
岡山,6 RSKテレビ1,2026-07-26,06:30,石田好伸の就活おたすけマン 情熱リーダーズ「カザケン」
岡山,6 RSKテレビ1,2026-07-26,06:45,JNNニュース🈐
岡山,6 RSKテレビ1,2026-07-26,07:00,健康カプセル！ゲンキの時間🈖🈑侮っていると一大事に！？消えないあざに隠れた恐怖
岡山,6 RSKテレビ1,2026-07-26,07:30,がっちりマンデー‼CMで良く見るけど知らない会社！渡辺パイプ、INPEX、NGK
岡山,6 RSKテレビ1,2026-07-26,08:00,サンデーモーニング🈑高市総理“寝てない”投稿の波紋▽消費税“迷走”と骨太ショック
岡山,6 RSKテレビ1,2026-07-26,09:54,天気予報
岡山,6 RSKテレビ1,2026-07-26,10:00,サンデー・ジャポン 延長国会閉幕…議員直撃！▽堺雅人が緊急生出演！スタジオ生考察
岡山,6 RSKテレビ1,2026-07-26,11:25,晴れの国 生き活きテレビ（字幕スーパー）
岡山,6 RSKテレビ1,2026-07-26,11:30,ココロ踊るトキを RSK
岡山,6 RSKテレビ1,2026-07-26,11:35,上田晋也のサンデーQ🈑堺雅人が生出演「VIVANT」エキストラは4千人！聖地先取り巡礼
岡山,6 RSKテレビ1,2026-07-26,12:54,ココロ踊るトキを RSK
岡山,6 RSKテレビ1,2026-07-26,13:00,よしもと新喜劇【恋の取り立て、回収不能！？】🈑
岡山,6 RSKテレビ1,2026-07-26,14:00,アンガールズの絶景アイランド あばれる君とB&ZAI川﨑星輝が夏の島で絶景探し！
岡山,6 RSKテレビ1,2026-07-26,15:00,文武〜知力と体力の二刀流クイズバトル〜★SASUKE山田VS五輪金メダリスト鏡！🈑
岡山,6 RSKテレビ1,2026-07-26,15:30,VOICE de GO！ 週末ちょい旅へGO!ご当地めし＆名所巡り!児島〜丸亀・坂出🈞
岡山,6 RSKテレビ1,2026-07-26,16:30,レッツゴー怪奇組 第四怪🈑
岡山,6 RSKテレビ1,2026-07-26,17:00,日5「正反対な君と僕」 ＃16「新学期」🈑🈓
岡山,6 RSKテレビ1,2026-07-26,17:30,Nスタ🈑 「飛鳥・藤原の宮都」が世界遺産新登録なるか▽「土用の丑の日」うなぎ店は
岡山,6 RSKテレビ1,2026-07-26,18:00,世界遺産／バリ島 1000年続く棚田の絶景（インドネシア）🈖🈑
岡山,6 RSKテレビ1,2026-07-26,18:30,ベスコングルメ★夏の軽井沢SP・そば通DEEN池森オススメの手打ちそば名店へ🈖🈑🈓
岡山,6 RSKテレビ1,2026-07-26,19:00,バナナマンのせっかくグルメ★VIVANT堺雅人＆濱田岳と日村が人気リゾート地🈑🈓
岡山,6 RSKテレビ1,2026-07-26,20:00,VIVANT直前生放送★堺×阿部×二宮×松坂が集結！今からでも間に合うSPダイジェスト🈑
岡山,6 RSKテレビ1,2026-07-26,21:00,🈟日曜劇場「VIVANT」第11話🈖🈑
岡山,6 RSKテレビ1,2026-07-26,22:19,RSKニュース
岡山,6 RSKテレビ1,2026-07-26,22:25,日曜日の初耳学◆堺雅人×林修『VIVANT』放送直後90分SP阿部寛＆初出しメイキング映像
岡山,6 RSKテレビ1,2026-07-26,23:49,天気予報
岡山,6 RSKテレビ1,2026-07-26,23:55,黒猫と魔女の教室🈑🈓 ＃16「イオ・トーラス がんばります」【アガルアニメ】
岡山,7 TSCテレビ..,2026-07-26,05:00,ショップジャパン
岡山,7 TSCテレビ..,2026-07-26,05:30,ウワサのお茶石鹸で感動の若見え！！
岡山,7 TSCテレビ..,2026-07-26,06:00,THEフィッシング 村つる18 富士山をバックにキャスト！ ショアジギング🈞
岡山,7 TSCテレビ..,2026-07-26,06:30,ショップジャパン
岡山,7 TSCテレビ..,2026-07-26,07:00,アニもり！🈑
岡山,7 TSCテレビ..,2026-07-26,07:30,ポケモンとどこいく！？【チャンピオンズ対決に派手刺客でバトル部ピンチ！】🈑🈓
岡山,7 TSCテレビ..,2026-07-26,08:30,トミプラワールドのりのりタイムズ！！🈑
岡山,7 TSCテレビ..,2026-07-26,09:00,ギャビーのドールハウス 118話 新しい家族のベニー・ボックス（前編）🈑🈔
岡山,7 TSCテレビ..,2026-07-26,09:15,ぷにるんず ぷに3 第17話『くーるんとカチコチあいるん♪』🈞🈑
岡山,7 TSCテレビ..,2026-07-26,09:30,おねがいアイプリ あおいとおねがいかなえ隊🈑
岡山,7 TSCテレビ..,2026-07-26,10:00,武井壮のゴルフバッグ担いでください▽永久保存版！宮里優作プロのゴルフレッスン🈑
岡山,7 TSCテレビ..,2026-07-26,10:30,優香のサンデークッキング【レンジde簡単ナスキーマ&グリルde焼きナス】🈑
岡山,7 TSCテレビ..,2026-07-26,11:00,やすとものどこいこ！？ 心斎橋・本町界隈でどこいこ！？
岡山,7 TSCテレビ..,2026-07-26,12:00,この街をつなぐ〜地域完結の医療に挑む〜
岡山,7 TSCテレビ..,2026-07-26,12:30,未知なる野草のチカラに迫る！
岡山,7 TSCテレビ..,2026-07-26,13:00,アンコールアワー「開運！なんでも鑑定団」【世界初カラオケ機＆伝説絵師大作・前編】
岡山,7 TSCテレビ..,2026-07-26,14:00,大東建託・いい部屋ネットレディス🈑
岡山,7 TSCテレビ..,2026-07-26,15:15,リンリン！未来にリンク  岡山市
岡山,7 TSCテレビ..,2026-07-26,15:20,日曜ワイド「保険犯罪調査員 佐伯初音 空白の起点」🈖🈞
岡山,7 TSCテレビ..,2026-07-26,17:15,天気予報
岡山,7 TSCテレビ..,2026-07-26,17:20,TXNニュース🈑🈐
岡山,7 TSCテレビ..,2026-07-26,17:25,TSCnews
岡山,7 TSCテレビ..,2026-07-26,17:30,鉄鍋のジャン！「毒を御す者」🈑
岡山,7 TSCテレビ..,2026-07-26,18:00,パズドラ「吹き矢コンボバトル／もう一度見たい！アニメセレクション」🈑🈓
岡山,7 TSCテレビ..,2026-07-26,18:30,日本の海を守る！海上保安庁の激ヤバすぎる最前線100連発SP🈑🈓
岡山,7 TSCテレビ..,2026-07-26,20:50,家、ついて行ってイイですか？菊池風磨愛止まらない女子＆妻夫木涙…亡き妻への想い🈑
岡山,7 TSCテレビ..,2026-07-26,21:54,天気予報
岡山,7 TSCテレビ..,2026-07-26,22:00,有吉ぃぃeeeee!【アモアス】クセ者10人でダマし合い！裏切り者は誰だ？🈑
岡山,7 TSCテレビ..,2026-07-26,22:48,TSCnews
岡山,7 TSCテレビ..,2026-07-26,22:54,スポーツリアライブ
岡山,7 TSCテレビ..,2026-07-26,23:20,Weekly女子ゴルフ
岡山,7 TSCテレビ..,2026-07-26,23:45,ふつつかな悪女ではございますが〜雛宮蝶鼠とりかえ伝〜 第3 話🈑
岡山,8 OHK,2026-07-26,04:50,ダイレクトテレショップ＃34
岡山,8 OHK,2026-07-26,05:20,OHKてれび時評＃323🈑
岡山,8 OHK,2026-07-26,05:30,皇室ご一家＃2365🈑
岡山,8 OHK,2026-07-26,05:45,釣りごろつられごろ【本格シーズン到来！漁火に誘われるケンサキイカ】
岡山,8 OHK,2026-07-26,06:00,FNNニュース🈑
岡山,8 OHK,2026-07-26,06:15,GO！GO！チャギントン＃17🈑🈔
岡山,8 OHK,2026-07-26,06:30,日本一ふつうで美味しい植野食堂 by dancyu
岡山,8 OHK,2026-07-26,07:00,SUNDAYブレイク． 千葉県勝浦でオズワルド伊藤が絶叫アクティビティ体験🈑🈕🈓
岡山,8 OHK,2026-07-26,08:25,そ〜だったのかンパニー【アトツギ大集合SP前編】
岡山,8 OHK,2026-07-26,08:55,CONNECTOR【木下サーカス  木下唯志  代表取締役社長】
岡山,8 OHK,2026-07-26,09:00,DIGIMON BEATBREAK【消せない夜】 ＃40🈑🈖
岡山,8 OHK,2026-07-26,09:30,テレビアニメ「鬼滅の刃」シリーズ全編再放送【竈門炭治郎 立志編】🈑🈖🈓
岡山,8 OHK,2026-07-26,10:00,かのサンド🈑
岡山,8 OHK,2026-07-26,11:15,ミラモンGOLD🈑
岡山,8 OHK,2026-07-26,11:45,OH！コレ
岡山,8 OHK,2026-07-26,11:50,FNN Live News days🈑
岡山,8 OHK,2026-07-26,12:00,GTO ＃09🈞🈑🈖【鬼塚の伝説はここから始まった！反町隆史 松嶋菜々子】
岡山,8 OHK,2026-07-26,13:00,GTO ＃10🈞🈑🈖【鬼塚の伝説はここから始まった！反町隆史 松嶋菜々子】
岡山,8 OHK,2026-07-26,14:00,ザ・ノンフィクション 上京物語2026 〜新人美容師 夢の別れ道〜後編＃19🈑
岡山,8 OHK,2026-07-26,15:00,競馬BEAT【第43回東海ステークス（GⅢ）▽第61回関屋記念（GⅢ）】
岡山,8 OHK,2026-07-26,16:00,有吉くんの正直さんぽ＃13🈑
岡山,8 OHK,2026-07-26,17:30,FNN Live News イット！🈑
岡山,8 OHK,2026-07-26,18:00,ちびまる子ちゃん【隣町の男子とプールで勝負する／たまちゃんちで日曜大工を】🈑🈖
岡山,8 OHK,2026-07-26,18:30,サザエさん【憧れの松／うっかりでしっかり ほか】🈑🈖🈓
岡山,8 OHK,2026-07-26,19:00,千鳥の鬼レンチャン◆鬼ハード初代女王誕生？STU池ちゃん＆高橋成美サビカラ登場🈑
岡山,8 OHK,2026-07-26,21:00,Mr．サンデー🈑🈓
岡山,8 OHK,2026-07-26,23:09,OH！コレ
岡山,8 OHK,2026-07-26,23:15,ワンピース【エルバフの大罪人 冥界のロキ解放！？】🈑🈖
岡山,8 OHK,2026-07-26,23:45,すぽると！ 大谷翔平のストレートは軌道が読めない⁉スター証言＆脳科学から紐解く🈑
島根,1 日本海テレビ1,2026-07-26,04:40,テレビショッピング
島根,1 日本海テレビ1,2026-07-26,05:10,24時間テレビリポート🈑【パラスポーツが広げる共生の輪】
島根,1 日本海テレビ1,2026-07-26,05:15,テレビショッピング
島根,1 日本海テレビ1,2026-07-26,05:45,それいけ！アンパンマン「プリンちゃんとマシュマロさん・他」🈖🈑
島根,1 日本海テレビ1,2026-07-26,06:15,NNNニュースサンデー🈐
島根,1 日本海テレビ1,2026-07-26,06:30,遠くへ行きたい【加藤諒が滋賀へ】斬新な漆小物＆豪華絢爛祭り＆琵琶湖の離島
島根,1 日本海テレビ1,2026-07-26,07:00,所さんの目がテン！🈑所さんと奥田民生さんが絶品イノシシ肉で燻製作り⁉
島根,1 日本海テレビ1,2026-07-26,07:30,シューイチ🈑🈓8月から変わること＆新スポット▽秋山＆平子が南房総の体格グルメ堪能
島根,1 日本海テレビ1,2026-07-26,10:25,一茂×かまいたちゲンバ▼水族館でアシカとご対面▼驚き新食感「糸かき氷」とは？🈑
島根,1 日本海テレビ1,2026-07-26,11:25,情報どうでSHOW
島根,1 日本海テレビ1,2026-07-26,11:30,NNN ストレイトニュース🈑
島根,1 日本海テレビ1,2026-07-26,11:40,上沼・高田のクギズケ！ 水谷豊の娘婿に文春砲▽W杯でトランプ氏が大批判🈑
島根,1 日本海テレビ1,2026-07-26,12:35,ありえへん∞世界＜後編＞衝撃映像＆全国㊙衝撃グルメ＆茨城人vs埼玉人㊙生態調査
島根,1 日本海テレビ1,2026-07-26,13:30,そこまで言って委員会NP 「大戦争時代」SP！戦争終結シナリオを徹底討論🈑
島根,1 日本海テレビ1,2026-07-26,15:00,24時間テレビ企画大公開SP🈑総合司会は内村光良！テーマは「わたしの家族の話」
島根,1 日本海テレビ1,2026-07-26,15:55,もぎたて いっちゃんじょうほう
島根,1 日本海テレビ1,2026-07-26,16:00,山里＆バカリのクイズ！絶滅危惧職人図鑑 くっきー！＆モグライダー芝が爆笑大喜利
島根,1 日本海テレビ1,2026-07-26,16:30,ガイアの夜明け【定年は必要ですか？】
島根,1 日本海テレビ1,2026-07-26,17:30,笑点🈖🈑🈓城島茂が座布団運び「ザ！鉄腕！DASH！！」×「笑点」夢のコラボDAY
島根,1 日本海テレビ1,2026-07-26,18:00,真相報道バンキシャ！🈑独自分析…熱中症患者10人の行動に教訓▽花火大会で湿度検証
島根,1 日本海テレビ1,2026-07-26,18:55,博士は今日も嫉妬する 人生が楽しくなる最新テクノロジー🈑
島根,1 日本海テレビ1,2026-07-26,19:00,ザ！鉄腕！DASH！！▽笑点60周年記念夏祭り！師匠全員参加で巨大お好み焼き！🈑
島根,1 日本海テレビ1,2026-07-26,19:58,イッテQ【お祭り男宮川＆二代目手越】フィンランドで丸太乗って川を下る木材選手権🈑
島根,1 日本海テレビ1,2026-07-26,20:54,天気予報
島根,1 日本海テレビ1,2026-07-26,21:00,ゴールデンストーンズ▽番組史上最大‼人気芸人軍団と総勢31名の大混戦バトル🈑
島根,1 日本海テレビ1,2026-07-26,21:54,天気予報
島根,1 日本海テレビ1,2026-07-26,22:00,おしゃれクリップ🈖🈑出川哲朗はなぜ愛される？▼妻や一茂が忖度なしでガチ素顔告白
島根,1 日本海テレビ1,2026-07-26,22:30,ドラマ「一次元の挿し木」第4話【激動の真相が発覚…古人骨と義妹を巡る謎】🈖🈑🈓
島根,1 日本海テレビ1,2026-07-26,23:25,ダウンタウンのガキの使い！10人で男の勲章歌い切り！エース＆小田参戦で大波乱🈑
島根,1 日本海テレビ1,2026-07-26,23:55,Going！🈑生出演！渡邊雄太が明かす日本バスケの進化▼赤星絶賛！怪物高校生
島根,2 NHKEテレ..,2026-07-26,05:00,こころの時代 わからなさのなかで〜最首悟の思想をたどる〜🈑🈞
島根,2 NHKEテレ..,2026-07-26,06:00,NHK短歌 わたしの宮沢賢治 テーマ「月」🈑
島根,2 NHKEテレ..,2026-07-26,06:25,テレビ体操🈑
島根,2 NHKEテレ..,2026-07-26,06:35,NHK俳句 題「七夕」🈑
島根,2 NHKEテレ..,2026-07-26,07:00,第93回NHK全国学校音楽コンクール みんなの合唱レッスン・高等学校の部🈑
島根,2 NHKEテレ..,2026-07-26,07:10,第93回NHK全国学校音楽コンクール みんなの合唱レッスン・中学校の部🈑
島根,2 NHKEテレ..,2026-07-26,07:20,第93回NHK全国学校音楽コンクール みんなの合唱レッスン・小学校の部🈑
島根,2 NHKEテレ..,2026-07-26,07:30,おとうさんといっしょ「まねまねどんぐー」🈑🈞
島根,2 NHKEテレ..,2026-07-26,08:00,やさいの時間 みんなの菜園物語 兵庫県（後編）🈑
島根,2 NHKEテレ..,2026-07-26,08:25,趣味の園芸 京も一日陽だまり屋「の〜んびり 蘇鉄（そてつ）」🈑
島根,2 NHKEテレ..,2026-07-26,08:30,趣味の園芸 選 ステキをセレクト！タネから育てるコスモス🈑
島根,2 NHKEテレ..,2026-07-26,08:55,no art，no life「洋一」🈑
島根,2 NHKEテレ..,2026-07-26,09:00,日曜美術館 陶芸家ルーシー・リー 繊細でたくましい器🈑
島根,2 NHKEテレ..,2026-07-26,09:45,日曜美術館 アートシーン「まなざしの奇跡 日本女性写真家の冒険」展🈑
島根,2 NHKEテレ..,2026-07-26,10:00,将棋フォーカス 選 フォーカス流・観る将検定 第2回！🈑
島根,2 NHKEテレ..,2026-07-26,10:30,第76回 NHK杯テレビ将棋トーナメント 1回戦第17局 羽生九段×横山七段🈑
島根,2 NHKEテレ..,2026-07-26,12:00,囲碁フォーカス 選 知らずに使っている！？「囲碁用語」🈑
島根,2 NHKEテレ..,2026-07-26,12:30,第74回NHK杯テレビ囲碁トーナメント1回戦第17局酒井佑規七段×加藤千笑四段🈑
島根,2 NHKEテレ..,2026-07-26,14:00,日本の話芸 柳家蝠丸 落語「叩き蟹」🈖🈑
島根,2 NHKEテレ..,2026-07-26,14:30,アニメ 青のオーケストラ シーズン2（1）「ほころび」🈑
島根,2 NHKEテレ..,2026-07-26,14:55,アニメ 青のオーケストラ シーズン2（2）「波紋」🈑
島根,2 NHKEテレ..,2026-07-26,15:20,アニメ 青のオーケストラ シーズン2（3）「ケジメ」🈑
島根,2 NHKEテレ..,2026-07-26,15:45,アニメ 青のオーケストラ シーズン2（4）「体育祭」🈑
島根,2 NHKEテレ..,2026-07-26,16:10,ピタゴラミングスイッチ2🈑🈞
島根,2 NHKEテレ..,2026-07-26,16:30,ざわざわ森のがんこちゃん30周年スペシャルがんこのびっくりおたんじょうび会🈖🈑🈞
島根,2 NHKEテレ..,2026-07-26,17:00,アニメ アオアシ（17）東京都リーグ第7節 多摩体育大学附属高校戦🈑
島根,2 NHKEテレ..,2026-07-26,17:25,レディー・グレース 女王陛下のスパイ（4）「迷える女王」🈔🈑
島根,2 NHKEテレ..,2026-07-26,17:50,こども手話ウイークリー🈐
島根,2 NHKEテレ..,2026-07-26,18:00,木村多江の、いまさらですが… アメリカ建国の立役者 初代財務長官ハミルトン🈖🈑🈞
島根,2 NHKEテレ..,2026-07-26,18:30,ブリティッシュ・ベイクオフ6（17）チョコレート対決・前編🈔🈑🈞
島根,2 NHKEテレ..,2026-07-26,19:00,未病息災を願います 選「骨密度」が気になったら🈖🈑
島根,2 NHKEテレ..,2026-07-26,19:45,365日の献立日記「野菜ずし」🈑
島根,2 NHKEテレ..,2026-07-26,19:50,5分であさイチ 夏休みの“お昼ごはん”に革命を！🈑
島根,2 NHKEテレ..,2026-07-26,19:55,NHK手話ニュース🈐
島根,2 NHKEテレ..,2026-07-26,20:00,日曜美術館 滅びゆく写真 そして人類 現代美術作家・杉本博司🈑🈞
島根,2 NHKEテレ..,2026-07-26,20:45,日曜美術館 アートシーン「元禄！師宣劇場」展🈑
島根,2 NHKEテレ..,2026-07-26,21:00,古典芸能への招待 歌舞伎「近江源氏先陣館 盛綱陣屋」大阪松竹座さよなら公演🈕🈑
島根,2 NHKEテレ..,2026-07-26,23:00,美の壺 選「小さな芸術 干菓子」🈑
島根,2 NHKEテレ..,2026-07-26,23:30,サイエンスZERO“次世代塗料”が未来を塗り替える！？🈖🈑
島根,3 NHK総合1..,2026-07-26,05:00,ニュース・気象情報
島根,3 NHK総合1..,2026-07-26,05:10,Jリーグと私 あの試合を忘れない ＃17 横浜FM🈑
島根,3 NHK総合1..,2026-07-26,05:15,週末のNスペは… 激変・安全保障 日本の進路は🈑
島根,3 NHK総合1..,2026-07-26,05:20,桂文珍の演芸図鑑 レ・ロマネスクTOBI 柳亭小燕枝 三拍子🈑
島根,3 NHK総合1..,2026-07-26,05:50,気象情報
島根,3 NHK総合1..,2026-07-26,05:55,にっぽん百名山ミニ 3min「夏 五竜岳」🈑
島根,3 NHK総合1..,2026-07-26,05:58,巡る世界絶景 ベネチアの冬🅍
島根,3 NHK総合1..,2026-07-26,06:00,ニュース
島根,3 NHK総合1..,2026-07-26,06:10,【特選！時代劇】大岡越前8 🈟（1）「燃える牢屋敷」🈖🈑
島根,3 NHK総合1..,2026-07-26,06:53,気象情報
島根,3 NHK総合1..,2026-07-26,06:55,ニュース・気象情報（中国地方）
島根,3 NHK総合1..,2026-07-26,07:00,NHKニュース おはよう日本 7月26日（日）🈑
島根,3 NHK総合1..,2026-07-26,07:40,ニュース・気象情報（中国地方）
島根,3 NHK総合1..,2026-07-26,07:45,さわやか自然百景 青森 屏風山湿原池沼群🈑
島根,3 NHK総合1..,2026-07-26,08:00,小さな旅「大原を継ぐ 〜京都市 左京区〜」🈖🈑
島根,3 NHK総合1..,2026-07-26,08:25,Dearにっぽん「私たちが新聞を書く理由〜滋賀・虎姫高校〜」🈑
島根,3 NHK総合1..,2026-07-26,08:50,第108回全国高校野球選手権島根大会 決勝「立正大淞南」対「島根中央」
島根,3 NHK総合1..,2026-07-26,08:57,気象情報
島根,3 NHK総合1..,2026-07-26,09:00,日曜討論 徹底解説！暑さはどこまで？対策は
島根,3 NHK総合1..,2026-07-26,10:00,第108回全国高校野球選手権島根大会 決勝「立正大淞南」対「島根中央」
島根,3 NHK総合1..,2026-07-26,11:54,気象情報
島根,3 NHK総合1..,2026-07-26,12:00,ニュース🈑
島根,3 NHK総合1..,2026-07-26,12:10,ニュース（中国地方）
島根,3 NHK総合1..,2026-07-26,12:15,NHKのど自慢 熱唱熱演名場面 2026 Part1🈑
島根,3 NHK総合1..,2026-07-26,12:55,ドキュメント72時間PR ドキュメント72時間の作り方＜編集・ナレーション編＞🈑
島根,3 NHK総合1..,2026-07-26,13:00,ニュース・気象情報🈑
島根,3 NHK総合1..,2026-07-26,13:05,ダーウィンが来た！「相葉さんと探せ！ミクロいきもの超ワールド」🈖🈑🈞
島根,3 NHK総合1..,2026-07-26,13:35,さわやか自然百景10min．（37）兵庫 猫崎の海と黒川渓谷🈑
島根,3 NHK総合1..,2026-07-26,13:45,JAPAN DELISH 5min カレーライス🈑
島根,3 NHK総合1..,2026-07-26,13:50,アニメまとめPR 放送中！注目の3番組ほか🈑
島根,3 NHK総合1..,2026-07-26,13:55,プロフェッショナル 仕事の流儀 旅する家族、春をつなぐ〜養蜂家・藤井髙治〜🈖🈑🈞
島根,3 NHK総合1..,2026-07-26,14:40,秀サルでもわかる 豊臣兄弟！ なんで豊臣兄弟は明智光秀に勝てたの？🈑
島根,3 NHK総合1..,2026-07-26,14:45,あしたが変わるトリセツショー 番外編 フレイル対策15分エクササイズ🈑
島根,3 NHK総合1..,2026-07-26,15:00,ニュース・気象情報🈑
島根,3 NHK総合1..,2026-07-26,15:05,大相撲（2026年） 名古屋場所 千秋楽🈑
島根,3 NHK総合1..,2026-07-26,15:30,大相撲（2026年） 名古屋場所 千秋楽 優勝力士・三賞力士インタビュー🈔🈑
島根,3 NHK総合1..,2026-07-26,18:00,ニュース🈑
島根,3 NHK総合1..,2026-07-26,18:05,有吉のお金発見 突撃！カネオくん 令和に再ブーム！RCカーのヒミツ🈑
島根,3 NHK総合1..,2026-07-26,18:45,さんいんNEWS645
島根,3 NHK総合1..,2026-07-26,19:00,NHKニュース7🈔🈑
島根,3 NHK総合1..,2026-07-26,19:30,ダーウィンが来た！「最大の味方！最強のライバル！？動物兄弟」🈖🈑
島根,3 NHK総合1..,2026-07-26,20:00,豊臣兄弟！（29）天下への道🈖🈑
島根,3 NHK総合1..,2026-07-26,20:45,ニュース🈑🈐
島根,3 NHK総合1..,2026-07-26,20:55,ニュース・気象情報（中国地方）
島根,3 NHK総合1..,2026-07-26,21:00,NHKスペシャル 激変・安全保障 “力の支配”と揺らぐ国際秩序 日本の針路は🈑
島根,3 NHK総合1..,2026-07-26,22:00,サンデースポーツ🈑
島根,3 NHK総合1..,2026-07-26,22:50,ニュース・気象情報🈑
島根,3 NHK総合1..,2026-07-26,22:55,ハロー！NHKワールドJAPAN 7月の地域特集・山口県関連番組紹介🈑
島根,3 NHK総合1..,2026-07-26,23:00,DOC（ドック）3 あすへのカルテ（8）「暗闇の先へ」🈔🈑
島根,3 NHK総合1..,2026-07-26,23:59,連続テレビ小説「ひよっこ」再放送PR
島根,6 BSSテレビ,2026-07-26,05:00,皇室アルバム
島根,6 BSSテレビ,2026-07-26,05:15,テレビショッピング
島根,6 BSSテレビ,2026-07-26,05:45,ドラえもん   【やどり木で楽しく家出】【プレゼントはベトナム旅行】♥
島根,6 BSSテレビ,2026-07-26,06:15,名探偵プリキュア！ #25 キュアエクレールの正体
島根,6 BSSテレビ,2026-07-26,06:45,JNNニュース🈐
島根,6 BSSテレビ,2026-07-26,07:00,健康カプセル！ゲンキの時間🈖🈑侮っていると一大事に！？消えないあざに隠れた恐怖
島根,6 BSSテレビ,2026-07-26,07:30,がっちりマンデー‼CMで良く見るけど知らない会社！渡辺パイプ、INPEX、NGK
島根,6 BSSテレビ,2026-07-26,08:00,サンデーモーニング🈑高市総理“寝てない”投稿の波紋▽消費税“迷走”と骨太ショック
島根,6 BSSテレビ,2026-07-26,09:54,天気予報
島根,6 BSSテレビ,2026-07-26,10:00,第108回全国高等学校野球選手権島根大会中継 決勝
島根,6 BSSテレビ,2026-07-26,11:24,ロックオンBSS
島根,6 BSSテレビ,2026-07-26,11:30,天気予報
島根,6 BSSテレビ,2026-07-26,11:35,上田晋也のサンデーQ🈑堺雅人が生出演「VIVANT」エキストラは4千人！聖地先取り巡礼
島根,6 BSSテレビ,2026-07-26,12:54,天気予報
島根,6 BSSテレビ,2026-07-26,13:00,🈑開運！なんでも鑑定団 【バブル期に衝動買い＜神秘宝石＞＆草間彌生作にド級値】
島根,6 BSSテレビ,2026-07-26,14:00,アンガールズの絶景アイランド あばれる君とB＆ZAI川﨑星輝が夏の島で絶景探し！
島根,6 BSSテレビ,2026-07-26,15:00,1泊家族 猛者が集う社交ダンス全国大会に臨む、ダンス一家の三兄弟に密着！
島根,6 BSSテレビ,2026-07-26,15:30,マツコ＆有吉 かりそめ天国 ブラマヨ小杉プレゼンツ！宮古島ベスト旅プラン!!
島根,6 BSSテレビ,2026-07-26,16:24,ロックオンBSS
島根,6 BSSテレビ,2026-07-26,16:30,レッツゴー怪奇組 第四怪🈑
島根,6 BSSテレビ,2026-07-26,17:00,日5「正反対な君と僕」 ＃16「新学期」🈑🈓
島根,6 BSSテレビ,2026-07-26,17:30,Nスタ🈑 「飛鳥・藤原の宮都」が世界遺産新登録なるか▽「土用の丑の日」うなぎ店は
島根,6 BSSテレビ,2026-07-26,18:00,世界遺産／バリ島 1000年続く棚田の絶景（インドネシア）🈖🈑
島根,6 BSSテレビ,2026-07-26,18:30,ベスコングルメ★夏の軽井沢SP・そば通DEEN池森オススメの手打ちそば名店へ🈖🈑🈓
島根,6 BSSテレビ,2026-07-26,19:00,バナナマンのせっかくグルメ★VIVANT堺雅人＆濱田岳と日村が人気リゾート地🈑🈓
島根,6 BSSテレビ,2026-07-26,20:00,VIVANT直前生放送★堺×阿部×二宮×松坂が集結！今からでも間に合うSPダイジェスト🈑
島根,6 BSSテレビ,2026-07-26,21:00,🈟日曜劇場「VIVANT」第11話🈖🈑
島根,6 BSSテレビ,2026-07-26,22:19,天気予報
島根,6 BSSテレビ,2026-07-26,22:25,日曜日の初耳学◆堺雅人×林修『VIVANT』放送直後90分SP阿部寛＆初出しメイキング映像
島根,6 BSSテレビ,2026-07-26,23:49,天気予報
島根,6 BSSテレビ,2026-07-26,23:55,黒猫と魔女の教室🈑🈓 ＃16「イオ・トーラス がんばります」【アガルアニメ】
島根,8 さんいん中央..,2026-07-26,05:00,SHOP JAPAN
島根,8 さんいん中央..,2026-07-26,05:30,始めるなら今！健康も元気もこれ1つ！
島根,8 さんいん中央..,2026-07-26,06:00,FNNニュース🈑
島根,8 さんいん中央..,2026-07-26,06:15,釣りごろつられごろ【本格シーズン到来！漁火に誘われるケンサキイカ〜浜田市沖〜】
島根,8 さんいん中央..,2026-07-26,06:30,ゴルフ★パラダイス THE GAME CHANGER
島根,8 さんいん中央..,2026-07-26,07:00,SUNDAYブレイク． 千葉県勝浦でオズワルド伊藤が絶叫アクティビティ体験🈑🈕🈓
島根,8 さんいん中央..,2026-07-26,08:25,ALevel8🈞
島根,8 さんいん中央..,2026-07-26,08:30,そ〜だったのかンパニー【アトツギ大集合SP前編】
島根,8 さんいん中央..,2026-07-26,09:00,DIGIMON BEATBREAK【消せない夜】 ＃40🈑🈖
島根,8 さんいん中央..,2026-07-26,09:30,テレビアニメ「鬼滅の刃」シリーズ全編再放送【竈門炭治郎 立志編】🈑🈖🈓
島根,8 さんいん中央..,2026-07-26,10:00,かのサンド◆学生街で絶品グルメSP！早稲田コスパ抜群グルメ＆学芸大学の名店中華🈑
島根,8 さんいん中央..,2026-07-26,11:15,ミラモンGOLD🈑
島根,8 さんいん中央..,2026-07-26,11:45,TAKUMIの逸品
島根,8 さんいん中央..,2026-07-26,11:50,Live News days🈑
島根,8 さんいん中央..,2026-07-26,12:00,ポツンと一軒家【日本一の米⁉自作米が大賞受賞！伊達政宗と戦った先祖が残した棚田】
島根,8 さんいん中央..,2026-07-26,13:00,相棒 season24 ＃9🈖
島根,8 さんいん中央..,2026-07-26,14:00,＜ザ・ノンフィクション＞ 100億円男の人生相談 〜満たされない心の行方〜🈑
島根,8 さんいん中央..,2026-07-26,14:55,ドレみる！？
島根,8 さんいん中央..,2026-07-26,15:00,競馬BEAT【第43回東海ステークス（GⅢ）▽第61回関屋記念（GⅢ）】
島根,8 さんいん中央..,2026-07-26,16:00,有吉くんの正直さんぽ【アクセス良好でこだわりの名店が揃う新小岩】🈑
島根,8 さんいん中央..,2026-07-26,17:00,ジャンクSPORTS🈑
島根,8 さんいん中央..,2026-07-26,17:30,TSK Live News イット！🈑
島根,8 さんいん中央..,2026-07-26,18:00,ちびまる子ちゃん【隣町の男子とプールで勝負する／たまちゃんちで日曜大工を】🈑🈖
島根,8 さんいん中央..,2026-07-26,18:30,サザエさん【憧れの松／うっかりでしっかり ほか】🈑🈖🈓
島根,8 さんいん中央..,2026-07-26,19:00,千鳥の鬼レンチャン◆鬼ハード初代女王誕生？STU池ちゃん＆高橋成美サビカラ登場🈑
島根,8 さんいん中央..,2026-07-26,21:00,Mr．サンデー🈑🈓
島根,8 さんいん中央..,2026-07-26,23:09,出雲縁結び空港からすぐ行ける！ 井戸田潤のじゅ〜じつ名古屋NAVI ＃1
島根,8 さんいん中央..,2026-07-26,23:15,ワンピース【エルバフの大罪人 冥界のロキ解放！？】🈑🈖
島根,8 さんいん中央..,2026-07-26,23:45,すぽると！ 大谷翔平のストレートは軌道が読めない⁉スター証言＆脳科学から紐解く🈑
鳥取,1 日本海テレビ1,2026-07-26,04:40,テレビショッピング
鳥取,1 日本海テレビ1,2026-07-26,05:10,24時間テレビリポート🈑【パラスポーツが広げる共生の輪】
鳥取,1 日本海テレビ1,2026-07-26,05:15,テレビショッピング
鳥取,1 日本海テレビ1,2026-07-26,05:45,それいけ！アンパンマン「プリンちゃんとマシュマロさん・他」🈖🈑
鳥取,1 日本海テレビ1,2026-07-26,06:15,NNNニュースサンデー🈐
鳥取,1 日本海テレビ1,2026-07-26,06:30,遠くへ行きたい【加藤諒が滋賀へ】斬新な漆小物＆豪華絢爛祭り＆琵琶湖の離島
鳥取,1 日本海テレビ1,2026-07-26,07:00,所さんの目がテン！🈑所さんと奥田民生さんが絶品イノシシ肉で燻製作り⁉
鳥取,1 日本海テレビ1,2026-07-26,07:30,シューイチ🈑🈓8月から変わること＆新スポット▽秋山＆平子が南房総の体格グルメ堪能
鳥取,1 日本海テレビ1,2026-07-26,10:25,一茂×かまいたちゲンバ▼水族館でアシカとご対面▼驚き新食感「糸かき氷」とは？🈑
鳥取,1 日本海テレビ1,2026-07-26,11:25,情報どうでSHOW
鳥取,1 日本海テレビ1,2026-07-26,11:30,NNN ストレイトニュース🈑
鳥取,1 日本海テレビ1,2026-07-26,11:40,上沼・高田のクギズケ！ 水谷豊の娘婿に文春砲▽W杯でトランプ氏が大批判🈑
鳥取,1 日本海テレビ1,2026-07-26,12:35,ありえへん∞世界＜後編＞衝撃映像＆全国㊙衝撃グルメ＆茨城人vs埼玉人㊙生態調査
鳥取,1 日本海テレビ1,2026-07-26,13:30,そこまで言って委員会NP 「大戦争時代」SP！戦争終結シナリオを徹底討論🈑
鳥取,1 日本海テレビ1,2026-07-26,15:00,24時間テレビ企画大公開SP🈑総合司会は内村光良！テーマは「わたしの家族の話」
鳥取,1 日本海テレビ1,2026-07-26,15:55,もぎたて いっちゃんじょうほう
鳥取,1 日本海テレビ1,2026-07-26,16:00,山里＆バカリのクイズ！絶滅危惧職人図鑑 くっきー！＆モグライダー芝が爆笑大喜利
鳥取,1 日本海テレビ1,2026-07-26,16:30,ガイアの夜明け【定年は必要ですか？】
鳥取,1 日本海テレビ1,2026-07-26,17:30,笑点🈖🈑🈓城島茂が座布団運び「ザ！鉄腕！DASH！！」×「笑点」夢のコラボDAY
鳥取,1 日本海テレビ1,2026-07-26,18:00,真相報道バンキシャ！🈑独自分析…熱中症患者10人の行動に教訓▽花火大会で湿度検証
鳥取,1 日本海テレビ1,2026-07-26,18:55,博士は今日も嫉妬する 人生が楽しくなる最新テクノロジー🈑
鳥取,1 日本海テレビ1,2026-07-26,19:00,ザ！鉄腕！DASH！！▽笑点60周年記念夏祭り！師匠全員参加で巨大お好み焼き！🈑
鳥取,1 日本海テレビ1,2026-07-26,19:58,イッテQ【お祭り男宮川＆二代目手越】フィンランドで丸太乗って川を下る木材選手権🈑
鳥取,1 日本海テレビ1,2026-07-26,20:54,天気予報
鳥取,1 日本海テレビ1,2026-07-26,21:00,ゴールデンストーンズ▽番組史上最大‼人気芸人軍団と総勢31名の大混戦バトル🈑
鳥取,1 日本海テレビ1,2026-07-26,21:54,天気予報
鳥取,1 日本海テレビ1,2026-07-26,22:00,おしゃれクリップ🈖🈑出川哲朗はなぜ愛される？▼妻や一茂が忖度なしでガチ素顔告白
鳥取,1 日本海テレビ1,2026-07-26,22:30,ドラマ「一次元の挿し木」第4話【激動の真相が発覚…古人骨と義妹を巡る謎】🈖🈑🈓
鳥取,1 日本海テレビ1,2026-07-26,23:25,ダウンタウンのガキの使い！10人で男の勲章歌い切り！エース＆小田参戦で大波乱🈑
鳥取,1 日本海テレビ1,2026-07-26,23:55,Going！🈑生出演！渡邊雄太が明かす日本バスケの進化▼赤星絶賛！怪物高校生
鳥取,2 NHKEテレ..,2026-07-26,05:00,こころの時代 わからなさのなかで〜最首悟の思想をたどる〜🈑🈞
鳥取,2 NHKEテレ..,2026-07-26,06:00,NHK短歌 わたしの宮沢賢治 テーマ「月」🈑
鳥取,2 NHKEテレ..,2026-07-26,06:25,テレビ体操🈑
鳥取,2 NHKEテレ..,2026-07-26,06:35,NHK俳句 題「七夕」🈑
鳥取,2 NHKEテレ..,2026-07-26,07:00,第93回NHK全国学校音楽コンクール みんなの合唱レッスン・高等学校の部🈑
鳥取,2 NHKEテレ..,2026-07-26,07:10,第93回NHK全国学校音楽コンクール みんなの合唱レッスン・中学校の部🈑
鳥取,2 NHKEテレ..,2026-07-26,07:20,第93回NHK全国学校音楽コンクール みんなの合唱レッスン・小学校の部🈑
鳥取,2 NHKEテレ..,2026-07-26,07:30,おとうさんといっしょ「まねまねどんぐー」🈑🈞
鳥取,2 NHKEテレ..,2026-07-26,08:00,やさいの時間 みんなの菜園物語 兵庫県（後編）🈑
鳥取,2 NHKEテレ..,2026-07-26,08:25,趣味の園芸 京も一日陽だまり屋「の〜んびり 蘇鉄（そてつ）」🈑
鳥取,2 NHKEテレ..,2026-07-26,08:30,趣味の園芸 選 ステキをセレクト！タネから育てるコスモス🈑
鳥取,2 NHKEテレ..,2026-07-26,08:55,no art，no life「洋一」🈑
鳥取,2 NHKEテレ..,2026-07-26,09:00,日曜美術館 陶芸家ルーシー・リー 繊細でたくましい器🈑
鳥取,2 NHKEテレ..,2026-07-26,09:45,日曜美術館 アートシーン「まなざしの奇跡 日本女性写真家の冒険」展🈑
鳥取,2 NHKEテレ..,2026-07-26,10:00,将棋フォーカス 選 フォーカス流・観る将検定 第2回！🈑
鳥取,2 NHKEテレ..,2026-07-26,10:30,第76回 NHK杯テレビ将棋トーナメント 1回戦第17局 羽生九段×横山七段🈑
鳥取,2 NHKEテレ..,2026-07-26,12:00,囲碁フォーカス 選 知らずに使っている！？「囲碁用語」🈑
鳥取,2 NHKEテレ..,2026-07-26,12:30,第74回NHK杯テレビ囲碁トーナメント1回戦第17局酒井佑規七段×加藤千笑四段🈑
鳥取,2 NHKEテレ..,2026-07-26,14:00,日本の話芸 柳家蝠丸 落語「叩き蟹」🈖🈑
鳥取,2 NHKEテレ..,2026-07-26,14:30,アニメ 青のオーケストラ シーズン2（1）「ほころび」🈑
鳥取,2 NHKEテレ..,2026-07-26,14:55,アニメ 青のオーケストラ シーズン2（2）「波紋」🈑
鳥取,2 NHKEテレ..,2026-07-26,15:20,アニメ 青のオーケストラ シーズン2（3）「ケジメ」🈑
鳥取,2 NHKEテレ..,2026-07-26,15:45,アニメ 青のオーケストラ シーズン2（4）「体育祭」🈑
鳥取,2 NHKEテレ..,2026-07-26,16:10,ピタゴラミングスイッチ2🈑🈞
鳥取,2 NHKEテレ..,2026-07-26,16:30,ざわざわ森のがんこちゃん30周年スペシャルがんこのびっくりおたんじょうび会🈖🈑🈞
鳥取,2 NHKEテレ..,2026-07-26,17:00,アニメ アオアシ（17）東京都リーグ第7節 多摩体育大学附属高校戦🈑
鳥取,2 NHKEテレ..,2026-07-26,17:25,レディー・グレース 女王陛下のスパイ（4）「迷える女王」🈔🈑
鳥取,2 NHKEテレ..,2026-07-26,17:50,こども手話ウイークリー🈐
鳥取,2 NHKEテレ..,2026-07-26,18:00,木村多江の、いまさらですが… アメリカ建国の立役者 初代財務長官ハミルトン🈖🈑🈞
鳥取,2 NHKEテレ..,2026-07-26,18:30,ブリティッシュ・ベイクオフ6（17）チョコレート対決・前編🈔🈑🈞
鳥取,2 NHKEテレ..,2026-07-26,19:00,未病息災を願います 選「骨密度」が気になったら🈖🈑
鳥取,2 NHKEテレ..,2026-07-26,19:45,365日の献立日記「野菜ずし」🈑
鳥取,2 NHKEテレ..,2026-07-26,19:50,5分であさイチ 夏休みの“お昼ごはん”に革命を！🈑
鳥取,2 NHKEテレ..,2026-07-26,19:55,NHK手話ニュース🈐
鳥取,2 NHKEテレ..,2026-07-26,20:00,日曜美術館 滅びゆく写真 そして人類 現代美術作家・杉本博司🈑🈞
鳥取,2 NHKEテレ..,2026-07-26,20:45,日曜美術館 アートシーン「元禄！師宣劇場」展🈑
鳥取,2 NHKEテレ..,2026-07-26,21:00,古典芸能への招待 歌舞伎「近江源氏先陣館 盛綱陣屋」大阪松竹座さよなら公演🈕🈑
鳥取,2 NHKEテレ..,2026-07-26,23:00,美の壺 選「小さな芸術 干菓子」🈑
鳥取,2 NHKEテレ..,2026-07-26,23:30,サイエンスZERO“次世代塗料”が未来を塗り替える！？🈖🈑
鳥取,3 NHK総合1..,2026-07-26,05:00,ニュース・気象情報
鳥取,3 NHK総合1..,2026-07-26,05:10,Jリーグと私 あの試合を忘れない ＃17 横浜FM🈑
鳥取,3 NHK総合1..,2026-07-26,05:15,週末のNスペは… 激変・安全保障 日本の進路は🈑
鳥取,3 NHK総合1..,2026-07-26,05:20,桂文珍の演芸図鑑 レ・ロマネスクTOBI 柳亭小燕枝 三拍子🈑
鳥取,3 NHK総合1..,2026-07-26,05:50,気象情報
鳥取,3 NHK総合1..,2026-07-26,05:55,にっぽん百名山ミニ 3min「夏 五竜岳」🈑
鳥取,3 NHK総合1..,2026-07-26,05:58,巡る世界絶景 ベネチアの冬🅍
鳥取,3 NHK総合1..,2026-07-26,06:00,ニュース
鳥取,3 NHK総合1..,2026-07-26,06:10,【特選！時代劇】大岡越前8 🈟（1）「燃える牢屋敷」🈖🈑
鳥取,3 NHK総合1..,2026-07-26,06:53,気象情報
鳥取,3 NHK総合1..,2026-07-26,06:55,ニュース・気象情報（中国地方）
鳥取,3 NHK総合1..,2026-07-26,07:00,NHKニュース おはよう日本 7月26日（日）🈑
鳥取,3 NHK総合1..,2026-07-26,07:40,ニュース・気象情報（中国地方）
鳥取,3 NHK総合1..,2026-07-26,07:45,さわやか自然百景 青森 屏風山湿原池沼群🈑
鳥取,3 NHK総合1..,2026-07-26,08:00,小さな旅「大原を継ぐ 〜京都市 左京区〜」🈖🈑
鳥取,3 NHK総合1..,2026-07-26,08:25,Dearにっぽん「私たちが新聞を書く理由〜滋賀・虎姫高校〜」🈑
鳥取,3 NHK総合1..,2026-07-26,08:50,NHK広島へいわの歌 ポルノグラフィティ 言伝−ことづて− ミュージックビデオ
鳥取,3 NHK総合1..,2026-07-26,08:57,気象情報
鳥取,3 NHK総合1..,2026-07-26,09:00,日曜討論 徹底解説！暑さはどこまで？対策は
鳥取,3 NHK総合1..,2026-07-26,10:00,第108回全国高校野球選手権鳥取大会 決勝 「鳥取城北」対「米子東」
鳥取,3 NHK総合1..,2026-07-26,11:53,サブチャンネル切り替え方法のご案内
鳥取,3 NHK総合1..,2026-07-26,11:54,気象情報
鳥取,3 NHK総合1..,2026-07-26,12:00,ニュース🈑
鳥取,3 NHK総合1..,2026-07-26,12:10,ニュース（中国地方）
鳥取,3 NHK総合1..,2026-07-26,12:15,第108回全国高校野球選手権鳥取大会 決勝 「鳥取城北」対「米子東」
鳥取,3 NHK総合1..,2026-07-26,13:00,ニュース・気象情報🈑
鳥取,3 NHK総合1..,2026-07-26,13:05,ダーウィンが来た！「相葉さんと探せ！ミクロいきもの超ワールド」🈖🈑🈞
鳥取,3 NHK総合1..,2026-07-26,13:35,さわやか自然百景10min．（37）兵庫 猫崎の海と黒川渓谷🈑
鳥取,3 NHK総合1..,2026-07-26,13:45,JAPAN DELISH 5min カレーライス🈑
鳥取,3 NHK総合1..,2026-07-26,13:50,アニメまとめPR 放送中！注目の3番組ほか🈑
鳥取,3 NHK総合1..,2026-07-26,13:55,プロフェッショナル 仕事の流儀 旅する家族、春をつなぐ〜養蜂家・藤井髙治〜🈖🈑🈞
鳥取,3 NHK総合1..,2026-07-26,14:40,秀サルでもわかる 豊臣兄弟！ なんで豊臣兄弟は明智光秀に勝てたの？🈑
鳥取,3 NHK総合1..,2026-07-26,14:45,あしたが変わるトリセツショー 番外編 フレイル対策15分エクササイズ🈑
鳥取,3 NHK総合1..,2026-07-26,15:00,ニュース・気象情報🈑
鳥取,3 NHK総合1..,2026-07-26,15:05,大相撲（2026年） 名古屋場所 千秋楽🈑
鳥取,3 NHK総合1..,2026-07-26,15:30,大相撲（2026年） 名古屋場所 千秋楽 優勝力士・三賞力士インタビュー🈔🈑
鳥取,3 NHK総合1..,2026-07-26,18:00,ニュース🈑
鳥取,3 NHK総合1..,2026-07-26,18:05,有吉のお金発見 突撃！カネオくん 令和に再ブーム！RCカーのヒミツ🈑
鳥取,3 NHK総合1..,2026-07-26,18:45,さんいんNEWS645
鳥取,3 NHK総合1..,2026-07-26,19:00,NHKニュース7🈔🈑
鳥取,3 NHK総合1..,2026-07-26,19:30,ダーウィンが来た！「最大の味方！最強のライバル！？動物兄弟」🈖🈑
鳥取,3 NHK総合1..,2026-07-26,20:00,豊臣兄弟！（29）天下への道🈖🈑
鳥取,3 NHK総合1..,2026-07-26,20:45,ニュース🈑🈐
鳥取,3 NHK総合1..,2026-07-26,20:55,ニュース・気象情報（中国地方）
鳥取,3 NHK総合1..,2026-07-26,21:00,NHKスペシャル 激変・安全保障 “力の支配”と揺らぐ国際秩序 日本の針路は🈑
鳥取,3 NHK総合1..,2026-07-26,22:00,サンデースポーツ🈑
鳥取,3 NHK総合1..,2026-07-26,22:50,ニュース・気象情報🈑
鳥取,3 NHK総合1..,2026-07-26,22:55,ハロー！NHKワールドJAPAN 7月の地域特集・山口県関連番組紹介🈑
鳥取,3 NHK総合1..,2026-07-26,23:00,DOC（ドック）3 あすへのカルテ（8）「暗闇の先へ」🈔🈑
鳥取,3 NHK総合1..,2026-07-26,23:59,連続テレビ小説「ひよっこ」再放送PR
鳥取,6 BSSテレビ,2026-07-26,05:00,皇室アルバム
鳥取,6 BSSテレビ,2026-07-26,05:15,テレビショッピング
鳥取,6 BSSテレビ,2026-07-26,05:45,ドラえもん   【やどり木で楽しく家出】【プレゼントはベトナム旅行】♥
鳥取,6 BSSテレビ,2026-07-26,06:15,名探偵プリキュア！ #25 キュアエクレールの正体
鳥取,6 BSSテレビ,2026-07-26,06:45,JNNニュース🈐
鳥取,6 BSSテレビ,2026-07-26,07:00,健康カプセル！ゲンキの時間🈖🈑侮っていると一大事に！？消えないあざに隠れた恐怖
鳥取,6 BSSテレビ,2026-07-26,07:30,がっちりマンデー‼CMで良く見るけど知らない会社！渡辺パイプ、INPEX、NGK
鳥取,6 BSSテレビ,2026-07-26,08:00,サンデーモーニング🈑高市総理“寝てない”投稿の波紋▽消費税“迷走”と骨太ショック
鳥取,6 BSSテレビ,2026-07-26,09:54,天気予報
鳥取,6 BSSテレビ,2026-07-26,10:00,第108回全国高等学校野球選手権島根大会中継 決勝
鳥取,6 BSSテレビ,2026-07-26,11:24,ロックオンBSS
鳥取,6 BSSテレビ,2026-07-26,11:30,天気予報
鳥取,6 BSSテレビ,2026-07-26,11:35,上田晋也のサンデーQ🈑堺雅人が生出演「VIVANT」エキストラは4千人！聖地先取り巡礼
鳥取,6 BSSテレビ,2026-07-26,12:54,天気予報
鳥取,6 BSSテレビ,2026-07-26,13:00,🈑開運！なんでも鑑定団 【バブル期に衝動買い＜神秘宝石＞＆草間彌生作にド級値】
鳥取,6 BSSテレビ,2026-07-26,14:00,アンガールズの絶景アイランド あばれる君とB＆ZAI川﨑星輝が夏の島で絶景探し！
鳥取,6 BSSテレビ,2026-07-26,15:00,1泊家族 猛者が集う社交ダンス全国大会に臨む、ダンス一家の三兄弟に密着！
鳥取,6 BSSテレビ,2026-07-26,15:30,マツコ＆有吉 かりそめ天国 ブラマヨ小杉プレゼンツ！宮古島ベスト旅プラン!!
鳥取,6 BSSテレビ,2026-07-26,16:24,ロックオンBSS
鳥取,6 BSSテレビ,2026-07-26,16:30,レッツゴー怪奇組 第四怪🈑
鳥取,6 BSSテレビ,2026-07-26,17:00,日5「正反対な君と僕」 ＃16「新学期」🈑🈓
鳥取,6 BSSテレビ,2026-07-26,17:30,Nスタ🈑 「飛鳥・藤原の宮都」が世界遺産新登録なるか▽「土用の丑の日」うなぎ店は
鳥取,6 BSSテレビ,2026-07-26,18:00,世界遺産／バリ島 1000年続く棚田の絶景（インドネシア）🈖🈑
鳥取,6 BSSテレビ,2026-07-26,18:30,ベスコングルメ★夏の軽井沢SP・そば通DEEN池森オススメの手打ちそば名店へ🈖🈑🈓
鳥取,6 BSSテレビ,2026-07-26,19:00,バナナマンのせっかくグルメ★VIVANT堺雅人＆濱田岳と日村が人気リゾート地🈑🈓
鳥取,6 BSSテレビ,2026-07-26,20:00,VIVANT直前生放送★堺×阿部×二宮×松坂が集結！今からでも間に合うSPダイジェスト🈑
鳥取,6 BSSテレビ,2026-07-26,21:00,🈟日曜劇場「VIVANT」第11話🈖🈑
鳥取,6 BSSテレビ,2026-07-26,22:19,天気予報
鳥取,6 BSSテレビ,2026-07-26,22:25,日曜日の初耳学◆堺雅人×林修『VIVANT』放送直後90分SP阿部寛＆初出しメイキング映像
鳥取,6 BSSテレビ,2026-07-26,23:49,天気予報
鳥取,6 BSSテレビ,2026-07-26,23:55,黒猫と魔女の教室🈑🈓 ＃16「イオ・トーラス がんばります」【アガルアニメ】
鳥取,8 さんいん中央..,2026-07-26,05:00,SHOP JAPAN
鳥取,8 さんいん中央..,2026-07-26,05:30,始めるなら今！健康も元気もこれ1つ！
鳥取,8 さんいん中央..,2026-07-26,06:00,FNNニュース🈑
鳥取,8 さんいん中央..,2026-07-26,06:15,釣りごろつられごろ【本格シーズン到来！漁火に誘われるケンサキイカ〜浜田市沖〜】
鳥取,8 さんいん中央..,2026-07-26,06:30,ゴルフ★パラダイス THE GAME CHANGER
鳥取,8 さんいん中央..,2026-07-26,07:00,SUNDAYブレイク． 千葉県勝浦でオズワルド伊藤が絶叫アクティビティ体験🈑🈕🈓
鳥取,8 さんいん中央..,2026-07-26,08:25,ALevel8🈞
鳥取,8 さんいん中央..,2026-07-26,08:30,そ〜だったのかンパニー【アトツギ大集合SP前編】
鳥取,8 さんいん中央..,2026-07-26,09:00,DIGIMON BEATBREAK【消せない夜】 ＃40🈑🈖
鳥取,8 さんいん中央..,2026-07-26,09:30,テレビアニメ「鬼滅の刃」シリーズ全編再放送【竈門炭治郎 立志編】🈑🈖🈓
鳥取,8 さんいん中央..,2026-07-26,10:00,かのサンド◆学生街で絶品グルメSP！早稲田コスパ抜群グルメ＆学芸大学の名店中華🈑
鳥取,8 さんいん中央..,2026-07-26,11:15,ミラモンGOLD🈑
鳥取,8 さんいん中央..,2026-07-26,11:45,TAKUMIの逸品
鳥取,8 さんいん中央..,2026-07-26,11:50,Live News days🈑
鳥取,8 さんいん中央..,2026-07-26,12:00,ポツンと一軒家【日本一の米⁉自作米が大賞受賞！伊達政宗と戦った先祖が残した棚田】
鳥取,8 さんいん中央..,2026-07-26,13:00,相棒 season24 ＃9🈖
鳥取,8 さんいん中央..,2026-07-26,14:00,＜ザ・ノンフィクション＞ 100億円男の人生相談 〜満たされない心の行方〜🈑
鳥取,8 さんいん中央..,2026-07-26,14:55,ドレみる！？
鳥取,8 さんいん中央..,2026-07-26,15:00,競馬BEAT【第43回東海ステークス（GⅢ）▽第61回関屋記念（GⅢ）】
鳥取,8 さんいん中央..,2026-07-26,16:00,有吉くんの正直さんぽ【アクセス良好でこだわりの名店が揃う新小岩】🈑
鳥取,8 さんいん中央..,2026-07-26,17:00,ジャンクSPORTS🈑
鳥取,8 さんいん中央..,2026-07-26,17:30,TSK Live News イット！🈑
鳥取,8 さんいん中央..,2026-07-26,18:00,ちびまる子ちゃん【隣町の男子とプールで勝負する／たまちゃんちで日曜大工を】🈑🈖
鳥取,8 さんいん中央..,2026-07-26,18:30,サザエさん【憧れの松／うっかりでしっかり ほか】🈑🈖🈓
鳥取,8 さんいん中央..,2026-07-26,19:00,千鳥の鬼レンチャン◆鬼ハード初代女王誕生？STU池ちゃん＆高橋成美サビカラ登場🈑
鳥取,8 さんいん中央..,2026-07-26,21:00,Mr．サンデー🈑🈓
鳥取,8 さんいん中央..,2026-07-26,23:09,出雲縁結び空港からすぐ行ける！ 井戸田潤のじゅ〜じつ名古屋NAVI ＃1
鳥取,8 さんいん中央..,2026-07-26,23:15,ワンピース【エルバフの大罪人 冥界のロキ解放！？】🈑🈖
鳥取,8 さんいん中央..,2026-07-26,23:45,すぽると！ 大谷翔平のストレートは軌道が読めない⁉スター証言＆脳科学から紐解く🈑
山口,1 NHK総合1..,2026-07-26,05:00,ニュース・気象情報
山口,1 NHK総合1..,2026-07-26,05:10,Jリーグと私 あの試合を忘れない ＃17 横浜FM🈑
山口,1 NHK総合1..,2026-07-26,05:15,週末のNスペは… 激変・安全保障 日本の進路は🈑
山口,1 NHK総合1..,2026-07-26,05:20,桂文珍の演芸図鑑 レ・ロマネスクTOBI 柳亭小燕枝 三拍子🈑
山口,1 NHK総合1..,2026-07-26,05:50,気象情報
山口,1 NHK総合1..,2026-07-26,05:55,にっぽん百名山ミニ 3min「夏 五竜岳」🈑
山口,1 NHK総合1..,2026-07-26,05:58,巡る世界絶景 ベネチアの冬🅍
山口,1 NHK総合1..,2026-07-26,06:00,ニュース
山口,1 NHK総合1..,2026-07-26,06:10,【特選！時代劇】大岡越前8 🈟（1）「燃える牢屋敷」🈖🈑
山口,1 NHK総合1..,2026-07-26,06:53,気象情報
山口,1 NHK総合1..,2026-07-26,06:55,ニュース・気象情報（中国地方）
山口,1 NHK総合1..,2026-07-26,07:00,NHKニュース おはよう日本 7月26日（日）🈑
山口,1 NHK総合1..,2026-07-26,07:40,ニュース・気象情報（中国地方）
山口,1 NHK総合1..,2026-07-26,07:45,さわやか自然百景 青森 屏風山湿原池沼群🈑
山口,1 NHK総合1..,2026-07-26,08:00,小さな旅「大原を継ぐ 〜京都市 左京区〜」🈖🈑
山口,1 NHK総合1..,2026-07-26,08:25,Dearにっぽん「私たちが新聞を書く理由〜滋賀・虎姫高校〜」🈑
山口,1 NHK総合1..,2026-07-26,08:50,NHK広島へいわの歌 ポルノグラフィティ 言伝−ことづて− ミュージックビデオ
山口,1 NHK総合1..,2026-07-26,08:57,気象情報
山口,1 NHK総合1..,2026-07-26,09:00,日曜討論 徹底解説！暑さはどこまで？対策は
山口,1 NHK総合1..,2026-07-26,10:00,第108回全国高校野球選手権 山口大会 準決勝 第1試合「高川学園」対「南陽工」
山口,1 NHK総合1..,2026-07-26,11:53,サブチャンネル切り替え方法のご案内
山口,1 NHK総合1..,2026-07-26,11:54,気象情報
山口,1 NHK総合1..,2026-07-26,12:00,ニュース🈑
山口,1 NHK総合1..,2026-07-26,12:10,ニュース（中国地方）
山口,1 NHK総合1..,2026-07-26,12:15,第108回全国高校野球選手権 山口大会 準決勝 第1試合 第2試合
山口,1 NHK総合1..,2026-07-26,14:59,サブチャンネル切り替え方法のご案内
山口,1 NHK総合1..,2026-07-26,15:00,ニュース・気象情報🈑
山口,1 NHK総合1..,2026-07-26,15:05,大相撲（2026年） 名古屋場所 千秋楽🈑
山口,1 NHK総合1..,2026-07-26,15:30,大相撲（2026年） 名古屋場所 千秋楽 優勝力士・三賞力士インタビュー🈔🈑
山口,1 NHK総合1..,2026-07-26,18:00,ニュース🈑
山口,1 NHK総合1..,2026-07-26,18:05,有吉のお金発見 突撃！カネオくん 令和に再ブーム！RCカーのヒミツ🈑
山口,1 NHK総合1..,2026-07-26,18:45,情報維新！やまぐち645
山口,1 NHK総合1..,2026-07-26,19:00,NHKニュース7🈔🈑
山口,1 NHK総合1..,2026-07-26,19:30,ダーウィンが来た！「最大の味方！最強のライバル！？動物兄弟」🈖🈑
山口,1 NHK総合1..,2026-07-26,20:00,豊臣兄弟！（29）天下への道🈖🈑
山口,1 NHK総合1..,2026-07-26,20:45,ニュース🈑🈐
山口,1 NHK総合1..,2026-07-26,20:55,ニュース・気象情報（中国地方）
山口,1 NHK総合1..,2026-07-26,21:00,NHKスペシャル 激変・安全保障 “力の支配”と揺らぐ国際秩序 日本の針路は🈑
山口,1 NHK総合1..,2026-07-26,22:00,サンデースポーツ🈑
山口,1 NHK総合1..,2026-07-26,22:50,ニュース・気象情報🈑
山口,1 NHK総合1..,2026-07-26,22:55,ハロー！NHKワールドJAPAN 7月の地域特集・山口県関連番組紹介🈑
山口,1 NHK総合1..,2026-07-26,23:00,DOC（ドック）3 あすへのカルテ（8）「暗闇の先へ」🈔🈑
山口,1 NHK総合1..,2026-07-26,23:59,連続テレビ小説「ひよっこ」再放送PR
山口,2 NHKEテレ..,2026-07-26,05:00,こころの時代 わからなさのなかで〜最首悟の思想をたどる〜🈑🈞
山口,2 NHKEテレ..,2026-07-26,06:00,NHK短歌 わたしの宮沢賢治 テーマ「月」🈑
山口,2 NHKEテレ..,2026-07-26,06:25,テレビ体操🈑
山口,2 NHKEテレ..,2026-07-26,06:35,NHK俳句 題「七夕」🈑
山口,2 NHKEテレ..,2026-07-26,07:00,第93回NHK全国学校音楽コンクール みんなの合唱レッスン・高等学校の部🈑
山口,2 NHKEテレ..,2026-07-26,07:10,第93回NHK全国学校音楽コンクール みんなの合唱レッスン・中学校の部🈑
山口,2 NHKEテレ..,2026-07-26,07:20,第93回NHK全国学校音楽コンクール みんなの合唱レッスン・小学校の部🈑
山口,2 NHKEテレ..,2026-07-26,07:30,おとうさんといっしょ「まねまねどんぐー」🈑🈞
山口,2 NHKEテレ..,2026-07-26,08:00,やさいの時間 みんなの菜園物語 兵庫県（後編）🈑
山口,2 NHKEテレ..,2026-07-26,08:25,趣味の園芸 京も一日陽だまり屋「の〜んびり 蘇鉄（そてつ）」🈑
山口,2 NHKEテレ..,2026-07-26,08:30,趣味の園芸 選 ステキをセレクト！タネから育てるコスモス🈑
山口,2 NHKEテレ..,2026-07-26,08:55,no art，no life「洋一」🈑
山口,2 NHKEテレ..,2026-07-26,09:00,日曜美術館 陶芸家ルーシー・リー 繊細でたくましい器🈑
山口,2 NHKEテレ..,2026-07-26,09:45,日曜美術館 アートシーン「まなざしの奇跡 日本女性写真家の冒険」展🈑
山口,2 NHKEテレ..,2026-07-26,10:00,将棋フォーカス 選 フォーカス流・観る将検定 第2回！🈑
山口,2 NHKEテレ..,2026-07-26,10:30,第76回 NHK杯テレビ将棋トーナメント 1回戦第17局 羽生九段×横山七段🈑
山口,2 NHKEテレ..,2026-07-26,12:00,囲碁フォーカス 選 知らずに使っている！？「囲碁用語」🈑
山口,2 NHKEテレ..,2026-07-26,12:30,第74回NHK杯テレビ囲碁トーナメント1回戦第17局酒井佑規七段×加藤千笑四段🈑
山口,2 NHKEテレ..,2026-07-26,14:00,日本の話芸 柳家蝠丸 落語「叩き蟹」🈖🈑
山口,2 NHKEテレ..,2026-07-26,14:30,アニメ 青のオーケストラ シーズン2（1）「ほころび」🈑
山口,2 NHKEテレ..,2026-07-26,14:55,アニメ 青のオーケストラ シーズン2（2）「波紋」🈑
山口,2 NHKEテレ..,2026-07-26,15:20,アニメ 青のオーケストラ シーズン2（3）「ケジメ」🈑
山口,2 NHKEテレ..,2026-07-26,15:45,アニメ 青のオーケストラ シーズン2（4）「体育祭」🈑
山口,2 NHKEテレ..,2026-07-26,16:10,ピタゴラミングスイッチ2🈑🈞
山口,2 NHKEテレ..,2026-07-26,16:30,ざわざわ森のがんこちゃん30周年スペシャルがんこのびっくりおたんじょうび会🈖🈑🈞
山口,2 NHKEテレ..,2026-07-26,17:00,アニメ アオアシ（17）東京都リーグ第7節 多摩体育大学附属高校戦🈑
山口,2 NHKEテレ..,2026-07-26,17:25,レディー・グレース 女王陛下のスパイ（4）「迷える女王」🈔🈑
山口,2 NHKEテレ..,2026-07-26,17:50,こども手話ウイークリー🈐
山口,2 NHKEテレ..,2026-07-26,18:00,木村多江の、いまさらですが… アメリカ建国の立役者 初代財務長官ハミルトン🈖🈑🈞
山口,2 NHKEテレ..,2026-07-26,18:30,ブリティッシュ・ベイクオフ6（17）チョコレート対決・前編🈔🈑🈞
山口,2 NHKEテレ..,2026-07-26,19:00,未病息災を願います 選「骨密度」が気になったら🈖🈑
山口,2 NHKEテレ..,2026-07-26,19:45,365日の献立日記「野菜ずし」🈑
山口,2 NHKEテレ..,2026-07-26,19:50,5分であさイチ 夏休みの“お昼ごはん”に革命を！🈑
山口,2 NHKEテレ..,2026-07-26,19:55,NHK手話ニュース🈐
山口,2 NHKEテレ..,2026-07-26,20:00,日曜美術館 滅びゆく写真 そして人類 現代美術作家・杉本博司🈑🈞
山口,2 NHKEテレ..,2026-07-26,20:45,日曜美術館 アートシーン「元禄！師宣劇場」展🈑
山口,2 NHKEテレ..,2026-07-26,21:00,古典芸能への招待 歌舞伎「近江源氏先陣館 盛綱陣屋」大阪松竹座さよなら公演🈕🈑
山口,2 NHKEテレ..,2026-07-26,23:00,美の壺 選「小さな芸術 干菓子」🈑
山口,2 NHKEテレ..,2026-07-26,23:30,サイエンスZERO“次世代塗料”が未来を塗り替える！？🈖🈑
山口,3 tysテレビ..,2026-07-26,05:00,お買い物情報
山口,3 tysテレビ..,2026-07-26,05:30,サザエさん【いその家迷場面／穴子さんの寝言 ほか】🈖🈑
山口,3 tysテレビ..,2026-07-26,06:00,釣りごろつられごろ【本格シーズン到来！漁火に誘われるケンサキイカ〜浜田市沖〜】
山口,3 tysテレビ..,2026-07-26,06:15,ポケットモンスター【ドリームボールをキミに！】
山口,3 tysテレビ..,2026-07-26,06:45,JNNニュース🈐
山口,3 tysテレビ..,2026-07-26,07:00,健康カプセル！ゲンキの時間🈖🈑侮っていると一大事に！？消えないあざに隠れた恐怖
山口,3 tysテレビ..,2026-07-26,07:30,がっちりマンデー‼CMで良く見るけど知らない会社！渡辺パイプ、INPEX、NGK
山口,3 tysテレビ..,2026-07-26,08:00,サンデーモーニング🈑高市総理“寝てない”投稿の波紋▽消費税“迷走”と骨太ショック
山口,3 tysテレビ..,2026-07-26,09:54,ガォチャン
山口,3 tysテレビ..,2026-07-26,10:00,サンデー・ジャポン 延長国会閉幕…議員直撃！▽堺雅人が緊急生出演！スタジオ生考察
山口,3 tysテレビ..,2026-07-26,11:35,上田晋也のサンデーQ🈑堺雅人が生出演「VIVANT」エキストラは4千人！聖地先取り巡礼
山口,3 tysテレビ..,2026-07-26,12:54,ホンマでっか！？TV【梅雨間近！ニオイ㊙対策】🈑
山口,3 tysテレビ..,2026-07-26,13:54,ガォチャン
山口,3 tysテレビ..,2026-07-26,14:00,アンガールズの絶景アイランド あばれる君とB＆ZAI川﨑星輝が夏の島で絶景探し！
山口,3 tysテレビ..,2026-07-26,15:00,スゴいきものバラエティ THEアニマッチ☆東野×ダイアン津田がMC初タッグ！🈑
山口,3 tysテレビ..,2026-07-26,16:00,週刊さんまとマツコ 小田切ヒロ登場！ヘア＆メイクのカリスマ壮絶半生を全告白🈖🈑
山口,3 tysテレビ..,2026-07-26,16:30,レッツゴー怪奇組 第四怪🈑
山口,3 tysテレビ..,2026-07-26,17:00,日5「正反対な君と僕」 ＃16「新学期」🈑🈓
山口,3 tysテレビ..,2026-07-26,17:30,Nスタ🈑 「飛鳥・藤原の宮都」が世界遺産新登録なるか▽「土用の丑の日」うなぎ店は
山口,3 tysテレビ..,2026-07-26,18:00,世界遺産／バリ島 1000年続く棚田の絶景（インドネシア）🈖🈑
山口,3 tysテレビ..,2026-07-26,18:30,ベスコングルメ★夏の軽井沢SP・そば通DEEN池森オススメの手打ちそば名店へ🈖🈑🈓
山口,3 tysテレビ..,2026-07-26,19:00,バナナマンのせっかくグルメ★VIVANT堺雅人＆濱田岳と日村が人気リゾート地🈑🈓
山口,3 tysテレビ..,2026-07-26,20:00,VIVANT直前生放送★堺×阿部×二宮×松坂が集結！今からでも間に合うSPダイジェスト🈑
山口,3 tysテレビ..,2026-07-26,21:00,🈟日曜劇場「VIVANT」第11話🈖🈑
山口,3 tysテレビ..,2026-07-26,22:19,ガォチャン
山口,3 tysテレビ..,2026-07-26,22:25,日曜日の初耳学◆堺雅人×林修『VIVANT』放送直後90分SP阿部寛＆初出しメイキング映像
山口,3 tysテレビ..,2026-07-26,23:49,tysニュース🄽
山口,3 tysテレビ..,2026-07-26,23:55,黒猫と魔女の教室🈑🈓 ＃16「イオ・トーラス がんばります」【アガルアニメ】
山口,4 KRY1,2026-07-26,05:00,ショップジャパン
山口,4 KRY1,2026-07-26,05:30,はぴねすくらぶ
山口,4 KRY1,2026-07-26,06:00,みんなの中にKRY
山口,4 KRY1,2026-07-26,06:15,NNNニュースサンデー🈐
山口,4 KRY1,2026-07-26,06:30,それいけ！アンパンマン「SLマンとリトルジョーカー・他」🈖🈑
山口,4 KRY1,2026-07-26,07:00,所さんの目がテン！🈑所さんと奥田民生さんが絶品イノシシ肉で燻製作り⁉
山口,4 KRY1,2026-07-26,07:30,シューイチ🈑🈓8月から変わること＆新スポット▽秋山＆平子が南房総の体格グルメ堪能
山口,4 KRY1,2026-07-26,10:25,わくわくサンデー ふるさとに寄り添い成長する企業〜周防大島での取り組みを紹介〜
山口,4 KRY1,2026-07-26,10:55,ちかくに いわくに🈞
山口,4 KRY1,2026-07-26,11:10,元気創出！やまぐち「一人前の漁師になっちゃる！」🈞
山口,4 KRY1,2026-07-26,11:25,大和の風#17「東寺〜密教が描く宇宙のかたち〜」
山口,4 KRY1,2026-07-26,11:30,NNN ストレイトニュース🈑
山口,4 KRY1,2026-07-26,11:40,KRYニュース
山口,4 KRY1,2026-07-26,11:45,天気予報
山口,4 KRY1,2026-07-26,11:50,しものせき21🈐🈞「まちのしごとを未来へつなぐ 下関の事業継承」
山口,4 KRY1,2026-07-26,12:00,開運！なんでも鑑定団「＜大谷翔平＞実使用球＆近代彫刻の巨匠作にド級値」🈑
山口,4 KRY1,2026-07-26,13:00,遠くへ行きたい【板谷由夏が鳥取へ】モサエビ丼に極上日本酒！癒やしの湯治場🈑
山口,4 KRY1,2026-07-26,13:30,そこまで言って委員会NP 「大戦争時代」SP！戦争終結シナリオを徹底討論🈑
山口,4 KRY1,2026-07-26,15:00,24時間テレビ企画大公開SP🈑総合司会は内村光良！テーマは「わたしの家族の話」
山口,4 KRY1,2026-07-26,15:55,月曜から夜ふかし セレクション
山口,4 KRY1,2026-07-26,16:30,上沼・高田のクギズケ！🈑
山口,4 KRY1,2026-07-26,17:25,レコマウ
山口,4 KRY1,2026-07-26,17:30,笑点🈖🈑🈓城島茂が座布団運び「ザ！鉄腕！DASH！！」×「笑点」夢のコラボDAY
山口,4 KRY1,2026-07-26,18:00,真相報道バンキシャ！🈑独自分析…熱中症患者10人の行動に教訓▽花火大会で湿度検証
山口,4 KRY1,2026-07-26,18:55,博士は今日も嫉妬する 人生が楽しくなる最新テクノロジー🈑
山口,4 KRY1,2026-07-26,19:00,ザ！鉄腕！DASH！！▽笑点60周年記念夏祭り！師匠全員参加で巨大お好み焼き！🈑
山口,4 KRY1,2026-07-26,19:58,イッテQ【お祭り男宮川＆二代目手越】フィンランドで丸太乗って川を下る木材選手権🈑
山口,4 KRY1,2026-07-26,20:54,KRYニュース
山口,4 KRY1,2026-07-26,21:00,ゴールデンストーンズ▽番組史上最大‼人気芸人軍団と総勢31名の大混戦バトル🈑
山口,4 KRY1,2026-07-26,21:54,天気予報
山口,4 KRY1,2026-07-26,22:00,おしゃれクリップ🈖🈑出川哲朗はなぜ愛される？▼妻や一茂が忖度なしでガチ素顔告白
山口,4 KRY1,2026-07-26,22:30,ドラマ「一次元の挿し木」第4話【激動の真相が発覚…古人骨と義妹を巡る謎】🈖🈑🈓
山口,4 KRY1,2026-07-26,23:25,ダウンタウンのガキの使い！10人で男の勲章歌い切り！エース＆小田参戦で大波乱🈑
山口,4 KRY1,2026-07-26,23:55,Going！🈑生出演！渡邊雄太が明かす日本バスケの進化▼赤星絶賛！怪物高校生
山口,5 yab山口朝日1,2026-07-26,04:46,早朝テレビショッピング
山口,5 yab山口朝日1,2026-07-26,05:15,ぷちポジティブyab
山口,5 yab山口朝日1,2026-07-26,05:20,TVショッピング
山口,5 yab山口朝日1,2026-07-26,05:50,グッド！モーニング🈓🈑
山口,5 yab山口朝日1,2026-07-26,08:00,よ〜い！スターと！トビダスクール しなことリボンでTシャツデコ！🈓🈑
山口,5 yab山口朝日1,2026-07-26,08:30,名探偵プリキュア！ ＃26 キュアエクレールの復活！🈓🈑
山口,5 yab山口朝日1,2026-07-26,09:00,仮面ライダーゼッツ 第45話「惑わす」🈓🈑
山口,5 yab山口朝日1,2026-07-26,09:30,🈟角醒ハンター オメガホーン 第1話「角醒せよ！赤き角獣王！」🈓🈑
山口,5 yab山口朝日1,2026-07-26,10:00,きらり夏2026 高校野球山口大会【準決勝】高川学園×南陽工
山口,5 yab山口朝日1,2026-07-26,11:50,ANNニュース🈑
山口,5 yab山口朝日1,2026-07-26,12:00,きらり夏2026 高校野球山口大会【準決勝】①高川学園×南陽工②小野田工×下関国際
山口,5 yab山口朝日1,2026-07-26,15:30,新婚さんいらっしゃい！ オーストラリア在住夫婦出場！親戚100人大運動会⁉ 🈖🈑
山口,5 yab山口朝日1,2026-07-26,16:00,華丸丼と大吉麺 荻窪で発見！あのドラマの監修をした三ツ星店の斬新沖縄そば🈑
山口,5 yab山口朝日1,2026-07-26,16:30,ポジティブyab
山口,5 yab山口朝日1,2026-07-26,16:35,ビートたけしのTVタックル 昭和は驚きの光景が…令和のゴミ問題＆激安リユース店🈑
山口,5 yab山口朝日1,2026-07-26,17:30,ANNスーパーJチャンネル🈑
山口,5 yab山口朝日1,2026-07-26,17:55,ウェザーリポート
山口,5 yab山口朝日1,2026-07-26,18:00,相葉マナブ 初登場！timelesz佐藤勝利と地引き網！相模湾で何が獲れる？🈑
山口,5 yab山口朝日1,2026-07-26,18:52,yabニュース
山口,5 yab山口朝日1,2026-07-26,18:56,ポツンと一軒家 2時間SP！84歳チェーンソーアート挑戦！BBQ＆絶景岩風呂🈑
山口,5 yab山口朝日1,2026-07-26,20:56,有働Times🈑
山口,5 yab山口朝日1,2026-07-26,22:15,マイ・フィクション ＃4 刑務所にいるはずの人間🈖🈑
山口,5 yab山口朝日1,2026-07-26,23:09,ウェザーリポート
山口,5 yab山口朝日1,2026-07-26,23:15,EIGHT－JAM 【中森明菜特集‼松田聖子・小泉今日子との関係、振付秘話…】🈑
愛媛,1 NHK総合1..,2026-07-26,05:00,ニュース・気象情報
愛媛,1 NHK総合1..,2026-07-26,05:10,Jリーグと私 あの試合を忘れない ＃17 横浜FM🈑
愛媛,1 NHK総合1..,2026-07-26,05:15,週末のNスペは… 激変・安全保障 日本の進路は🈑
愛媛,1 NHK総合1..,2026-07-26,05:20,桂文珍の演芸図鑑 レ・ロマネスクTOBI 柳亭小燕枝 三拍子🈑
愛媛,1 NHK総合1..,2026-07-26,05:50,気象情報
愛媛,1 NHK総合1..,2026-07-26,05:55,にっぽん百名山ミニ 3min「夏 五竜岳」🈑
愛媛,1 NHK総合1..,2026-07-26,06:00,ニュース
愛媛,1 NHK総合1..,2026-07-26,06:10,【特選！時代劇】大岡越前8 🈟（1）「燃える牢屋敷」🈖🈑
愛媛,1 NHK総合1..,2026-07-26,06:53,気象情報
愛媛,1 NHK総合1..,2026-07-26,06:55,ニュース・気象情報（四国）
愛媛,1 NHK総合1..,2026-07-26,07:00,NHKニュース おはよう日本 7月26日（日）🈑
愛媛,1 NHK総合1..,2026-07-26,07:40,ニュース・気象情報（四国）
愛媛,1 NHK総合1..,2026-07-26,07:45,さわやか自然百景 青森 屏風山湿原池沼群🈑
愛媛,1 NHK総合1..,2026-07-26,08:00,小さな旅「大原を継ぐ 〜京都市 左京区〜」🈖🈑
愛媛,1 NHK総合1..,2026-07-26,08:25,Dearにっぽん「私たちが新聞を書く理由〜滋賀・虎姫高校〜」🈑
愛媛,1 NHK総合1..,2026-07-26,08:50,あさイチの鈴木奈穂子アナが「NHK ONE」を解説🈑
愛媛,1 NHK総合1..,2026-07-26,08:57,気象情報
愛媛,1 NHK総合1..,2026-07-26,09:00,日曜討論 徹底解説！暑さはどこまで？対策は
愛媛,1 NHK総合1..,2026-07-26,10:00,第108回全国高校野球選手権愛媛大会 決勝 「新田」対「松山学院」
愛媛,1 NHK総合1..,2026-07-26,11:53,サブチャンネル切り替え方法のご案内
愛媛,1 NHK総合1..,2026-07-26,11:54,気象情報
愛媛,1 NHK総合1..,2026-07-26,12:00,ニュース🈑
愛媛,1 NHK総合1..,2026-07-26,12:10,ニュース（四国）
愛媛,1 NHK総合1..,2026-07-26,12:15,第108回全国高校野球選手権愛媛大会 決勝 「新田」対「松山学院」
愛媛,1 NHK総合1..,2026-07-26,13:00,ニュース・気象情報🈑
愛媛,1 NHK総合1..,2026-07-26,13:05,ダーウィンが来た！「相葉さんと探せ！ミクロいきもの超ワールド」🈖🈑🈞
愛媛,1 NHK総合1..,2026-07-26,13:35,さわやか自然百景10min．（37）兵庫 猫崎の海と黒川渓谷🈑
愛媛,1 NHK総合1..,2026-07-26,13:45,JAPAN DELISH 5min カレーライス🈑
愛媛,1 NHK総合1..,2026-07-26,13:50,アニメまとめPR 放送中！注目の3番組ほか🈑
愛媛,1 NHK総合1..,2026-07-26,13:55,プロフェッショナル 仕事の流儀 旅する家族、春をつなぐ〜養蜂家・藤井髙治〜🈖🈑🈞
愛媛,1 NHK総合1..,2026-07-26,14:40,秀サルでもわかる 豊臣兄弟！ なんで豊臣兄弟は明智光秀に勝てたの？🈑
愛媛,1 NHK総合1..,2026-07-26,14:45,あしたが変わるトリセツショー 番外編 フレイル対策15分エクササイズ🈑
愛媛,1 NHK総合1..,2026-07-26,15:00,ニュース・気象情報🈑
愛媛,1 NHK総合1..,2026-07-26,15:05,大相撲（2026年） 名古屋場所 千秋楽🈑
愛媛,1 NHK総合1..,2026-07-26,15:30,大相撲（2026年） 名古屋場所 千秋楽 優勝力士・三賞力士インタビュー🈔🈑
愛媛,1 NHK総合1..,2026-07-26,18:00,ニュース🈑
愛媛,1 NHK総合1..,2026-07-26,18:05,有吉のお金発見 突撃！カネオくん 令和に再ブーム！RCカーのヒミツ🈑
愛媛,1 NHK総合1..,2026-07-26,18:45,ひめポン！645
愛媛,1 NHK総合1..,2026-07-26,19:00,NHKニュース7🈔🈑
愛媛,1 NHK総合1..,2026-07-26,19:30,ダーウィンが来た！「最大の味方！最強のライバル！？動物兄弟」🈖🈑
愛媛,1 NHK総合1..,2026-07-26,20:00,豊臣兄弟！（29）天下への道🈖🈑
愛媛,1 NHK総合1..,2026-07-26,20:45,ニュース🈑🈐
愛媛,1 NHK総合1..,2026-07-26,20:55,ニュース・気象情報（四国）
愛媛,1 NHK総合1..,2026-07-26,21:00,NHKスペシャル 激変・安全保障 “力の支配”と揺らぐ国際秩序 日本の針路は🈑
愛媛,1 NHK総合1..,2026-07-26,22:00,サンデースポーツ🈑
愛媛,1 NHK総合1..,2026-07-26,22:50,ニュース・気象情報🈑
愛媛,1 NHK総合1..,2026-07-26,22:55,ハロー！NHKワールドJAPAN 7月の地域特集・山口県関連番組紹介🈑
愛媛,1 NHK総合1..,2026-07-26,23:00,DOC（ドック）3 あすへのカルテ（8）「暗闇の先へ」🈔🈑
愛媛,1 NHK総合1..,2026-07-26,23:59,連続テレビ小説「ひよっこ」再放送PR
愛媛,2 NHKEテレ..,2026-07-26,05:00,こころの時代 わからなさのなかで〜最首悟の思想をたどる〜🈑🈞
愛媛,2 NHKEテレ..,2026-07-26,06:00,NHK短歌 わたしの宮沢賢治 テーマ「月」🈑
愛媛,2 NHKEテレ..,2026-07-26,06:25,テレビ体操🈑
愛媛,2 NHKEテレ..,2026-07-26,06:35,NHK俳句 題「七夕」🈑
愛媛,2 NHKEテレ..,2026-07-26,07:00,第93回NHK全国学校音楽コンクール みんなの合唱レッスン・高等学校の部🈑
愛媛,2 NHKEテレ..,2026-07-26,07:10,第93回NHK全国学校音楽コンクール みんなの合唱レッスン・中学校の部🈑
愛媛,2 NHKEテレ..,2026-07-26,07:20,第93回NHK全国学校音楽コンクール みんなの合唱レッスン・小学校の部🈑
愛媛,2 NHKEテレ..,2026-07-26,07:30,おとうさんといっしょ「まねまねどんぐー」🈑🈞
愛媛,2 NHKEテレ..,2026-07-26,08:00,やさいの時間 みんなの菜園物語 兵庫県（後編）🈑
愛媛,2 NHKEテレ..,2026-07-26,08:25,趣味の園芸 京も一日陽だまり屋「の〜んびり 蘇鉄（そてつ）」🈑
愛媛,2 NHKEテレ..,2026-07-26,08:30,趣味の園芸 選 ステキをセレクト！タネから育てるコスモス🈑
愛媛,2 NHKEテレ..,2026-07-26,08:55,no art，no life「洋一」🈑
愛媛,2 NHKEテレ..,2026-07-26,09:00,日曜美術館 陶芸家ルーシー・リー 繊細でたくましい器🈑
愛媛,2 NHKEテレ..,2026-07-26,09:45,日曜美術館 アートシーン「まなざしの奇跡 日本女性写真家の冒険」展🈑
愛媛,2 NHKEテレ..,2026-07-26,10:00,将棋フォーカス 選 フォーカス流・観る将検定 第2回！🈑
愛媛,2 NHKEテレ..,2026-07-26,10:30,第76回 NHK杯テレビ将棋トーナメント 1回戦第17局 羽生九段×横山七段🈑
愛媛,2 NHKEテレ..,2026-07-26,12:00,囲碁フォーカス 選 知らずに使っている！？「囲碁用語」🈑
愛媛,2 NHKEテレ..,2026-07-26,12:30,第74回NHK杯テレビ囲碁トーナメント1回戦第17局酒井佑規七段×加藤千笑四段🈑
愛媛,2 NHKEテレ..,2026-07-26,14:00,日本の話芸 柳家蝠丸 落語「叩き蟹」🈖🈑
愛媛,2 NHKEテレ..,2026-07-26,14:30,アニメ 青のオーケストラ シーズン2（1）「ほころび」🈑
愛媛,2 NHKEテレ..,2026-07-26,14:55,アニメ 青のオーケストラ シーズン2（2）「波紋」🈑
愛媛,2 NHKEテレ..,2026-07-26,15:20,アニメ 青のオーケストラ シーズン2（3）「ケジメ」🈑
愛媛,2 NHKEテレ..,2026-07-26,15:45,アニメ 青のオーケストラ シーズン2（4）「体育祭」🈑
愛媛,2 NHKEテレ..,2026-07-26,16:10,ピタゴラミングスイッチ2🈑🈞
愛媛,2 NHKEテレ..,2026-07-26,16:30,ざわざわ森のがんこちゃん30周年スペシャルがんこのびっくりおたんじょうび会🈖🈑🈞
愛媛,2 NHKEテレ..,2026-07-26,17:00,アニメ アオアシ（17）東京都リーグ第7節 多摩体育大学附属高校戦🈑
愛媛,2 NHKEテレ..,2026-07-26,17:25,レディー・グレース 女王陛下のスパイ（4）「迷える女王」🈔🈑
愛媛,2 NHKEテレ..,2026-07-26,17:50,こども手話ウイークリー🈐
愛媛,2 NHKEテレ..,2026-07-26,18:00,木村多江の、いまさらですが… アメリカ建国の立役者 初代財務長官ハミルトン🈖🈑🈞
愛媛,2 NHKEテレ..,2026-07-26,18:30,ブリティッシュ・ベイクオフ6（17）チョコレート対決・前編🈔🈑🈞
愛媛,2 NHKEテレ..,2026-07-26,19:00,未病息災を願います 選「骨密度」が気になったら🈖🈑
愛媛,2 NHKEテレ..,2026-07-26,19:45,365日の献立日記「野菜ずし」🈑
愛媛,2 NHKEテレ..,2026-07-26,19:50,5分であさイチ 夏休みの“お昼ごはん”に革命を！🈑
愛媛,2 NHKEテレ..,2026-07-26,19:55,NHK手話ニュース🈐
愛媛,2 NHKEテレ..,2026-07-26,20:00,日曜美術館 滅びゆく写真 そして人類 現代美術作家・杉本博司🈑🈞
愛媛,2 NHKEテレ..,2026-07-26,20:45,日曜美術館 アートシーン「元禄！師宣劇場」展🈑
愛媛,2 NHKEテレ..,2026-07-26,21:00,古典芸能への招待 歌舞伎「近江源氏先陣館 盛綱陣屋」大阪松竹座さよなら公演🈕🈑
愛媛,2 NHKEテレ..,2026-07-26,23:00,美の壺 選「小さな芸術 干菓子」🈑
愛媛,2 NHKEテレ..,2026-07-26,23:30,サイエンスZERO“次世代塗料”が未来を塗り替える！？🈖🈑
愛媛,4 南海放送1,2026-07-26,03:00,日テレNEWS24
愛媛,4 南海放送1,2026-07-26,05:10,24時間テレビリポート🈐🈑
愛媛,4 南海放送1,2026-07-26,05:15,テレビショッピング
愛媛,4 南海放送1,2026-07-26,05:45,ポケモンとどこいく！？ シェフピカチュウがお出迎え！ポケモンカフェSP
愛媛,4 南海放送1,2026-07-26,06:15,NNNニュースサンデー🈐
愛媛,4 南海放送1,2026-07-26,06:30,ポケットモンスター 【ミアレシティ！新たな出会い】
愛媛,4 南海放送1,2026-07-26,07:00,女子プロ木本若菜の真剣（Maji）Golf！
愛媛,4 南海放送1,2026-07-26,07:30,シューイチ🈑🈓8月から変わること＆新スポット▽秋山＆平子が南房総の体格グルメ堪能
愛媛,4 南海放送1,2026-07-26,10:25,一茂×かまいたちゲンバ▼水族館でアシカとご対面▼驚き新食感「糸かき氷」とは？🈑
愛媛,4 南海放送1,2026-07-26,11:25,元気印を探して
愛媛,4 南海放送1,2026-07-26,11:30,NNN ストレイトニュース🈑
愛媛,4 南海放送1,2026-07-26,11:45,大好き！まつやま🈞
愛媛,4 南海放送1,2026-07-26,11:50,もぎたてテレビ▼西条ブラボー！出会い旅▼自称日本一に百名店▼新メンバーも登場！
愛媛,4 南海放送1,2026-07-26,12:50,えひめの愛顔発信 ＃ひめ推し🈞🈐
愛媛,4 南海放送1,2026-07-26,12:55,ミズタのレシピ！▼おいでやす小田と大洲の鵜飼体験！浴衣に着替えるも小田が激怒！？
愛媛,4 南海放送1,2026-07-26,13:25,天気情報
愛媛,4 南海放送1,2026-07-26,13:30,そこまで言って委員会NP 「大戦争時代」SP！戦争終結シナリオを徹底討論🈑
愛媛,4 南海放送1,2026-07-26,15:00,24時間テレビ企画大公開SP🈑総合司会は内村光良！テーマは「わたしの家族の話」
愛媛,4 南海放送1,2026-07-26,15:55,Cafe de なんかい
愛媛,4 南海放送1,2026-07-26,16:00,水田信二の注文の多い料理教室
愛媛,4 南海放送1,2026-07-26,16:30,ガイアの夜明け 【働いて、幸せになる】アイデア製品をつくる中小企業で働く人たち
愛媛,4 南海放送1,2026-07-26,17:25,今治市政広報番組 i．i．imabari！未来への新しい風〜瀬戸内から世界へ〜🈞
愛媛,4 南海放送1,2026-07-26,17:30,笑点🈖🈑🈓城島茂が座布団運び「ザ！鉄腕！DASH！！」×「笑点」夢のコラボDAY
愛媛,4 南海放送1,2026-07-26,18:00,真相報道バンキシャ！🈑独自分析…熱中症患者10人の行動に教訓▽花火大会で湿度検証
愛媛,4 南海放送1,2026-07-26,18:55,博士は今日も嫉妬する 人生が楽しくなる最新テクノロジー🈑
愛媛,4 南海放送1,2026-07-26,19:00,ザ！鉄腕！DASH！！▽笑点60周年記念夏祭り！師匠全員参加で巨大お好み焼き！🈑
愛媛,4 南海放送1,2026-07-26,19:58,イッテQ【お祭り男宮川＆二代目手越】フィンランドで丸太乗って川を下る木材選手権🈑
愛媛,4 南海放送1,2026-07-26,20:54,えひめの愛顔発信 ＃ひめ推し🈐
愛媛,4 南海放送1,2026-07-26,21:00,ゴールデンストーンズ▽番組史上最大‼人気芸人軍団と総勢31名の大混戦バトル🈑
愛媛,4 南海放送1,2026-07-26,21:54,なんかいNEWS
愛媛,4 南海放送1,2026-07-26,22:00,おしゃれクリップ🈖🈑出川哲朗はなぜ愛される？▼妻や一茂が忖度なしでガチ素顔告白
愛媛,4 南海放送1,2026-07-26,22:30,ドラマ「一次元の挿し木」第4話【激動の真相が発覚…古人骨と義妹を巡る謎】🈖🈑🈓
愛媛,4 南海放送1,2026-07-26,23:25,ダウンタウンのガキの使い！10人で男の勲章歌い切り！エース＆小田参戦で大波乱🈑
愛媛,4 南海放送1,2026-07-26,23:55,Going！🈑生出演！渡邊雄太が明かす日本バスケの進化▼赤星絶賛！怪物高校生
愛媛,5 愛媛朝日テレビ,2026-07-26,04:50,テレビショッピング
愛媛,5 愛媛朝日テレビ,2026-07-26,05:20,テレビショッピング
愛媛,5 愛媛朝日テレビ,2026-07-26,05:50,グッド！モーニング🈓🈑
愛媛,5 愛媛朝日テレビ,2026-07-26,08:00,よ〜い！スターと！トビダスクール しなことリボンでTシャツデコ！🈓🈑
愛媛,5 愛媛朝日テレビ,2026-07-26,08:30,名探偵プリキュア！ ＃26 キュアエクレールの復活！🈓🈑
愛媛,5 愛媛朝日テレビ,2026-07-26,09:00,仮面ライダーゼッツ 第45話「惑わす」🈓🈑
愛媛,5 愛媛朝日テレビ,2026-07-26,09:30,🈟角醒ハンター オメガホーン 第1話「角醒せよ！赤き角獣王！」🈓🈑
愛媛,5 愛媛朝日テレビ,2026-07-26,10:00,白球青春2026 めざせ！甲子園 第108回全国高校野球選手権愛媛大会
愛媛,5 愛媛朝日テレビ,2026-07-26,15:00,新婚さんいらっしゃい！ オーストラリア在住夫婦出場！親戚100人大運動会⁉ 🈖🈑
愛媛,5 愛媛朝日テレビ,2026-07-26,15:30,華丸丼と大吉麺 荻窪で発見！あのドラマの監修をした三ツ星店の斬新沖縄そば🈑
愛媛,5 愛媛朝日テレビ,2026-07-26,16:00,with盲導犬
愛媛,5 愛媛朝日テレビ,2026-07-26,16:05,ザワつく！金曜日🈞【一茂リベンジなるか⁉日本橋「老舗洋食店」のグルメ争奪戦！】
愛媛,5 愛媛朝日テレビ,2026-07-26,17:00,寝耳にたくろう 〜僕らは何も知りません！〜 ＃4
愛媛,5 愛媛朝日テレビ,2026-07-26,17:30,ANNスーパーJチャンネル🈑
愛媛,5 愛媛朝日テレビ,2026-07-26,17:55,天気予報
愛媛,5 愛媛朝日テレビ,2026-07-26,18:00,相葉マナブ 初登場！timelesz佐藤勝利と地引き網！相模湾で何が獲れる？🈑
愛媛,5 愛媛朝日テレビ,2026-07-26,18:52,eatニュース
愛媛,5 愛媛朝日テレビ,2026-07-26,18:56,ポツンと一軒家 2時間SP！84歳チェーンソーアート挑戦！BBQ＆絶景岩風呂🈑
愛媛,5 愛媛朝日テレビ,2026-07-26,20:56,有働Times🈑
愛媛,5 愛媛朝日テレビ,2026-07-26,22:15,マイ・フィクション ＃4 刑務所にいるはずの人間🈖🈑
愛媛,5 愛媛朝日テレビ,2026-07-26,23:09,天気予報
愛媛,5 愛媛朝日テレビ,2026-07-26,23:15,EIGHT－JAM 【中森明菜特集‼松田聖子・小泉今日子との関係、振付秘話…】🈑
愛媛,6 あいテレビ1,2026-07-26,04:35,佐世保通販
愛媛,6 あいテレビ1,2026-07-26,05:05,テレビショッピング
愛媛,6 あいテレビ1,2026-07-26,05:35,テレビショッピング
愛媛,6 あいテレビ1,2026-07-26,06:05,天気予報
愛媛,6 あいテレビ1,2026-07-26,06:10,ろっくんTV
愛媛,6 あいテレビ1,2026-07-26,06:15,サンデーゴルフ〜WeLoveGolf宣言〜▽上達のヒント盛りだくさんSP！
愛媛,6 あいテレビ1,2026-07-26,06:45,JNNニュース🈐
愛媛,6 あいテレビ1,2026-07-26,07:00,健康カプセル！ゲンキの時間🈖🈑侮っていると一大事に！？消えないあざに隠れた恐怖
愛媛,6 あいテレビ1,2026-07-26,07:30,がっちりマンデー‼CMで良く見るけど知らない会社！渡辺パイプ、INPEX、NGK
愛媛,6 あいテレビ1,2026-07-26,08:00,サンデーモーニング🈑高市総理“寝てない”投稿の波紋▽消費税“迷走”と骨太ショック
愛媛,6 あいテレビ1,2026-07-26,09:54,ろっくんTV
愛媛,6 あいテレビ1,2026-07-26,10:00,サンデー・ジャポン 延長国会閉幕…議員直撃！▽堺雅人が緊急生出演！スタジオ生考察
愛媛,6 あいテレビ1,2026-07-26,11:35,上田晋也のサンデーQ🈑堺雅人が生出演「VIVANT」エキストラは4千人！聖地先取り巡礼
愛媛,6 あいテレビ1,2026-07-26,12:54,ハートもまんぷく！キッチンPIPOT🈑▽豚バラ肉の白ワイン煮込み
愛媛,6 あいテレビ1,2026-07-26,13:00,週刊さんまとマツコ🈖🈑 婚活界の女帝・植草美幸が翔工務店のダメ社員軍団を徹底指導
愛媛,6 あいテレビ1,2026-07-26,13:27,シモリュウの5W1H▽状況指定食リポ〜感情込みでいただきます〜第二弾！
愛媛,6 あいテレビ1,2026-07-26,13:57,チャンネルあい
愛媛,6 あいテレビ1,2026-07-26,14:00,アンガールズの絶景アイランド あばれる君とB&ZAI川崎星輝が夏の島で絶景探し！
愛媛,6 あいテレビ1,2026-07-26,15:00,デカ盛りハンター
愛媛,6 あいテレビ1,2026-07-26,15:30,巷のウワサ大検証 それって実際どうなの会 【肉と魚、どっちが太る？】
愛媛,6 あいテレビ1,2026-07-26,16:30,レッツゴー怪奇組 第四怪🈑
愛媛,6 あいテレビ1,2026-07-26,17:00,日5「正反対な君と僕」 ＃16「新学期」🈑🈓
愛媛,6 あいテレビ1,2026-07-26,17:30,Nスタ🈑 「飛鳥・藤原の宮都」が世界遺産新登録なるか▽「土用の丑の日」うなぎ店は
愛媛,6 あいテレビ1,2026-07-26,18:00,世界遺産／バリ島 1000年続く棚田の絶景（インドネシア）🈖🈑
愛媛,6 あいテレビ1,2026-07-26,18:30,ベスコングルメ★夏の軽井沢SP・そば通DEEN池森オススメの手打ちそば名店へ🈖🈑🈓
愛媛,6 あいテレビ1,2026-07-26,19:00,バナナマンのせっかくグルメ★VIVANT堺雅人＆濱田岳と日村が人気リゾート地🈑🈓🈕
愛媛,6 あいテレビ1,2026-07-26,20:00,VIVANT直前生放送★堺×阿部×二宮×松坂が集結！今からでも間に合うSPダイジェスト🈑
愛媛,6 あいテレビ1,2026-07-26,21:00,🈟日曜劇場「VIVANT」第11話🈖🈑
愛媛,6 あいテレビ1,2026-07-26,22:19,天気予報
愛媛,6 あいテレビ1,2026-07-26,22:25,日曜日の初耳学◆堺雅人×林修『VIVANT』放送直後90分SP阿部寛＆山本耕史が暴露🈑
愛媛,6 あいテレビ1,2026-07-26,23:49,シネナビ
愛媛,6 あいテレビ1,2026-07-26,23:55,黒猫と魔女の教室🈑🈓 ＃16「イオ・トーラス がんばります」【アガルアニメ】
愛媛,8 テレビ愛媛,2026-07-26,05:00,ディノスTHEストア
愛媛,8 テレビ愛媛,2026-07-26,05:30,テレビショッピング
愛媛,8 テレビ愛媛,2026-07-26,06:00,EBCニュース🈑
愛媛,8 テレビ愛媛,2026-07-26,06:15,テレビショッピング
愛媛,8 テレビ愛媛,2026-07-26,06:30,決定版！チョーさんの釣り情報
愛媛,8 テレビ愛媛,2026-07-26,07:00,SUNDAYブレイク． 千葉県勝浦でオズワルド伊藤が絶叫アクティビティ体験🈑🈕🈓
愛媛,8 テレビ愛媛,2026-07-26,08:25,テレビショッピング
愛媛,8 テレビ愛媛,2026-07-26,08:55,イチ推し！＋
愛媛,8 テレビ愛媛,2026-07-26,09:00,DIGIMON BEATBREAK【消せない夜】 ＃40🈑🈖
愛媛,8 テレビ愛媛,2026-07-26,09:30,テレビアニメ「鬼滅の刃」シリーズ全編再放送【竈門炭治郎 立志編】🈑🈖🈓
愛媛,8 テレビ愛媛,2026-07-26,10:00,かのサンド◆学生街で絶品グルメSP！早稲田コスパ抜群グルメ＆学芸大学の名店中華🈑
愛媛,8 テレビ愛媛,2026-07-26,11:15,ミラモンGOLD🈑
愛媛,8 テレビ愛媛,2026-07-26,11:45,＃青春にエール【一筆に熱い青春を！伊予高校  書道部】
愛媛,8 テレビ愛媛,2026-07-26,11:50,FNN Live News days🈑
愛媛,8 テレビ愛媛,2026-07-26,12:00,所さんの学校では教えてくれないそこんトコロ！
愛媛,8 テレビ愛媛,2026-07-26,12:55,ビビッと！おすすめTV
愛媛,8 テレビ愛媛,2026-07-26,13:00,開運！なんでも鑑定団
愛媛,8 テレビ愛媛,2026-07-26,14:00,ありえへん∞世界
愛媛,8 テレビ愛媛,2026-07-26,15:00,競馬BEAT
愛媛,8 テレビ愛媛,2026-07-26,16:00,芸能人が本気で考えた！ドッキリGP マッサマン対きんに君＆化け猫の島SP🈞🈑
愛媛,8 テレビ愛媛,2026-07-26,17:30,EBCライブニュース🈑
愛媛,8 テレビ愛媛,2026-07-26,17:55,Dream STRIDER
愛媛,8 テレビ愛媛,2026-07-26,18:00,ちびまる子ちゃん【隣町の男子とプールで勝負する／たまちゃんちで日曜大工を】🈑🈖
愛媛,8 テレビ愛媛,2026-07-26,18:30,サザエさん【憧れの松／うっかりでしっかり ほか】🈑🈖🈓
愛媛,8 テレビ愛媛,2026-07-26,19:00,千鳥の鬼レンチャン◆鬼ハード初代女王誕生？STU池ちゃん＆高橋成美サビカラ登場🈑
愛媛,8 テレビ愛媛,2026-07-26,20:54,EBCニュース・あすの天気
愛媛,8 テレビ愛媛,2026-07-26,21:00,Mr．サンデー🈑🈓
愛媛,8 テレビ愛媛,2026-07-26,23:09,建築はドラマチック
愛媛,8 テレビ愛媛,2026-07-26,23:15,ワンピース【エルバフの大罪人 冥界のロキ解放！？】🈑🈖
愛媛,8 テレビ愛媛,2026-07-26,23:45,すぽると！ 大谷翔平のストレートは軌道が読めない⁉スター証言＆脳科学から紐解く🈑
香川,1 NHK総合1..,2026-07-26,05:00,ニュース・気象情報
香川,1 NHK総合1..,2026-07-26,05:10,Jリーグと私 あの試合を忘れない ＃17 横浜FM🈑
香川,1 NHK総合1..,2026-07-26,05:15,週末のNスペは… 激変・安全保障 日本の進路は🈑
香川,1 NHK総合1..,2026-07-26,05:20,桂文珍の演芸図鑑 レ・ロマネスクTOBI 柳亭小燕枝 三拍子🈑
香川,1 NHK総合1..,2026-07-26,05:50,気象情報
香川,1 NHK総合1..,2026-07-26,05:55,にっぽん百名山ミニ 3min「夏 五竜岳」🈑
香川,1 NHK総合1..,2026-07-26,05:58,巡る世界絶景 ベネチアの冬🅍
香川,1 NHK総合1..,2026-07-26,06:00,ニュース
香川,1 NHK総合1..,2026-07-26,06:10,【特選！時代劇】大岡越前8 🈟（1）「燃える牢屋敷」🈖🈑
香川,1 NHK総合1..,2026-07-26,06:53,気象情報
香川,1 NHK総合1..,2026-07-26,06:55,ニュース・気象情報（四国）
香川,1 NHK総合1..,2026-07-26,07:00,NHKニュース おはよう日本 7月26日（日）🈑
香川,1 NHK総合1..,2026-07-26,07:40,ニュース・気象情報（四国）
香川,1 NHK総合1..,2026-07-26,07:45,さわやか自然百景 青森 屏風山湿原池沼群🈑
香川,1 NHK総合1..,2026-07-26,08:00,小さな旅「大原を継ぐ 〜京都市 左京区〜」🈖🈑
香川,1 NHK総合1..,2026-07-26,08:25,Dearにっぽん「私たちが新聞を書く理由〜滋賀・虎姫高校〜」🈑
香川,1 NHK総合1..,2026-07-26,08:50,あさイチの鈴木奈穂子アナが「NHK ONE」を解説🈑
香川,1 NHK総合1..,2026-07-26,08:57,気象情報
香川,1 NHK総合1..,2026-07-26,09:00,日曜討論 徹底解説！暑さはどこまで？対策は
香川,1 NHK総合1..,2026-07-26,10:00,ニュース・気象情報🈑
香川,1 NHK総合1..,2026-07-26,10:05,明日をまもるナビ選196 都市を襲う水害 内水氾濫〜見えない危険にどう備える🈖🈑
香川,1 NHK総合1..,2026-07-26,10:30,5分であさイチ（4）知ってトクする旅行術（2）バッグの詰め方🈑
香川,1 NHK総合1..,2026-07-26,10:35,ゆったり温泉ひとり旅 北海道・登別温泉🈑
香川,1 NHK総合1..,2026-07-26,11:04,ニュース🈑
香川,1 NHK総合1..,2026-07-26,11:05,あしたが変わるトリセツショー 骨ケアで健康革命！今すぐできる運動＆食事ワザ🈖🈑🈞
香川,1 NHK総合1..,2026-07-26,11:50,ふすま絵 奇跡の再会🈑
香川,1 NHK総合1..,2026-07-26,11:54,気象情報
香川,1 NHK総合1..,2026-07-26,12:00,ニュース🈑
香川,1 NHK総合1..,2026-07-26,12:10,ニュース（四国）
香川,1 NHK総合1..,2026-07-26,12:15,NHKのど自慢 熱唱熱演名場面 2026 Part1🈑
香川,1 NHK総合1..,2026-07-26,12:55,ドキュメント72時間PR ドキュメント72時間の作り方＜編集・ナレーション編＞🈑
香川,1 NHK総合1..,2026-07-26,13:00,ニュース・気象情報🈑
香川,1 NHK総合1..,2026-07-26,13:05,ダーウィンが来た！「相葉さんと探せ！ミクロいきもの超ワールド」🈖🈑🈞
香川,1 NHK総合1..,2026-07-26,13:35,さわやか自然百景10min．（37）兵庫 猫崎の海と黒川渓谷🈑
香川,1 NHK総合1..,2026-07-26,13:45,JAPAN DELISH 5min カレーライス🈑
香川,1 NHK総合1..,2026-07-26,13:50,アニメまとめPR 放送中！注目の3番組ほか🈑
香川,1 NHK総合1..,2026-07-26,13:55,プロフェッショナル 仕事の流儀 旅する家族、春をつなぐ〜養蜂家・藤井髙治〜🈖🈑🈞
香川,1 NHK総合1..,2026-07-26,14:40,秀サルでもわかる 豊臣兄弟！ なんで豊臣兄弟は明智光秀に勝てたの？🈑
香川,1 NHK総合1..,2026-07-26,14:45,あしたが変わるトリセツショー 番外編 フレイル対策15分エクササイズ🈑
香川,1 NHK総合1..,2026-07-26,15:00,ニュース・気象情報🈑
香川,1 NHK総合1..,2026-07-26,15:05,大相撲（2026年） 名古屋場所 千秋楽🈑
香川,1 NHK総合1..,2026-07-26,15:30,大相撲（2026年） 名古屋場所 千秋楽 優勝力士・三賞力士インタビュー🈔🈑
香川,1 NHK総合1..,2026-07-26,18:00,ニュース🈑
香川,1 NHK総合1..,2026-07-26,18:05,有吉のお金発見 突撃！カネオくん 令和に再ブーム！RCカーのヒミツ🈑
香川,1 NHK総合1..,2026-07-26,18:45,ゆう6かがわサンデー
香川,1 NHK総合1..,2026-07-26,19:00,NHKニュース7🈔🈑
香川,1 NHK総合1..,2026-07-26,19:30,ダーウィンが来た！「最大の味方！最強のライバル！？動物兄弟」🈖🈑
香川,1 NHK総合1..,2026-07-26,20:00,豊臣兄弟！（29）天下への道🈖🈑
香川,1 NHK総合1..,2026-07-26,20:45,ニュース🈑🈐
香川,1 NHK総合1..,2026-07-26,20:55,ニュース・気象情報（四国）
香川,1 NHK総合1..,2026-07-26,21:00,NHKスペシャル 激変・安全保障 “力の支配”と揺らぐ国際秩序 日本の針路は🈑
香川,1 NHK総合1..,2026-07-26,22:00,サンデースポーツ🈑
香川,1 NHK総合1..,2026-07-26,22:50,ニュース・気象情報🈑
香川,1 NHK総合1..,2026-07-26,22:55,ハロー！NHKワールドJAPAN 7月の地域特集・山口県関連番組紹介🈑
香川,1 NHK総合1..,2026-07-26,23:00,DOC（ドック）3 あすへのカルテ（8）「暗闇の先へ」🈔🈑
香川,1 NHK総合1..,2026-07-26,23:59,連続テレビ小説「ひよっこ」再放送PR
香川,2 NHKEテレ..,2026-07-26,05:00,こころの時代 わからなさのなかで〜最首悟の思想をたどる〜🈑🈞
香川,2 NHKEテレ..,2026-07-26,06:00,NHK短歌 わたしの宮沢賢治 テーマ「月」🈑
香川,2 NHKEテレ..,2026-07-26,06:25,テレビ体操🈑
香川,2 NHKEテレ..,2026-07-26,06:35,NHK俳句 題「七夕」🈑
香川,2 NHKEテレ..,2026-07-26,07:00,第93回NHK全国学校音楽コンクール みんなの合唱レッスン・高等学校の部🈑
香川,2 NHKEテレ..,2026-07-26,07:10,第93回NHK全国学校音楽コンクール みんなの合唱レッスン・中学校の部🈑
香川,2 NHKEテレ..,2026-07-26,07:20,第93回NHK全国学校音楽コンクール みんなの合唱レッスン・小学校の部🈑
香川,2 NHKEテレ..,2026-07-26,07:30,おとうさんといっしょ「まねまねどんぐー」🈑🈞
香川,2 NHKEテレ..,2026-07-26,08:00,やさいの時間 みんなの菜園物語 兵庫県（後編）🈑
香川,2 NHKEテレ..,2026-07-26,08:25,趣味の園芸 京も一日陽だまり屋「の〜んびり 蘇鉄（そてつ）」🈑
香川,2 NHKEテレ..,2026-07-26,08:30,趣味の園芸 選 ステキをセレクト！タネから育てるコスモス🈑
香川,2 NHKEテレ..,2026-07-26,08:55,no art，no life「洋一」🈑
香川,2 NHKEテレ..,2026-07-26,09:00,日曜美術館 陶芸家ルーシー・リー 繊細でたくましい器🈑
香川,2 NHKEテレ..,2026-07-26,09:45,日曜美術館 アートシーン「まなざしの奇跡 日本女性写真家の冒険」展🈑
香川,2 NHKEテレ..,2026-07-26,10:00,将棋フォーカス 選 フォーカス流・観る将検定 第2回！🈑
香川,2 NHKEテレ..,2026-07-26,10:30,第76回 NHK杯テレビ将棋トーナメント 1回戦第17局 羽生九段×横山七段🈑
香川,2 NHKEテレ..,2026-07-26,12:00,囲碁フォーカス 選 知らずに使っている！？「囲碁用語」🈑
香川,2 NHKEテレ..,2026-07-26,12:30,第74回NHK杯テレビ囲碁トーナメント1回戦第17局酒井佑規七段×加藤千笑四段🈑
香川,2 NHKEテレ..,2026-07-26,14:00,日本の話芸 柳家蝠丸 落語「叩き蟹」🈖🈑
香川,2 NHKEテレ..,2026-07-26,14:30,アニメ 青のオーケストラ シーズン2（1）「ほころび」🈑
香川,2 NHKEテレ..,2026-07-26,14:55,アニメ 青のオーケストラ シーズン2（2）「波紋」🈑
香川,2 NHKEテレ..,2026-07-26,15:20,アニメ 青のオーケストラ シーズン2（3）「ケジメ」🈑
香川,2 NHKEテレ..,2026-07-26,15:45,アニメ 青のオーケストラ シーズン2（4）「体育祭」🈑
香川,2 NHKEテレ..,2026-07-26,16:10,ピタゴラミングスイッチ2🈑🈞
香川,2 NHKEテレ..,2026-07-26,16:30,ざわざわ森のがんこちゃん30周年スペシャルがんこのびっくりおたんじょうび会🈖🈑🈞
香川,2 NHKEテレ..,2026-07-26,17:00,アニメ アオアシ（17）東京都リーグ第7節 多摩体育大学附属高校戦🈑
香川,2 NHKEテレ..,2026-07-26,17:25,レディー・グレース 女王陛下のスパイ（4）「迷える女王」🈔🈑
香川,2 NHKEテレ..,2026-07-26,17:50,こども手話ウイークリー🈐
香川,2 NHKEテレ..,2026-07-26,18:00,木村多江の、いまさらですが… アメリカ建国の立役者 初代財務長官ハミルトン🈖🈑🈞
香川,2 NHKEテレ..,2026-07-26,18:30,ブリティッシュ・ベイクオフ6（17）チョコレート対決・前編🈔🈑🈞
香川,2 NHKEテレ..,2026-07-26,19:00,未病息災を願います 選「骨密度」が気になったら🈖🈑
香川,2 NHKEテレ..,2026-07-26,19:45,365日の献立日記「野菜ずし」🈑
香川,2 NHKEテレ..,2026-07-26,19:50,5分であさイチ 夏休みの“お昼ごはん”に革命を！🈑
香川,2 NHKEテレ..,2026-07-26,19:55,NHK手話ニュース🈐
香川,2 NHKEテレ..,2026-07-26,20:00,日曜美術館 滅びゆく写真 そして人類 現代美術作家・杉本博司🈑🈞
香川,2 NHKEテレ..,2026-07-26,20:45,日曜美術館 アートシーン「元禄！師宣劇場」展🈑
香川,2 NHKEテレ..,2026-07-26,21:00,古典芸能への招待 歌舞伎「近江源氏先陣館 盛綱陣屋」大阪松竹座さよなら公演🈕🈑
香川,2 NHKEテレ..,2026-07-26,23:00,美の壺 選「小さな芸術 干菓子」🈑
香川,2 NHKEテレ..,2026-07-26,23:30,サイエンスZERO“次世代塗料”が未来を塗り替える！？🈖🈑
香川,4 RNC西日本..,2026-07-26,05:00,テレビショッピング
香川,4 RNC西日本..,2026-07-26,05:30,ビッグ・フィッシング「滋賀・安曇川広瀬でアユの友釣り」
香川,4 RNC西日本..,2026-07-26,06:00,小峠英二のなんて美だ！「盆栽＃213」
香川,4 RNC西日本..,2026-07-26,06:15,NNNニュースサンデー🈐
香川,4 RNC西日本..,2026-07-26,06:30,日本のチカラ🈑「夜須町リメイク物語 〜地元を紡ぐデザイナー〜」
香川,4 RNC西日本..,2026-07-26,07:00,所さんの目がテン！🈑所さんと奥田民生さんが絶品イノシシ肉で燻製作り⁉
香川,4 RNC西日本..,2026-07-26,07:30,シューイチ🈑🈓8月から変わること＆新スポット▽秋山＆平子が南房総の体格グルメ堪能
香川,4 RNC西日本..,2026-07-26,10:25,東野・岡村の旅猿27▼イルカショーでずぶ濡れ＆能登の豪華舟盛りに感動
香川,4 RNC西日本..,2026-07-26,10:55,ルック 〜地域発・輝くビジネス〜「大同塗装」
香川,4 RNC西日本..,2026-07-26,11:10,おしえて！四千頭身「話題の美筋ヨガ第2弾④」
香川,4 RNC西日本..,2026-07-26,11:25,みどころ
香川,4 RNC西日本..,2026-07-26,11:30,NNN ストレイトニュース🈑
香川,4 RNC西日本..,2026-07-26,11:40,上沼・高田のクギズケ！ 水谷豊の娘婿に文春砲▽W杯でトランプ氏が大批判🈑
香川,4 RNC西日本..,2026-07-26,12:35,イッテQ！🈞家族みんなで楽しめる！出川、宮川、ガンバレ…今夜だけ㊙映像大放出SP
香川,4 RNC西日本..,2026-07-26,13:30,そこまで言って委員会NP 「大戦争時代」SP！戦争終結シナリオを徹底討論🈑
香川,4 RNC西日本..,2026-07-26,15:00,オモウマい店🈞【愛知】夢のリブロース塊焼き肉‼【大阪】秋の悪魔的フレンチ‼
香川,4 RNC西日本..,2026-07-26,15:55,踊る！さんま御殿🈞アウトドアVSインドア猛暑をどう乗り切る？大杉漣の長男が初登場
香川,4 RNC西日本..,2026-07-26,16:55,月曜から夜ふかし
香川,4 RNC西日本..,2026-07-26,17:25,RNC Just News
香川,4 RNC西日本..,2026-07-26,17:30,笑点🈖🈑🈓城島茂が座布団運び「ザ！鉄腕！DASH！！」×「笑点」夢のコラボDAY
香川,4 RNC西日本..,2026-07-26,18:00,真相報道バンキシャ！🈑独自分析…熱中症患者10人の行動に教訓▽花火大会で湿度検証
香川,4 RNC西日本..,2026-07-26,18:55,博士は今日も嫉妬する 人生が楽しくなる最新テクノロジー🈑
香川,4 RNC西日本..,2026-07-26,19:00,ザ！鉄腕！DASH！！▽笑点60周年記念夏祭り！師匠全員参加で巨大お好み焼き！🈑
香川,4 RNC西日本..,2026-07-26,19:58,イッテQ【お祭り男宮川＆二代目手越】フィンランドで丸太乗って川を下る木材選手権🈑
香川,4 RNC西日本..,2026-07-26,20:54,RNCニューススポット
香川,4 RNC西日本..,2026-07-26,21:00,ゴールデンストーンズ▽番組史上最大‼人気芸人軍団と総勢31名の大混戦バトル🈑
香川,4 RNC西日本..,2026-07-26,21:54,天気予報
香川,4 RNC西日本..,2026-07-26,22:00,おしゃれクリップ🈖🈑出川哲朗はなぜ愛される？▼妻や一茂が忖度なしでガチ素顔告白
香川,4 RNC西日本..,2026-07-26,22:30,ドラマ「一次元の挿し木」第4話【激動の真相が発覚…古人骨と義妹を巡る謎】🈖🈑🈓
香川,4 RNC西日本..,2026-07-26,23:25,ダウンタウンのガキの使い！10人で男の勲章歌い切り！エース＆小田参戦で大波乱🈑
香川,4 RNC西日本..,2026-07-26,23:55,Going！🈑生出演！渡邊雄太が明かす日本バスケの進化▼赤星絶賛！怪物高校生
香川,5 瀬戸内海放送,2026-07-26,04:45,お買い物情報
香川,5 瀬戸内海放送,2026-07-26,05:15,KSBお天気レーダー
香川,5 瀬戸内海放送,2026-07-26,05:20,テレメンタリー2026「落とし穴〜袴田事件60年と再審法改正の闇」🈑
香川,5 瀬戸内海放送,2026-07-26,05:50,グッド！モーニング🈓🈑
香川,5 瀬戸内海放送,2026-07-26,08:00,よ〜い！スターと！トビダスクール しなことリボンでTシャツデコ！🈓🈑
香川,5 瀬戸内海放送,2026-07-26,08:30,名探偵プリキュア！ ＃26 キュアエクレールの復活！🈓🈑
香川,5 瀬戸内海放送,2026-07-26,09:00,仮面ライダーゼッツ 第45話「惑わす」🈓🈑
香川,5 瀬戸内海放送,2026-07-26,09:30,🈟角醒ハンター オメガホーン 第1話「角醒せよ！赤き角獣王！」🈓🈑
香川,5 瀬戸内海放送,2026-07-26,10:00,題名のない音楽会「オペラ歌手が秘密を打ち明ける休日」🈑
香川,5 瀬戸内海放送,2026-07-26,10:30,クレヨンしんちゃん 【酔いどれ母ちゃんだゾ】🈀🈑🈖
香川,5 瀬戸内海放送,2026-07-26,11:00,START UP！ドリームエンタ BUDDiiSがレーヴ・デ・リュミエールに潜入！
香川,5 瀬戸内海放送,2026-07-26,11:45,スパちゃんねる
香川,5 瀬戸内海放送,2026-07-26,11:50,ANNニュース🈑
香川,5 瀬戸内海放送,2026-07-26,12:00,ビートたけしのTVタックル 昭和は驚きの光景が…令和のゴミ問題＆激安リユース店🈑
香川,5 瀬戸内海放送,2026-07-26,12:55,新婚さんいらっしゃい！ オーストラリア在住夫婦出場！親戚100人大運動会⁉ 🈖🈑
香川,5 瀬戸内海放送,2026-07-26,13:25,華丸丼と大吉麺 荻窪で発見！あのドラマの監修をした三ツ星店の斬新沖縄そば🈑
香川,5 瀬戸内海放送,2026-07-26,13:55,林修の今知りたいでしょ！ 傑作選 帯状疱疹・脳卒中・糖尿病！意外な病気のサイン🈑
香川,5 瀬戸内海放送,2026-07-26,15:20,路線バスで寄り道の旅 【世界の青木と徳光さんが願いをかなえる珍道中！】🈑
香川,5 瀬戸内海放送,2026-07-26,16:30,マツコ＆有吉 かりそめ天国 ぶらり新幹線こだま旅 豊橋グルメ＆琵琶湖の絶景宿🈞
香川,5 瀬戸内海放送,2026-07-26,17:25,with盲導犬
香川,5 瀬戸内海放送,2026-07-26,17:30,ANNスーパーJチャンネル🈑
香川,5 瀬戸内海放送,2026-07-26,18:00,相葉マナブ 初登場！timelesz佐藤勝利と地引き網！相模湾で何が獲れる？🈑
香川,5 瀬戸内海放送,2026-07-26,18:52,高校生と見つける、私たちのSDGs
香川,5 瀬戸内海放送,2026-07-26,18:56,ポツンと一軒家 2時間SP！84歳チェーンソーアート挑戦！BBQ＆絶景岩風呂🈑
香川,5 瀬戸内海放送,2026-07-26,20:56,有働Times🈑
香川,5 瀬戸内海放送,2026-07-26,22:15,マイ・フィクション ＃4 刑務所にいるはずの人間🈖🈑
香川,5 瀬戸内海放送,2026-07-26,23:09,KSBお天気レーダー
香川,5 瀬戸内海放送,2026-07-26,23:15,EIGHT－JAM 【中森明菜特集‼松田聖子・小泉今日子との関係、振付秘話…】🈑
香川,6 RSKテレビ1,2026-07-26,05:00,テレビショッピング
香川,6 RSKテレビ1,2026-07-26,05:30,爆釣り！？FiSHパレード【狙うはブリ！とんでもないパワーに大興奮！】🈞
香川,6 RSKテレビ1,2026-07-26,05:45,西乃風ブラン堂 滋賀県東近江市◆シャッター商店街に大行列！地元愛が生んだデニム🈞
香川,6 RSKテレビ1,2026-07-26,06:15,SUNDAYスマイルGOLF【すしプロ熱血指導！坂井のドライバーが劇的改善⁉】
香川,6 RSKテレビ1,2026-07-26,06:30,石田好伸の就活おたすけマン 情熱リーダーズ「カザケン」
香川,6 RSKテレビ1,2026-07-26,06:45,JNNニュース🈐
香川,6 RSKテレビ1,2026-07-26,07:00,健康カプセル！ゲンキの時間🈖🈑侮っていると一大事に！？消えないあざに隠れた恐怖
香川,6 RSKテレビ1,2026-07-26,07:30,がっちりマンデー‼CMで良く見るけど知らない会社！渡辺パイプ、INPEX、NGK
香川,6 RSKテレビ1,2026-07-26,08:00,サンデーモーニング🈑高市総理“寝てない”投稿の波紋▽消費税“迷走”と骨太ショック
香川,6 RSKテレビ1,2026-07-26,09:54,天気予報
香川,6 RSKテレビ1,2026-07-26,10:00,サンデー・ジャポン 延長国会閉幕…議員直撃！▽堺雅人が緊急生出演！スタジオ生考察
香川,6 RSKテレビ1,2026-07-26,11:25,晴れの国 生き活きテレビ（字幕スーパー）
香川,6 RSKテレビ1,2026-07-26,11:30,ココロ踊るトキを RSK
香川,6 RSKテレビ1,2026-07-26,11:35,上田晋也のサンデーQ🈑堺雅人が生出演「VIVANT」エキストラは4千人！聖地先取り巡礼
香川,6 RSKテレビ1,2026-07-26,12:54,ココロ踊るトキを RSK
香川,6 RSKテレビ1,2026-07-26,13:00,よしもと新喜劇【恋の取り立て、回収不能！？】🈑
香川,6 RSKテレビ1,2026-07-26,14:00,アンガールズの絶景アイランド あばれる君とB&ZAI川﨑星輝が夏の島で絶景探し！
香川,6 RSKテレビ1,2026-07-26,15:00,文武〜知力と体力の二刀流クイズバトル〜★SASUKE山田VS五輪金メダリスト鏡！🈑
香川,6 RSKテレビ1,2026-07-26,15:30,VOICE de GO！ 週末ちょい旅へGO!ご当地めし＆名所巡り!児島〜丸亀・坂出🈞
香川,6 RSKテレビ1,2026-07-26,16:30,レッツゴー怪奇組 第四怪🈑
香川,6 RSKテレビ1,2026-07-26,17:00,日5「正反対な君と僕」 ＃16「新学期」🈑🈓
香川,6 RSKテレビ1,2026-07-26,17:30,Nスタ🈑 「飛鳥・藤原の宮都」が世界遺産新登録なるか▽「土用の丑の日」うなぎ店は
香川,6 RSKテレビ1,2026-07-26,18:00,世界遺産／バリ島 1000年続く棚田の絶景（インドネシア）🈖🈑
香川,6 RSKテレビ1,2026-07-26,18:30,ベスコングルメ★夏の軽井沢SP・そば通DEEN池森オススメの手打ちそば名店へ🈖🈑🈓
香川,6 RSKテレビ1,2026-07-26,19:00,バナナマンのせっかくグルメ★VIVANT堺雅人＆濱田岳と日村が人気リゾート地🈑🈓
香川,6 RSKテレビ1,2026-07-26,20:00,VIVANT直前生放送★堺×阿部×二宮×松坂が集結！今からでも間に合うSPダイジェスト🈑
香川,6 RSKテレビ1,2026-07-26,21:00,🈟日曜劇場「VIVANT」第11話🈖🈑
香川,6 RSKテレビ1,2026-07-26,22:19,RSKニュース
香川,6 RSKテレビ1,2026-07-26,22:25,日曜日の初耳学◆堺雅人×林修『VIVANT』放送直後90分SP阿部寛＆初出しメイキング映像
香川,6 RSKテレビ1,2026-07-26,23:49,天気予報
香川,6 RSKテレビ1,2026-07-26,23:55,黒猫と魔女の教室🈑🈓 ＃16「イオ・トーラス がんばります」【アガルアニメ】
香川,7 TSCテレビ..,2026-07-26,05:00,ショップジャパン
香川,7 TSCテレビ..,2026-07-26,05:30,ウワサのお茶石鹸で感動の若見え！！
香川,7 TSCテレビ..,2026-07-26,06:00,THEフィッシング 村つる18 富士山をバックにキャスト！ ショアジギング🈞
香川,7 TSCテレビ..,2026-07-26,06:30,ショップジャパン
香川,7 TSCテレビ..,2026-07-26,07:00,アニもり！🈑
香川,7 TSCテレビ..,2026-07-26,07:30,ポケモンとどこいく！？【チャンピオンズ対決に派手刺客でバトル部ピンチ！】🈑🈓
香川,7 TSCテレビ..,2026-07-26,08:30,トミプラワールドのりのりタイムズ！！🈑
香川,7 TSCテレビ..,2026-07-26,09:00,ギャビーのドールハウス 118話 新しい家族のベニー・ボックス（前編）🈑🈔
香川,7 TSCテレビ..,2026-07-26,09:15,ぷにるんず ぷに3 第17話『くーるんとカチコチあいるん♪』🈞🈑
香川,7 TSCテレビ..,2026-07-26,09:30,おねがいアイプリ あおいとおねがいかなえ隊🈑
香川,7 TSCテレビ..,2026-07-26,10:00,武井壮のゴルフバッグ担いでください▽永久保存版！宮里優作プロのゴルフレッスン🈑
香川,7 TSCテレビ..,2026-07-26,10:30,優香のサンデークッキング【レンジde簡単ナスキーマ&グリルde焼きナス】🈑
香川,7 TSCテレビ..,2026-07-26,11:00,やすとものどこいこ！？ 心斎橋・本町界隈でどこいこ！？
香川,7 TSCテレビ..,2026-07-26,12:00,この街をつなぐ〜地域完結の医療に挑む〜
香川,7 TSCテレビ..,2026-07-26,12:30,未知なる野草のチカラに迫る！
香川,7 TSCテレビ..,2026-07-26,13:00,アンコールアワー「開運！なんでも鑑定団」【世界初カラオケ機＆伝説絵師大作・前編】
香川,7 TSCテレビ..,2026-07-26,14:00,大東建託・いい部屋ネットレディス🈑
香川,7 TSCテレビ..,2026-07-26,15:15,リンリン！未来にリンク  岡山市
香川,7 TSCテレビ..,2026-07-26,15:20,日曜ワイド「保険犯罪調査員 佐伯初音 空白の起点」🈖🈞
香川,7 TSCテレビ..,2026-07-26,17:15,天気予報
香川,7 TSCテレビ..,2026-07-26,17:20,TXNニュース🈑🈐
香川,7 TSCテレビ..,2026-07-26,17:25,TSCnews
香川,7 TSCテレビ..,2026-07-26,17:30,鉄鍋のジャン！「毒を御す者」🈑
香川,7 TSCテレビ..,2026-07-26,18:00,パズドラ「吹き矢コンボバトル／もう一度見たい！アニメセレクション」🈑🈓
香川,7 TSCテレビ..,2026-07-26,18:30,日本の海を守る！海上保安庁の激ヤバすぎる最前線100連発SP🈑🈓
香川,7 TSCテレビ..,2026-07-26,20:50,家、ついて行ってイイですか？菊池風磨愛止まらない女子＆妻夫木涙…亡き妻への想い🈑
香川,7 TSCテレビ..,2026-07-26,21:54,天気予報
香川,7 TSCテレビ..,2026-07-26,22:00,有吉ぃぃeeeee!【アモアス】クセ者10人でダマし合い！裏切り者は誰だ？🈑
香川,7 TSCテレビ..,2026-07-26,22:48,TSCnews
香川,7 TSCテレビ..,2026-07-26,22:54,スポーツリアライブ
香川,7 TSCテレビ..,2026-07-26,23:20,Weekly女子ゴルフ
香川,7 TSCテレビ..,2026-07-26,23:45,ふつつかな悪女ではございますが〜雛宮蝶鼠とりかえ伝〜 第3 話🈑
香川,8 OHK,2026-07-26,04:50,ダイレクトテレショップ＃34
香川,8 OHK,2026-07-26,05:20,OHKてれび時評＃323🈑
香川,8 OHK,2026-07-26,05:30,皇室ご一家＃2365🈑
香川,8 OHK,2026-07-26,05:45,釣りごろつられごろ【本格シーズン到来！漁火に誘われるケンサキイカ】
香川,8 OHK,2026-07-26,06:00,FNNニュース🈑
香川,8 OHK,2026-07-26,06:15,GO！GO！チャギントン＃17🈑🈔
香川,8 OHK,2026-07-26,06:30,日本一ふつうで美味しい植野食堂 by dancyu
香川,8 OHK,2026-07-26,07:00,SUNDAYブレイク． 千葉県勝浦でオズワルド伊藤が絶叫アクティビティ体験🈑🈕🈓
香川,8 OHK,2026-07-26,08:25,そ〜だったのかンパニー【アトツギ大集合SP前編】
香川,8 OHK,2026-07-26,08:55,CONNECTOR【木下サーカス  木下唯志  代表取締役社長】
香川,8 OHK,2026-07-26,09:00,DIGIMON BEATBREAK【消せない夜】 ＃40🈑🈖
香川,8 OHK,2026-07-26,09:30,テレビアニメ「鬼滅の刃」シリーズ全編再放送【竈門炭治郎 立志編】🈑🈖🈓
香川,8 OHK,2026-07-26,10:00,かのサンド🈑
香川,8 OHK,2026-07-26,11:15,ミラモンGOLD🈑
香川,8 OHK,2026-07-26,11:45,OH！コレ
香川,8 OHK,2026-07-26,11:50,FNN Live News days🈑
香川,8 OHK,2026-07-26,12:00,GTO ＃09🈞🈑🈖【鬼塚の伝説はここから始まった！反町隆史 松嶋菜々子】
香川,8 OHK,2026-07-26,13:00,GTO ＃10🈞🈑🈖【鬼塚の伝説はここから始まった！反町隆史 松嶋菜々子】
香川,8 OHK,2026-07-26,14:00,ザ・ノンフィクション 上京物語2026 〜新人美容師 夢の別れ道〜後編＃19🈑
香川,8 OHK,2026-07-26,15:00,競馬BEAT【第43回東海ステークス（GⅢ）▽第61回関屋記念（GⅢ）】
香川,8 OHK,2026-07-26,16:00,有吉くんの正直さんぽ＃13🈑
香川,8 OHK,2026-07-26,17:30,FNN Live News イット！🈑
香川,8 OHK,2026-07-26,18:00,ちびまる子ちゃん【隣町の男子とプールで勝負する／たまちゃんちで日曜大工を】🈑🈖
香川,8 OHK,2026-07-26,18:30,サザエさん【憧れの松／うっかりでしっかり ほか】🈑🈖🈓
香川,8 OHK,2026-07-26,19:00,千鳥の鬼レンチャン◆鬼ハード初代女王誕生？STU池ちゃん＆高橋成美サビカラ登場🈑
香川,8 OHK,2026-07-26,21:00,Mr．サンデー🈑🈓
香川,8 OHK,2026-07-26,23:09,OH！コレ
香川,8 OHK,2026-07-26,23:15,ワンピース【エルバフの大罪人 冥界のロキ解放！？】🈑🈖
香川,8 OHK,2026-07-26,23:45,すぽると！ 大谷翔平のストレートは軌道が読めない⁉スター証言＆脳科学から紐解く🈑
徳島,1 四国放送1,2026-07-26,04:40,テレビショッピング
徳島,1 四国放送1,2026-07-26,05:10,テレビショッピング
徳島,1 四国放送1,2026-07-26,05:40,テレビショッピング
徳島,1 四国放送1,2026-07-26,06:10,24時間テレビリポート🈐🈑
徳島,1 四国放送1,2026-07-26,06:15,NNNニュースサンデー🈐
徳島,1 四国放送1,2026-07-26,06:30,ポケットモンスター【ミアレシティ！新たな出会い】
徳島,1 四国放送1,2026-07-26,07:00,所さんの目がテン！🈑所さんと奥田民生さんが絶品イノシシ肉で燻製作り⁉
徳島,1 四国放送1,2026-07-26,07:30,シューイチ🈑🈓8月から変わること＆新スポット▽秋山＆平子が南房総の体格グルメ堪能
徳島,1 四国放送1,2026-07-26,10:25,週刊フォーカス徳島 ◇牟岐で熱中症一人死亡◇ブルーインパルス飛行
徳島,1 四国放送1,2026-07-26,11:05,KICK OFF！ TOKUSHIMA J2優勝へヴォルティス真夏の宮崎キャンプ
徳島,1 四国放送1,2026-07-26,11:20,TOKUSHIMA NEXT
徳島,1 四国放送1,2026-07-26,11:25,徳島新聞ニュース
徳島,1 四国放送1,2026-07-26,11:30,NNN ストレイトニュース🈑
徳島,1 四国放送1,2026-07-26,11:40,上沼・高田のクギズケ！ 水谷豊の娘婿に文春砲▽W杯でトランプ氏が大批判🈑
徳島,1 四国放送1,2026-07-26,12:35,出川哲朗の充電させてもらえませんか？シュガーロードの旅SP！【福岡⇒佐賀】後編
徳島,1 四国放送1,2026-07-26,13:30,そこまで言って委員会NP 「大戦争時代」SP！戦争終結シナリオを徹底討論🈑
徳島,1 四国放送1,2026-07-26,15:00,24時間テレビ企画大公開SP🈑総合司会は内村光良！テーマは「わたしの家族の話」
徳島,1 四国放送1,2026-07-26,15:55,【アメリカ横断ウルトラクイズ】新MC櫻井翔！地球一周特大スケールで復活SP🈑
徳島,1 四国放送1,2026-07-26,16:55,サンデーPUSHスポーツ🈑ここが辛いよ救援投手…巨人SP！WBC戦士が本音を激白
徳島,1 四国放送1,2026-07-26,17:25,徳島新聞ニュース
徳島,1 四国放送1,2026-07-26,17:30,笑点🈖🈑🈓城島茂が座布団運び「ザ！鉄腕！DASH！！」×「笑点」夢のコラボDAY
徳島,1 四国放送1,2026-07-26,18:00,真相報道バンキシャ！🈑独自分析…熱中症患者10人の行動に教訓▽花火大会で湿度検証
徳島,1 四国放送1,2026-07-26,18:55,博士は今日も嫉妬する 人生が楽しくなる最新テクノロジー🈑
徳島,1 四国放送1,2026-07-26,19:00,ザ！鉄腕！DASH！！▽笑点60周年記念夏祭り！師匠全員参加で巨大お好み焼き！🈑
徳島,1 四国放送1,2026-07-26,19:58,イッテQ【お祭り男宮川＆二代目手越】フィンランドで丸太乗って川を下る木材選手権🈑
徳島,1 四国放送1,2026-07-26,20:54,天気予報
徳島,1 四国放送1,2026-07-26,21:00,ゴールデンストーンズ▽番組史上最大‼人気芸人軍団と総勢31名の大混戦バトル🈑
徳島,1 四国放送1,2026-07-26,21:54,徳島新聞ニュース
徳島,1 四国放送1,2026-07-26,22:00,おしゃれクリップ🈖🈑出川哲朗はなぜ愛される？▼妻や一茂が忖度なしでガチ素顔告白
徳島,1 四国放送1,2026-07-26,22:30,ドラマ「一次元の挿し木」第4話【激動の真相が発覚…古人骨と義妹を巡る謎】🈖🈑🈓
徳島,1 四国放送1,2026-07-26,23:25,ダウンタウンのガキの使い！10人で男の勲章歌い切り！エース＆小田参戦で大波乱🈑
徳島,1 四国放送1,2026-07-26,23:55,Going！🈑生出演！渡邊雄太が明かす日本バスケの進化▼赤星絶賛！怪物高校生
徳島,2 NHKEテレ..,2026-07-26,05:00,こころの時代 わからなさのなかで〜最首悟の思想をたどる〜🈑🈞
徳島,2 NHKEテレ..,2026-07-26,06:00,NHK短歌 わたしの宮沢賢治 テーマ「月」🈑
徳島,2 NHKEテレ..,2026-07-26,06:25,テレビ体操🈑
徳島,2 NHKEテレ..,2026-07-26,06:35,NHK俳句 題「七夕」🈑
徳島,2 NHKEテレ..,2026-07-26,07:00,第93回NHK全国学校音楽コンクール みんなの合唱レッスン・高等学校の部🈑
徳島,2 NHKEテレ..,2026-07-26,07:10,第93回NHK全国学校音楽コンクール みんなの合唱レッスン・中学校の部🈑
徳島,2 NHKEテレ..,2026-07-26,07:20,第93回NHK全国学校音楽コンクール みんなの合唱レッスン・小学校の部🈑
徳島,2 NHKEテレ..,2026-07-26,07:30,おとうさんといっしょ「まねまねどんぐー」🈑🈞
徳島,2 NHKEテレ..,2026-07-26,08:00,やさいの時間 みんなの菜園物語 兵庫県（後編）🈑
徳島,2 NHKEテレ..,2026-07-26,08:25,趣味の園芸 京も一日陽だまり屋「の〜んびり 蘇鉄（そてつ）」🈑
徳島,2 NHKEテレ..,2026-07-26,08:30,趣味の園芸 選 ステキをセレクト！タネから育てるコスモス🈑
徳島,2 NHKEテレ..,2026-07-26,08:55,no art，no life「洋一」🈑
徳島,2 NHKEテレ..,2026-07-26,09:00,日曜美術館 陶芸家ルーシー・リー 繊細でたくましい器🈑
徳島,2 NHKEテレ..,2026-07-26,09:45,日曜美術館 アートシーン「まなざしの奇跡 日本女性写真家の冒険」展🈑
徳島,2 NHKEテレ..,2026-07-26,10:00,将棋フォーカス 選 フォーカス流・観る将検定 第2回！🈑
徳島,2 NHKEテレ..,2026-07-26,10:30,第76回 NHK杯テレビ将棋トーナメント 1回戦第17局 羽生九段×横山七段🈑
徳島,2 NHKEテレ..,2026-07-26,12:00,囲碁フォーカス 選 知らずに使っている！？「囲碁用語」🈑
徳島,2 NHKEテレ..,2026-07-26,12:30,第74回NHK杯テレビ囲碁トーナメント1回戦第17局酒井佑規七段×加藤千笑四段🈑
徳島,2 NHKEテレ..,2026-07-26,14:00,日本の話芸 柳家蝠丸 落語「叩き蟹」🈖🈑
徳島,2 NHKEテレ..,2026-07-26,14:30,アニメ 青のオーケストラ シーズン2（1）「ほころび」🈑
徳島,2 NHKEテレ..,2026-07-26,14:55,アニメ 青のオーケストラ シーズン2（2）「波紋」🈑
徳島,2 NHKEテレ..,2026-07-26,15:20,アニメ 青のオーケストラ シーズン2（3）「ケジメ」🈑
徳島,2 NHKEテレ..,2026-07-26,15:45,アニメ 青のオーケストラ シーズン2（4）「体育祭」🈑
徳島,2 NHKEテレ..,2026-07-26,16:10,ピタゴラミングスイッチ2🈑🈞
徳島,2 NHKEテレ..,2026-07-26,16:30,ざわざわ森のがんこちゃん30周年スペシャルがんこのびっくりおたんじょうび会🈖🈑🈞
徳島,2 NHKEテレ..,2026-07-26,17:00,アニメ アオアシ（17）東京都リーグ第7節 多摩体育大学附属高校戦🈑
徳島,2 NHKEテレ..,2026-07-26,17:25,レディー・グレース 女王陛下のスパイ（4）「迷える女王」🈔🈑
徳島,2 NHKEテレ..,2026-07-26,17:50,こども手話ウイークリー🈐
徳島,2 NHKEテレ..,2026-07-26,18:00,木村多江の、いまさらですが… アメリカ建国の立役者 初代財務長官ハミルトン🈖🈑🈞
徳島,2 NHKEテレ..,2026-07-26,18:30,ブリティッシュ・ベイクオフ6（17）チョコレート対決・前編🈔🈑🈞
徳島,2 NHKEテレ..,2026-07-26,19:00,未病息災を願います 選「骨密度」が気になったら🈖🈑
徳島,2 NHKEテレ..,2026-07-26,19:45,365日の献立日記「野菜ずし」🈑
徳島,2 NHKEテレ..,2026-07-26,19:50,5分であさイチ 夏休みの“お昼ごはん”に革命を！🈑
徳島,2 NHKEテレ..,2026-07-26,19:55,NHK手話ニュース🈐
徳島,2 NHKEテレ..,2026-07-26,20:00,日曜美術館 滅びゆく写真 そして人類 現代美術作家・杉本博司🈑🈞
徳島,2 NHKEテレ..,2026-07-26,20:45,日曜美術館 アートシーン「元禄！師宣劇場」展🈑
徳島,2 NHKEテレ..,2026-07-26,21:00,古典芸能への招待 歌舞伎「近江源氏先陣館 盛綱陣屋」大阪松竹座さよなら公演🈕🈑
徳島,2 NHKEテレ..,2026-07-26,23:00,美の壺 選「小さな芸術 干菓子」🈑
徳島,2 NHKEテレ..,2026-07-26,23:30,サイエンスZERO“次世代塗料”が未来を塗り替える！？🈖🈑
徳島,3 NHK総合1..,2026-07-26,05:00,ニュース・気象情報
徳島,3 NHK総合1..,2026-07-26,05:10,Jリーグと私 あの試合を忘れない ＃17 横浜FM🈑
徳島,3 NHK総合1..,2026-07-26,05:15,週末のNスペは… 激変・安全保障 日本の進路は🈑
徳島,3 NHK総合1..,2026-07-26,05:20,桂文珍の演芸図鑑 レ・ロマネスクTOBI 柳亭小燕枝 三拍子🈑
徳島,3 NHK総合1..,2026-07-26,05:50,気象情報
徳島,3 NHK総合1..,2026-07-26,05:55,にっぽん百名山ミニ 3min「夏 五竜岳」🈑
徳島,3 NHK総合1..,2026-07-26,05:58,巡る世界絶景 ベネチアの冬🅍
徳島,3 NHK総合1..,2026-07-26,06:00,ニュース
徳島,3 NHK総合1..,2026-07-26,06:10,【特選！時代劇】大岡越前8 🈟（1）「燃える牢屋敷」🈖🈑
徳島,3 NHK総合1..,2026-07-26,06:53,気象情報
徳島,3 NHK総合1..,2026-07-26,06:55,ニュース・気象情報（四国）
徳島,3 NHK総合1..,2026-07-26,07:00,NHKニュース おはよう日本 7月26日（日）🈑
徳島,3 NHK総合1..,2026-07-26,07:40,ニュース・気象情報（四国）
徳島,3 NHK総合1..,2026-07-26,07:45,さわやか自然百景 青森 屏風山湿原池沼群🈑
徳島,3 NHK総合1..,2026-07-26,08:00,小さな旅「大原を継ぐ 〜京都市 左京区〜」🈖🈑
徳島,3 NHK総合1..,2026-07-26,08:25,Dearにっぽん「私たちが新聞を書く理由〜滋賀・虎姫高校〜」🈑
徳島,3 NHK総合1..,2026-07-26,08:50,あさイチの鈴木奈穂子アナが「NHK ONE」を解説🈑
徳島,3 NHK総合1..,2026-07-26,08:57,気象情報
徳島,3 NHK総合1..,2026-07-26,09:00,日曜討論 徹底解説！暑さはどこまで？対策は
徳島,3 NHK総合1..,2026-07-26,10:00,ニュース・気象情報🈑
徳島,3 NHK総合1..,2026-07-26,10:05,明日をまもるナビ選196 都市を襲う水害 内水氾濫〜見えない危険にどう備える🈖🈑
徳島,3 NHK総合1..,2026-07-26,10:30,5分であさイチ（4）知ってトクする旅行術（2）バッグの詰め方🈑
徳島,3 NHK総合1..,2026-07-26,10:35,ゆったり温泉ひとり旅 北海道・登別温泉🈑
徳島,3 NHK総合1..,2026-07-26,11:04,ニュース🈑
徳島,3 NHK総合1..,2026-07-26,11:05,あしたが変わるトリセツショー 骨ケアで健康革命！今すぐできる運動＆食事ワザ🈖🈑🈞
徳島,3 NHK総合1..,2026-07-26,11:50,ふすま絵 奇跡の再会🈑
徳島,3 NHK総合1..,2026-07-26,11:54,気象情報
徳島,3 NHK総合1..,2026-07-26,12:00,ニュース🈑
徳島,3 NHK総合1..,2026-07-26,12:10,ニュース（四国）
徳島,3 NHK総合1..,2026-07-26,12:15,NHKのど自慢 熱唱熱演名場面 2026 Part1🈑
徳島,3 NHK総合1..,2026-07-26,12:55,ドキュメント72時間PR ドキュメント72時間の作り方＜編集・ナレーション編＞🈑
徳島,3 NHK総合1..,2026-07-26,13:00,ニュース・気象情報🈑
徳島,3 NHK総合1..,2026-07-26,13:05,ダーウィンが来た！「相葉さんと探せ！ミクロいきもの超ワールド」🈖🈑🈞
徳島,3 NHK総合1..,2026-07-26,13:35,さわやか自然百景10min．（37）兵庫 猫崎の海と黒川渓谷🈑
徳島,3 NHK総合1..,2026-07-26,13:45,JAPAN DELISH 5min カレーライス🈑
徳島,3 NHK総合1..,2026-07-26,13:50,アニメまとめPR 放送中！注目の3番組ほか🈑
徳島,3 NHK総合1..,2026-07-26,13:55,プロフェッショナル 仕事の流儀 旅する家族、春をつなぐ〜養蜂家・藤井髙治〜🈖🈑🈞
徳島,3 NHK総合1..,2026-07-26,14:40,秀サルでもわかる 豊臣兄弟！ なんで豊臣兄弟は明智光秀に勝てたの？🈑
徳島,3 NHK総合1..,2026-07-26,14:45,あしたが変わるトリセツショー 番外編 フレイル対策15分エクササイズ🈑
徳島,3 NHK総合1..,2026-07-26,15:00,ニュース・気象情報🈑
徳島,3 NHK総合1..,2026-07-26,15:05,大相撲（2026年） 名古屋場所 千秋楽🈑
徳島,3 NHK総合1..,2026-07-26,15:30,大相撲（2026年） 名古屋場所 千秋楽 優勝力士・三賞力士インタビュー🈔🈑
徳島,3 NHK総合1..,2026-07-26,18:00,ニュース🈑
徳島,3 NHK総合1..,2026-07-26,18:05,有吉のお金発見 突撃！カネオくん 令和に再ブーム！RCカーのヒミツ🈑
徳島,3 NHK総合1..,2026-07-26,18:45,とくしま645
徳島,3 NHK総合1..,2026-07-26,19:00,NHKニュース7🈔🈑
徳島,3 NHK総合1..,2026-07-26,19:30,ダーウィンが来た！「最大の味方！最強のライバル！？動物兄弟」🈖🈑
徳島,3 NHK総合1..,2026-07-26,20:00,豊臣兄弟！（29）天下への道🈖🈑
徳島,3 NHK総合1..,2026-07-26,20:45,ニュース🈑🈐
徳島,3 NHK総合1..,2026-07-26,20:55,ニュース・気象情報（四国）
徳島,3 NHK総合1..,2026-07-26,21:00,NHKスペシャル 激変・安全保障 “力の支配”と揺らぐ国際秩序 日本の針路は🈑
徳島,3 NHK総合1..,2026-07-26,22:00,サンデースポーツ🈑
徳島,3 NHK総合1..,2026-07-26,22:50,ニュース・気象情報🈑
徳島,3 NHK総合1..,2026-07-26,22:55,ハロー！NHKワールドJAPAN 7月の地域特集・山口県関連番組紹介🈑
徳島,3 NHK総合1..,2026-07-26,23:00,DOC（ドック）3 あすへのカルテ（8）「暗闇の先へ」🈔🈑
徳島,3 NHK総合1..,2026-07-26,23:59,連続テレビ小説「ひよっこ」再放送PR
徳島,4 MBS毎日放送,2026-07-26,05:00,映像’26「異教の隣人たち 〜ともに歩めるのか〜」🈑
徳島,4 MBS毎日放送,2026-07-26,06:00,MBS NEWS DIG
徳島,4 MBS毎日放送,2026-07-26,06:15,京都知新【篠笛奏者 森田 玲 森田香織】
徳島,4 MBS毎日放送,2026-07-26,06:30,皇室アルバム
徳島,4 MBS毎日放送,2026-07-26,06:45,JNNニュース🈐
徳島,4 MBS毎日放送,2026-07-26,07:00,健康カプセル！ゲンキの時間🈖🈑侮っていると一大事に！？消えないあざに隠れた恐怖
徳島,4 MBS毎日放送,2026-07-26,07:30,がっちりマンデー‼CMで良く見るけど知らない会社！渡辺パイプ、INPEX、NGK
徳島,4 MBS毎日放送,2026-07-26,08:00,サンデーモーニング🈑高市総理“寝てない”投稿の波紋▽消費税“迷走”と骨太ショック
徳島,4 MBS毎日放送,2026-07-26,10:00,サンデー・ジャポン 延長国会閉幕…議員直撃！▽堺雅人が緊急生出演！スタジオ生考察
徳島,4 MBS毎日放送,2026-07-26,11:35,上田晋也のサンデーQ🈑堺雅人が生出演「VIVANT」エキストラは4千人！聖地先取り巡礼
徳島,4 MBS毎日放送,2026-07-26,12:54,世界の乗り物乗ってきた！ World Ride Document🈞🈑
徳島,4 MBS毎日放送,2026-07-26,14:54,世界くらべてみたら★日本の超人気な便利グッズ…世界人気1位は？🈑
徳島,4 MBS毎日放送,2026-07-26,16:00,本日！7月26日スタート VIVANT 初回直前SPナビ
徳島,4 MBS毎日放送,2026-07-26,16:30,レッツゴー怪奇組 第四怪🈑
徳島,4 MBS毎日放送,2026-07-26,17:00,日5「正反対な君と僕」 ＃16「新学期」🈑🈓
徳島,4 MBS毎日放送,2026-07-26,17:30,Nスタ🈑
徳島,4 MBS毎日放送,2026-07-26,18:00,世界遺産／バリ島 1000年続く棚田の絶景（インドネシア）🈖🈑
徳島,4 MBS毎日放送,2026-07-26,18:30,ベスコングルメ★夏の軽井沢SP・そば通DEEN池森オススメの手打ちそば名店へ🈖🈑🈓
徳島,4 MBS毎日放送,2026-07-26,19:00,バナナマンのせっかくグルメ★VIVANT堺雅人＆濱田岳と日村が人気リゾート地🈑🈓
徳島,4 MBS毎日放送,2026-07-26,20:00,VIVANT直前生放送★堺×阿部×二宮×松坂が集結！今からでも間に合うSPダイジェスト🈑
徳島,4 MBS毎日放送,2026-07-26,21:00,🈟日曜劇場「VIVANT」第11話🈖🈑
徳島,4 MBS毎日放送,2026-07-26,22:19,らいよんチャンネル
徳島,4 MBS毎日放送,2026-07-26,22:25,日曜日の初耳学◆堺雅人×林修『VIVANT』放送直後90分SP阿部寛＆初出しメイキング映像
徳島,4 MBS毎日放送,2026-07-26,23:49,東京空色さんぽ🈖🈑
徳島,4 MBS毎日放送,2026-07-26,23:55,黒猫と魔女の教室🈑🈓 ＃16「イオ・トーラス がんばります」【アガルアニメ】
徳島,6 ABCテレビ1,2026-07-26,04:50,テレメンタリー2026「落とし穴〜袴田事件60年と再審法改正の闇」🈑
徳島,6 ABCテレビ1,2026-07-26,05:20,LIFE〜夢のカタチ〜🈞🈑 京都を見渡せる絶景の店で伝説のシェフが作るイタリアン
徳島,6 ABCテレビ1,2026-07-26,05:50,グッド！モーニング🈓🈑
徳島,6 ABCテレビ1,2026-07-26,08:00,よ〜い！スターと！トビダスクール しなことリボンでTシャツデコ！🈓🈑
徳島,6 ABCテレビ1,2026-07-26,08:30,名探偵プリキュア！ #26 キュアエクレールの復活！🈓🈑
徳島,6 ABCテレビ1,2026-07-26,09:00,仮面ライダーゼッツ 第45話「惑わす」🈓🈑
徳島,6 ABCテレビ1,2026-07-26,09:30,🈟角醒ハンター オメガホーン 第1話「角醒せよ！赤き角獣王！」🈓🈑
徳島,6 ABCテレビ1,2026-07-26,10:00,新作映画公開記念「映画クレヨンしんちゃん超華麗！灼熱のカスカベダンサーズ」🈑
徳島,6 ABCテレビ1,2026-07-26,11:45,エビ推シ〜【ABCテレビのおススメ番組＆見どころをエビシーが紹介！】
徳島,6 ABCテレビ1,2026-07-26,11:50,ANNニュース🈑
徳島,6 ABCテレビ1,2026-07-26,12:00,ビートたけしのTVタックル 昭和は驚きの光景が…令和のゴミ問題＆激安リユース店🈑
徳島,6 ABCテレビ1,2026-07-26,12:55,新婚さんいらっしゃい！ オーストラリア在住夫婦が出場！親戚100人の大運動会!?🈖🈑
徳島,6 ABCテレビ1,2026-07-26,13:25,華丸丼と大吉麺【荻窪で発見！あのドラマの監修をした三ツ星店の斬新沖縄そば】🈑
徳島,6 ABCテレビ1,2026-07-26,13:55,news おかえり 傑作選
徳島,6 ABCテレビ1,2026-07-26,14:30,第47回ABCお笑いグランプリ2026 presented by SCOグループ🈑
徳島,6 ABCテレビ1,2026-07-26,17:30,ANNスーパーJチャンネル🈑
徳島,6 ABCテレビ1,2026-07-26,17:55,Co．☆ラボ🈑
徳島,6 ABCテレビ1,2026-07-26,18:00,相葉マナブ 初登場！timelesz佐藤勝利と地引き網！相模湾で何が獲れる？🈑
徳島,6 ABCテレビ1,2026-07-26,18:52,ABC天気予報
徳島,6 ABCテレビ1,2026-07-26,18:56,ポツンと一軒家 2時間SP！84歳チェーンソーアート挑戦！仲間とBBQ宴会＆絶景岩風呂🈑
徳島,6 ABCテレビ1,2026-07-26,20:56,有働Times🈑
徳島,6 ABCテレビ1,2026-07-26,22:15,マイ・フィクション 第4話「刑務所にいるはずの人間」🈖🈑
徳島,6 ABCテレビ1,2026-07-26,23:09,エビ推シ〜【ABCテレビのおススメ番組＆見どころをエビシーが紹介！】
徳島,6 ABCテレビ1,2026-07-26,23:15,EIGHT－JAM 【中森明菜特集‼松田聖子・小泉今日子との関係、振付秘話…】🈑
徳島,8 関西テレビ1,2026-07-26,05:00,釣りごろ つられごろ
徳島,8 関西テレビ1,2026-07-26,05:15,EN－GINE 山崎怜奈が時代を動かす企業、ビジネスパーソンのリアルに迫る！
徳島,8 関西テレビ1,2026-07-26,05:45,皇室ご一家🈑
徳島,8 関西テレビ1,2026-07-26,06:00,カンテレNEWS🈑 全国・関西の最新ニュースをわかりやすくお伝えします
徳島,8 関西テレビ1,2026-07-26,06:15,ピーチケプラス🈑 鈴木亮平＆アルピー平子㊙シティーハンター愛を熱弁▽尾上右近
徳島,8 関西テレビ1,2026-07-26,06:30,リーダーの流儀🈑 大倉忠義がビジネスリーダーと対談！新感覚ビジネス・トーク番組！
徳島,8 関西テレビ1,2026-07-26,07:00,SUNDAYブレイク． 千葉県勝浦でオズワルド伊藤が絶叫アクティビティ体験🈑🈕🈓
徳島,8 関西テレビ1,2026-07-26,08:25,物語の始まりへ🈑 学生たちの研究にかける熱い想いは見逃せない
徳島,8 関西テレビ1,2026-07-26,08:30,ロザンのクイズの神様・超🈑 夏に食べたい！関西の定番ソースでアレンジレシピ対決！
徳島,8 関西テレビ1,2026-07-26,09:00,DIGIMON BEATBREAK ＃40🈑🈖【消せない夜】
徳島,8 関西テレビ1,2026-07-26,09:30,テレビアニメ「鬼滅の刃」シリーズ全編再放送🈑🈖🈓【竈門炭治郎 立志編】
徳島,8 関西テレビ1,2026-07-26,10:00,かのサンド🈑◆学生街で絶品グルメSP！早稲田コスパ抜群グルメ＆学芸大学の名店中華
徳島,8 関西テレビ1,2026-07-26,11:15,ミラモンGOLD🈑
徳島,8 関西テレビ1,2026-07-26,11:45,攻殻PR隊🈑 ＃4
徳島,8 関西テレビ1,2026-07-26,11:50,FNN Live News days🈑 全国・関西のニュースをわかりやすく
徳島,8 関西テレビ1,2026-07-26,12:00,世界の何だコレ！？ミステリー🈞🈑 ▼経営破綻したJAL…復活劇の裏に何が？
徳島,8 関西テレビ1,2026-07-26,13:59,マルコポロリ！🈑 解散した芸人たちが新相方とマッチング⁉森本や九条がガチ告白
徳島,8 関西テレビ1,2026-07-26,14:54,発見たまご！ころころコロンブス🈑 日曜の昼下がりにほっこり和む注目情報をお届け
徳島,8 関西テレビ1,2026-07-26,15:00,競馬BEAT【第43回東海ステークス（GⅢ）▽第61回関屋記念（GⅢ）】
徳島,8 関西テレビ1,2026-07-26,16:00,ちゃちゃ入れマンデー🈞🈑 ★関西弁の新ジョーシキ大調査SP
徳島,8 関西テレビ1,2026-07-26,17:00,newsランナー 日曜版 憧れのA5ランク“高級和牛”が余る時代…業界に激震何が
徳島,8 関西テレビ1,2026-07-26,17:30,FNN Live News イット！🈑 全国・関西の最新ニュースをお伝えします
徳島,8 関西テレビ1,2026-07-26,18:00,ちびまる子ちゃん🈑🈖【隣町の男子とプールで勝負する／たまちゃんちで日曜大工を】
徳島,8 関西テレビ1,2026-07-26,18:30,サザエさん🈑🈖🈓【憧れの松／うっかりでしっかり ほか】
徳島,8 関西テレビ1,2026-07-26,19:00,千鳥の鬼レンチャン🈑◆鬼ハード初代女王誕生？STU池ちゃん＆高橋成美サビカラ登場
徳島,8 関西テレビ1,2026-07-26,21:00,Mr．サンデー🈑🈓
徳島,8 関西テレビ1,2026-07-26,23:09,中川家と博士のねじねじの世界🈑 気が利く六角レンチ
徳島,8 関西テレビ1,2026-07-26,23:15,ワンピース🈑🈖【エルバフの大罪人 冥界のロキ解放！？】
徳島,8 関西テレビ1,2026-07-26,23:45,すぽると！🈑 大谷翔平のストレートは軌道が読めない⁉スター証言＆脳科学から紐解く
高知,1 NHK総合1..,2026-07-26,05:00,ニュース・気象情報
高知,1 NHK総合1..,2026-07-26,05:10,Jリーグと私 あの試合を忘れない ＃17 横浜FM🈑
高知,1 NHK総合1..,2026-07-26,05:15,週末のNスペは… 激変・安全保障 日本の進路は🈑
高知,1 NHK総合1..,2026-07-26,05:20,桂文珍の演芸図鑑 レ・ロマネスクTOBI 柳亭小燕枝 三拍子🈑
高知,1 NHK総合1..,2026-07-26,05:50,気象情報
高知,1 NHK総合1..,2026-07-26,05:55,にっぽん百名山ミニ 3min「夏 五竜岳」🈑
高知,1 NHK総合1..,2026-07-26,05:58,巡る世界絶景 ベネチアの冬🅍
高知,1 NHK総合1..,2026-07-26,06:00,ニュース
高知,1 NHK総合1..,2026-07-26,06:10,【特選！時代劇】大岡越前8 🈟（1）「燃える牢屋敷」🈖🈑
高知,1 NHK総合1..,2026-07-26,06:53,気象情報
高知,1 NHK総合1..,2026-07-26,06:55,ニュース・気象情報（四国）
高知,1 NHK総合1..,2026-07-26,07:00,NHKニュース おはよう日本 7月26日（日）🈑
高知,1 NHK総合1..,2026-07-26,07:40,ニュース・気象情報（四国）
高知,1 NHK総合1..,2026-07-26,07:45,さわやか自然百景 青森 屏風山湿原池沼群🈑
高知,1 NHK総合1..,2026-07-26,08:00,小さな旅「大原を継ぐ 〜京都市 左京区〜」🈖🈑
高知,1 NHK総合1..,2026-07-26,08:25,Dearにっぽん「私たちが新聞を書く理由〜滋賀・虎姫高校〜」🈑
高知,1 NHK総合1..,2026-07-26,08:50,あさイチの鈴木奈穂子アナが「NHK ONE」を解説🈑
高知,1 NHK総合1..,2026-07-26,08:57,気象情報
高知,1 NHK総合1..,2026-07-26,09:00,日曜討論 徹底解説！暑さはどこまで？対策は
高知,1 NHK総合1..,2026-07-26,10:00,ニュース・気象情報🈑
高知,1 NHK総合1..,2026-07-26,10:05,明日をまもるナビ選196 都市を襲う水害 内水氾濫〜見えない危険にどう備える🈖🈑
高知,1 NHK総合1..,2026-07-26,10:30,5分であさイチ（4）知ってトクする旅行術（2）バッグの詰め方🈑
高知,1 NHK総合1..,2026-07-26,10:35,ゆったり温泉ひとり旅 北海道・登別温泉🈑
高知,1 NHK総合1..,2026-07-26,11:04,ニュース🈑
高知,1 NHK総合1..,2026-07-26,11:05,あしたが変わるトリセツショー 骨ケアで健康革命！今すぐできる運動＆食事ワザ🈖🈑🈞
高知,1 NHK総合1..,2026-07-26,11:50,ふすま絵 奇跡の再会🈑
高知,1 NHK総合1..,2026-07-26,11:54,気象情報
高知,1 NHK総合1..,2026-07-26,12:00,ニュース🈑
高知,1 NHK総合1..,2026-07-26,12:10,ニュース（四国）
高知,1 NHK総合1..,2026-07-26,12:15,NHKのど自慢 熱唱熱演名場面 2026 Part1🈑
高知,1 NHK総合1..,2026-07-26,12:55,ドキュメント72時間PR ドキュメント72時間の作り方＜編集・ナレーション編＞🈑
高知,1 NHK総合1..,2026-07-26,13:00,ニュース・気象情報🈑
高知,1 NHK総合1..,2026-07-26,13:05,ダーウィンが来た！「相葉さんと探せ！ミクロいきもの超ワールド」🈖🈑🈞
高知,1 NHK総合1..,2026-07-26,13:35,さわやか自然百景10min．（37）兵庫 猫崎の海と黒川渓谷🈑
高知,1 NHK総合1..,2026-07-26,13:45,JAPAN DELISH 5min カレーライス🈑
高知,1 NHK総合1..,2026-07-26,13:50,アニメまとめPR 放送中！注目の3番組ほか🈑
高知,1 NHK総合1..,2026-07-26,13:55,プロフェッショナル 仕事の流儀 旅する家族、春をつなぐ〜養蜂家・藤井髙治〜🈖🈑🈞
高知,1 NHK総合1..,2026-07-26,14:40,秀サルでもわかる 豊臣兄弟！ なんで豊臣兄弟は明智光秀に勝てたの？🈑
高知,1 NHK総合1..,2026-07-26,14:45,あしたが変わるトリセツショー 番外編 フレイル対策15分エクササイズ🈑
高知,1 NHK総合1..,2026-07-26,15:00,ニュース・気象情報🈑
高知,1 NHK総合1..,2026-07-26,15:05,大相撲（2026年） 名古屋場所 千秋楽🈑
高知,1 NHK総合1..,2026-07-26,15:30,大相撲（2026年） 名古屋場所 千秋楽 優勝力士・三賞力士インタビュー🈔🈑
高知,1 NHK総合1..,2026-07-26,18:00,ニュース🈑
高知,1 NHK総合1..,2026-07-26,18:05,有吉のお金発見 突撃！カネオくん 令和に再ブーム！RCカーのヒミツ🈑
高知,1 NHK総合1..,2026-07-26,18:45,こうちいちばん645
高知,1 NHK総合1..,2026-07-26,19:00,NHKニュース7🈔🈑
高知,1 NHK総合1..,2026-07-26,19:30,ダーウィンが来た！「最大の味方！最強のライバル！？動物兄弟」🈖🈑
高知,1 NHK総合1..,2026-07-26,20:00,豊臣兄弟！（29）天下への道🈖🈑
高知,1 NHK総合1..,2026-07-26,20:45,ニュース🈑🈐
高知,1 NHK総合1..,2026-07-26,20:55,ニュース・気象情報（四国）
高知,1 NHK総合1..,2026-07-26,21:00,NHKスペシャル 激変・安全保障 “力の支配”と揺らぐ国際秩序 日本の針路は🈑
高知,1 NHK総合1..,2026-07-26,22:00,サンデースポーツ🈑
高知,1 NHK総合1..,2026-07-26,22:50,ニュース・気象情報🈑
高知,1 NHK総合1..,2026-07-26,22:55,ハロー！NHKワールドJAPAN 7月の地域特集・山口県関連番組紹介🈑
高知,1 NHK総合1..,2026-07-26,23:00,DOC（ドック）3 あすへのカルテ（8）「暗闇の先へ」🈔🈑
高知,1 NHK総合1..,2026-07-26,23:59,連続テレビ小説「ひよっこ」再放送PR
高知,2 NHKEテレ..,2026-07-26,05:00,こころの時代 わからなさのなかで〜最首悟の思想をたどる〜🈑🈞
高知,2 NHKEテレ..,2026-07-26,06:00,NHK短歌 わたしの宮沢賢治 テーマ「月」🈑
高知,2 NHKEテレ..,2026-07-26,06:25,テレビ体操🈑
高知,2 NHKEテレ..,2026-07-26,06:35,NHK俳句 題「七夕」🈑
高知,2 NHKEテレ..,2026-07-26,07:00,第93回NHK全国学校音楽コンクール みんなの合唱レッスン・高等学校の部🈑
高知,2 NHKEテレ..,2026-07-26,07:10,第93回NHK全国学校音楽コンクール みんなの合唱レッスン・中学校の部🈑
高知,2 NHKEテレ..,2026-07-26,07:20,第93回NHK全国学校音楽コンクール みんなの合唱レッスン・小学校の部🈑
高知,2 NHKEテレ..,2026-07-26,07:30,おとうさんといっしょ「まねまねどんぐー」🈑🈞
高知,2 NHKEテレ..,2026-07-26,08:00,やさいの時間 みんなの菜園物語 兵庫県（後編）🈑
高知,2 NHKEテレ..,2026-07-26,08:25,趣味の園芸 京も一日陽だまり屋「の〜んびり 蘇鉄（そてつ）」🈑
高知,2 NHKEテレ..,2026-07-26,08:30,趣味の園芸 選 ステキをセレクト！タネから育てるコスモス🈑
高知,2 NHKEテレ..,2026-07-26,08:55,no art，no life「洋一」🈑
高知,2 NHKEテレ..,2026-07-26,09:00,日曜美術館 陶芸家ルーシー・リー 繊細でたくましい器🈑
高知,2 NHKEテレ..,2026-07-26,09:45,日曜美術館 アートシーン「まなざしの奇跡 日本女性写真家の冒険」展🈑
高知,2 NHKEテレ..,2026-07-26,10:00,将棋フォーカス 選 フォーカス流・観る将検定 第2回！🈑
高知,2 NHKEテレ..,2026-07-26,10:30,第76回 NHK杯テレビ将棋トーナメント 1回戦第17局 羽生九段×横山七段🈑
高知,2 NHKEテレ..,2026-07-26,12:00,囲碁フォーカス 選 知らずに使っている！？「囲碁用語」🈑
高知,2 NHKEテレ..,2026-07-26,12:30,第74回NHK杯テレビ囲碁トーナメント1回戦第17局酒井佑規七段×加藤千笑四段🈑
高知,2 NHKEテレ..,2026-07-26,14:00,日本の話芸 柳家蝠丸 落語「叩き蟹」🈖🈑
高知,2 NHKEテレ..,2026-07-26,14:30,アニメ 青のオーケストラ シーズン2（1）「ほころび」🈑
高知,2 NHKEテレ..,2026-07-26,14:55,アニメ 青のオーケストラ シーズン2（2）「波紋」🈑
高知,2 NHKEテレ..,2026-07-26,15:20,アニメ 青のオーケストラ シーズン2（3）「ケジメ」🈑
高知,2 NHKEテレ..,2026-07-26,15:45,アニメ 青のオーケストラ シーズン2（4）「体育祭」🈑
高知,2 NHKEテレ..,2026-07-26,16:10,ピタゴラミングスイッチ2🈑🈞
高知,2 NHKEテレ..,2026-07-26,16:30,ざわざわ森のがんこちゃん30周年スペシャルがんこのびっくりおたんじょうび会🈖🈑🈞
高知,2 NHKEテレ..,2026-07-26,17:00,アニメ アオアシ（17）東京都リーグ第7節 多摩体育大学附属高校戦🈑
高知,2 NHKEテレ..,2026-07-26,17:25,レディー・グレース 女王陛下のスパイ（4）「迷える女王」🈔🈑
高知,2 NHKEテレ..,2026-07-26,17:50,こども手話ウイークリー🈐
高知,2 NHKEテレ..,2026-07-26,18:00,木村多江の、いまさらですが… アメリカ建国の立役者 初代財務長官ハミルトン🈖🈑🈞
高知,2 NHKEテレ..,2026-07-26,18:30,ブリティッシュ・ベイクオフ6（17）チョコレート対決・前編🈔🈑🈞
高知,2 NHKEテレ..,2026-07-26,19:00,未病息災を願います 選「骨密度」が気になったら🈖🈑
高知,2 NHKEテレ..,2026-07-26,19:45,365日の献立日記「野菜ずし」🈑
高知,2 NHKEテレ..,2026-07-26,19:50,5分であさイチ 夏休みの“お昼ごはん”に革命を！🈑
高知,2 NHKEテレ..,2026-07-26,19:55,NHK手話ニュース🈐
高知,2 NHKEテレ..,2026-07-26,20:00,日曜美術館 滅びゆく写真 そして人類 現代美術作家・杉本博司🈑🈞
高知,2 NHKEテレ..,2026-07-26,20:45,日曜美術館 アートシーン「元禄！師宣劇場」展🈑
高知,2 NHKEテレ..,2026-07-26,21:00,古典芸能への招待 歌舞伎「近江源氏先陣館 盛綱陣屋」大阪松竹座さよなら公演🈕🈑
高知,2 NHKEテレ..,2026-07-26,23:00,美の壺 選「小さな芸術 干菓子」🈑
高知,2 NHKEテレ..,2026-07-26,23:30,サイエンスZERO“次世代塗料”が未来を塗り替える！？🈖🈑
高知,4 高知放送1,2026-07-26,04:40,テレビショッピング
高知,4 高知放送1,2026-07-26,05:10,24時間テレビリポート🈑
高知,4 高知放送1,2026-07-26,05:15,THEフィッシング 執念で掴んだ衝撃の大型！カリスマが魅せる山陰エギング
高知,4 高知放送1,2026-07-26,05:45,日本のチカラ🈑
高知,4 高知放送1,2026-07-26,06:15,NNNニュースサンデー🈐
高知,4 高知放送1,2026-07-26,06:30,ポケットモンスター
高知,4 高知放送1,2026-07-26,07:00,おはようこうち🈐
高知,4 高知放送1,2026-07-26,07:15,土佐のむかし話
高知,4 高知放送1,2026-07-26,07:30,シューイチ🈑🈓8月から変わること＆新スポット▽秋山＆平子が南房総の体格グルメ堪能
高知,4 高知放送1,2026-07-26,10:25,一茂×かまいたちゲンバ▼水族館でアシカとご対面▼驚き新食感「糸かき氷」とは？🈑
高知,4 高知放送1,2026-07-26,11:25,住まいるインフォメーション
高知,4 高知放送1,2026-07-26,11:30,NNN ストレイトニュース🈑
高知,4 高知放送1,2026-07-26,11:40,RKCニュース
高知,4 高知放送1,2026-07-26,11:45,ポツンと一軒家
高知,4 高知放送1,2026-07-26,12:50,プラスワン
高知,4 高知放送1,2026-07-26,12:55,新婚さんいらっしゃい！🈖🈑
高知,4 高知放送1,2026-07-26,13:25,須崎釣りバカ ザ・ムービー
高知,4 高知放送1,2026-07-26,13:30,そこまで言って委員会NP 「大戦争時代」SP！戦争終結シナリオを徹底討論🈑
高知,4 高知放送1,2026-07-26,15:00,24時間テレビ企画大公開SP🈑総合司会は内村光良！テーマは「わたしの家族の話」
高知,4 高知放送1,2026-07-26,15:55,RKCインフォメーション
高知,4 高知放送1,2026-07-26,16:00,スクール革命！グッとくる名言図鑑▼山田涼介が語るアノ人に言われた名言とは⁉
高知,4 高知放送1,2026-07-26,17:00,光一＆シゲのSHOWマン！！
高知,4 高知放送1,2026-07-26,17:30,笑点🈖🈑🈓城島茂が座布団運び「ザ！鉄腕！DASH！！」×「笑点」夢のコラボDAY
高知,4 高知放送1,2026-07-26,18:00,真相報道バンキシャ！🈑独自分析…熱中症患者10人の行動に教訓▽花火大会で湿度検証
高知,4 高知放送1,2026-07-26,18:55,博士は今日も嫉妬する 人生が楽しくなる最新テクノロジー🈑
高知,4 高知放送1,2026-07-26,19:00,ザ！鉄腕！DASH！！▽笑点60周年記念夏祭り！師匠全員参加で巨大お好み焼き！🈑
高知,4 高知放送1,2026-07-26,19:58,イッテQ【お祭り男宮川＆二代目手越】フィンランドで丸太乗って川を下る木材選手権🈑
高知,4 高知放送1,2026-07-26,20:54,ビタミンTV
高知,4 高知放送1,2026-07-26,21:00,ゴールデンストーンズ▽番組史上最大‼人気芸人軍団と総勢31名の大混戦バトル🈑
高知,4 高知放送1,2026-07-26,21:54,ドットチャンネル
高知,4 高知放送1,2026-07-26,21:58,天気予報
高知,4 高知放送1,2026-07-26,22:00,おしゃれクリップ🈖🈑出川哲朗はなぜ愛される？▼妻や一茂が忖度なしでガチ素顔告白
高知,4 高知放送1,2026-07-26,22:30,ドラマ「一次元の挿し木」第4話【激動の真相が発覚…古人骨と義妹を巡る謎】🈖🈑🈓
高知,4 高知放送1,2026-07-26,23:25,ダウンタウンのガキの使い！10人で男の勲章歌い切り！エース＆小田参戦で大波乱🈑
高知,4 高知放送1,2026-07-26,23:55,Going！🈑生出演！渡邊雄太が明かす日本バスケの進化▼赤星絶賛！怪物高校生
高知,6 テレビ高知1,2026-07-26,04:45,早朝テレショップ
高知,6 テレビ高知1,2026-07-26,05:15,おはようセレクション
高知,6 テレビ高知1,2026-07-26,05:45,モーニングセレクション
高知,6 テレビ高知1,2026-07-26,06:15,超宇宙刑事ギャバン インフィニティ 第20話「愛が故に」
高知,6 テレビ高知1,2026-07-26,06:45,JNNニュース🈐
高知,6 テレビ高知1,2026-07-26,07:00,健康カプセル！ゲンキの時間🈖🈑侮っていると一大事に！？消えないあざに隠れた恐怖
高知,6 テレビ高知1,2026-07-26,07:30,がっちりマンデー‼CMで良く見るけど知らない会社！渡辺パイプ、INPEX、NGK
高知,6 テレビ高知1,2026-07-26,08:00,サンデーモーニング🈑高市総理“寝てない”投稿の波紋▽消費税“迷走”と骨太ショック
高知,6 テレビ高知1,2026-07-26,09:54,日曜テレビ
高知,6 テレビ高知1,2026-07-26,09:59,開運！なんでも鑑定団【タダで貰った＜丸山晩霞＞の屏風＆薬師如来像に驚き値🈑
高知,6 テレビ高知1,2026-07-26,11:00,がんばれ高知！！eco応援団
高知,6 テレビ高知1,2026-07-26,11:24,「知りたガール！ロクコちゃん」〜高知のおしごと何がある？〜
高知,6 テレビ高知1,2026-07-26,11:30,天気予報🈗
高知,6 テレビ高知1,2026-07-26,11:35,上田晋也のサンデーQ🈑堺雅人が生出演「VIVANT」エキストラは4千人！聖地先取り巡礼
高知,6 テレビ高知1,2026-07-26,12:54,サンデーセレクション
高知,6 テレビ高知1,2026-07-26,13:00,地球まるごと大実験ネイチャーティーチャー🈑
高知,6 テレビ高知1,2026-07-26,13:30,地球まるごと大実験ネイチャーティーチャー🈑
高知,6 テレビ高知1,2026-07-26,14:00,アンガールズの絶景アイランド あばれる君とB&ZAI川﨑星輝が夏の島で絶景探し！
高知,6 テレビ高知1,2026-07-26,15:00,飯尾・くっきー！のハンコください！in箱根 12万円集めて高級宿に泊まれるか!?
高知,6 テレビ高知1,2026-07-26,16:24,ろくろうのいいネ！
高知,6 テレビ高知1,2026-07-26,16:30,レッツゴー怪奇組 第四怪🈑
高知,6 テレビ高知1,2026-07-26,17:00,日5「正反対な君と僕」 ＃16「新学期」🈑🈓
高知,6 テレビ高知1,2026-07-26,17:30,Nスタ🈑 「飛鳥・藤原の宮都」が世界遺産新登録なるか▽「土用の丑の日」うなぎ店は
高知,6 テレビ高知1,2026-07-26,18:00,世界遺産／バリ島 1000年続く棚田の絶景（インドネシア）🈖🈑
高知,6 テレビ高知1,2026-07-26,18:30,ベスコングルメ★夏の軽井沢SP・そば通DEEN池森オススメの手打ちそば名店へ🈖🈑🈓
高知,6 テレビ高知1,2026-07-26,19:00,バナナマンのせっかくグルメ★VIVANT堺雅人＆濱田岳と日村が人気リゾート地🈑🈓
高知,6 テレビ高知1,2026-07-26,20:00,VIVANT直前生放送★堺×阿部×二宮×松坂が集結！今からでも間に合うSPダイジェスト🈑
高知,6 テレビ高知1,2026-07-26,21:00,🈟日曜劇場「VIVANT」第11話🈖🈑
高知,6 テレビ高知1,2026-07-26,22:19,カルテット
高知,6 テレビ高知1,2026-07-26,22:25,日曜日の初耳学◆堺雅人×林修『VIVANT』放送直後90分SP阿部寛＆初出しメイキング映像
高知,6 テレビ高知1,2026-07-26,23:49,KUTVニュース・天気予報🈗🄽
高知,6 テレビ高知1,2026-07-26,23:55,黒猫と魔女の教室🈑🈓 ＃16「イオ・トーラス がんばります」【アガルアニメ】
高知,8 高知さんさん..,2026-07-26,05:00,ファーマフーズテレビショッピング
高知,8 高知さんさん..,2026-07-26,05:30,🈐テレビ寺子屋【いのちをつないで生きていく／内藤いづみ】＃2489
高知,8 高知さんさん..,2026-07-26,06:00,FNNニュース🈑
高知,8 高知さんさん..,2026-07-26,06:15,アナ推し！
高知,8 高知さんさん..,2026-07-26,06:20,釣りごろつられごろ【本格シーズン到来！ケンサキイカ〜島根県・浜田市沖〜】
高知,8 高知さんさん..,2026-07-26,06:35,みんなでゴルフSunday
高知,8 高知さんさん..,2026-07-26,07:00,SUNDAYブレイク． 千葉県勝浦でオズワルド伊藤が絶叫アクティビティ体験🈑🈕🈓
高知,8 高知さんさん..,2026-07-26,08:25,アナ推し！
高知,8 高知さんさん..,2026-07-26,08:30,ハーブ健康本舗テレビショッピング
高知,8 高知さんさん..,2026-07-26,09:00,DIGIMON BEATBREAK【消せない夜】 ＃40🈑🈖
高知,8 高知さんさん..,2026-07-26,09:30,テレビアニメ「鬼滅の刃」シリーズ全編再放送【竈門炭治郎 立志編】🈑🈖🈓
高知,8 高知さんさん..,2026-07-26,10:00,かのサンド🈑
高知,8 高知さんさん..,2026-07-26,11:15,ミラモンGOLD🈑
高知,8 高知さんさん..,2026-07-26,11:45,ハピコレ
高知,8 高知さんさん..,2026-07-26,11:50,FNN Live News days🈑
高知,8 高知さんさん..,2026-07-26,12:00,タクうま 〜タクシー運転手さん 一番うまい店に連れてって！〜 SP前編
高知,8 高知さんさん..,2026-07-26,13:00,JAPANをスーツケースに詰め込んで〜世界に日本を持っていった〜
高知,8 高知さんさん..,2026-07-26,13:55,アナ推し！
高知,8 高知さんさん..,2026-07-26,14:00,ザ・ノンフィクション 人生を変える寿司2 後編 〜18歳と師匠が見る夢〜🈑
高知,8 高知さんさん..,2026-07-26,14:55,イチニのさんのすけ
高知,8 高知さんさん..,2026-07-26,15:00,競馬BEAT【第43回東海ステークス（GⅢ）▽第61回関屋記念（GⅢ）】
高知,8 高知さんさん..,2026-07-26,16:00,奇跡体験！アンビリバボー 爆笑！可愛い！驚き！感情ジェットコースター映像SP🈞🈑
高知,8 高知さんさん..,2026-07-26,17:30,FNN Live News イット！🈑
高知,8 高知さんさん..,2026-07-26,17:55,イベなび！
高知,8 高知さんさん..,2026-07-26,18:00,ちびまる子ちゃん【隣町の男子とプールで勝負する／たまちゃんちで日曜大工を】🈑🈖
高知,8 高知さんさん..,2026-07-26,18:30,サザエさん【憧れの松／うっかりでしっかり ほか】🈑🈖🈓
高知,8 高知さんさん..,2026-07-26,19:00,千鳥の鬼レンチャン◆鬼ハード初代女王誕生？STU池ちゃん＆高橋成美サビカラ登場🈑
高知,8 高知さんさん..,2026-07-26,21:00,Mr．サンデー🈑🈓
高知,8 高知さんさん..,2026-07-26,23:09,好き積もる、高知。
高知,8 高知さんさん..,2026-07-26,23:15,ワンピース【エルバフの大罪人 冥界のロキ解放！？】🈑🈖
高知,8 高知さんさん..,2026-07-26,23:45,すぽると！ 大谷翔平のストレートは軌道が読めない⁉スター証言＆脳科学から紐解く🈑
福岡,1 KBCテレビ,2026-07-26,04:50,テレショップ
福岡,1 KBCテレビ,2026-07-26,05:20,朝のテレショップ
福岡,1 KBCテレビ,2026-07-26,05:50,グッド！モーニング🈓🈑
福岡,1 KBCテレビ,2026-07-26,08:00,よ〜い！スターと！トビダスクール しなことリボンでTシャツデコ！🈓🈑
福岡,1 KBCテレビ,2026-07-26,08:30,名探偵プリキュア！ ＃26 キュアエクレールの復活！🈓🈑
福岡,1 KBCテレビ,2026-07-26,09:00,仮面ライダーゼッツ 第45話「惑わす」🈓🈑
福岡,1 KBCテレビ,2026-07-26,09:30,🈟角醒ハンター オメガホーン 第1話「角醒せよ！赤き角獣王！」🈓🈑
福岡,1 KBCテレビ,2026-07-26,10:00,静岡発☆福岡着！ドゲンジャーズツーリズム
福岡,1 KBCテレビ,2026-07-26,10:25,夫が寝たあとに🈑
福岡,1 KBCテレビ,2026-07-26,10:55,おかわり！アサデス。
福岡,1 KBCテレビ,2026-07-26,11:48,8月1日は「水と緑の物語」7時間の生放送！
福岡,1 KBCテレビ,2026-07-26,11:50,ANNニュース🈑
福岡,1 KBCテレビ,2026-07-26,12:00,ぼる部屋🈑芸能人も通う行列必至人気ラーメン店でバイト！大混乱
福岡,1 KBCテレビ,2026-07-26,12:55,新婚さんいらっしゃい！ オーストラリア在住夫婦出場！親戚100人大運動会⁉  🈖🈑
福岡,1 KBCテレビ,2026-07-26,13:25,華丸丼と大吉麺 荻窪で発見！あのドラマの監修をした三ツ星店の斬新沖縄そば🈑
福岡,1 KBCテレビ,2026-07-26,13:55,新作映画公開記念「映画クレヨンしんちゃん超華麗！灼熱のカスカベダンサーズ」🈑
福岡,1 KBCテレビ,2026-07-26,15:40,8月1日は「水と緑の物語」7時間の生放送！
福岡,1 KBCテレビ,2026-07-26,15:45,マッスル注入中
福岡,1 KBCテレビ,2026-07-26,16:00,工藤公康の「ちょっと過酷な」大人の休日in福岡 釣り祭り第2弾！PART3🈞
福岡,1 KBCテレビ,2026-07-26,16:30,ホリデーぎゅっと
福岡,1 KBCテレビ,2026-07-26,17:30,ANNスーパーJチャンネル🈑
福岡,1 KBCテレビ,2026-07-26,17:55,九州リースサービスプレゼンツ「STORY 〜未来に残したい ふるさとの風景〜」
福岡,1 KBCテレビ,2026-07-26,18:00,相葉マナブ 初登場！timelesz佐藤勝利と地引き網！相模湾で何が獲れる？🈑
福岡,1 KBCテレビ,2026-07-26,18:52,Catch
福岡,1 KBCテレビ,2026-07-26,18:56,ポツンと一軒家 2時間SP！84歳チェーンソーアート挑戦！BBQ＆絶景岩風呂🈑
福岡,1 KBCテレビ,2026-07-26,20:56,有働Times🈑
福岡,1 KBCテレビ,2026-07-26,22:15,マイ・フィクション ＃4 刑務所にいるはずの人間🈖🈑
福岡,1 KBCテレビ,2026-07-26,23:09,8月1日は「水と緑の物語」7時間の生放送！
福岡,1 KBCテレビ,2026-07-26,23:15,EIGHT－JAM  【中森明菜特集‼松田聖子・小泉今日子との関係、振付秘話…】🈑
福岡,2 NHKEテレ..,2026-07-26,05:00,こころの時代 わからなさのなかで〜最首悟の思想をたどる〜🈑🈞
福岡,2 NHKEテレ..,2026-07-26,06:00,NHK短歌 わたしの宮沢賢治 テーマ「月」🈑
福岡,2 NHKEテレ..,2026-07-26,06:25,テレビ体操🈑
福岡,2 NHKEテレ..,2026-07-26,06:35,NHK俳句 題「七夕」🈑
福岡,2 NHKEテレ..,2026-07-26,07:00,第93回NHK全国学校音楽コンクール みんなの合唱レッスン・高等学校の部🈑
福岡,2 NHKEテレ..,2026-07-26,07:10,第93回NHK全国学校音楽コンクール みんなの合唱レッスン・中学校の部🈑
福岡,2 NHKEテレ..,2026-07-26,07:20,第93回NHK全国学校音楽コンクール みんなの合唱レッスン・小学校の部🈑
福岡,2 NHKEテレ..,2026-07-26,07:30,おとうさんといっしょ「まねまねどんぐー」🈑🈞
福岡,2 NHKEテレ..,2026-07-26,08:00,やさいの時間 みんなの菜園物語 兵庫県（後編）🈑
福岡,2 NHKEテレ..,2026-07-26,08:25,趣味の園芸 京も一日陽だまり屋「の〜んびり 蘇鉄（そてつ）」🈑
福岡,2 NHKEテレ..,2026-07-26,08:30,趣味の園芸 選 ステキをセレクト！タネから育てるコスモス🈑
福岡,2 NHKEテレ..,2026-07-26,08:55,no art，no life「洋一」🈑
福岡,2 NHKEテレ..,2026-07-26,09:00,日曜美術館 陶芸家ルーシー・リー 繊細でたくましい器🈑
福岡,2 NHKEテレ..,2026-07-26,09:45,日曜美術館 アートシーン「まなざしの奇跡 日本女性写真家の冒険」展🈑
福岡,2 NHKEテレ..,2026-07-26,10:00,将棋フォーカス 選 フォーカス流・観る将検定 第2回！🈑
福岡,2 NHKEテレ..,2026-07-26,10:30,第76回 NHK杯テレビ将棋トーナメント 1回戦第17局 羽生九段×横山七段🈑
福岡,2 NHKEテレ..,2026-07-26,12:00,囲碁フォーカス 選 知らずに使っている！？「囲碁用語」🈑
福岡,2 NHKEテレ..,2026-07-26,12:30,第74回NHK杯テレビ囲碁トーナメント1回戦第17局酒井佑規七段×加藤千笑四段🈑
福岡,2 NHKEテレ..,2026-07-26,14:00,日本の話芸 柳家蝠丸 落語「叩き蟹」🈖🈑
福岡,2 NHKEテレ..,2026-07-26,14:30,アニメ 青のオーケストラ シーズン2（1）「ほころび」🈑
福岡,2 NHKEテレ..,2026-07-26,14:55,アニメ 青のオーケストラ シーズン2（2）「波紋」🈑
福岡,2 NHKEテレ..,2026-07-26,15:20,アニメ 青のオーケストラ シーズン2（3）「ケジメ」🈑
福岡,2 NHKEテレ..,2026-07-26,15:45,アニメ 青のオーケストラ シーズン2（4）「体育祭」🈑
福岡,2 NHKEテレ..,2026-07-26,16:10,ピタゴラミングスイッチ2🈑🈞
福岡,2 NHKEテレ..,2026-07-26,16:30,ざわざわ森のがんこちゃん30周年スペシャルがんこのびっくりおたんじょうび会🈖🈑🈞
福岡,2 NHKEテレ..,2026-07-26,17:00,アニメ アオアシ（17）東京都リーグ第7節 多摩体育大学附属高校戦🈑
福岡,2 NHKEテレ..,2026-07-26,17:25,レディー・グレース 女王陛下のスパイ（4）「迷える女王」🈔🈑
福岡,2 NHKEテレ..,2026-07-26,17:50,こども手話ウイークリー🈐
福岡,2 NHKEテレ..,2026-07-26,18:00,木村多江の、いまさらですが… アメリカ建国の立役者 初代財務長官ハミルトン🈖🈑🈞
福岡,2 NHKEテレ..,2026-07-26,18:30,ブリティッシュ・ベイクオフ6（17）チョコレート対決・前編🈔🈑🈞
福岡,2 NHKEテレ..,2026-07-26,19:00,未病息災を願います 選「骨密度」が気になったら🈖🈑
福岡,2 NHKEテレ..,2026-07-26,19:45,365日の献立日記「野菜ずし」🈑
福岡,2 NHKEテレ..,2026-07-26,19:50,5分であさイチ 夏休みの“お昼ごはん”に革命を！🈑
福岡,2 NHKEテレ..,2026-07-26,19:55,NHK手話ニュース🈐
福岡,2 NHKEテレ..,2026-07-26,20:00,日曜美術館 滅びゆく写真 そして人類 現代美術作家・杉本博司🈑🈞
福岡,2 NHKEテレ..,2026-07-26,20:45,日曜美術館 アートシーン「元禄！師宣劇場」展🈑
福岡,2 NHKEテレ..,2026-07-26,21:00,古典芸能への招待 歌舞伎「近江源氏先陣館 盛綱陣屋」大阪松竹座さよなら公演🈕🈑
福岡,2 NHKEテレ..,2026-07-26,23:00,美の壺 選「小さな芸術 干菓子」🈑
福岡,2 NHKEテレ..,2026-07-26,23:30,サイエンスZERO“次世代塗料”が未来を塗り替える！？🈖🈑
福岡,3 NHK総合1..,2026-07-26,05:00,ニュース・気象情報
福岡,3 NHK総合1..,2026-07-26,05:10,Jリーグと私 あの試合を忘れない ＃17 横浜FM🈑
福岡,3 NHK総合1..,2026-07-26,05:15,週末のNスペは… 激変・安全保障 日本の進路は🈑
福岡,3 NHK総合1..,2026-07-26,05:20,桂文珍の演芸図鑑 レ・ロマネスクTOBI 柳亭小燕枝 三拍子🈑
福岡,3 NHK総合1..,2026-07-26,05:50,気象情報
福岡,3 NHK総合1..,2026-07-26,05:55,にっぽん百名山ミニ 3min「夏 五竜岳」🈑
福岡,3 NHK総合1..,2026-07-26,05:58,巡る世界絶景 ベネチアの冬🅍
福岡,3 NHK総合1..,2026-07-26,06:00,ニュース
福岡,3 NHK総合1..,2026-07-26,06:10,【特選！時代劇】大岡越前8 🈟（1）「燃える牢屋敷」🈖🈑
福岡,3 NHK総合1..,2026-07-26,06:53,気象情報
福岡,3 NHK総合1..,2026-07-26,06:55,ニュース・気象情報（九州沖縄）
福岡,3 NHK総合1..,2026-07-26,07:00,NHKニュース おはよう日本 7月26日（日）🈑
福岡,3 NHK総合1..,2026-07-26,07:40,ニュース・気象情報（九州沖縄）
福岡,3 NHK総合1..,2026-07-26,07:45,さわやか自然百景 青森 屏風山湿原池沼群🈑
福岡,3 NHK総合1..,2026-07-26,08:00,小さな旅「大原を継ぐ 〜京都市 左京区〜」🈖🈑
福岡,3 NHK総合1..,2026-07-26,08:25,Dearにっぽん「私たちが新聞を書く理由〜滋賀・虎姫高校〜」🈑
福岡,3 NHK総合1..,2026-07-26,08:50,あさイチの鈴木奈穂子アナが「NHK ONE」を解説🈑
福岡,3 NHK総合1..,2026-07-26,08:57,気象情報
福岡,3 NHK総合1..,2026-07-26,09:00,日曜討論 徹底解説！暑さはどこまで？対策は
福岡,3 NHK総合1..,2026-07-26,10:00,ニュース・気象情報🈑
福岡,3 NHK総合1..,2026-07-26,10:05,明日をまもるナビ選196 都市を襲う水害 内水氾濫〜見えない危険にどう備える🈖🈑
福岡,3 NHK総合1..,2026-07-26,10:30,5分であさイチ（4）知ってトクする旅行術（2）バッグの詰め方🈑
福岡,3 NHK総合1..,2026-07-26,10:35,ゆったり温泉ひとり旅 北海道・登別温泉🈑
福岡,3 NHK総合1..,2026-07-26,11:04,ニュース🈑
福岡,3 NHK総合1..,2026-07-26,11:05,あしたが変わるトリセツショー 骨ケアで健康革命！今すぐできる運動＆食事ワザ🈖🈑🈞
福岡,3 NHK総合1..,2026-07-26,11:50,ふすま絵 奇跡の再会🈑
福岡,3 NHK総合1..,2026-07-26,11:54,気象情報
福岡,3 NHK総合1..,2026-07-26,12:00,ニュース🈑
福岡,3 NHK総合1..,2026-07-26,12:10,ニュース（九州沖縄）
福岡,3 NHK総合1..,2026-07-26,12:15,NHKのど自慢 熱唱熱演名場面 2026 Part1🈑
福岡,3 NHK総合1..,2026-07-26,12:55,ドキュメント72時間PR ドキュメント72時間の作り方＜編集・ナレーション編＞🈑
福岡,3 NHK総合1..,2026-07-26,13:00,ニュース・気象情報🈑
福岡,3 NHK総合1..,2026-07-26,13:05,ダーウィンが来た！「相葉さんと探せ！ミクロいきもの超ワールド」🈖🈑🈞
福岡,3 NHK総合1..,2026-07-26,13:35,さわやか自然百景10min．（37）兵庫 猫崎の海と黒川渓谷🈑
福岡,3 NHK総合1..,2026-07-26,13:45,JAPAN DELISH 5min カレーライス🈑
福岡,3 NHK総合1..,2026-07-26,13:50,アニメまとめPR 放送中！注目の3番組ほか🈑
福岡,3 NHK総合1..,2026-07-26,13:55,プロフェッショナル 仕事の流儀 旅する家族、春をつなぐ〜養蜂家・藤井髙治〜🈖🈑🈞
福岡,3 NHK総合1..,2026-07-26,14:40,秀サルでもわかる 豊臣兄弟！ なんで豊臣兄弟は明智光秀に勝てたの？🈑
福岡,3 NHK総合1..,2026-07-26,14:45,あしたが変わるトリセツショー 番外編 フレイル対策15分エクササイズ🈑
福岡,3 NHK総合1..,2026-07-26,15:00,ニュース・気象情報🈑
福岡,3 NHK総合1..,2026-07-26,15:05,大相撲（2026年） 名古屋場所 千秋楽🈑
福岡,3 NHK総合1..,2026-07-26,15:30,大相撲（2026年） 名古屋場所 千秋楽 優勝力士・三賞力士インタビュー🈔🈑
福岡,3 NHK総合1..,2026-07-26,18:00,ニュース🈑
福岡,3 NHK総合1..,2026-07-26,18:05,有吉のお金発見 突撃！カネオくん 令和に再ブーム！RCカーのヒミツ🈑
福岡,3 NHK総合1..,2026-07-26,18:45,ニュース645福岡
福岡,3 NHK総合1..,2026-07-26,19:00,NHKニュース7🈔🈑
福岡,3 NHK総合1..,2026-07-26,19:30,ダーウィンが来た！「最大の味方！最強のライバル！？動物兄弟」🈖🈑
福岡,3 NHK総合1..,2026-07-26,20:00,豊臣兄弟！（29）天下への道🈖🈑
福岡,3 NHK総合1..,2026-07-26,20:45,ニュース🈑🈐
福岡,3 NHK総合1..,2026-07-26,20:55,ニュース・気象情報（九州沖縄）
福岡,3 NHK総合1..,2026-07-26,21:00,NHKスペシャル 激変・安全保障 “力の支配”と揺らぐ国際秩序 日本の針路は🈑
福岡,3 NHK総合1..,2026-07-26,22:00,サンデースポーツ🈑
福岡,3 NHK総合1..,2026-07-26,22:50,ニュース・気象情報🈑
福岡,3 NHK総合1..,2026-07-26,22:55,ハロー！NHKワールドJAPAN 7月の地域特集・山口県関連番組紹介🈑
福岡,3 NHK総合1..,2026-07-26,23:00,DOC（ドック）3 あすへのカルテ（8）「暗闇の先へ」🈔🈑
福岡,3 NHK総合1..,2026-07-26,23:59,連続テレビ小説「ひよっこ」再放送PR
福岡,4 RKB毎日放送,2026-07-26,05:00,世界一の九州が始まる！▼甘い研究室から生まれる！ハイブリッドスイーツ🈑🈞
福岡,4 RKB毎日放送,2026-07-26,05:15,池尻和佳子のトコワカ▼九州とインドの関係強化へ 在福岡インド総領事館の世界
福岡,4 RKB毎日放送,2026-07-26,05:30,日本のチカラ🈑
福岡,4 RKB毎日放送,2026-07-26,06:00,バナナマンの早起きせっかくグルメ★全国から厳選！極上焼肉のタレでお肉を大満喫！🈑
福岡,4 RKB毎日放送,2026-07-26,06:45,JNNニュース🈐
福岡,4 RKB毎日放送,2026-07-26,07:00,健康カプセル！ゲンキの時間🈖🈑侮っていると一大事に！？消えないあざに隠れた恐怖
福岡,4 RKB毎日放送,2026-07-26,07:30,がっちりマンデー‼CMで良く見るけど知らない会社！渡辺パイプ、INPEX、NGK
福岡,4 RKB毎日放送,2026-07-26,08:00,サンデーモーニング🈑高市総理“寝てない”投稿の波紋▽消費税“迷走”と骨太ショック
福岡,4 RKB毎日放送,2026-07-26,09:54,きょうのサンデーウォッチ
福岡,4 RKB毎日放送,2026-07-26,10:00,新 窓をあけて九州▼月明かりの学び舎🈑
福岡,4 RKB毎日放送,2026-07-26,10:15,世界一の九州が始まる！▼ベトナムとの架け橋へ！青パパイヤがつなぐ夢🈑
福岡,4 RKB毎日放送,2026-07-26,10:30,サンデーウォッチ▼歴史的円安でiPhone大幅値上げ▼福岡県議会中尾副議長が辞職
福岡,4 RKB毎日放送,2026-07-26,11:24,Be colorful．rkb
福岡,4 RKB毎日放送,2026-07-26,11:30,バズーさんのタダイマ！サンデー
福岡,4 RKB毎日放送,2026-07-26,11:35,上田晋也のサンデーQ🈑堺雅人が生出演「VIVANT」エキストラは4千人！聖地先取り巡礼
福岡,4 RKB毎日放送,2026-07-26,12:54,「VIVANT」新シリーズ放送直前！第1シーズン一挙放送SP 最終話🈑🈖
福岡,4 RKB毎日放送,2026-07-26,14:24,RKB NEWS
福岡,4 RKB毎日放送,2026-07-26,14:30,継往開来〜地域とともに商都はかた・ふくおかの未来▼光石研が探る福博の街発展の軌跡
福岡,4 RKB毎日放送,2026-07-26,15:30,プレバト▽ガラスアートで新特待生が！★夏井先生12年分の怒り梅沢富美男がア然🈑🈞
福岡,4 RKB毎日放送,2026-07-26,16:30,レッツゴー怪奇組 第四怪🈑
福岡,4 RKB毎日放送,2026-07-26,17:00,日5「正反対な君と僕」 ＃16「新学期」🈑🈓
福岡,4 RKB毎日放送,2026-07-26,17:30,Nスタ🈑 「飛鳥・藤原の宮都」が世界遺産新登録なるか▽「土用の丑の日」うなぎ店は
福岡,4 RKB毎日放送,2026-07-26,18:00,世界遺産／バリ島 1000年続く棚田の絶景（インドネシア）🈖🈑
福岡,4 RKB毎日放送,2026-07-26,18:30,ベスコングルメ★夏の軽井沢SP・そば通DEEN池森オススメの手打ちそば名店へ🈖🈑🈓
福岡,4 RKB毎日放送,2026-07-26,19:00,バナナマンのせっかくグルメ★VIVANT堺雅人＆濱田岳と日村が人気リゾート地🈑🈓
福岡,4 RKB毎日放送,2026-07-26,20:00,VIVANT直前生放送★堺×阿部×二宮×松坂が集結！今からでも間に合うSPダイジェスト🈑
福岡,4 RKB毎日放送,2026-07-26,21:00,🈟日曜劇場「VIVANT」第11話🈖🈑
福岡,4 RKB毎日放送,2026-07-26,22:19,天気予報
福岡,4 RKB毎日放送,2026-07-26,22:25,日曜日の初耳学◆堺雅人×林修『VIVANT』放送直後90分SP阿部寛＆初出しメイキング映像
福岡,4 RKB毎日放送,2026-07-26,23:49,番宣Box4チャンネル
福岡,4 RKB毎日放送,2026-07-26,23:55,黒猫と魔女の教室🈑🈓 ＃16「イオ・トーラス がんばります」【アガルアニメ】
福岡,5 FBS福岡放送1,2026-07-26,05:00,それいけ！アンパンマン「どんぶりまんトリオとクルクルおコマちゃん・他」🈖🈑
福岡,5 FBS福岡放送1,2026-07-26,05:30,健康家族テレビショッピング
福岡,5 FBS福岡放送1,2026-07-26,06:00,皇室日記🈑▽天皇ご一家那須ご静養▽佳子さま「重複障がい者」に寄せる思い
福岡,5 FBS福岡放送1,2026-07-26,06:15,NNNニュースサンデー🈐
福岡,5 FBS福岡放送1,2026-07-26,06:30,遠くへ行きたい【高橋成美が信州・長野へ】くるみ蕎麦＆清流が育む薬用魚🈖🈑
福岡,5 FBS福岡放送1,2026-07-26,07:00,所さんの目がテン！🈑所さんと奥田民生さんが絶品イノシシ肉で燻製作り⁉
福岡,5 FBS福岡放送1,2026-07-26,07:30,シューイチ🈑🈓8月から変わること＆新スポット▽秋山＆平子が南房総の体格グルメ堪能
福岡,5 FBS福岡放送1,2026-07-26,10:25,一茂×かまいたちゲンバ▼水族館でアシカとご対面▼驚き新食感「糸かき氷」とは？🈑
福岡,5 FBS福岡放送1,2026-07-26,11:25,プレミアム
福岡,5 FBS福岡放送1,2026-07-26,11:30,NNN ストレイトニュース🈑
福岡,5 FBS福岡放送1,2026-07-26,11:40,上沼・高田のクギズケ！ 水谷豊の娘婿に文春砲▽W杯でトランプ氏が大批判🈑
福岡,5 FBS福岡放送1,2026-07-26,12:35,福岡くん。福岡市の宮殿風お屋敷に潜入▼「世界一」の靴磨き職人のスゴ技🈑
福岡,5 FBS福岡放送1,2026-07-26,13:30,そこまで言って委員会NP 「大戦争時代」SP！戦争終結シナリオを徹底討論🈑
福岡,5 FBS福岡放送1,2026-07-26,15:00,24時間テレビ企画大公開SP🈑総合司会は内村光良！テーマは「わたしの家族の話」
福岡,5 FBS福岡放送1,2026-07-26,15:55,【アメリカ横断ウルトラクイズ】新MC櫻井翔！地球一周特大スケールで復活SP🈑
福岡,5 FBS福岡放送1,2026-07-26,16:55,🈢夢スポ▽ホークス戦超速報！スーパー中学生が陸上100mで快挙達成
福岡,5 FBS福岡放送1,2026-07-26,17:25,JAグループ福岡 めんたいワイドスピンオフ 大地のうまうま育ててます
福岡,5 FBS福岡放送1,2026-07-26,17:30,笑点🈖🈑🈓城島茂が座布団運び「ザ！鉄腕！DASH！！」×「笑点」夢のコラボDAY
福岡,5 FBS福岡放送1,2026-07-26,18:00,真相報道バンキシャ！🈑桝太一＆石川みなみが1週間の出来事を詳しく
福岡,5 FBS福岡放送1,2026-07-26,18:55,博士は今日も嫉妬する 人生が楽しくなる最新テクノロジー🈑
福岡,5 FBS福岡放送1,2026-07-26,19:00,ザ！鉄腕！DASH！！▽笑点60周年記念夏祭り！師匠全員参加で巨大お好み焼き！🈑
福岡,5 FBS福岡放送1,2026-07-26,19:58,イッテQ【お祭り男宮川＆二代目手越】フィンランドで丸太乗って川を下る木材選手権🈑
福岡,5 FBS福岡放送1,2026-07-26,20:54,音のソノリティ🈑
福岡,5 FBS福岡放送1,2026-07-26,21:00,ゴールデンストーンズ▽番組史上最大‼人気芸人軍団と総勢31名の大混戦バトル🈑
福岡,5 FBS福岡放送1,2026-07-26,21:54,天気予報
福岡,5 FBS福岡放送1,2026-07-26,22:00,おしゃれクリップ🈖🈑出川哲朗はなぜ愛される？▼妻や一茂が忖度なしでガチ素顔告白
福岡,5 FBS福岡放送1,2026-07-26,22:30,ドラマ「一次元の挿し木」第4話【激動の真相が発覚…古人骨と義妹を巡る謎】🈖🈑🈓
福岡,5 FBS福岡放送1,2026-07-26,23:25,発見らくちゃく！「依頼者のその後 人生を変えた香椎のコンビニ店員」🈑
福岡,5 FBS福岡放送1,2026-07-26,23:55,Going！🈑生出演！渡邊雄太が明かす日本バスケの進化▼赤星絶賛！怪物高校生
福岡,7 TVQ九州放送1,2026-07-26,05:00,ルアルアチャンネル 池内修次さんとイカメタル
福岡,7 TVQ九州放送1,2026-07-26,05:30,TVショッピング
福岡,7 TVQ九州放送1,2026-07-26,06:00,THEフィッシング ベイトタックルで挑む！宮古島マグロジギング🈞
福岡,7 TVQ九州放送1,2026-07-26,06:30,ぐっ！ジョブ 朝から晩までお客をくぎ付け！北九州  宿泊客マシマシ大作戦🈞🈑
福岡,7 TVQ九州放送1,2026-07-26,07:00,アニもり！🈑
福岡,7 TVQ九州放送1,2026-07-26,07:30,ポケモンとどこいく！？【チャンピオンズ対決に派手刺客でバトル部ピンチ！】🈑🈓
福岡,7 TVQ九州放送1,2026-07-26,08:30,トミプラワールドのりのりタイムズ！！🈑
福岡,7 TVQ九州放送1,2026-07-26,09:00,ギャビーのドールハウス 118話 新しい家族のベニー・ボックス（前編）🈑🈔
福岡,7 TVQ九州放送1,2026-07-26,09:15,ぷにるんず ぷに3 第17話『くーるんとカチコチあいるん♪』🈞🈑
福岡,7 TVQ九州放送1,2026-07-26,09:30,おねがいアイプリ あおいとおねがいかなえ隊🈑
福岡,7 TVQ九州放送1,2026-07-26,10:00,武井壮のゴルフバッグ担いでください▽永久保存版！宮里優作プロのゴルフレッスン🈑
福岡,7 TVQ九州放送1,2026-07-26,10:30,優香のサンデークッキング【レンジde簡単ナスキーマ& グリルde焼きナス】🈑
福岡,7 TVQ九州放送1,2026-07-26,11:00,YOUは何しに日本へ？★大分・別府温泉88湯を完全制覇🈞🈑
福岡,7 TVQ九州放送1,2026-07-26,12:25,今村敦子の美容見聞録
福岡,7 TVQ九州放送1,2026-07-26,12:30,家、ついて行ってイイですか？【79歳の高校生！？人生の素晴らしきリスタートSP】🈞
福岡,7 TVQ九州放送1,2026-07-26,13:30,ぺこもぐキッチン！宮澤エマとワインで乾杯！魚介系おつまみ& アレンジフムス🈑
福岡,7 TVQ九州放送1,2026-07-26,14:00,大東建託・いい部屋ネットレディス🈑
福岡,7 TVQ九州放送1,2026-07-26,15:15,開運！なんでも鑑定団【初代・熊本藩主  加藤清正が秀吉に送った書状に衝撃値】🈞🈑🈖
福岡,7 TVQ九州放送1,2026-07-26,16:21,ちょっと福岡行ってきました！ イワクラ＆熊元プロレス＆荒川の仲良し爆笑福岡旅🈞🈑
福岡,7 TVQ九州放送1,2026-07-26,17:15,激PUSH！
福岡,7 TVQ九州放送1,2026-07-26,17:20,TXNニュース🈑🈐
福岡,7 TVQ九州放送1,2026-07-26,17:25,テレQニュース
福岡,7 TVQ九州放送1,2026-07-26,17:30,鉄鍋のジャン！「毒を御す者」🈑
福岡,7 TVQ九州放送1,2026-07-26,18:00,パズドラ「吹き矢コンボバトル／もう一度見たい！アニメセレクション」🈑🈓
福岡,7 TVQ九州放送1,2026-07-26,18:30,日曜プラチナアワー・日本の海を守る！海上保安庁の激ヤバすぎる最前線100 連発SP🈑🈓
福岡,7 TVQ九州放送1,2026-07-26,20:50,家、ついて行ってイイですか？菊池風磨愛止まらない女子＆妻夫木涙…亡き妻への想い🈑
福岡,7 TVQ九州放送1,2026-07-26,21:54,週刊よかタイムス1
福岡,7 TVQ九州放送1,2026-07-26,22:00,有吉ぃぃeeeee!【アモアス】クセ者10人でダマし合い！裏切り者は誰だ？🈑
福岡,7 TVQ九州放送1,2026-07-26,22:48,週刊よかタイムス2
福岡,7 TVQ九州放送1,2026-07-26,22:54,スポーツリアライブ
福岡,7 TVQ九州放送1,2026-07-26,23:20,Weekly女子ゴルフ
福岡,7 TVQ九州放送1,2026-07-26,23:45,ふつつかな悪女ではございますが〜雛宮蝶鼠とりかえ伝〜 第3 話🈑
福岡,8 テレビ西日本1,2026-07-26,05:00,健康家族テレビショッピング
福岡,8 テレビ西日本1,2026-07-26,05:30,テレビ寺子屋【苦しい時こそ背筋をのばせ／相田一人】
福岡,8 テレビ西日本1,2026-07-26,06:00,TNCニュース🈑
福岡,8 テレビ西日本1,2026-07-26,06:10,おはようTNC【番組情報】
福岡,8 テレビ西日本1,2026-07-26,06:15,GO！GO！チャギントン＃15🈞🈑🈔
福岡,8 テレビ西日本1,2026-07-26,06:30,西村キャンプ場【謎の撮影班乱入！極厚牛サンド】
福岡,8 テレビ西日本1,2026-07-26,07:00,SUNDAYブレイク． 千葉県勝浦でオズワルド伊藤が絶叫アクティビティ体験🈑🈕🈓
福岡,8 テレビ西日本1,2026-07-26,08:25,ももち浜ストア 愛され食堂傑作選【八女市で調査！】
福岡,8 テレビ西日本1,2026-07-26,08:55,はぐはぐ
福岡,8 テレビ西日本1,2026-07-26,09:00,DIGIMON BEATBREAK【消せない夜】 ＃40🈑🈖
福岡,8 テレビ西日本1,2026-07-26,09:30,テレビアニメ「鬼滅の刃」シリーズ全編再放送【竈門炭治郎 立志編】🈑🈖🈓
福岡,8 テレビ西日本1,2026-07-26,10:00,華丸・大吉のなんしようと？【錦鯉・長谷川と行く！八幡東区8選】🈞🈑
福岡,8 テレビ西日本1,2026-07-26,11:00,記者のチカラPICKUP【福岡の学生が見た福島のいま】
福岡,8 テレビ西日本1,2026-07-26,11:15,ミラモンGOLD🈑
福岡,8 テレビ西日本1,2026-07-26,11:45,サクラボ【“UPDATE LIFE”桜々の体験リポート】
福岡,8 テレビ西日本1,2026-07-26,11:50,FNN Live News days🈑
福岡,8 テレビ西日本1,2026-07-26,12:00,全力！華大さんと千鳥くん ついに復活！覆面さんの中身は誰だ？ダイアン津田🈞🈑
福岡,8 テレビ西日本1,2026-07-26,12:55,坂上どうぶつ王国 人嫌いビビりにゃんこと共同生活▼甘えんぼ元野犬に小さな家族🈞🈑
福岡,8 テレビ西日本1,2026-07-26,13:55,STAR★乃木坂aespa純烈EBiDAN・TREASUREちいかわ▼№1夏歌🈑
福岡,8 テレビ西日本1,2026-07-26,14:55,ピタッと。TNC
福岡,8 テレビ西日本1,2026-07-26,15:00,競馬BEAT【第43回東海ステークス（GⅢ）▽第61回関屋記念（GⅢ）】
福岡,8 テレビ西日本1,2026-07-26,16:00,王貞治の言葉 〜89 Legacy〜【ももスポDEEP特別企画】
福岡,8 テレビ西日本1,2026-07-26,16:30,街グルメをマジ探索！かまいまち🈑
福岡,8 テレビ西日本1,2026-07-26,17:25,ミライへの1minute【力強さの先に…金堂礼】
福岡,8 テレビ西日本1,2026-07-26,17:30,FNN Live News イット！🈑
福岡,8 テレビ西日本1,2026-07-26,18:00,ちびまる子ちゃん【隣町の男子とプールで勝負する／たまちゃんちで日曜大工を】🈑🈖
福岡,8 テレビ西日本1,2026-07-26,18:30,サザエさん【憧れの松／うっかりでしっかり ほか】🈑🈖🈓
福岡,8 テレビ西日本1,2026-07-26,19:00,千鳥の鬼レンチャン◆鬼ハード初代女王誕生？STU池ちゃん＆高橋成美サビカラ登場🈑
福岡,8 テレビ西日本1,2026-07-26,21:00,Mr．サンデー🈑🈓
福岡,8 テレビ西日本1,2026-07-26,23:09,ピタッと。TNC
福岡,8 テレビ西日本1,2026-07-26,23:15,ワンピース【エルバフの大罪人 冥界のロキ解放！？】🈑🈖
福岡,8 テレビ西日本1,2026-07-26,23:45,すぽると！ 大谷翔平のストレートは軌道が読めない⁉スター証言＆脳科学から紐解く🈑
熊本,1 NHK総合1..,2026-07-26,05:00,ニュース・気象情報
熊本,1 NHK総合1..,2026-07-26,05:10,Jリーグと私 あの試合を忘れない ＃17 横浜FM🈑
熊本,1 NHK総合1..,2026-07-26,05:15,週末のNスペは… 激変・安全保障 日本の進路は🈑
熊本,1 NHK総合1..,2026-07-26,05:20,桂文珍の演芸図鑑 レ・ロマネスクTOBI 柳亭小燕枝 三拍子🈑
熊本,1 NHK総合1..,2026-07-26,05:50,気象情報
熊本,1 NHK総合1..,2026-07-26,05:55,にっぽん百名山ミニ 3min「夏 五竜岳」🈑
熊本,1 NHK総合1..,2026-07-26,05:58,巡る世界絶景 ベネチアの冬🅍
熊本,1 NHK総合1..,2026-07-26,06:00,ニュース
熊本,1 NHK総合1..,2026-07-26,06:10,【特選！時代劇】大岡越前8 🈟（1）「燃える牢屋敷」🈖🈑
熊本,1 NHK総合1..,2026-07-26,06:53,気象情報
熊本,1 NHK総合1..,2026-07-26,06:55,ニュース・気象情報（九州沖縄）
熊本,1 NHK総合1..,2026-07-26,07:00,NHKニュース おはよう日本 7月26日（日）🈑
熊本,1 NHK総合1..,2026-07-26,07:40,ニュース・気象情報（九州沖縄）
熊本,1 NHK総合1..,2026-07-26,07:45,さわやか自然百景 青森 屏風山湿原池沼群🈑
熊本,1 NHK総合1..,2026-07-26,08:00,小さな旅「大原を継ぐ 〜京都市 左京区〜」🈖🈑
熊本,1 NHK総合1..,2026-07-26,08:25,Dearにっぽん「私たちが新聞を書く理由〜滋賀・虎姫高校〜」🈑
熊本,1 NHK総合1..,2026-07-26,08:50,あさイチの鈴木奈穂子アナが「NHK ONE」を解説🈑
熊本,1 NHK総合1..,2026-07-26,08:57,気象情報
熊本,1 NHK総合1..,2026-07-26,09:00,日曜討論 徹底解説！暑さはどこまで？対策は
熊本,1 NHK総合1..,2026-07-26,10:00,ニュース・気象情報🈑
熊本,1 NHK総合1..,2026-07-26,10:05,明日をまもるナビ選196 都市を襲う水害 内水氾濫〜見えない危険にどう備える🈖🈑
熊本,1 NHK総合1..,2026-07-26,10:30,5分であさイチ（4）知ってトクする旅行術（2）バッグの詰め方🈑
熊本,1 NHK総合1..,2026-07-26,10:35,ゆったり温泉ひとり旅 北海道・登別温泉🈑
熊本,1 NHK総合1..,2026-07-26,11:04,ニュース🈑
熊本,1 NHK総合1..,2026-07-26,11:05,あしたが変わるトリセツショー 骨ケアで健康革命！今すぐできる運動＆食事ワザ🈖🈑🈞
熊本,1 NHK総合1..,2026-07-26,11:50,ふすま絵 奇跡の再会🈑
熊本,1 NHK総合1..,2026-07-26,11:54,気象情報
熊本,1 NHK総合1..,2026-07-26,12:00,ニュース🈑
熊本,1 NHK総合1..,2026-07-26,12:10,ニュース（九州沖縄）
熊本,1 NHK総合1..,2026-07-26,12:15,NHKのど自慢 熱唱熱演名場面 2026 Part1🈑
熊本,1 NHK総合1..,2026-07-26,12:55,ドキュメント72時間PR ドキュメント72時間の作り方＜編集・ナレーション編＞🈑
熊本,1 NHK総合1..,2026-07-26,13:00,ニュース・気象情報🈑
熊本,1 NHK総合1..,2026-07-26,13:05,ダーウィンが来た！「相葉さんと探せ！ミクロいきもの超ワールド」🈖🈑🈞
熊本,1 NHK総合1..,2026-07-26,13:35,さわやか自然百景10min．（37）兵庫 猫崎の海と黒川渓谷🈑
熊本,1 NHK総合1..,2026-07-26,13:45,JAPAN DELISH 5min カレーライス🈑
熊本,1 NHK総合1..,2026-07-26,13:50,アニメまとめPR 放送中！注目の3番組ほか🈑
熊本,1 NHK総合1..,2026-07-26,13:55,プロフェッショナル 仕事の流儀 旅する家族、春をつなぐ〜養蜂家・藤井髙治〜🈖🈑🈞
熊本,1 NHK総合1..,2026-07-26,14:40,秀サルでもわかる 豊臣兄弟！ なんで豊臣兄弟は明智光秀に勝てたの？🈑
熊本,1 NHK総合1..,2026-07-26,14:45,あしたが変わるトリセツショー 番外編 フレイル対策15分エクササイズ🈑
熊本,1 NHK総合1..,2026-07-26,15:00,ニュース・気象情報🈑
熊本,1 NHK総合1..,2026-07-26,15:05,大相撲（2026年） 名古屋場所 千秋楽🈑
熊本,1 NHK総合1..,2026-07-26,15:30,大相撲（2026年） 名古屋場所 千秋楽 優勝力士・三賞力士インタビュー🈔🈑
熊本,1 NHK総合1..,2026-07-26,18:00,ニュース🈑
熊本,1 NHK総合1..,2026-07-26,18:05,有吉のお金発見 突撃！カネオくん 令和に再ブーム！RCカーのヒミツ🈑
熊本,1 NHK総合1..,2026-07-26,18:45,クマロク！645
熊本,1 NHK総合1..,2026-07-26,19:00,NHKニュース7🈔🈑
熊本,1 NHK総合1..,2026-07-26,19:30,ダーウィンが来た！「最大の味方！最強のライバル！？動物兄弟」🈖🈑
熊本,1 NHK総合1..,2026-07-26,20:00,豊臣兄弟！（29）天下への道🈖🈑
熊本,1 NHK総合1..,2026-07-26,20:45,ニュース🈑🈐
熊本,1 NHK総合1..,2026-07-26,20:55,ニュース・気象情報（九州沖縄）
熊本,1 NHK総合1..,2026-07-26,21:00,NHKスペシャル 激変・安全保障 “力の支配”と揺らぐ国際秩序 日本の針路は🈑
熊本,1 NHK総合1..,2026-07-26,22:00,サンデースポーツ🈑
熊本,1 NHK総合1..,2026-07-26,22:50,ニュース・気象情報🈑
熊本,1 NHK総合1..,2026-07-26,22:55,ハロー！NHKワールドJAPAN 7月の地域特集・山口県関連番組紹介🈑
熊本,1 NHK総合1..,2026-07-26,23:00,DOC（ドック）3 あすへのカルテ（8）「暗闇の先へ」🈔🈑
熊本,1 NHK総合1..,2026-07-26,23:59,連続テレビ小説「ひよっこ」再放送PR
熊本,2 NHKEテレ..,2026-07-26,05:00,こころの時代 わからなさのなかで〜最首悟の思想をたどる〜🈑🈞
熊本,2 NHKEテレ..,2026-07-26,06:00,NHK短歌 わたしの宮沢賢治 テーマ「月」🈑
熊本,2 NHKEテレ..,2026-07-26,06:25,テレビ体操🈑
熊本,2 NHKEテレ..,2026-07-26,06:35,NHK俳句 題「七夕」🈑
熊本,2 NHKEテレ..,2026-07-26,07:00,第93回NHK全国学校音楽コンクール みんなの合唱レッスン・高等学校の部🈑
熊本,2 NHKEテレ..,2026-07-26,07:10,第93回NHK全国学校音楽コンクール みんなの合唱レッスン・中学校の部🈑
熊本,2 NHKEテレ..,2026-07-26,07:20,第93回NHK全国学校音楽コンクール みんなの合唱レッスン・小学校の部🈑
熊本,2 NHKEテレ..,2026-07-26,07:30,おとうさんといっしょ「まねまねどんぐー」🈑🈞
熊本,2 NHKEテレ..,2026-07-26,08:00,やさいの時間 みんなの菜園物語 兵庫県（後編）🈑
熊本,2 NHKEテレ..,2026-07-26,08:25,趣味の園芸 京も一日陽だまり屋「の〜んびり 蘇鉄（そてつ）」🈑
熊本,2 NHKEテレ..,2026-07-26,08:30,趣味の園芸 選 ステキをセレクト！タネから育てるコスモス🈑
熊本,2 NHKEテレ..,2026-07-26,08:55,no art，no life「洋一」🈑
熊本,2 NHKEテレ..,2026-07-26,09:00,日曜美術館 陶芸家ルーシー・リー 繊細でたくましい器🈑
熊本,2 NHKEテレ..,2026-07-26,09:45,日曜美術館 アートシーン「まなざしの奇跡 日本女性写真家の冒険」展🈑
熊本,2 NHKEテレ..,2026-07-26,10:00,将棋フォーカス 選 フォーカス流・観る将検定 第2回！🈑
熊本,2 NHKEテレ..,2026-07-26,10:30,第76回 NHK杯テレビ将棋トーナメント 1回戦第17局 羽生九段×横山七段🈑
熊本,2 NHKEテレ..,2026-07-26,12:00,囲碁フォーカス 選 知らずに使っている！？「囲碁用語」🈑
熊本,2 NHKEテレ..,2026-07-26,12:30,第74回NHK杯テレビ囲碁トーナメント1回戦第17局酒井佑規七段×加藤千笑四段🈑
熊本,2 NHKEテレ..,2026-07-26,14:00,日本の話芸 柳家蝠丸 落語「叩き蟹」🈖🈑
熊本,2 NHKEテレ..,2026-07-26,14:30,アニメ 青のオーケストラ シーズン2（1）「ほころび」🈑
熊本,2 NHKEテレ..,2026-07-26,14:55,アニメ 青のオーケストラ シーズン2（2）「波紋」🈑
熊本,2 NHKEテレ..,2026-07-26,15:20,アニメ 青のオーケストラ シーズン2（3）「ケジメ」🈑
熊本,2 NHKEテレ..,2026-07-26,15:45,アニメ 青のオーケストラ シーズン2（4）「体育祭」🈑
熊本,2 NHKEテレ..,2026-07-26,16:10,ピタゴラミングスイッチ2🈑🈞
熊本,2 NHKEテレ..,2026-07-26,16:30,ざわざわ森のがんこちゃん30周年スペシャルがんこのびっくりおたんじょうび会🈖🈑🈞
熊本,2 NHKEテレ..,2026-07-26,17:00,アニメ アオアシ（17）東京都リーグ第7節 多摩体育大学附属高校戦🈑
熊本,2 NHKEテレ..,2026-07-26,17:25,レディー・グレース 女王陛下のスパイ（4）「迷える女王」🈔🈑
熊本,2 NHKEテレ..,2026-07-26,17:50,こども手話ウイークリー🈐
熊本,2 NHKEテレ..,2026-07-26,18:00,木村多江の、いまさらですが… アメリカ建国の立役者 初代財務長官ハミルトン🈖🈑🈞
熊本,2 NHKEテレ..,2026-07-26,18:30,ブリティッシュ・ベイクオフ6（17）チョコレート対決・前編🈔🈑🈞
熊本,2 NHKEテレ..,2026-07-26,19:00,未病息災を願います 選「骨密度」が気になったら🈖🈑
熊本,2 NHKEテレ..,2026-07-26,19:45,365日の献立日記「野菜ずし」🈑
熊本,2 NHKEテレ..,2026-07-26,19:50,5分であさイチ 夏休みの“お昼ごはん”に革命を！🈑
熊本,2 NHKEテレ..,2026-07-26,19:55,NHK手話ニュース🈐
熊本,2 NHKEテレ..,2026-07-26,20:00,日曜美術館 滅びゆく写真 そして人類 現代美術作家・杉本博司🈑🈞
熊本,2 NHKEテレ..,2026-07-26,20:45,日曜美術館 アートシーン「元禄！師宣劇場」展🈑
熊本,2 NHKEテレ..,2026-07-26,21:00,古典芸能への招待 歌舞伎「近江源氏先陣館 盛綱陣屋」大阪松竹座さよなら公演🈕🈑
熊本,2 NHKEテレ..,2026-07-26,23:00,美の壺 選「小さな芸術 干菓子」🈑
熊本,2 NHKEテレ..,2026-07-26,23:30,サイエンスZERO“次世代塗料”が未来を塗り替える！？🈖🈑
熊本,3 RKK熊本放送1,2026-07-26,04:55,おはようテレショップ
熊本,3 RKK熊本放送1,2026-07-26,05:25,あるぽのへや
熊本,3 RKK熊本放送1,2026-07-26,05:30,ドライブインらーめん探訪
熊本,3 RKK熊本放送1,2026-07-26,06:00,日本のチカラ🈑
熊本,3 RKK熊本放送1,2026-07-26,06:30,吉田類の酒場放浪記
熊本,3 RKK熊本放送1,2026-07-26,06:45,JNNニュース🈐
熊本,3 RKK熊本放送1,2026-07-26,07:00,健康カプセル！ゲンキの時間🈖🈑侮っていると一大事に！？消えないあざに隠れた恐怖
熊本,3 RKK熊本放送1,2026-07-26,07:30,がっちりマンデー‼CMで良く見るけど知らない会社！渡辺パイプ、INPEX、NGK
熊本,3 RKK熊本放送1,2026-07-26,08:00,サンデーモーニング🈑高市総理“寝てない”投稿の波紋▽消費税“迷走”と骨太ショック
熊本,3 RKK熊本放送1,2026-07-26,09:54,天気予報
熊本,3 RKK熊本放送1,2026-07-26,10:00,新 窓をあけて九州 『月明かりの学び舎』🈑
熊本,3 RKK熊本放送1,2026-07-26,10:15,世界一の九州が始まる！ 『ベトナムとの架け橋へ！青パパイヤがつなぐ夢』🈑
熊本,3 RKK熊本放送1,2026-07-26,10:30,ガイアの夜明け 【“激安弁当”の真実！】〜物価高の救世主か、それとも破壊者か〜
熊本,3 RKK熊本放送1,2026-07-26,11:25,天気予報
熊本,3 RKK熊本放送1,2026-07-26,11:30,熊日ニュース
熊本,3 RKK熊本放送1,2026-07-26,11:35,上田晋也のサンデーQ🈑堺雅人が生出演「VIVANT」エキストラは4千人！聖地先取り巡礼
熊本,3 RKK熊本放送1,2026-07-26,12:54,女性の健康ブライト
熊本,3 RKK熊本放送1,2026-07-26,12:57,天気予報
熊本,3 RKK熊本放送1,2026-07-26,13:00,「新シリーズ放送直前「VIVANT」第1シーズン一挙放送SP」▽第10話
熊本,3 RKK熊本放送1,2026-07-26,14:26,出川哲朗の充電させてもらえませんか？ スペシャル（前編）▽初！オズワルド伊藤！
熊本,3 RKK熊本放送1,2026-07-26,15:24,未来をつくるヒーローたち〜医療・福祉への挑戦〜
熊本,3 RKK熊本放送1,2026-07-26,15:27,ソラクマ
熊本,3 RKK熊本放送1,2026-07-26,15:30,今さらシロー！岡田准一＆ロバート秋山進化が止まらない冷凍食品に感動🈑
熊本,3 RKK熊本放送1,2026-07-26,16:30,レッツゴー怪奇組 第四怪🈑
熊本,3 RKK熊本放送1,2026-07-26,17:00,日5「正反対な君と僕」 ＃16「新学期」🈑🈓
熊本,3 RKK熊本放送1,2026-07-26,17:30,Nスタ🈑 「飛鳥・藤原の宮都」が世界遺産新登録なるか▽「土用の丑の日」うなぎ店は
熊本,3 RKK熊本放送1,2026-07-26,17:44,熊日ニュース
熊本,3 RKK熊本放送1,2026-07-26,17:54,Nスタ🈑
熊本,3 RKK熊本放送1,2026-07-26,18:00,世界遺産／バリ島 1000年続く棚田の絶景（インドネシア）🈖🈑
熊本,3 RKK熊本放送1,2026-07-26,18:30,ベスコングルメ★夏の軽井沢SP・そば通DEEN池森オススメの手打ちそば名店へ🈖🈑🈓
熊本,3 RKK熊本放送1,2026-07-26,19:00,バナナマンのせっかくグルメ★VIVANT堺雅人＆濱田岳と日村が人気リゾート地🈑🈓
熊本,3 RKK熊本放送1,2026-07-26,20:00,VIVANT直前生放送★堺×阿部×二宮×松坂が集結！今からでも間に合うSPダイジェスト🈑
熊本,3 RKK熊本放送1,2026-07-26,21:00,🈟日曜劇場「VIVANT」第11話🈖🈑
熊本,3 RKK熊本放送1,2026-07-26,22:19,熊日ニュース
熊本,3 RKK熊本放送1,2026-07-26,22:22,天気予報
熊本,3 RKK熊本放送1,2026-07-26,22:25,日曜日の初耳学◆堺雅人×林修『VIVANT』放送直後90分SP阿部寛＆初出しメイキング映像
熊本,3 RKK熊本放送1,2026-07-26,23:49,めざせ！くまもとの若き匠たち
熊本,3 RKK熊本放送1,2026-07-26,23:55,黒猫と魔女の教室🈑🈓 ＃16「イオ・トーラス がんばります」【アガルアニメ】
熊本,4 くまもと県民1,2026-07-26,04:38,テレビショッピング
熊本,4 くまもと県民1,2026-07-26,05:08,天気予報
熊本,4 くまもと県民1,2026-07-26,05:10,テレビショッピング
熊本,4 くまもと県民1,2026-07-26,05:40,24時間テレビチャリティー・リポート🈐🈑
熊本,4 くまもと県民1,2026-07-26,05:45,テレビショッピング
熊本,4 くまもと県民1,2026-07-26,06:15,NNNニュースサンデー🈐
熊本,4 くまもと県民1,2026-07-26,06:30,テレビショッピング
熊本,4 くまもと県民1,2026-07-26,07:00,所さんの目がテン！🈑所さんと奥田民生さんが絶品イノシシ肉で燻製作り⁉
熊本,4 くまもと県民1,2026-07-26,07:30,シューイチ🈑🈓8月から変わること＆新スポット▽秋山＆平子が南房総の体格グルメ堪能
熊本,4 くまもと県民1,2026-07-26,10:25,一茂×かまいたちゲンバ▼水族館でアシカとご対面▼驚き新食感「糸かき氷」とは？🈑
熊本,4 くまもと県民1,2026-07-26,11:25,天気予報
熊本,4 くまもと県民1,2026-07-26,11:30,NNN ストレイトニュース🈑
熊本,4 くまもと県民1,2026-07-26,11:40,上沼・高田のクギズケ！ 水谷豊の娘婿に文春砲▽W杯でトランプ氏が大批判🈑
熊本,4 くまもと県民1,2026-07-26,12:35,カンブリア宮殿【社名も社屋も一新！1兆円水産企業のリボーン戦略】
熊本,4 くまもと県民1,2026-07-26,13:30,そこまで言って委員会NP 「大戦争時代」SP！戦争終結シナリオを徹底討論🈑
熊本,4 くまもと県民1,2026-07-26,15:00,所でナンじゃこりゃ！？▼鬼滅の刃の世界＆ナスカの地上絵で新発見！
熊本,4 くまもと県民1,2026-07-26,16:25,イケイケイケイティー
熊本,4 くまもと県民1,2026-07-26,16:30,くりぃむしちゅーの熊本どぎゃん⁉🈞上田晋也が熊本食材で究極のオムライス作りに挑戦
熊本,4 くまもと県民1,2026-07-26,17:25,KKTニュース
熊本,4 くまもと県民1,2026-07-26,17:30,笑点🈖🈑🈓城島茂が座布団運び「ザ！鉄腕！DASH！！」×「笑点」夢のコラボDAY
熊本,4 くまもと県民1,2026-07-26,18:00,真相報道バンキシャ！🈑独自分析…熱中症患者10人の行動に教訓▽花火大会で湿度検証
熊本,4 くまもと県民1,2026-07-26,18:55,博士は今日も嫉妬する 人生が楽しくなる最新テクノロジー🈑
熊本,4 くまもと県民1,2026-07-26,19:00,ザ！鉄腕！DASH！！▽笑点60周年記念夏祭り！師匠全員参加で巨大お好み焼き！🈑
熊本,4 くまもと県民1,2026-07-26,19:58,イッテQ【お祭り男宮川＆二代目手越】フィンランドで丸太乗って川を下る木材選手権🈑
熊本,4 くまもと県民1,2026-07-26,20:54,天気予報
熊本,4 くまもと県民1,2026-07-26,21:00,ゴールデンストーンズ▽番組史上最大‼人気芸人軍団と総勢31名の大混戦バトル🈑
熊本,4 くまもと県民1,2026-07-26,21:54,天気予報
熊本,4 くまもと県民1,2026-07-26,22:00,おしゃれクリップ🈖🈑出川哲朗はなぜ愛される？▼妻や一茂が忖度なしでガチ素顔告白
熊本,4 くまもと県民1,2026-07-26,22:30,ドラマ「一次元の挿し木」第4話【激動の真相が発覚…古人骨と義妹を巡る謎】🈖🈑🈓
熊本,4 くまもと県民1,2026-07-26,23:25,ダウンタウンのガキの使い！10人で男の勲章歌い切り！エース＆小田参戦で大波乱🈑
熊本,4 くまもと県民1,2026-07-26,23:55,Going！🈑生出演！渡邊雄太が明かす日本バスケの進化▼赤星絶賛！怪物高校生
熊本,5 KAB熊本朝..,2026-07-26,04:50,お買い物情報
熊本,5 KAB熊本朝..,2026-07-26,05:20,お買い物情報
熊本,5 KAB熊本朝..,2026-07-26,05:50,グッド！モーニング🈓🈑
熊本,5 KAB熊本朝..,2026-07-26,08:00,よ〜い！スターと！トビダスクール しなことリボンでTシャツデコ！🈓🈑
熊本,5 KAB熊本朝..,2026-07-26,08:30,名探偵プリキュア！ #26 キュアエクレールの復活！🈓🈑
熊本,5 KAB熊本朝..,2026-07-26,09:00,仮面ライダーゼッツ 第45話「惑わす」🈓🈑
熊本,5 KAB熊本朝..,2026-07-26,09:30,🈟角醒ハンター オメガホーン 第1話「角醒せよ！赤き角獣王！」🈓🈑
熊本,5 KAB熊本朝..,2026-07-26,10:00,ヒロシのひとりキャンプのすすめ(傑作選)🈞
熊本,5 KAB熊本朝..,2026-07-26,10:30,朝にtouch！（再）▼熊本の気になる「時事」「旬」「トレンド」をお伝えします！
熊本,5 KAB熊本朝..,2026-07-26,10:40,静岡発☆福岡着！ドゲンジャーズツーリズム
熊本,5 KAB熊本朝..,2026-07-26,11:05,カラシコンボ傑作選▽千原せいじと熊本de勝手に人生相談！様々な悩みにせいじ節が炸裂
熊本,5 KAB熊本朝..,2026-07-26,11:35,赤ちゃんと一緒！▼助産師外来の妊婦健診
熊本,5 KAB熊本朝..,2026-07-26,11:45,ケービィーch⑤▼KABのイチオシ番組を紹介します♪
熊本,5 KAB熊本朝..,2026-07-26,11:50,ANNニュース🈑
熊本,5 KAB熊本朝..,2026-07-26,12:00,ぼる部屋🈑芸能人も通う行列必至人気ラーメン店でバイト！大混乱
熊本,5 KAB熊本朝..,2026-07-26,12:55,新婚さんいらっしゃい！ オーストラリア在住夫婦が出場！親戚100人の大運動会!?🈖🈑
熊本,5 KAB熊本朝..,2026-07-26,13:25,華丸丼と大吉麺【荻窪で発見！あのドラマの監修をした三ツ星店の斬新沖縄そば】🈑
熊本,5 KAB熊本朝..,2026-07-26,13:55,KABウェザーライン
熊本,5 KAB熊本朝..,2026-07-26,14:00,相棒 season 4 スペシャル「汚れある悪戯」🈞
熊本,5 KAB熊本朝..,2026-07-26,16:30,ビートたけしのTVタックル 昭和は驚きの光景が…令和のゴミ問題＆激安リユース店🈑
熊本,5 KAB熊本朝..,2026-07-26,17:25,KABウェザーライン
熊本,5 KAB熊本朝..,2026-07-26,17:30,ANNスーパーJチャンネル🈑
熊本,5 KAB熊本朝..,2026-07-26,17:55,SDGs劇場 サスとテナ シーズン3▼SDGsクイズ大会3
熊本,5 KAB熊本朝..,2026-07-26,18:00,相葉マナブ 初登場！timelesz佐藤勝利と地引き網！相模湾で何が獲れる？🈑
熊本,5 KAB熊本朝..,2026-07-26,18:52,KABウェザーライン
熊本,5 KAB熊本朝..,2026-07-26,18:56,ポツンと一軒家 2時間SP！84歳チェーンソーアート挑戦！仲間とBBQ宴会＆絶景岩風呂🈑
熊本,5 KAB熊本朝..,2026-07-26,20:56,有働Times🈑
熊本,5 KAB熊本朝..,2026-07-26,22:15,マイ・フィクション 第4話「刑務所にいるはずの人間」🈖🈑
熊本,5 KAB熊本朝..,2026-07-26,23:09,KABウェザーライン
熊本,5 KAB熊本朝..,2026-07-26,23:15,EIGHT－JAM 【中森明菜特集‼松田聖子・小泉今日子との関係、振付秘話…】🈑
熊本,8 テレビ熊本1,2026-07-26,04:40,買い物情報
熊本,8 テレビ熊本1,2026-07-26,05:10,カンゲキ！博多座＃67
熊本,8 テレビ熊本1,2026-07-26,05:25,GO！くまモン☆ナビ🈞
熊本,8 テレビ熊本1,2026-07-26,05:30,田村亮の釣りならまかせろ！
熊本,8 テレビ熊本1,2026-07-26,06:00,FNNニュース🈑
熊本,8 テレビ熊本1,2026-07-26,06:15,TKUテレビ批評
熊本,8 テレビ熊本1,2026-07-26,06:30,ポケモンとどこいく！？＃221
熊本,8 テレビ熊本1,2026-07-26,07:00,SUNDAYブレイク． 千葉県勝浦でオズワルド伊藤が絶叫アクティビティ体験🈑🈕🈓
熊本,8 テレビ熊本1,2026-07-26,08:55,天気予報
熊本,8 テレビ熊本1,2026-07-26,09:00,ポケットモンスター＃142
熊本,8 テレビ熊本1,2026-07-26,09:30,テレビアニメ「鬼滅の刃」シリーズ全編再放送【竈門炭治郎 立志編】🈑🈖🈓
熊本,8 テレビ熊本1,2026-07-26,10:00,かのサンド◆学生街で絶品グルメSP！早稲田コスパ抜群グルメ＆学芸大学の名店中華🈑
熊本,8 テレビ熊本1,2026-07-26,11:15,ミラモンGOLD🈑
熊本,8 テレビ熊本1,2026-07-26,11:45,天気予報
熊本,8 テレビ熊本1,2026-07-26,11:50,Live News days🈑
熊本,8 テレビ熊本1,2026-07-26,12:00,開運！なんでも鑑定団【500 台限定アルファロメオ＆音丸耕堂の碁笥にド級値】
熊本,8 テレビ熊本1,2026-07-26,13:00,GTO ＃01 主演・反町隆史！あの伝説の教師が連続ドラマで帰って来る！🈞🈑🈖
熊本,8 テレビ熊本1,2026-07-26,14:10,主治医が見つかる診療所★富士山ドクター＆緊急車両SP
熊本,8 テレビ熊本1,2026-07-26,16:30,有吉の深掘り大調査 100 万人突破！急増する車中泊に密着＆厨房ドキュメントSP前編
熊本,8 テレビ熊本1,2026-07-26,17:25,リズム！TKU
熊本,8 テレビ熊本1,2026-07-26,17:30,TKU Live News🈑
熊本,8 テレビ熊本1,2026-07-26,18:00,ちびまる子ちゃん【隣町の男子とプールで勝負する／たまちゃんちで日曜大工を】🈑🈖
熊本,8 テレビ熊本1,2026-07-26,18:30,サザエさん【憧れの松／うっかりでしっかり ほか】🈑🈖🈓
熊本,8 テレビ熊本1,2026-07-26,19:00,千鳥の鬼レンチャン◆鬼ハード初代女王誕生？STU池ちゃん＆高橋成美サビカラ登場🈑
熊本,8 テレビ熊本1,2026-07-26,21:00,Mr．サンデー🈑🈓
熊本,8 テレビ熊本1,2026-07-26,23:09,リズム！TKU＆天気予報
熊本,8 テレビ熊本1,2026-07-26,23:15,ワンピース【エルバフの大罪人 冥界のロキ解放！？】🈑🈖
熊本,8 テレビ熊本1,2026-07-26,23:45,すぽると！ 大谷翔平のストレートは軌道が読めない⁉スター証言＆脳科学から紐解く🈑
長崎,1 NHK総合1..,2026-07-26,05:00,ニュース・気象情報
長崎,1 NHK総合1..,2026-07-26,05:10,Jリーグと私 あの試合を忘れない ＃17 横浜FM🈑
長崎,1 NHK総合1..,2026-07-26,05:15,週末のNスペは… 激変・安全保障 日本の進路は🈑
長崎,1 NHK総合1..,2026-07-26,05:20,桂文珍の演芸図鑑 レ・ロマネスクTOBI 柳亭小燕枝 三拍子🈑
長崎,1 NHK総合1..,2026-07-26,05:50,気象情報
長崎,1 NHK総合1..,2026-07-26,05:55,にっぽん百名山ミニ 3min「夏 五竜岳」🈑
長崎,1 NHK総合1..,2026-07-26,05:58,巡る世界絶景 ベネチアの冬🅍
長崎,1 NHK総合1..,2026-07-26,06:00,ニュース
長崎,1 NHK総合1..,2026-07-26,06:10,【特選！時代劇】大岡越前8 🈟（1）「燃える牢屋敷」🈖🈑
長崎,1 NHK総合1..,2026-07-26,06:53,気象情報
長崎,1 NHK総合1..,2026-07-26,06:55,ニュース・気象情報（九州沖縄）
長崎,1 NHK総合1..,2026-07-26,07:00,NHKニュース おはよう日本 7月26日（日）🈑
長崎,1 NHK総合1..,2026-07-26,07:40,ニュース・気象情報（九州沖縄）
長崎,1 NHK総合1..,2026-07-26,07:45,さわやか自然百景 青森 屏風山湿原池沼群🈑
長崎,1 NHK総合1..,2026-07-26,08:00,小さな旅「大原を継ぐ 〜京都市 左京区〜」🈖🈑
長崎,1 NHK総合1..,2026-07-26,08:25,Dearにっぽん「私たちが新聞を書く理由〜滋賀・虎姫高校〜」🈑
長崎,1 NHK総合1..,2026-07-26,08:50,あさイチの鈴木奈穂子アナが「NHK ONE」を解説🈑
長崎,1 NHK総合1..,2026-07-26,08:57,気象情報
長崎,1 NHK総合1..,2026-07-26,09:00,日曜討論 徹底解説！暑さはどこまで？対策は
長崎,1 NHK総合1..,2026-07-26,10:00,ニュース・気象情報🈑
長崎,1 NHK総合1..,2026-07-26,10:05,明日をまもるナビ選196 都市を襲う水害 内水氾濫〜見えない危険にどう備える🈖🈑
長崎,1 NHK総合1..,2026-07-26,10:30,5分であさイチ（4）知ってトクする旅行術（2）バッグの詰め方🈑
長崎,1 NHK総合1..,2026-07-26,10:35,ゆったり温泉ひとり旅 北海道・登別温泉🈑
長崎,1 NHK総合1..,2026-07-26,11:04,ニュース🈑
長崎,1 NHK総合1..,2026-07-26,11:05,あしたが変わるトリセツショー 骨ケアで健康革命！今すぐできる運動＆食事ワザ🈖🈑🈞
長崎,1 NHK総合1..,2026-07-26,11:50,ふすま絵 奇跡の再会🈑
長崎,1 NHK総合1..,2026-07-26,11:54,気象情報
長崎,1 NHK総合1..,2026-07-26,12:00,ニュース🈑
長崎,1 NHK総合1..,2026-07-26,12:10,ニュース（九州沖縄）
長崎,1 NHK総合1..,2026-07-26,12:15,NHKのど自慢 熱唱熱演名場面 2026 Part1🈑
長崎,1 NHK総合1..,2026-07-26,12:55,ドキュメント72時間PR ドキュメント72時間の作り方＜編集・ナレーション編＞🈑
長崎,1 NHK総合1..,2026-07-26,13:00,ニュース・気象情報🈑
長崎,1 NHK総合1..,2026-07-26,13:05,ダーウィンが来た！「相葉さんと探せ！ミクロいきもの超ワールド」🈖🈑🈞
長崎,1 NHK総合1..,2026-07-26,13:35,さわやか自然百景10min．（37）兵庫 猫崎の海と黒川渓谷🈑
長崎,1 NHK総合1..,2026-07-26,13:45,JAPAN DELISH 5min カレーライス🈑
長崎,1 NHK総合1..,2026-07-26,13:50,アニメまとめPR 放送中！注目の3番組ほか🈑
長崎,1 NHK総合1..,2026-07-26,13:55,プロフェッショナル 仕事の流儀 旅する家族、春をつなぐ〜養蜂家・藤井髙治〜🈖🈑🈞
長崎,1 NHK総合1..,2026-07-26,14:40,秀サルでもわかる 豊臣兄弟！ なんで豊臣兄弟は明智光秀に勝てたの？🈑
長崎,1 NHK総合1..,2026-07-26,14:45,あしたが変わるトリセツショー 番外編 フレイル対策15分エクササイズ🈑
長崎,1 NHK総合1..,2026-07-26,15:00,ニュース・気象情報🈑
長崎,1 NHK総合1..,2026-07-26,15:05,大相撲（2026年） 名古屋場所 千秋楽🈑
長崎,1 NHK総合1..,2026-07-26,15:30,大相撲（2026年） 名古屋場所 千秋楽 優勝力士・三賞力士インタビュー🈔🈑
長崎,1 NHK総合1..,2026-07-26,18:00,ニュース🈑
長崎,1 NHK総合1..,2026-07-26,18:05,有吉のお金発見 突撃！カネオくん 令和に再ブーム！RCカーのヒミツ🈑
長崎,1 NHK総合1..,2026-07-26,18:45,ぎゅぎゅっと！長崎
長崎,1 NHK総合1..,2026-07-26,19:00,NHKニュース7🈔🈑
長崎,1 NHK総合1..,2026-07-26,19:30,ダーウィンが来た！「最大の味方！最強のライバル！？動物兄弟」🈖🈑
長崎,1 NHK総合1..,2026-07-26,20:00,豊臣兄弟！（29）天下への道🈖🈑
長崎,1 NHK総合1..,2026-07-26,20:45,ニュース🈑🈐
長崎,1 NHK総合1..,2026-07-26,20:55,ニュース・気象情報（九州沖縄）
長崎,1 NHK総合1..,2026-07-26,21:00,NHKスペシャル 激変・安全保障 “力の支配”と揺らぐ国際秩序 日本の針路は🈑
長崎,1 NHK総合1..,2026-07-26,22:00,サンデースポーツ🈑
長崎,1 NHK総合1..,2026-07-26,22:50,ニュース・気象情報🈑
長崎,1 NHK総合1..,2026-07-26,22:55,ハロー！NHKワールドJAPAN 7月の地域特集・山口県関連番組紹介🈑
長崎,1 NHK総合1..,2026-07-26,23:00,DOC（ドック）3 あすへのカルテ（8）「暗闇の先へ」🈔🈑
長崎,1 NHK総合1..,2026-07-26,23:59,連続テレビ小説「ひよっこ」再放送PR
長崎,2 NHKEテレ..,2026-07-26,05:00,こころの時代 わからなさのなかで〜最首悟の思想をたどる〜🈑🈞
長崎,2 NHKEテレ..,2026-07-26,06:00,NHK短歌 わたしの宮沢賢治 テーマ「月」🈑
長崎,2 NHKEテレ..,2026-07-26,06:25,テレビ体操🈑
長崎,2 NHKEテレ..,2026-07-26,06:35,NHK俳句 題「七夕」🈑
長崎,2 NHKEテレ..,2026-07-26,07:00,第93回NHK全国学校音楽コンクール みんなの合唱レッスン・高等学校の部🈑
長崎,2 NHKEテレ..,2026-07-26,07:10,第93回NHK全国学校音楽コンクール みんなの合唱レッスン・中学校の部🈑
長崎,2 NHKEテレ..,2026-07-26,07:20,第93回NHK全国学校音楽コンクール みんなの合唱レッスン・小学校の部🈑
長崎,2 NHKEテレ..,2026-07-26,07:30,おとうさんといっしょ「まねまねどんぐー」🈑🈞
長崎,2 NHKEテレ..,2026-07-26,08:00,やさいの時間 みんなの菜園物語 兵庫県（後編）🈑
長崎,2 NHKEテレ..,2026-07-26,08:25,趣味の園芸 京も一日陽だまり屋「の〜んびり 蘇鉄（そてつ）」🈑
長崎,2 NHKEテレ..,2026-07-26,08:30,趣味の園芸 選 ステキをセレクト！タネから育てるコスモス🈑
長崎,2 NHKEテレ..,2026-07-26,08:55,no art，no life「洋一」🈑
長崎,2 NHKEテレ..,2026-07-26,09:00,日曜美術館 陶芸家ルーシー・リー 繊細でたくましい器🈑
長崎,2 NHKEテレ..,2026-07-26,09:45,日曜美術館 アートシーン「まなざしの奇跡 日本女性写真家の冒険」展🈑
長崎,2 NHKEテレ..,2026-07-26,10:00,将棋フォーカス 選 フォーカス流・観る将検定 第2回！🈑
長崎,2 NHKEテレ..,2026-07-26,10:30,第76回 NHK杯テレビ将棋トーナメント 1回戦第17局 羽生九段×横山七段🈑
長崎,2 NHKEテレ..,2026-07-26,12:00,囲碁フォーカス 選 知らずに使っている！？「囲碁用語」🈑
長崎,2 NHKEテレ..,2026-07-26,12:30,第74回NHK杯テレビ囲碁トーナメント1回戦第17局酒井佑規七段×加藤千笑四段🈑
長崎,2 NHKEテレ..,2026-07-26,14:00,日本の話芸 柳家蝠丸 落語「叩き蟹」🈖🈑
長崎,2 NHKEテレ..,2026-07-26,14:30,アニメ 青のオーケストラ シーズン2（1）「ほころび」🈑
長崎,2 NHKEテレ..,2026-07-26,14:55,アニメ 青のオーケストラ シーズン2（2）「波紋」🈑
長崎,2 NHKEテレ..,2026-07-26,15:20,アニメ 青のオーケストラ シーズン2（3）「ケジメ」🈑
長崎,2 NHKEテレ..,2026-07-26,15:45,アニメ 青のオーケストラ シーズン2（4）「体育祭」🈑
長崎,2 NHKEテレ..,2026-07-26,16:10,ピタゴラミングスイッチ2🈑🈞
長崎,2 NHKEテレ..,2026-07-26,16:30,ざわざわ森のがんこちゃん30周年スペシャルがんこのびっくりおたんじょうび会🈖🈑🈞
長崎,2 NHKEテレ..,2026-07-26,17:00,アニメ アオアシ（17）東京都リーグ第7節 多摩体育大学附属高校戦🈑
長崎,2 NHKEテレ..,2026-07-26,17:25,レディー・グレース 女王陛下のスパイ（4）「迷える女王」🈔🈑
長崎,2 NHKEテレ..,2026-07-26,17:50,こども手話ウイークリー🈐
長崎,2 NHKEテレ..,2026-07-26,18:00,木村多江の、いまさらですが… アメリカ建国の立役者 初代財務長官ハミルトン🈖🈑🈞
長崎,2 NHKEテレ..,2026-07-26,18:30,ブリティッシュ・ベイクオフ6（17）チョコレート対決・前編🈔🈑🈞
長崎,2 NHKEテレ..,2026-07-26,19:00,未病息災を願います 選「骨密度」が気になったら🈖🈑
長崎,2 NHKEテレ..,2026-07-26,19:45,365日の献立日記「野菜ずし」🈑
長崎,2 NHKEテレ..,2026-07-26,19:50,5分であさイチ 夏休みの“お昼ごはん”に革命を！🈑
長崎,2 NHKEテレ..,2026-07-26,19:55,NHK手話ニュース🈐
長崎,2 NHKEテレ..,2026-07-26,20:00,日曜美術館 滅びゆく写真 そして人類 現代美術作家・杉本博司🈑🈞
長崎,2 NHKEテレ..,2026-07-26,20:45,日曜美術館 アートシーン「元禄！師宣劇場」展🈑
長崎,2 NHKEテレ..,2026-07-26,21:00,古典芸能への招待 歌舞伎「近江源氏先陣館 盛綱陣屋」大阪松竹座さよなら公演🈕🈑
長崎,2 NHKEテレ..,2026-07-26,23:00,美の壺 選「小さな芸術 干菓子」🈑
長崎,2 NHKEテレ..,2026-07-26,23:30,サイエンスZERO“次世代塗料”が未来を塗り替える！？🈖🈑
長崎,3 NBC長崎放送,2026-07-26,05:00,テレビショッピング
長崎,3 NBC長崎放送,2026-07-26,05:30,テレビショッピング
長崎,3 NBC長崎放送,2026-07-26,06:00,🈑日本のチカラ
長崎,3 NBC長崎放送,2026-07-26,06:30,皇室アルバム
長崎,3 NBC長崎放送,2026-07-26,06:45,JNNニュース🈐
長崎,3 NBC長崎放送,2026-07-26,07:00,健康カプセル！ゲンキの時間🈖🈑侮っていると一大事に！？消えないあざに隠れた恐怖
長崎,3 NBC長崎放送,2026-07-26,07:30,がっちりマンデー‼CMで良く見るけど知らない会社！渡辺パイプ、INPEX、NGK
長崎,3 NBC長崎放送,2026-07-26,08:00,サンデーモーニング🈑高市総理“寝てない”投稿の波紋▽消費税“迷走”と骨太ショック
長崎,3 NBC長崎放送,2026-07-26,09:54,天気予報
長崎,3 NBC長崎放送,2026-07-26,10:00,🈑新 窓をあけて九州 『月明かりの学び舎』
長崎,3 NBC長崎放送,2026-07-26,10:15,🈑【長崎】世界一の九州が始まる！ ベトナムとの架け橋へ！青パパイヤがつなぐ夢
長崎,3 NBC長崎放送,2026-07-26,10:30,テレビショッピング
長崎,3 NBC長崎放送,2026-07-26,11:00,パウ・パトロール 【ピックリ！ばくはつピクルス】
長崎,3 NBC長崎放送,2026-07-26,11:30,佐世保市政だより
長崎,3 NBC長崎放送,2026-07-26,11:35,上田晋也のサンデーQ🈑堺雅人が生出演「VIVANT」エキストラは4千人！聖地先取り巡礼
長崎,3 NBC長崎放送,2026-07-26,12:54,長崎ばーどアイ ★結の浜マリンパーク(諫早市）
長崎,3 NBC長崎放送,2026-07-26,13:00,週刊さんまとマツコ🈖🈑 婚活界の女帝・植草美幸が翔工務店のダメ社員軍団を徹底指導
長崎,3 NBC長崎放送,2026-07-26,13:27,天気予報
長崎,3 NBC長崎放送,2026-07-26,13:30,🈑🈖🈡「新シリーズ放送直前「VIVANT」第1シーズン一挙放送SP」🈞
長崎,3 NBC長崎放送,2026-07-26,14:54,季節を呼吸する家
長崎,3 NBC長崎放送,2026-07-26,15:00,テレビショッピング
長崎,3 NBC長崎放送,2026-07-26,15:30,🈑IMP.の「できません」は言いません
長崎,3 NBC長崎放送,2026-07-26,16:00,🈑バース・デイ バレーボール絶対的エース 石川祐希の誓い
長崎,3 NBC長崎放送,2026-07-26,16:30,レッツゴー怪奇組 第四怪🈑
長崎,3 NBC長崎放送,2026-07-26,17:00,日5「正反対な君と僕」 ＃16「新学期」🈑🈓
長崎,3 NBC長崎放送,2026-07-26,17:30,Nスタ🈑 「飛鳥・藤原の宮都」が世界遺産新登録なるか▽「土用の丑の日」うなぎ店は
長崎,3 NBC長崎放送,2026-07-26,18:00,世界遺産／バリ島 1000年続く棚田の絶景（インドネシア）🈖🈑
長崎,3 NBC長崎放送,2026-07-26,18:30,ベスコングルメ★夏の軽井沢SP・そば通DEEN池森オススメの手打ちそば名店へ🈖🈑🈓
長崎,3 NBC長崎放送,2026-07-26,19:00,バナナマンのせっかくグルメ★VIVANT堺雅人＆濱田岳と日村が人気リゾート地🈑🈓
長崎,3 NBC長崎放送,2026-07-26,20:00,VIVANT直前生放送★堺×阿部×二宮×松坂が集結！今からでも間に合うSPダイジェスト🈑
長崎,3 NBC長崎放送,2026-07-26,21:00,🈟日曜劇場「VIVANT」第11話🈖🈑
長崎,3 NBC長崎放送,2026-07-26,22:19,天気予報
長崎,3 NBC長崎放送,2026-07-26,22:25,日曜日の初耳学◆堺雅人×林修『VIVANT』放送直後90分SP阿部寛＆初出しメイキング映像
長崎,3 NBC長崎放送,2026-07-26,23:49,コレみて！NBC
長崎,3 NBC長崎放送,2026-07-26,23:55,黒猫と魔女の教室🈑🈓 ＃16「イオ・トーラス がんばります」【アガルアニメ】
長崎,4 長崎国際テレビ1,2026-07-26,04:55,おはようテレショップ
長崎,4 長崎国際テレビ1,2026-07-26,05:25,それいけ！アンパンマン「めいけんチーズとあざみちゃん・他」🈖🈑
長崎,4 長崎国際テレビ1,2026-07-26,05:55,とくとく情報
長崎,4 長崎国際テレビ1,2026-07-26,06:10,佐世保市政だより
長崎,4 長崎国際テレビ1,2026-07-26,06:15,NNNニュースサンデー🈐
長崎,4 長崎国際テレビ1,2026-07-26,06:30,所さんの目がテン！🈑かがくの里に奥田民生がやってきた！所さんと母屋に宿泊SP
長崎,4 長崎国際テレビ1,2026-07-26,07:00,ポケットモンスター【ミアレシティ！新たな出会い】
長崎,4 長崎国際テレビ1,2026-07-26,07:30,シューイチ🈑🈓8月から変わること＆新スポット▽秋山＆平子が南房総の体格グルメ堪能
長崎,4 長崎国際テレビ1,2026-07-26,10:25,一茂×かまいたちゲンバ▼水族館でアシカとご対面▼驚き新食感「糸かき氷」とは？🈑
長崎,4 長崎国際テレビ1,2026-07-26,11:25,長崎のお天気 夜は「ゴールデンストーンズ」「イッテQ！」
長崎,4 長崎国際テレビ1,2026-07-26,11:30,NNN ストレイトニュース🈑▼【長崎】と全国の最新ニュースをストレートに！
長崎,4 長崎国際テレビ1,2026-07-26,11:40,上沼・高田のクギズケ！ 水谷豊の娘婿に文春砲▽W杯でトランプ氏が大批判🈑
長崎,4 長崎国際テレビ1,2026-07-26,12:35,福岡くん。🈑衝撃の宮殿風お屋敷に潜入▼「世界一」靴磨き職人のスゴ技！超絶ピカピカ
長崎,4 長崎国際テレビ1,2026-07-26,13:30,そこまで言って委員会NP 「大戦争時代」SP！戦争終結シナリオを徹底討論🈑
長崎,4 長崎国際テレビ1,2026-07-26,15:00,24時間テレビ企画大公開SP🈑総合司会は内村光良！テーマは「わたしの家族の話」
長崎,4 長崎国際テレビ1,2026-07-26,15:55,オー！マイゴッド！🈑神がカラダにイイこと教えますSPコーヒー新常識＆驚き麹パワー
長崎,4 長崎国際テレビ1,2026-07-26,16:55,ビビットテレビ 夜は「ザ！鉄腕！DASH！！」「イッテQ！」「おしゃれクリップ」
長崎,4 長崎国際テレビ1,2026-07-26,17:00,長崎五島で、挑戦中 五島の自然の恵みを生かして様々な挑戦を続ける人たちに出会う旅
長崎,4 長崎国際テレビ1,2026-07-26,17:30,笑点🈖🈑🈓城島茂が座布団運び「ザ！鉄腕！DASH！！」×「笑点」夢のコラボDAY
長崎,4 長崎国際テレビ1,2026-07-26,18:00,真相報道バンキシャ！🈑独自分析…熱中症患者10人の行動に教訓▽花火大会で湿度検証
長崎,4 長崎国際テレビ1,2026-07-26,18:55,博士は今日も嫉妬する 人生が楽しくなる最新テクノロジー🈑
長崎,4 長崎国際テレビ1,2026-07-26,19:00,ザ！鉄腕！DASH！！▽笑点60周年記念夏祭り！師匠全員参加で巨大お好み焼き！🈑
長崎,4 長崎国際テレビ1,2026-07-26,19:58,イッテQ【お祭り男宮川＆二代目手越】フィンランドで丸太乗って川を下る木材選手権🈑
長崎,4 長崎国際テレビ1,2026-07-26,20:54,NIBニューススポット 【長崎】の最新ニュース！あすの気象情報などもお伝えします
長崎,4 長崎国際テレビ1,2026-07-26,21:00,ゴールデンストーンズ▽番組史上最大‼人気芸人軍団と総勢31名の大混戦バトル🈑
長崎,4 長崎国際テレビ1,2026-07-26,21:54,NIB天気予報▼ 【長崎】の最新の気象情報をお伝えします
長崎,4 長崎国際テレビ1,2026-07-26,22:00,おしゃれクリップ🈖🈑出川哲朗はなぜ愛される？▼妻や一茂が忖度なしでガチ素顔告白
長崎,4 長崎国際テレビ1,2026-07-26,22:30,ドラマ「一次元の挿し木」第4話【激動の真相が発覚…古人骨と義妹を巡る謎】🈖🈑🈓
長崎,4 長崎国際テレビ1,2026-07-26,23:25,ダウンタウンのガキの使い！10人で男の勲章歌い切り！エース＆小田参戦で大波乱🈑
長崎,4 長崎国際テレビ1,2026-07-26,23:55,Going！🈑生出演！渡邊雄太が明かす日本バスケの進化▼赤星絶賛！怪物高校生
長崎,5 NCC長崎文..,2026-07-26,04:50,テレビショッピング
長崎,5 NCC長崎文..,2026-07-26,05:20,テレビショッピング
長崎,5 NCC長崎文..,2026-07-26,05:50,グッド！モーニング🈓🈑
長崎,5 NCC長崎文..,2026-07-26,08:00,よ〜い！スターと！トビダスクール しなことリボンでTシャツデコ！🈓🈑
長崎,5 NCC長崎文..,2026-07-26,08:30,名探偵プリキュア！ ＃26 キュアエクレールの復活！🈓🈑
長崎,5 NCC長崎文..,2026-07-26,09:00,仮面ライダーゼッツ 第45話「惑わす」🈓🈑
長崎,5 NCC長崎文..,2026-07-26,09:30,🈟角醒ハンター オメガホーン 第1話「角醒せよ！赤き角獣王！」🈓🈑
長崎,5 NCC長崎文..,2026-07-26,10:00,出川哲朗の充電させてもらえませんか？▼森三中が大暴れ！？【郡上八幡⇒彦根城】後編
長崎,5 NCC長崎文..,2026-07-26,10:55,人生の楽園 今が幸せ 絶景のカフェ 〜和歌山・印南町🈑🈞
長崎,5 NCC長崎文..,2026-07-26,11:25,1泊家族 岐阜の秘境カレー店🈑🈞
長崎,5 NCC長崎文..,2026-07-26,11:50,ANNニュース🈑
長崎,5 NCC長崎文..,2026-07-26,12:00,ぼる部屋🈑芸能人も通う行列必至人気ラーメン店でバイト！大混乱
長崎,5 NCC長崎文..,2026-07-26,12:55,新婚さんいらっしゃい！ オーストラリア在住夫婦出場！親戚100人大運動会⁉ 🈖🈑
長崎,5 NCC長崎文..,2026-07-26,13:25,華丸丼と大吉麺 荻窪で発見！あのドラマの監修をした三ツ星店の斬新沖縄そば🈑
長崎,5 NCC長崎文..,2026-07-26,13:55,ポツンと一軒家 断崖絶壁の急坂に捜索隊苦戦!山の尾根に広がるゆず畑と秘密の渓流🈑🈞
長崎,5 NCC長崎文..,2026-07-26,14:55,カンゲキ！博多座
長崎,5 NCC長崎文..,2026-07-26,15:10,渡辺篤史の建もの探訪🈑
長崎,5 NCC長崎文..,2026-07-26,15:40,魚が食べたい！ 「「ひろしまこだわり漁師」が取る「瀬戸内さかな」とは？」
長崎,5 NCC長崎文..,2026-07-26,16:35,ビートたけしのTVタックル 昭和は驚きの光景が…令和のゴミ問題＆激安リユース店🈑
長崎,5 NCC長崎文..,2026-07-26,17:30,ANNスーパーJチャンネル🈑
長崎,5 NCC長崎文..,2026-07-26,18:00,相葉マナブ 初登場！timelesz佐藤勝利と地引き網！相模湾で何が獲れる？🈑
長崎,5 NCC長崎文..,2026-07-26,18:52,ウェザー情報
長崎,5 NCC長崎文..,2026-07-26,18:56,ポツンと一軒家 2時間SP！84歳チェーンソーアート挑戦！BBQ＆絶景岩風呂🈑
長崎,5 NCC長崎文..,2026-07-26,20:56,有働Times🈑
長崎,5 NCC長崎文..,2026-07-26,22:15,マイ・フィクション ＃4 刑務所にいるはずの人間🈖🈑
長崎,5 NCC長崎文..,2026-07-26,23:09,Love The Life Nagasaki
長崎,5 NCC長崎文..,2026-07-26,23:15,EIGHT－JAM 【中森明菜特集‼松田聖子・小泉今日子との関係、振付秘話…】🈑
長崎,8 テレビ長崎1,2026-07-26,04:55,おめざめショッピング
長崎,8 テレビ長崎1,2026-07-26,05:25,おめざめショッピング
長崎,8 テレビ長崎1,2026-07-26,05:55,佐世保市政だより
長崎,8 テレビ長崎1,2026-07-26,06:00,KTNニュース🈑
長崎,8 テレビ長崎1,2026-07-26,06:15,GO！GO！チャギントン＃16🈞🈑🈔
長崎,8 テレビ長崎1,2026-07-26,06:30,DIGIMON BEATBREAK【きれいごと】 ＃39🈑🈖
長崎,8 テレビ長崎1,2026-07-26,07:00,SUNDAYブレイク． 千葉県勝浦でオズワルド伊藤が絶叫アクティビティ体験🈑🈕🈓
長崎,8 テレビ長崎1,2026-07-26,08:55,Sunrise長崎【ゲストはサポートプラザあじさいを運営する「シーエスケイ」】
長崎,8 テレビ長崎1,2026-07-26,09:25,長崎よかキッズ
長崎,8 テレビ長崎1,2026-07-26,09:30,どぶろっくの一物【ハウステンボスがなぜか？番組を招待してくれました】
長崎,8 テレビ長崎1,2026-07-26,10:00,かのサンド◆学生街で絶品グルメSP！早稲田コスパ抜群グルメ＆学芸大学の名店中華🈑
長崎,8 テレビ長崎1,2026-07-26,11:15,ミラモンGOLD🈑
長崎,8 テレビ長崎1,2026-07-26,11:45,はっちゃKTN【生臭い刺身を美味しく復活！】
長崎,8 テレビ長崎1,2026-07-26,11:50,KTN Live News days🈑
長崎,8 テレビ長崎1,2026-07-26,12:00,開運！なんでも鑑定団【＜目利き王決定戦＞今田・あの・アンガ田中が真剣勝負】🈞
長崎,8 テレビ長崎1,2026-07-26,13:00,所さんのそこんトコロ【珍！新世界記録＆今すぐ帰省しませんか？＆限界突破グッズ】
長崎,8 テレビ長崎1,2026-07-26,13:55,ナゼそこ？＋「山口県…謎の“むかつく半島”最愛の娘を亡くし…波瀾万丈㊙人生」SP
長崎,8 テレビ長崎1,2026-07-26,14:55,はっちゃKTN【月曜夜8時は「真剣遊戯！THEバトルSHOW」】
長崎,8 テレビ長崎1,2026-07-26,15:00,競馬BEAT【第43回東海ステークス（GⅢ）▽第61回関屋記念（GⅢ）】
長崎,8 テレビ長崎1,2026-07-26,16:00,ショッピング情報
長崎,8 テレビ長崎1,2026-07-26,16:30,ヒロミの集結！スゴ腕カリスマバイヤーズ！ 夏の大特価スペシャル衝撃価格が続々登場
長崎,8 テレビ長崎1,2026-07-26,17:25,はっちゃKTN【火曜よる7時は「超調査チューズデイ」】
長崎,8 テレビ長崎1,2026-07-26,17:30,KTN Live News イット！🈑
長崎,8 テレビ長崎1,2026-07-26,18:00,ちびまる子ちゃん【隣町の男子とプールで勝負する／たまちゃんちで日曜大工を】🈑🈖
長崎,8 テレビ長崎1,2026-07-26,18:30,サザエさん【憧れの松／うっかりでしっかり ほか】🈑🈖🈓
長崎,8 テレビ長崎1,2026-07-26,19:00,千鳥の鬼レンチャン◆鬼ハード初代女王誕生？STU池ちゃん＆高橋成美サビカラ登場🈑
長崎,8 テレビ長崎1,2026-07-26,20:54,はっちゃKTN【月曜夜8時は「真剣遊戯！THEバトルSHOW」】
長崎,8 テレビ長崎1,2026-07-26,21:00,Mr．サンデー🈑🈓
長崎,8 テレビ長崎1,2026-07-26,23:09,はっちゃKTN【火曜よる7時は「超調査チューズデイ」】
長崎,8 テレビ長崎1,2026-07-26,23:15,ワンピース【エルバフの大罪人 冥界のロキ解放！？】🈑🈖
長崎,8 テレビ長崎1,2026-07-26,23:45,すぽると！ 大谷翔平のストレートは軌道が読めない⁉スター証言＆脳科学から紐解く🈑
鹿児島,1 MBC南日本放送,2026-07-26,04:35,テレショップ
鹿児島,1 MBC南日本放送,2026-07-26,05:05,テレショップ
鹿児島,1 MBC南日本放送,2026-07-26,05:35,テレショップ
鹿児島,1 MBC南日本放送,2026-07-26,06:05,さつま狂句 傑作選
鹿児島,1 MBC南日本放送,2026-07-26,06:15,🈑日本のチカラ ビートで輝け！ 〜DJ介護士のロマンディスコ〜
鹿児島,1 MBC南日本放送,2026-07-26,06:45,JNNニュース🈐
鹿児島,1 MBC南日本放送,2026-07-26,07:00,健康カプセル！ゲンキの時間🈖🈑侮っていると一大事に！？消えないあざに隠れた恐怖
鹿児島,1 MBC南日本放送,2026-07-26,07:30,がっちりマンデー‼CMで良く見るけど知らない会社！渡辺パイプ、INPEX、NGK
鹿児島,1 MBC南日本放送,2026-07-26,08:00,サンデーモーニング🈑高市総理“寝てない”投稿の波紋▽消費税“迷走”と骨太ショック
鹿児島,1 MBC南日本放送,2026-07-26,09:54,天気予報
鹿児島,1 MBC南日本放送,2026-07-26,10:00,🈑新 窓をあけて九州 月明かりの学び舎
鹿児島,1 MBC南日本放送,2026-07-26,10:15,🈑世界一の九州が始まる！ ベトナムとの架け橋へ！青パパイヤがつなぐ夢
鹿児島,1 MBC南日本放送,2026-07-26,10:30,宝☆かご 掲示板〜鹿児島の宝を学ぼう〜
鹿児島,1 MBC南日本放送,2026-07-26,10:35,かごしまシティ・パレット 夏の磯エリアをまるっと満喫♪🈐
鹿児島,1 MBC南日本放送,2026-07-26,10:50,テレショップ
鹿児島,1 MBC南日本放送,2026-07-26,11:20,出発進行！ご当地鉄道 城端駅（富山県）▽根室駅（北海道）
鹿児島,1 MBC南日本放送,2026-07-26,11:30,たわわのわ 耐震診断
鹿児島,1 MBC南日本放送,2026-07-26,11:35,上田晋也のサンデーQ🈑堺雅人が生出演「VIVANT」エキストラは4千人！聖地先取り巡礼
鹿児島,1 MBC南日本放送,2026-07-26,12:54,🈑アニメ「リラックマ」＃16
鹿児島,1 MBC南日本放送,2026-07-26,12:57,MBC1チャンナビ！
鹿児島,1 MBC南日本放送,2026-07-26,13:00,週刊さんまとマツコ🈖🈑 婚活界の女帝・植草美幸が翔工務店のダメ社員軍団を徹底指導
鹿児島,1 MBC南日本放送,2026-07-26,13:27,サンデー・ジャポン 延長国会閉幕…議員直撃！▽堺雅人が緊急生出演！スタジオ生考察
鹿児島,1 MBC南日本放送,2026-07-26,14:50,きらっとグルメ 本格派 南インド料理を満喫
鹿児島,1 MBC南日本放送,2026-07-26,15:00,内村笑学校
鹿児島,1 MBC南日本放送,2026-07-26,15:30,🈑「水曜日のダウンタウン」傑作選
鹿児島,1 MBC南日本放送,2026-07-26,16:30,レッツゴー怪奇組 第四怪🈑
鹿児島,1 MBC南日本放送,2026-07-26,17:00,日5「正反対な君と僕」 ＃16「新学期」🈑🈓
鹿児島,1 MBC南日本放送,2026-07-26,17:30,Nスタ🈑 「飛鳥・藤原の宮都」が世界遺産新登録なるか▽「土用の丑の日」うなぎ店は
鹿児島,1 MBC南日本放送,2026-07-26,18:00,世界遺産／バリ島 1000年続く棚田の絶景（インドネシア）🈖🈑
鹿児島,1 MBC南日本放送,2026-07-26,18:30,ベスコングルメ★夏の軽井沢SP・そば通DEEN池森オススメの手打ちそば名店へ🈖🈑🈓
鹿児島,1 MBC南日本放送,2026-07-26,19:00,バナナマンのせっかくグルメ★VIVANT堺雅人＆濱田岳と日村が人気リゾート地🈑🈓
鹿児島,1 MBC南日本放送,2026-07-26,20:00,VIVANT直前生放送★堺×阿部×二宮×松坂が集結！今からでも間に合うSPダイジェスト🈑
鹿児島,1 MBC南日本放送,2026-07-26,21:00,🈟日曜劇場「VIVANT」第11話🈖🈑
鹿児島,1 MBC南日本放送,2026-07-26,22:19,MBCニュース🄽🈗
鹿児島,1 MBC南日本放送,2026-07-26,22:25,日曜日の初耳学◆堺雅人×林修『VIVANT』放送直後90分SP阿部寛＆初出しメイキング映像
鹿児島,1 MBC南日本放送,2026-07-26,23:49,かごしまドローンTRIP いちき串木野市羽島
鹿児島,1 MBC南日本放送,2026-07-26,23:55,黒猫と魔女の教室🈑🈓 ＃16「イオ・トーラス がんばります」【アガルアニメ】
鹿児島,2 NHKEテレ..,2026-07-26,05:00,こころの時代 わからなさのなかで〜最首悟の思想をたどる〜🈑🈞
鹿児島,2 NHKEテレ..,2026-07-26,06:00,NHK短歌 わたしの宮沢賢治 テーマ「月」🈑
鹿児島,2 NHKEテレ..,2026-07-26,06:25,テレビ体操🈑
鹿児島,2 NHKEテレ..,2026-07-26,06:35,NHK俳句 題「七夕」🈑
鹿児島,2 NHKEテレ..,2026-07-26,07:00,第93回NHK全国学校音楽コンクール みんなの合唱レッスン・高等学校の部🈑
鹿児島,2 NHKEテレ..,2026-07-26,07:10,第93回NHK全国学校音楽コンクール みんなの合唱レッスン・中学校の部🈑
鹿児島,2 NHKEテレ..,2026-07-26,07:20,第93回NHK全国学校音楽コンクール みんなの合唱レッスン・小学校の部🈑
鹿児島,2 NHKEテレ..,2026-07-26,07:30,おとうさんといっしょ「まねまねどんぐー」🈑🈞
鹿児島,2 NHKEテレ..,2026-07-26,08:00,やさいの時間 みんなの菜園物語 兵庫県（後編）🈑
鹿児島,2 NHKEテレ..,2026-07-26,08:25,趣味の園芸 京も一日陽だまり屋「の〜んびり 蘇鉄（そてつ）」🈑
鹿児島,2 NHKEテレ..,2026-07-26,08:30,趣味の園芸 選 ステキをセレクト！タネから育てるコスモス🈑
鹿児島,2 NHKEテレ..,2026-07-26,08:55,no art，no life「洋一」🈑
鹿児島,2 NHKEテレ..,2026-07-26,09:00,日曜美術館 陶芸家ルーシー・リー 繊細でたくましい器🈑
鹿児島,2 NHKEテレ..,2026-07-26,09:45,日曜美術館 アートシーン「まなざしの奇跡 日本女性写真家の冒険」展🈑
鹿児島,2 NHKEテレ..,2026-07-26,10:00,将棋フォーカス 選 フォーカス流・観る将検定 第2回！🈑
鹿児島,2 NHKEテレ..,2026-07-26,10:30,第76回 NHK杯テレビ将棋トーナメント 1回戦第17局 羽生九段×横山七段🈑
鹿児島,2 NHKEテレ..,2026-07-26,12:00,囲碁フォーカス 選 知らずに使っている！？「囲碁用語」🈑
鹿児島,2 NHKEテレ..,2026-07-26,12:30,第74回NHK杯テレビ囲碁トーナメント1回戦第17局酒井佑規七段×加藤千笑四段🈑
鹿児島,2 NHKEテレ..,2026-07-26,14:00,日本の話芸 柳家蝠丸 落語「叩き蟹」🈖🈑
鹿児島,2 NHKEテレ..,2026-07-26,14:30,アニメ 青のオーケストラ シーズン2（1）「ほころび」🈑
鹿児島,2 NHKEテレ..,2026-07-26,14:55,アニメ 青のオーケストラ シーズン2（2）「波紋」🈑
鹿児島,2 NHKEテレ..,2026-07-26,15:20,アニメ 青のオーケストラ シーズン2（3）「ケジメ」🈑
鹿児島,2 NHKEテレ..,2026-07-26,15:45,アニメ 青のオーケストラ シーズン2（4）「体育祭」🈑
鹿児島,2 NHKEテレ..,2026-07-26,16:10,ピタゴラミングスイッチ2🈑🈞
鹿児島,2 NHKEテレ..,2026-07-26,16:30,ざわざわ森のがんこちゃん30周年スペシャルがんこのびっくりおたんじょうび会🈖🈑🈞
鹿児島,2 NHKEテレ..,2026-07-26,17:00,アニメ アオアシ（17）東京都リーグ第7節 多摩体育大学附属高校戦🈑
鹿児島,2 NHKEテレ..,2026-07-26,17:25,レディー・グレース 女王陛下のスパイ（4）「迷える女王」🈔🈑
鹿児島,2 NHKEテレ..,2026-07-26,17:50,こども手話ウイークリー🈐
鹿児島,2 NHKEテレ..,2026-07-26,18:00,木村多江の、いまさらですが… アメリカ建国の立役者 初代財務長官ハミルトン🈖🈑🈞
鹿児島,2 NHKEテレ..,2026-07-26,18:30,ブリティッシュ・ベイクオフ6（17）チョコレート対決・前編🈔🈑🈞
鹿児島,2 NHKEテレ..,2026-07-26,19:00,未病息災を願います 選「骨密度」が気になったら🈖🈑
鹿児島,2 NHKEテレ..,2026-07-26,19:45,365日の献立日記「野菜ずし」🈑
鹿児島,2 NHKEテレ..,2026-07-26,19:50,5分であさイチ 夏休みの“お昼ごはん”に革命を！🈑
鹿児島,2 NHKEテレ..,2026-07-26,19:55,NHK手話ニュース🈐
鹿児島,2 NHKEテレ..,2026-07-26,20:00,日曜美術館 滅びゆく写真 そして人類 現代美術作家・杉本博司🈑🈞
鹿児島,2 NHKEテレ..,2026-07-26,20:45,日曜美術館 アートシーン「元禄！師宣劇場」展🈑
鹿児島,2 NHKEテレ..,2026-07-26,21:00,古典芸能への招待 歌舞伎「近江源氏先陣館 盛綱陣屋」大阪松竹座さよなら公演🈕🈑
鹿児島,2 NHKEテレ..,2026-07-26,23:00,美の壺 選「小さな芸術 干菓子」🈑
鹿児島,2 NHKEテレ..,2026-07-26,23:30,サイエンスZERO“次世代塗料”が未来を塗り替える！？🈖🈑
鹿児島,3 NHK総合1..,2026-07-26,05:00,ニュース・気象情報
鹿児島,3 NHK総合1..,2026-07-26,05:10,Jリーグと私 あの試合を忘れない ＃17 横浜FM🈑
鹿児島,3 NHK総合1..,2026-07-26,05:15,週末のNスペは… 激変・安全保障 日本の進路は🈑
鹿児島,3 NHK総合1..,2026-07-26,05:20,桂文珍の演芸図鑑 レ・ロマネスクTOBI 柳亭小燕枝 三拍子🈑
鹿児島,3 NHK総合1..,2026-07-26,05:50,気象情報
鹿児島,3 NHK総合1..,2026-07-26,05:55,にっぽん百名山ミニ 3min「夏 五竜岳」🈑
鹿児島,3 NHK総合1..,2026-07-26,05:58,巡る世界絶景 ベネチアの冬🅍
鹿児島,3 NHK総合1..,2026-07-26,06:00,ニュース
鹿児島,3 NHK総合1..,2026-07-26,06:10,【特選！時代劇】大岡越前8 🈟（1）「燃える牢屋敷」🈖🈑
鹿児島,3 NHK総合1..,2026-07-26,06:53,気象情報
鹿児島,3 NHK総合1..,2026-07-26,06:55,ニュース・気象情報（九州沖縄）
鹿児島,3 NHK総合1..,2026-07-26,07:00,NHKニュース おはよう日本 7月26日（日）🈑
鹿児島,3 NHK総合1..,2026-07-26,07:40,ニュース・気象情報（九州沖縄）
鹿児島,3 NHK総合1..,2026-07-26,07:45,さわやか自然百景 青森 屏風山湿原池沼群🈑
鹿児島,3 NHK総合1..,2026-07-26,08:00,小さな旅「大原を継ぐ 〜京都市 左京区〜」🈖🈑
鹿児島,3 NHK総合1..,2026-07-26,08:25,Dearにっぽん「私たちが新聞を書く理由〜滋賀・虎姫高校〜」🈑
鹿児島,3 NHK総合1..,2026-07-26,08:50,あさイチの鈴木奈穂子アナが「NHK ONE」を解説🈑
鹿児島,3 NHK総合1..,2026-07-26,08:57,気象情報
鹿児島,3 NHK総合1..,2026-07-26,09:00,日曜討論 徹底解説！暑さはどこまで？対策は
鹿児島,3 NHK総合1..,2026-07-26,10:00,ニュース・気象情報🈑
鹿児島,3 NHK総合1..,2026-07-26,10:05,明日をまもるナビ選196 都市を襲う水害 内水氾濫〜見えない危険にどう備える🈖🈑
鹿児島,3 NHK総合1..,2026-07-26,10:30,5分であさイチ（4）知ってトクする旅行術（2）バッグの詰め方🈑
鹿児島,3 NHK総合1..,2026-07-26,10:35,ゆったり温泉ひとり旅 北海道・登別温泉🈑
鹿児島,3 NHK総合1..,2026-07-26,11:04,ニュース🈑
鹿児島,3 NHK総合1..,2026-07-26,11:05,あしたが変わるトリセツショー 骨ケアで健康革命！今すぐできる運動＆食事ワザ🈖🈑🈞
鹿児島,3 NHK総合1..,2026-07-26,11:50,ふすま絵 奇跡の再会🈑
鹿児島,3 NHK総合1..,2026-07-26,11:54,気象情報
鹿児島,3 NHK総合1..,2026-07-26,12:00,ニュース🈑
鹿児島,3 NHK総合1..,2026-07-26,12:10,ニュース（九州沖縄）
鹿児島,3 NHK総合1..,2026-07-26,12:15,NHKのど自慢 熱唱熱演名場面 2026 Part1🈑
鹿児島,3 NHK総合1..,2026-07-26,12:55,ドキュメント72時間PR ドキュメント72時間の作り方＜編集・ナレーション編＞🈑
鹿児島,3 NHK総合1..,2026-07-26,13:00,ニュース・気象情報🈑
鹿児島,3 NHK総合1..,2026-07-26,13:05,ダーウィンが来た！「相葉さんと探せ！ミクロいきもの超ワールド」🈖🈑🈞
鹿児島,3 NHK総合1..,2026-07-26,13:35,さわやか自然百景10min．（37）兵庫 猫崎の海と黒川渓谷🈑
鹿児島,3 NHK総合1..,2026-07-26,13:45,JAPAN DELISH 5min カレーライス🈑
鹿児島,3 NHK総合1..,2026-07-26,13:50,アニメまとめPR 放送中！注目の3番組ほか🈑
鹿児島,3 NHK総合1..,2026-07-26,13:55,プロフェッショナル 仕事の流儀 旅する家族、春をつなぐ〜養蜂家・藤井髙治〜🈖🈑🈞
鹿児島,3 NHK総合1..,2026-07-26,14:40,秀サルでもわかる 豊臣兄弟！ なんで豊臣兄弟は明智光秀に勝てたの？🈑
鹿児島,3 NHK総合1..,2026-07-26,14:45,あしたが変わるトリセツショー 番外編 フレイル対策15分エクササイズ🈑
鹿児島,3 NHK総合1..,2026-07-26,15:00,ニュース・気象情報🈑
鹿児島,3 NHK総合1..,2026-07-26,15:05,大相撲（2026年） 名古屋場所 千秋楽🈑
鹿児島,3 NHK総合1..,2026-07-26,15:30,大相撲（2026年） 名古屋場所 千秋楽 優勝力士・三賞力士インタビュー🈔🈑
鹿児島,3 NHK総合1..,2026-07-26,18:00,ニュース🈑
鹿児島,3 NHK総合1..,2026-07-26,18:05,有吉のお金発見 突撃！カネオくん 令和に再ブーム！RCカーのヒミツ🈑
鹿児島,3 NHK総合1..,2026-07-26,18:45,情報WAVE645かごしま
鹿児島,3 NHK総合1..,2026-07-26,19:00,NHKニュース7🈔🈑
鹿児島,3 NHK総合1..,2026-07-26,19:30,ダーウィンが来た！「最大の味方！最強のライバル！？動物兄弟」🈖🈑
鹿児島,3 NHK総合1..,2026-07-26,20:00,豊臣兄弟！（29）天下への道🈖🈑
鹿児島,3 NHK総合1..,2026-07-26,20:45,ニュース🈑🈐
鹿児島,3 NHK総合1..,2026-07-26,20:55,ニュース・気象情報（九州沖縄）
鹿児島,3 NHK総合1..,2026-07-26,21:00,NHKスペシャル 激変・安全保障 “力の支配”と揺らぐ国際秩序 日本の針路は🈑
鹿児島,3 NHK総合1..,2026-07-26,22:00,サンデースポーツ🈑
鹿児島,3 NHK総合1..,2026-07-26,22:50,ニュース・気象情報🈑
鹿児島,3 NHK総合1..,2026-07-26,22:55,ハロー！NHKワールドJAPAN 7月の地域特集・山口県関連番組紹介🈑
鹿児島,3 NHK総合1..,2026-07-26,23:00,DOC（ドック）3 あすへのカルテ（8）「暗闇の先へ」🈔🈑
鹿児島,3 NHK総合1..,2026-07-26,23:59,連続テレビ小説「ひよっこ」再放送PR
鹿児島,4 鹿児島讀賣テ..,2026-07-26,04:40,テレショップ
鹿児島,4 鹿児島讀賣テ..,2026-07-26,05:10,テレショップ
鹿児島,4 鹿児島讀賣テ..,2026-07-26,05:40,24時間テレビリポート🈑
鹿児島,4 鹿児島讀賣テ..,2026-07-26,05:45,しまじろうのわお！ #734「ぼくたちの ゆうすずみかい」
鹿児島,4 鹿児島讀賣テ..,2026-07-26,06:15,NNNニュースサンデー🈐
鹿児島,4 鹿児島讀賣テ..,2026-07-26,06:30,それいけ！アンパンマン「かつぶしまんといしうす和尚・他」🈖🈑
鹿児島,4 鹿児島讀賣テ..,2026-07-26,07:00,所さんの目がテン！🈑所さんと奥田民生さんが絶品イノシシ肉で燻製作り⁉
鹿児島,4 鹿児島讀賣テ..,2026-07-26,07:30,シューイチ🈑🈓8月から変わること＆新スポット▽秋山＆平子が南房総の体格グルメ堪能
鹿児島,4 鹿児島讀賣テ..,2026-07-26,10:25,一茂×かまいたちゲンバ▼水族館でアシカとご対面▼驚き新食感「糸かき氷」とは？🈑
鹿児島,4 鹿児島讀賣テ..,2026-07-26,11:25,KYT山本4ch
鹿児島,4 鹿児島讀賣テ..,2026-07-26,11:30,🈢KYTストレイトニュース〜NNN🈑
鹿児島,4 鹿児島讀賣テ..,2026-07-26,11:45,週イチ！かごしま情熱市場
鹿児島,4 鹿児島讀賣テ..,2026-07-26,11:50,KYT山本4chサンデー
鹿児島,4 鹿児島讀賣テ..,2026-07-26,12:00,開運！なんでも鑑定団【バブル期に衝動買い＜神秘宝石＞＆草間彌生作にド級値】
鹿児島,4 鹿児島讀賣テ..,2026-07-26,13:00,🈟さつまっぷ 街をさるけば歴史にあたる！鹿児島を歩きながら学ぶ新番組！
鹿児島,4 鹿児島讀賣テ..,2026-07-26,13:30,そこまで言って委員会NP 「大戦争時代」SP！戦争終結シナリオを徹底討論🈑
鹿児島,4 鹿児島讀賣テ..,2026-07-26,15:00,24時間テレビ企画大公開SP🈑総合司会は内村光良！テーマは「わたしの家族の話」
鹿児島,4 鹿児島讀賣テ..,2026-07-26,15:55,KYT山本4ch
鹿児島,4 鹿児島讀賣テ..,2026-07-26,16:00,遠くへ行きたい【パックンが愛媛へ】伝統の和ろうそくに豪華・山の幸！
鹿児島,4 鹿児島讀賣テ..,2026-07-26,16:30,上沼・高田のクギズケ！▼水谷豊の娘婿に文春砲▼W杯でトランプ氏が大批判🈑
鹿児島,4 鹿児島讀賣テ..,2026-07-26,17:25,KYT山本4ch
鹿児島,4 鹿児島讀賣テ..,2026-07-26,17:30,笑点🈖🈑🈓城島茂が座布団運び「ザ！鉄腕！DASH！！」×「笑点」夢のコラボDAY
鹿児島,4 鹿児島讀賣テ..,2026-07-26,18:00,真相報道バンキシャ！🈑独自分析…熱中症患者10人の行動に教訓▽花火大会で湿度検証
鹿児島,4 鹿児島讀賣テ..,2026-07-26,18:55,博士は今日も嫉妬する 人生が楽しくなる最新テクノロジー🈑
鹿児島,4 鹿児島讀賣テ..,2026-07-26,19:00,ザ！鉄腕！DASH！！▽笑点60周年記念夏祭り！師匠全員参加で巨大お好み焼き！🈑
鹿児島,4 鹿児島讀賣テ..,2026-07-26,19:58,イッテQ【お祭り男宮川＆二代目手越】フィンランドで丸太乗って川を下る木材選手権🈑
鹿児島,4 鹿児島讀賣テ..,2026-07-26,20:54,KYTニュース
鹿児島,4 鹿児島讀賣テ..,2026-07-26,21:00,ゴールデンストーンズ▽番組史上最大‼人気芸人軍団と総勢31名の大混戦バトル🈑
鹿児島,4 鹿児島讀賣テ..,2026-07-26,21:54,4ch天気
鹿児島,4 鹿児島讀賣テ..,2026-07-26,22:00,おしゃれクリップ🈖🈑出川哲朗はなぜ愛される？▼妻や一茂が忖度なしでガチ素顔告白
鹿児島,4 鹿児島讀賣テ..,2026-07-26,22:30,ドラマ「一次元の挿し木」第4話【激動の真相が発覚…古人骨と義妹を巡る謎】🈖🈑🈓
鹿児島,4 鹿児島讀賣テ..,2026-07-26,23:25,ダウンタウンのガキの使い！10人で男の勲章歌い切り！エース＆小田参戦で大波乱🈑
鹿児島,4 鹿児島讀賣テ..,2026-07-26,23:55,Going！🈑生出演！渡邊雄太が明かす日本バスケの進化▼赤星絶賛！怪物高校生
鹿児島,5 KKB鹿児島放送,2026-07-26,04:50,お買物テレビ
鹿児島,5 KKB鹿児島放送,2026-07-26,05:20,全力！アオハル応援団
鹿児島,5 KKB鹿児島放送,2026-07-26,05:50,グッド！モーニング🈓🈑
鹿児島,5 KKB鹿児島放送,2026-07-26,08:00,よ〜い！スターと！トビダスクール しなことリボンでTシャツデコ！🈓🈑
鹿児島,5 KKB鹿児島放送,2026-07-26,08:30,名探偵プリキュア！ #26 キュアエクレールの復活！🈓🈑
鹿児島,5 KKB鹿児島放送,2026-07-26,09:00,仮面ライダーゼッツ 第45話「惑わす」🈓🈑
鹿児島,5 KKB鹿児島放送,2026-07-26,09:30,🈟角醒ハンター オメガホーン 第1話「角醒せよ！赤き角獣王！」🈓🈑
鹿児島,5 KKB鹿児島放送,2026-07-26,10:00,静岡発☆福岡着！ドゲンジャーズツーリズム
鹿児島,5 KKB鹿児島放送,2026-07-26,10:25,1泊家族◆岐阜の秘境カレー店🈞🈑
鹿児島,5 KKB鹿児島放送,2026-07-26,10:55,スギちゃんの旅は浪漫だぜぇ〜in石垣島〜
鹿児島,5 KKB鹿児島放送,2026-07-26,11:50,ANNニュース🈑
鹿児島,5 KKB鹿児島放送,2026-07-26,12:00,ぼる部屋🈑芸能人も通う行列必至人気ラーメン店でバイト！大混乱
鹿児島,5 KKB鹿児島放送,2026-07-26,12:55,新婚さんいらっしゃい！ オーストラリア在住夫婦が出場！親戚100人の大運動会!?🈖🈑
鹿児島,5 KKB鹿児島放送,2026-07-26,13:25,華丸丼と大吉麺【荻窪で発見！あのドラマの監修をした三ツ星店の斬新沖縄そば】🈑
鹿児島,5 KKB鹿児島放送,2026-07-26,13:55,キッチンカー大作戦！🈑
鹿児島,5 KKB鹿児島放送,2026-07-26,14:25,ポツンと一軒家 ワイルドで格好いい！73歳女性の素敵な一人暮らし 🈞🈑
鹿児島,5 KKB鹿児島放送,2026-07-26,15:25,ビートたけしのTVタックル 昭和は驚きの光景が…令和のゴミ問題＆激安リユース店🈑
鹿児島,5 KKB鹿児島放送,2026-07-26,16:25,探偵！ナイトスクープ【2代目秘書・岡部まりが特命局長として登場！】🈑
鹿児島,5 KKB鹿児島放送,2026-07-26,17:25,天気予報
鹿児島,5 KKB鹿児島放送,2026-07-26,17:30,ANNスーパーJチャンネル🈑
鹿児島,5 KKB鹿児島放送,2026-07-26,17:55,プラッピーの交通安全教室
鹿児島,5 KKB鹿児島放送,2026-07-26,18:00,相葉マナブ 初登場！timelesz佐藤勝利と地引き網！相模湾で何が獲れる？🈑
鹿児島,5 KKB鹿児島放送,2026-07-26,18:52,天気予報
鹿児島,5 KKB鹿児島放送,2026-07-26,18:56,ポツンと一軒家 2時間SP！84歳チェーンソーアート挑戦！仲間とBBQ宴会＆絶景岩風呂🈑
鹿児島,5 KKB鹿児島放送,2026-07-26,20:56,有働Times🈑
鹿児島,5 KKB鹿児島放送,2026-07-26,22:15,マイ・フィクション 第4話「刑務所にいるはずの人間」🈖🈑
鹿児島,5 KKB鹿児島放送,2026-07-26,23:09,てとてと〜好きがカタチになる〜▽霧島市・未来に届ける縁起物
鹿児島,5 KKB鹿児島放送,2026-07-26,23:15,EIGHT－JAM 【中森明菜特集‼松田聖子・小泉今日子との関係、振付秘話…】🈑
鹿児島,8 鹿児島テレビ..,2026-07-26,05:00,テレビショッピング
鹿児島,8 鹿児島テレビ..,2026-07-26,05:30,テレビショッピング
鹿児島,8 鹿児島テレビ..,2026-07-26,06:00,FNNニュース🈑
鹿児島,8 鹿児島テレビ..,2026-07-26,06:15,パウ・パトロール＃121🈔【シーパトロール！すばらしきアートをまもれ🈀】
鹿児島,8 鹿児島テレビ..,2026-07-26,06:45,ぽよチャンネル
鹿児島,8 鹿児島テレビ..,2026-07-26,06:50,テレビショッピング
鹿児島,8 鹿児島テレビ..,2026-07-26,07:00,SUNDAYブレイク． 千葉県勝浦でオズワルド伊藤が絶叫アクティビティ体験🈑🈕🈓
鹿児島,8 鹿児島テレビ..,2026-07-26,08:55,ぽよチャンネル
鹿児島,8 鹿児島テレビ..,2026-07-26,09:00,ジャンクSPORTS🈑【黄金コンビ】
鹿児島,8 鹿児島テレビ..,2026-07-26,09:30,テレビアニメ「鬼滅の刃」シリーズ全編再放送【竈門炭治郎 立志編】🈑🈖🈓
鹿児島,8 鹿児島テレビ..,2026-07-26,10:00,かのサンド◆学生街で絶品グルメSP！早稲田コスパ抜群グルメ＆学芸大学の名店中華🈑
鹿児島,8 鹿児島テレビ..,2026-07-26,11:15,ミラモンGOLD🈑
鹿児島,8 鹿児島テレビ..,2026-07-26,11:45,ぽよチャンネル
鹿児島,8 鹿児島テレビ..,2026-07-26,11:50,FNN Live News days🈑
鹿児島,8 鹿児島テレビ..,2026-07-26,12:00,YOUは何しに日本へ？傑作選🈞■愛する母の遺骨を日本へ＆一杯3500円！究極コーヒー
鹿児島,8 鹿児島テレビ..,2026-07-26,13:00,JAPANをスーツケースにつめ込んで！【日本のレトルトカレーをイギリスへ】
鹿児島,8 鹿児島テレビ..,2026-07-26,14:00,🈡有吉の深掘り大調査【100 万人突破！急増する車中泊に密着＆厨房ドキュメント】
鹿児島,8 鹿児島テレビ..,2026-07-26,14:55,ぽよチャンネル
鹿児島,8 鹿児島テレビ..,2026-07-26,15:00,競馬BEAT【第43回東海ステークス（GⅢ）▽第61回関屋記念（GⅢ）】
鹿児島,8 鹿児島テレビ..,2026-07-26,16:00,ワンパンで晩餐－Wanpan de Vansan－◆シンガポールチキンライス🈞🈑
鹿児島,8 鹿児島テレビ..,2026-07-26,16:05,イット！特別編 しらべてみたらSP張り込んで“ウソ連発ドロボー”を捕まえた！🈞🈑
鹿児島,8 鹿児島テレビ..,2026-07-26,17:20,時のきらめき◆三神を巡る心身浄化の旅  山形◆
鹿児島,8 鹿児島テレビ..,2026-07-26,17:30,Live News イット！🈑
鹿児島,8 鹿児島テレビ..,2026-07-26,17:57,天気予報
鹿児島,8 鹿児島テレビ..,2026-07-26,18:00,ちびまる子ちゃん【隣町の男子とプールで勝負する／たまちゃんちで日曜大工を】🈑🈖
鹿児島,8 鹿児島テレビ..,2026-07-26,18:30,サザエさん【憧れの松／うっかりでしっかり ほか】🈑🈖🈓
鹿児島,8 鹿児島テレビ..,2026-07-26,19:00,千鳥の鬼レンチャン◆鬼ハード初代女王誕生？STU池ちゃん＆高橋成美サビカラ登場🈑
鹿児島,8 鹿児島テレビ..,2026-07-26,21:00,Mr．サンデー🈑🈓
鹿児島,8 鹿児島テレビ..,2026-07-26,23:09,KTSニュース
鹿児島,8 鹿児島テレビ..,2026-07-26,23:15,ワンピース【エルバフの大罪人 冥界のロキ解放！？】🈑🈖
鹿児島,8 鹿児島テレビ..,2026-07-26,23:45,すぽると！ 大谷翔平のストレートは軌道が読めない⁉スター証言＆脳科学から紐解く🈑
宮崎,1 NHK総合1..,2026-07-26,05:00,ニュース・気象情報
宮崎,1 NHK総合1..,2026-07-26,05:10,Jリーグと私 あの試合を忘れない ＃17 横浜FM🈑
宮崎,1 NHK総合1..,2026-07-26,05:15,週末のNスペは… 激変・安全保障 日本の進路は🈑
宮崎,1 NHK総合1..,2026-07-26,05:20,桂文珍の演芸図鑑 レ・ロマネスクTOBI 柳亭小燕枝 三拍子🈑
宮崎,1 NHK総合1..,2026-07-26,05:50,気象情報
宮崎,1 NHK総合1..,2026-07-26,05:55,にっぽん百名山ミニ 3min「夏 五竜岳」🈑
宮崎,1 NHK総合1..,2026-07-26,05:58,巡る世界絶景 ベネチアの冬🅍
宮崎,1 NHK総合1..,2026-07-26,06:00,ニュース
宮崎,1 NHK総合1..,2026-07-26,06:10,【特選！時代劇】大岡越前8 🈟（1）「燃える牢屋敷」🈖🈑
宮崎,1 NHK総合1..,2026-07-26,06:53,気象情報
宮崎,1 NHK総合1..,2026-07-26,06:55,ニュース・気象情報（九州沖縄）
宮崎,1 NHK総合1..,2026-07-26,07:00,NHKニュース おはよう日本 7月26日（日）🈑
宮崎,1 NHK総合1..,2026-07-26,07:40,ニュース・気象情報（九州沖縄）
宮崎,1 NHK総合1..,2026-07-26,07:45,さわやか自然百景 青森 屏風山湿原池沼群🈑
宮崎,1 NHK総合1..,2026-07-26,08:00,小さな旅「大原を継ぐ 〜京都市 左京区〜」🈖🈑
宮崎,1 NHK総合1..,2026-07-26,08:25,Dearにっぽん「私たちが新聞を書く理由〜滋賀・虎姫高校〜」🈑
宮崎,1 NHK総合1..,2026-07-26,08:50,あさイチの鈴木奈穂子アナが「NHK ONE」を解説🈑
宮崎,1 NHK総合1..,2026-07-26,08:57,気象情報
宮崎,1 NHK総合1..,2026-07-26,09:00,日曜討論 徹底解説！暑さはどこまで？対策は
宮崎,1 NHK総合1..,2026-07-26,10:00,ニュース・気象情報🈑
宮崎,1 NHK総合1..,2026-07-26,10:05,明日をまもるナビ選196 都市を襲う水害 内水氾濫〜見えない危険にどう備える🈖🈑
宮崎,1 NHK総合1..,2026-07-26,10:30,5分であさイチ（4）知ってトクする旅行術（2）バッグの詰め方🈑
宮崎,1 NHK総合1..,2026-07-26,10:35,ゆったり温泉ひとり旅 北海道・登別温泉🈑
宮崎,1 NHK総合1..,2026-07-26,11:04,ニュース🈑
宮崎,1 NHK総合1..,2026-07-26,11:05,あしたが変わるトリセツショー 骨ケアで健康革命！今すぐできる運動＆食事ワザ🈖🈑🈞
宮崎,1 NHK総合1..,2026-07-26,11:50,ふすま絵 奇跡の再会🈑
宮崎,1 NHK総合1..,2026-07-26,11:54,気象情報
宮崎,1 NHK総合1..,2026-07-26,12:00,ニュース🈑
宮崎,1 NHK総合1..,2026-07-26,12:10,ニュース（九州沖縄）
宮崎,1 NHK総合1..,2026-07-26,12:15,NHKのど自慢 熱唱熱演名場面 2026 Part1🈑
宮崎,1 NHK総合1..,2026-07-26,12:55,ドキュメント72時間PR ドキュメント72時間の作り方＜編集・ナレーション編＞🈑
宮崎,1 NHK総合1..,2026-07-26,13:00,ニュース・気象情報🈑
宮崎,1 NHK総合1..,2026-07-26,13:05,ダーウィンが来た！「相葉さんと探せ！ミクロいきもの超ワールド」🈖🈑🈞
宮崎,1 NHK総合1..,2026-07-26,13:35,さわやか自然百景10min．（37）兵庫 猫崎の海と黒川渓谷🈑
宮崎,1 NHK総合1..,2026-07-26,13:45,JAPAN DELISH 5min カレーライス🈑
宮崎,1 NHK総合1..,2026-07-26,13:50,アニメまとめPR 放送中！注目の3番組ほか🈑
宮崎,1 NHK総合1..,2026-07-26,13:55,プロフェッショナル 仕事の流儀 旅する家族、春をつなぐ〜養蜂家・藤井髙治〜🈖🈑🈞
宮崎,1 NHK総合1..,2026-07-26,14:40,秀サルでもわかる 豊臣兄弟！ なんで豊臣兄弟は明智光秀に勝てたの？🈑
宮崎,1 NHK総合1..,2026-07-26,14:45,あしたが変わるトリセツショー 番外編 フレイル対策15分エクササイズ🈑
宮崎,1 NHK総合1..,2026-07-26,15:00,ニュース・気象情報🈑
宮崎,1 NHK総合1..,2026-07-26,15:05,大相撲（2026年） 名古屋場所 千秋楽🈑
宮崎,1 NHK総合1..,2026-07-26,15:30,大相撲（2026年） 名古屋場所 千秋楽 優勝力士・三賞力士インタビュー🈔🈑
宮崎,1 NHK総合1..,2026-07-26,18:00,ニュース🈑
宮崎,1 NHK総合1..,2026-07-26,18:05,有吉のお金発見 突撃！カネオくん 令和に再ブーム！RCカーのヒミツ🈑
宮崎,1 NHK総合1..,2026-07-26,18:45,てげビビ！サンデー
宮崎,1 NHK総合1..,2026-07-26,19:00,NHKニュース7🈔🈑
宮崎,1 NHK総合1..,2026-07-26,19:30,ダーウィンが来た！「最大の味方！最強のライバル！？動物兄弟」🈖🈑
宮崎,1 NHK総合1..,2026-07-26,20:00,豊臣兄弟！（29）天下への道🈖🈑
宮崎,1 NHK総合1..,2026-07-26,20:45,ニュース🈑🈐
宮崎,1 NHK総合1..,2026-07-26,20:55,ニュース・気象情報（九州沖縄）
宮崎,1 NHK総合1..,2026-07-26,21:00,NHKスペシャル 激変・安全保障 “力の支配”と揺らぐ国際秩序 日本の針路は🈑
宮崎,1 NHK総合1..,2026-07-26,22:00,サンデースポーツ🈑
宮崎,1 NHK総合1..,2026-07-26,22:50,ニュース・気象情報🈑
宮崎,1 NHK総合1..,2026-07-26,22:55,ハロー！NHKワールドJAPAN 7月の地域特集・山口県関連番組紹介🈑
宮崎,1 NHK総合1..,2026-07-26,23:00,DOC（ドック）3 あすへのカルテ（8）「暗闇の先へ」🈔🈑
宮崎,1 NHK総合1..,2026-07-26,23:59,連続テレビ小説「ひよっこ」再放送PR
宮崎,2 NHKEテレ..,2026-07-26,05:00,こころの時代 わからなさのなかで〜最首悟の思想をたどる〜🈑🈞
宮崎,2 NHKEテレ..,2026-07-26,06:00,NHK短歌 わたしの宮沢賢治 テーマ「月」🈑
宮崎,2 NHKEテレ..,2026-07-26,06:25,テレビ体操🈑
宮崎,2 NHKEテレ..,2026-07-26,06:35,NHK俳句 題「七夕」🈑
宮崎,2 NHKEテレ..,2026-07-26,07:00,第93回NHK全国学校音楽コンクール みんなの合唱レッスン・高等学校の部🈑
宮崎,2 NHKEテレ..,2026-07-26,07:10,第93回NHK全国学校音楽コンクール みんなの合唱レッスン・中学校の部🈑
宮崎,2 NHKEテレ..,2026-07-26,07:20,第93回NHK全国学校音楽コンクール みんなの合唱レッスン・小学校の部🈑
宮崎,2 NHKEテレ..,2026-07-26,07:30,おとうさんといっしょ「まねまねどんぐー」🈑🈞
宮崎,2 NHKEテレ..,2026-07-26,08:00,やさいの時間 みんなの菜園物語 兵庫県（後編）🈑
宮崎,2 NHKEテレ..,2026-07-26,08:25,趣味の園芸 京も一日陽だまり屋「の〜んびり 蘇鉄（そてつ）」🈑
宮崎,2 NHKEテレ..,2026-07-26,08:30,趣味の園芸 選 ステキをセレクト！タネから育てるコスモス🈑
宮崎,2 NHKEテレ..,2026-07-26,08:55,no art，no life「洋一」🈑
宮崎,2 NHKEテレ..,2026-07-26,09:00,日曜美術館 陶芸家ルーシー・リー 繊細でたくましい器🈑
宮崎,2 NHKEテレ..,2026-07-26,09:45,日曜美術館 アートシーン「まなざしの奇跡 日本女性写真家の冒険」展🈑
宮崎,2 NHKEテレ..,2026-07-26,10:00,将棋フォーカス 選 フォーカス流・観る将検定 第2回！🈑
宮崎,2 NHKEテレ..,2026-07-26,10:30,第76回 NHK杯テレビ将棋トーナメント 1回戦第17局 羽生九段×横山七段🈑
宮崎,2 NHKEテレ..,2026-07-26,12:00,囲碁フォーカス 選 知らずに使っている！？「囲碁用語」🈑
宮崎,2 NHKEテレ..,2026-07-26,12:30,第74回NHK杯テレビ囲碁トーナメント1回戦第17局酒井佑規七段×加藤千笑四段🈑
宮崎,2 NHKEテレ..,2026-07-26,14:00,日本の話芸 柳家蝠丸 落語「叩き蟹」🈖🈑
宮崎,2 NHKEテレ..,2026-07-26,14:30,アニメ 青のオーケストラ シーズン2（1）「ほころび」🈑
宮崎,2 NHKEテレ..,2026-07-26,14:55,アニメ 青のオーケストラ シーズン2（2）「波紋」🈑
宮崎,2 NHKEテレ..,2026-07-26,15:20,アニメ 青のオーケストラ シーズン2（3）「ケジメ」🈑
宮崎,2 NHKEテレ..,2026-07-26,15:45,アニメ 青のオーケストラ シーズン2（4）「体育祭」🈑
宮崎,2 NHKEテレ..,2026-07-26,16:10,ピタゴラミングスイッチ2🈑🈞
宮崎,2 NHKEテレ..,2026-07-26,16:30,ざわざわ森のがんこちゃん30周年スペシャルがんこのびっくりおたんじょうび会🈖🈑🈞
宮崎,2 NHKEテレ..,2026-07-26,17:00,アニメ アオアシ（17）東京都リーグ第7節 多摩体育大学附属高校戦🈑
宮崎,2 NHKEテレ..,2026-07-26,17:25,レディー・グレース 女王陛下のスパイ（4）「迷える女王」🈔🈑
宮崎,2 NHKEテレ..,2026-07-26,17:50,こども手話ウイークリー🈐
宮崎,2 NHKEテレ..,2026-07-26,18:00,木村多江の、いまさらですが… アメリカ建国の立役者 初代財務長官ハミルトン🈖🈑🈞
宮崎,2 NHKEテレ..,2026-07-26,18:30,ブリティッシュ・ベイクオフ6（17）チョコレート対決・前編🈔🈑🈞
宮崎,2 NHKEテレ..,2026-07-26,19:00,未病息災を願います 選「骨密度」が気になったら🈖🈑
宮崎,2 NHKEテレ..,2026-07-26,19:45,365日の献立日記「野菜ずし」🈑
宮崎,2 NHKEテレ..,2026-07-26,19:50,5分であさイチ 夏休みの“お昼ごはん”に革命を！🈑
宮崎,2 NHKEテレ..,2026-07-26,19:55,NHK手話ニュース🈐
宮崎,2 NHKEテレ..,2026-07-26,20:00,日曜美術館 滅びゆく写真 そして人類 現代美術作家・杉本博司🈑🈞
宮崎,2 NHKEテレ..,2026-07-26,20:45,日曜美術館 アートシーン「元禄！師宣劇場」展🈑
宮崎,2 NHKEテレ..,2026-07-26,21:00,古典芸能への招待 歌舞伎「近江源氏先陣館 盛綱陣屋」大阪松竹座さよなら公演🈕🈑
宮崎,2 NHKEテレ..,2026-07-26,23:00,美の壺 選「小さな芸術 干菓子」🈑
宮崎,2 NHKEテレ..,2026-07-26,23:30,サイエンスZERO“次世代塗料”が未来を塗り替える！？🈖🈑
宮崎,3 テレビ宮崎1,2026-07-26,04:55,テレビショッピング
宮崎,3 テレビ宮崎1,2026-07-26,05:25,UMK番組批評
宮崎,3 テレビ宮崎1,2026-07-26,05:30,DIGIMON BEATBREAK【きれいごと】 ＃39🈑🈕🈖
宮崎,3 テレビ宮崎1,2026-07-26,06:00,UMKニュース🈑
宮崎,3 テレビ宮崎1,2026-07-26,06:15,ポケットモンスター 第143話：ドリームボールをキミに！
宮崎,3 テレビ宮崎1,2026-07-26,06:45,ぱちぱちるんるん★ピッカリーン「ひらめきクイズ」！今日の「げらげら」は誰？ほか🈑
宮崎,3 テレビ宮崎1,2026-07-26,07:00,SUNDAYブレイク． 千葉県勝浦でオズワルド伊藤が絶叫アクティビティ体験🈑🈕🈓
宮崎,3 テレビ宮崎1,2026-07-26,08:25,秘密のケンミンSHOW極！群馬もつ煮に新時代！？大阪床屋さんの㊙ルール🈑
宮崎,3 テレビ宮崎1,2026-07-26,09:25,Oh！宮崎 大地のチカラ
宮崎,3 テレビ宮崎1,2026-07-26,09:35,みやざきゲンキTV🈑
宮崎,3 テレビ宮崎1,2026-07-26,09:50,のびよ！みやざきっ子🈑小林秀峰高校 学校公開日
宮崎,3 テレビ宮崎1,2026-07-26,10:00,かのサンド◆学生街で絶品グルメSP！早稲田コスパ抜群グルメ＆学芸大学の名店中華🈑
宮崎,3 テレビ宮崎1,2026-07-26,11:15,ミラモンGOLD🈑
宮崎,3 テレビ宮崎1,2026-07-26,11:45,M－Face 情熱・宮崎人
宮崎,3 テレビ宮崎1,2026-07-26,11:50,ANNニュース🈑
宮崎,3 テレビ宮崎1,2026-07-26,12:00,嗚呼‼みんなの動物園みりちゃむ流スゴい猫テク連発＆相葉トリミング×有村架純🈑
宮崎,3 テレビ宮崎1,2026-07-26,13:00,ザ！世界仰天ニュース 2時間SP🈑
宮崎,3 テレビ宮崎1,2026-07-26,14:55,Uチェキ！
宮崎,3 テレビ宮崎1,2026-07-26,15:00,上田と女が吠える夜 2時間SP🈑
宮崎,3 テレビ宮崎1,2026-07-26,16:55,夫が寝たあとに＃49
宮崎,3 テレビ宮崎1,2026-07-26,17:25,博士は今日も嫉妬する 人生が楽しくなる最新テクノロジー🈑
宮崎,3 テレビ宮崎1,2026-07-26,17:30,Live News イット！🈑
宮崎,3 テレビ宮崎1,2026-07-26,18:00,ちびまる子ちゃん【隣町の男子とプールで勝負する／たまちゃんちで日曜大工を】🈑🈕🈖
宮崎,3 テレビ宮崎1,2026-07-26,18:30,サザエさん【憧れの松／うっかりでしっかり ほか】🈑🈕🈓
宮崎,3 テレビ宮崎1,2026-07-26,19:00,ザ！鉄腕！DASH！！▽笑点60周年記念夏祭り！師匠全員参加で巨大お好み焼き！🈑
宮崎,3 テレビ宮崎1,2026-07-26,19:58,イッテQ【お祭り男宮川＆二代目手越】フィンランドで丸太乗って川を下る木材選手権🈑
宮崎,3 テレビ宮崎1,2026-07-26,20:54,UMKニュース・天気予報
宮崎,3 テレビ宮崎1,2026-07-26,21:00,ゴールデンストーンズ▽番組史上最大‼人気芸人軍団と総勢31名の大混戦バトル🈑
宮崎,3 テレビ宮崎1,2026-07-26,21:54,One  Try  One  Truth．
宮崎,3 テレビ宮崎1,2026-07-26,22:00,おしゃれクリップ出川哲朗はなぜ愛される？▼妻や一茂が忖度なしでガチ素顔告白🈑🈕🈖
宮崎,3 テレビ宮崎1,2026-07-26,22:30,ドラマ「一次元の挿し木」第4話【激動の真相が発覚…古人骨と義妹を巡る謎】🈑🈕🈖🈓
宮崎,3 テレビ宮崎1,2026-07-26,23:25,ワンピース【エルバフの大罪人 冥界のロキ解放！？】🈑🈕🈖
宮崎,3 テレビ宮崎1,2026-07-26,23:55,Going！生出演！渡邊雄太が明かす日本バスケの進化▼赤星絶賛！怪物高校生🈑
宮崎,6 MRT宮崎放送,2026-07-26,04:45,テレビショッピング
宮崎,6 MRT宮崎放送,2026-07-26,05:15,ウルトラマン ニュージェネレーション スターズ 第15話 燃えろ!ウルトラマンレグロス
宮崎,6 MRT宮崎放送,2026-07-26,05:45,仮面ライダーゼッツ 第20話「兆す」
宮崎,6 MRT宮崎放送,2026-07-26,06:15,🈑日本のチカラ【ビートで輝け！〜DJ介護士のロマンディスコ〜】
宮崎,6 MRT宮崎放送,2026-07-26,06:45,🄽🈐JNNニュース
宮崎,6 MRT宮崎放送,2026-07-26,07:00,健康カプセル！ゲンキの時間🈖🈑侮っていると一大事に！？消えないあざに隠れた恐怖
宮崎,6 MRT宮崎放送,2026-07-26,07:30,がっちりマンデー‼CMで良く見るけど知らない会社！渡辺パイプ、INPEX、NGK
宮崎,6 MRT宮崎放送,2026-07-26,08:00,サンデーモーニング🈑高市総理“寝てない”投稿の波紋▽消費税“迷走”と骨太ショック
宮崎,6 MRT宮崎放送,2026-07-26,09:54,天気情報
宮崎,6 MRT宮崎放送,2026-07-26,10:00,🈑新 窓をあけて九州【月明かりの学び舎】
宮崎,6 MRT宮崎放送,2026-07-26,10:15,🈑世界一の九州が始まる！【ベトナムとの架け橋へ！青パパイヤがつなぐ夢】
宮崎,6 MRT宮崎放送,2026-07-26,10:30,華丸丼と大吉麺《板橋編》第2回
宮崎,6 MRT宮崎放送,2026-07-26,11:00,アッコとジャンボ
宮崎,6 MRT宮崎放送,2026-07-26,11:30,天気情報
宮崎,6 MRT宮崎放送,2026-07-26,11:35,上田晋也のサンデーQ🈑堺雅人が生出演「VIVANT」エキストラは4千人！聖地先取り巡礼
宮崎,6 MRT宮崎放送,2026-07-26,12:54,天気情報
宮崎,6 MRT宮崎放送,2026-07-26,12:55,🈑🈖新婚さんいらっしゃい！ オーストラリア在住夫婦が出場！親戚100人の大運動会!?
宮崎,6 MRT宮崎放送,2026-07-26,13:25,お・す・す・め！
宮崎,6 MRT宮崎放送,2026-07-26,13:30,🈑そこまで言って委員会NP【文春vs新潮!?「週刊誌報道」を信用できる？】
宮崎,6 MRT宮崎放送,2026-07-26,15:00,🈑笑ってコラえて！【Aぇ! group佐野晶哉が「日本全国 道の駅伝」に挑戦！】
宮崎,6 MRT宮崎放送,2026-07-26,16:00,🈑🈖住人十色【1000万円目指しコストダウン！75歳で建てた7．5坪の家】
宮崎,6 MRT宮崎放送,2026-07-26,16:30,レッツゴー怪奇組 第四怪🈑
宮崎,6 MRT宮崎放送,2026-07-26,17:00,日5「正反対な君と僕」 ＃16「新学期」🈑🈓
宮崎,6 MRT宮崎放送,2026-07-26,17:30,Nスタ🈑 「飛鳥・藤原の宮都」が世界遺産新登録なるか▽「土用の丑の日」うなぎ店は
宮崎,6 MRT宮崎放送,2026-07-26,18:00,世界遺産／バリ島 1000年続く棚田の絶景（インドネシア）🈖🈑
宮崎,6 MRT宮崎放送,2026-07-26,18:30,ベスコングルメ★夏の軽井沢SP・そば通DEEN池森オススメの手打ちそば名店へ🈖🈑🈓
宮崎,6 MRT宮崎放送,2026-07-26,19:00,バナナマンのせっかくグルメ★VIVANT堺雅人＆濱田岳と日村が人気リゾート地🈑🈓
宮崎,6 MRT宮崎放送,2026-07-26,20:00,VIVANT直前生放送★堺×阿部×二宮×松坂が集結！今からでも間に合うSPダイジェスト🈑
宮崎,6 MRT宮崎放送,2026-07-26,21:00,🈟日曜劇場「VIVANT」第11話🈖🈑
宮崎,6 MRT宮崎放送,2026-07-26,22:19,天気情報
宮崎,6 MRT宮崎放送,2026-07-26,22:25,日曜日の初耳学◆堺雅人×林修『VIVANT』放送直後90分SP阿部寛＆初出しメイキング映像
宮崎,6 MRT宮崎放送,2026-07-26,23:49,天気情報
宮崎,6 MRT宮崎放送,2026-07-26,23:55,黒猫と魔女の教室🈑🈓 ＃16「イオ・トーラス がんばります」【アガルアニメ】
大分,1 NHK総合1..,2026-07-26,05:00,ニュース・気象情報
大分,1 NHK総合1..,2026-07-26,05:10,Jリーグと私 あの試合を忘れない ＃17 横浜FM🈑
大分,1 NHK総合1..,2026-07-26,05:15,週末のNスペは… 激変・安全保障 日本の進路は🈑
大分,1 NHK総合1..,2026-07-26,05:20,桂文珍の演芸図鑑 レ・ロマネスクTOBI 柳亭小燕枝 三拍子🈑
大分,1 NHK総合1..,2026-07-26,05:50,気象情報
大分,1 NHK総合1..,2026-07-26,05:55,にっぽん百名山ミニ 3min「夏 五竜岳」🈑
大分,1 NHK総合1..,2026-07-26,05:58,巡る世界絶景 ベネチアの冬🅍
大分,1 NHK総合1..,2026-07-26,06:00,ニュース
大分,1 NHK総合1..,2026-07-26,06:10,【特選！時代劇】大岡越前8 🈟（1）「燃える牢屋敷」🈖🈑
大分,1 NHK総合1..,2026-07-26,06:53,気象情報
大分,1 NHK総合1..,2026-07-26,06:55,ニュース・気象情報（九州沖縄）
大分,1 NHK総合1..,2026-07-26,07:00,NHKニュース おはよう日本 7月26日（日）🈑
大分,1 NHK総合1..,2026-07-26,07:40,ニュース・気象情報（九州沖縄）
大分,1 NHK総合1..,2026-07-26,07:45,さわやか自然百景 青森 屏風山湿原池沼群🈑
大分,1 NHK総合1..,2026-07-26,08:00,小さな旅「大原を継ぐ 〜京都市 左京区〜」🈖🈑
大分,1 NHK総合1..,2026-07-26,08:25,Dearにっぽん「私たちが新聞を書く理由〜滋賀・虎姫高校〜」🈑
大分,1 NHK総合1..,2026-07-26,08:50,あさイチの鈴木奈穂子アナが「NHK ONE」を解説🈑
大分,1 NHK総合1..,2026-07-26,08:57,気象情報
大分,1 NHK総合1..,2026-07-26,09:00,日曜討論 徹底解説！暑さはどこまで？対策は
大分,1 NHK総合1..,2026-07-26,10:00,ニュース・気象情報🈑
大分,1 NHK総合1..,2026-07-26,10:05,明日をまもるナビ選196 都市を襲う水害 内水氾濫〜見えない危険にどう備える🈖🈑
大分,1 NHK総合1..,2026-07-26,10:30,5分であさイチ（4）知ってトクする旅行術（2）バッグの詰め方🈑
大分,1 NHK総合1..,2026-07-26,10:35,ゆったり温泉ひとり旅 北海道・登別温泉🈑
大分,1 NHK総合1..,2026-07-26,11:04,ニュース🈑
大分,1 NHK総合1..,2026-07-26,11:05,あしたが変わるトリセツショー 骨ケアで健康革命！今すぐできる運動＆食事ワザ🈖🈑🈞
大分,1 NHK総合1..,2026-07-26,11:50,ふすま絵 奇跡の再会🈑
大分,1 NHK総合1..,2026-07-26,11:54,気象情報
大分,1 NHK総合1..,2026-07-26,12:00,ニュース🈑
大分,1 NHK総合1..,2026-07-26,12:10,ニュース（九州沖縄）
大分,1 NHK総合1..,2026-07-26,12:15,NHKのど自慢 熱唱熱演名場面 2026 Part1🈑
大分,1 NHK総合1..,2026-07-26,12:55,ドキュメント72時間PR ドキュメント72時間の作り方＜編集・ナレーション編＞🈑
大分,1 NHK総合1..,2026-07-26,13:00,ニュース・気象情報🈑
大分,1 NHK総合1..,2026-07-26,13:05,ダーウィンが来た！「相葉さんと探せ！ミクロいきもの超ワールド」🈖🈑🈞
大分,1 NHK総合1..,2026-07-26,13:35,さわやか自然百景10min．（37）兵庫 猫崎の海と黒川渓谷🈑
大分,1 NHK総合1..,2026-07-26,13:45,JAPAN DELISH 5min カレーライス🈑
大分,1 NHK総合1..,2026-07-26,13:50,アニメまとめPR 放送中！注目の3番組ほか🈑
大分,1 NHK総合1..,2026-07-26,13:55,プロフェッショナル 仕事の流儀 旅する家族、春をつなぐ〜養蜂家・藤井髙治〜🈖🈑🈞
大分,1 NHK総合1..,2026-07-26,14:40,秀サルでもわかる 豊臣兄弟！ なんで豊臣兄弟は明智光秀に勝てたの？🈑
大分,1 NHK総合1..,2026-07-26,14:45,あしたが変わるトリセツショー 番外編 フレイル対策15分エクササイズ🈑
大分,1 NHK総合1..,2026-07-26,15:00,ニュース・気象情報🈑
大分,1 NHK総合1..,2026-07-26,15:05,大相撲（2026年） 名古屋場所 千秋楽🈑
大分,1 NHK総合1..,2026-07-26,15:30,大相撲（2026年） 名古屋場所 千秋楽 優勝力士・三賞力士インタビュー🈔🈑
大分,1 NHK総合1..,2026-07-26,18:00,ニュース🈑
大分,1 NHK総合1..,2026-07-26,18:05,有吉のお金発見 突撃！カネオくん 令和に再ブーム！RCカーのヒミツ🈑
大分,1 NHK総合1..,2026-07-26,18:45,ぶんドキ
大分,1 NHK総合1..,2026-07-26,19:00,NHKニュース7🈔🈑
大分,1 NHK総合1..,2026-07-26,19:30,ダーウィンが来た！「最大の味方！最強のライバル！？動物兄弟」🈖🈑
大分,1 NHK総合1..,2026-07-26,20:00,豊臣兄弟！（29）天下への道🈖🈑
大分,1 NHK総合1..,2026-07-26,20:45,ニュース🈑🈐
大分,1 NHK総合1..,2026-07-26,20:55,ニュース・気象情報（九州沖縄）
大分,1 NHK総合1..,2026-07-26,21:00,NHKスペシャル 激変・安全保障 “力の支配”と揺らぐ国際秩序 日本の針路は🈑
大分,1 NHK総合1..,2026-07-26,22:00,サンデースポーツ🈑
大分,1 NHK総合1..,2026-07-26,22:50,ニュース・気象情報🈑
大分,1 NHK総合1..,2026-07-26,22:55,ハロー！NHKワールドJAPAN 7月の地域特集・山口県関連番組紹介🈑
大分,1 NHK総合1..,2026-07-26,23:00,DOC（ドック）3 あすへのカルテ（8）「暗闇の先へ」🈔🈑
大分,1 NHK総合1..,2026-07-26,23:59,連続テレビ小説「ひよっこ」再放送PR
大分,2 NHKEテレ..,2026-07-26,05:00,こころの時代 わからなさのなかで〜最首悟の思想をたどる〜🈑🈞
大分,2 NHKEテレ..,2026-07-26,06:00,NHK短歌 わたしの宮沢賢治 テーマ「月」🈑
大分,2 NHKEテレ..,2026-07-26,06:25,テレビ体操🈑
大分,2 NHKEテレ..,2026-07-26,06:35,NHK俳句 題「七夕」🈑
大分,2 NHKEテレ..,2026-07-26,07:00,第93回NHK全国学校音楽コンクール みんなの合唱レッスン・高等学校の部🈑
大分,2 NHKEテレ..,2026-07-26,07:10,第93回NHK全国学校音楽コンクール みんなの合唱レッスン・中学校の部🈑
大分,2 NHKEテレ..,2026-07-26,07:20,第93回NHK全国学校音楽コンクール みんなの合唱レッスン・小学校の部🈑
大分,2 NHKEテレ..,2026-07-26,07:30,おとうさんといっしょ「まねまねどんぐー」🈑🈞
大分,2 NHKEテレ..,2026-07-26,08:00,やさいの時間 みんなの菜園物語 兵庫県（後編）🈑
大分,2 NHKEテレ..,2026-07-26,08:25,趣味の園芸 京も一日陽だまり屋「の〜んびり 蘇鉄（そてつ）」🈑
大分,2 NHKEテレ..,2026-07-26,08:30,趣味の園芸 選 ステキをセレクト！タネから育てるコスモス🈑
大分,2 NHKEテレ..,2026-07-26,08:55,no art，no life「洋一」🈑
大分,2 NHKEテレ..,2026-07-26,09:00,日曜美術館 陶芸家ルーシー・リー 繊細でたくましい器🈑
大分,2 NHKEテレ..,2026-07-26,09:45,日曜美術館 アートシーン「まなざしの奇跡 日本女性写真家の冒険」展🈑
大分,2 NHKEテレ..,2026-07-26,10:00,将棋フォーカス 選 フォーカス流・観る将検定 第2回！🈑
大分,2 NHKEテレ..,2026-07-26,10:30,第76回 NHK杯テレビ将棋トーナメント 1回戦第17局 羽生九段×横山七段🈑
大分,2 NHKEテレ..,2026-07-26,12:00,囲碁フォーカス 選 知らずに使っている！？「囲碁用語」🈑
大分,2 NHKEテレ..,2026-07-26,12:30,第74回NHK杯テレビ囲碁トーナメント1回戦第17局酒井佑規七段×加藤千笑四段🈑
大分,2 NHKEテレ..,2026-07-26,14:00,日本の話芸 柳家蝠丸 落語「叩き蟹」🈖🈑
大分,2 NHKEテレ..,2026-07-26,14:30,アニメ 青のオーケストラ シーズン2（1）「ほころび」🈑
大分,2 NHKEテレ..,2026-07-26,14:55,アニメ 青のオーケストラ シーズン2（2）「波紋」🈑
大分,2 NHKEテレ..,2026-07-26,15:20,アニメ 青のオーケストラ シーズン2（3）「ケジメ」🈑
大分,2 NHKEテレ..,2026-07-26,15:45,アニメ 青のオーケストラ シーズン2（4）「体育祭」🈑
大分,2 NHKEテレ..,2026-07-26,16:10,ピタゴラミングスイッチ2🈑🈞
大分,2 NHKEテレ..,2026-07-26,16:30,ざわざわ森のがんこちゃん30周年スペシャルがんこのびっくりおたんじょうび会🈖🈑🈞
大分,2 NHKEテレ..,2026-07-26,17:00,アニメ アオアシ（17）東京都リーグ第7節 多摩体育大学附属高校戦🈑
大分,2 NHKEテレ..,2026-07-26,17:25,レディー・グレース 女王陛下のスパイ（4）「迷える女王」🈔🈑
大分,2 NHKEテレ..,2026-07-26,17:50,こども手話ウイークリー🈐
大分,2 NHKEテレ..,2026-07-26,18:00,木村多江の、いまさらですが… アメリカ建国の立役者 初代財務長官ハミルトン🈖🈑🈞
大分,2 NHKEテレ..,2026-07-26,18:30,ブリティッシュ・ベイクオフ6（17）チョコレート対決・前編🈔🈑🈞
大分,2 NHKEテレ..,2026-07-26,19:00,未病息災を願います 選「骨密度」が気になったら🈖🈑
大分,2 NHKEテレ..,2026-07-26,19:45,365日の献立日記「野菜ずし」🈑
大分,2 NHKEテレ..,2026-07-26,19:50,5分であさイチ 夏休みの“お昼ごはん”に革命を！🈑
大分,2 NHKEテレ..,2026-07-26,19:55,NHK手話ニュース🈐
大分,2 NHKEテレ..,2026-07-26,20:00,日曜美術館 滅びゆく写真 そして人類 現代美術作家・杉本博司🈑🈞
大分,2 NHKEテレ..,2026-07-26,20:45,日曜美術館 アートシーン「元禄！師宣劇場」展🈑
大分,2 NHKEテレ..,2026-07-26,21:00,古典芸能への招待 歌舞伎「近江源氏先陣館 盛綱陣屋」大阪松竹座さよなら公演🈕🈑
大分,2 NHKEテレ..,2026-07-26,23:00,美の壺 選「小さな芸術 干菓子」🈑
大分,2 NHKEテレ..,2026-07-26,23:30,サイエンスZERO“次世代塗料”が未来を塗り替える！？🈖🈑
大分,3 OBS大分放送,2026-07-26,04:45,ジャパネットたかたテレビショッピング
大分,3 OBS大分放送,2026-07-26,05:15,テレビショッピング
大分,3 OBS大分放送,2026-07-26,05:45,マネして踊って！DANCE TRAIN【明日があるさ＆赤いスイートピー】
大分,3 OBS大分放送,2026-07-26,06:15,日本のチカラ ♯475 「ビートで輝け！ 〜DJ介護士のロマンディスコ〜」🈑
大分,3 OBS大分放送,2026-07-26,06:45,JNNニュース🈐
大分,3 OBS大分放送,2026-07-26,07:00,健康カプセル！ゲンキの時間🈖🈑侮っていると一大事に！？消えないあざに隠れた恐怖
大分,3 OBS大分放送,2026-07-26,07:30,がっちりマンデー‼CMで良く見るけど知らない会社！渡辺パイプ、INPEX、NGK
大分,3 OBS大分放送,2026-07-26,08:00,サンデーモーニング🈑高市総理“寝てない”投稿の波紋▽消費税“迷走”と骨太ショック
大分,3 OBS大分放送,2026-07-26,09:54,🈗お天気情報
大分,3 OBS大分放送,2026-07-26,10:00,新 窓をあけて九州★【OBS制作】『月明かりの学び舎』🈑
大分,3 OBS大分放送,2026-07-26,10:15,世界一の九州が始まる！★『ベトナムとの架け橋へ！青パパイヤがつなぐ夢』🈑
大分,3 OBS大分放送,2026-07-26,10:30,所さんの学校では教えてくれないそこんトコロ！【開かずの金庫を開けろ！】
大分,3 OBS大分放送,2026-07-26,11:30,🈗お天気情報
大分,3 OBS大分放送,2026-07-26,11:35,上田晋也のサンデーQ🈑堺雅人が生出演「VIVANT」エキストラは4千人！聖地先取り巡礼
大分,3 OBS大分放送,2026-07-26,12:54,大分の底力
大分,3 OBS大分放送,2026-07-26,13:00,週刊さんまとマツコ★Mr.都市伝説 関暁夫＆プリンセス天功 世界で話題の芸能人SP🈑🈖
大分,3 OBS大分放送,2026-07-26,13:30,VIVANT【最終回！79分SP あの日見た、夢の終わりに…】🈑🈖🈞
大分,3 OBS大分放送,2026-07-26,14:54,まるんちゃん♪チェック
大分,3 OBS大分放送,2026-07-26,15:00,今さらシロー！〜テストに出ないが役に立つ〜★岡田准一＆秋山が新幹線学び直し🈑
大分,3 OBS大分放送,2026-07-26,15:30,バナナサンド★俳優・佐野勇斗がハモリ我慢で大パニック！史上最悪の珍歌唱SP🈑🈞
大分,3 OBS大分放送,2026-07-26,16:24,まるんちゃん♪チェック
大分,3 OBS大分放送,2026-07-26,16:30,レッツゴー怪奇組 第四怪🈑
大分,3 OBS大分放送,2026-07-26,17:00,日5「正反対な君と僕」 ＃16「新学期」🈑🈓
大分,3 OBS大分放送,2026-07-26,17:30,Nスタ🈑 「飛鳥・藤原の宮都」が世界遺産新登録なるか▽「土用の丑の日」うなぎ店は
大分,3 OBS大分放送,2026-07-26,18:00,世界遺産／バリ島 1000年続く棚田の絶景（インドネシア）🈖🈑
大分,3 OBS大分放送,2026-07-26,18:30,ベスコングルメ★夏の軽井沢SP・そば通DEEN池森オススメの手打ちそば名店へ🈖🈑🈓
大分,3 OBS大分放送,2026-07-26,19:00,バナナマンのせっかくグルメ★VIVANT堺雅人＆濱田岳と日村が人気リゾート地🈑🈓
大分,3 OBS大分放送,2026-07-26,20:00,VIVANT直前生放送★堺×阿部×二宮×松坂が集結！今からでも間に合うSPダイジェスト🈑
大分,3 OBS大分放送,2026-07-26,21:00,🈟日曜劇場「VIVANT」第11話🈖🈑
大分,3 OBS大分放送,2026-07-26,22:19,OBSニュース
大分,3 OBS大分放送,2026-07-26,22:25,日曜日の初耳学◆堺雅人×林修『VIVANT』放送直後90分SP阿部寛＆初出しメイキング映像
大分,3 OBS大分放送,2026-07-26,23:49,🈗お天気情報
大分,3 OBS大分放送,2026-07-26,23:55,黒猫と魔女の教室🈑🈓 ＃16「イオ・トーラス がんばります」【アガルアニメ】
大分,4 TOSテレビ..,2026-07-26,04:40,テレビショッピング
大分,4 TOSテレビ..,2026-07-26,05:10,24時間テレビリポート🈑
大分,4 TOSテレビ..,2026-07-26,05:15,テレビショッピング
大分,4 TOSテレビ..,2026-07-26,05:45,それいけ！アンパンマン「みなさ〜ん！3ばいみみせんせい・他」🈑🈖
大分,4 TOSテレビ..,2026-07-26,06:15,NNNニュースサンデー🈐
大分,4 TOSテレビ..,2026-07-26,06:30,ポケットモンスター【ミアレシティ！新たな出会い】
大分,4 TOSテレビ..,2026-07-26,07:00,本好きの下剋上 領主の養女 第十五章「フリュートレーネの夜」🈑
大分,4 TOSテレビ..,2026-07-26,07:30,シューイチ8月から変わること＆新スポット▽秋山＆平子が南房総の体格グルメ堪能🈑🈓
大分,4 TOSテレビ..,2026-07-26,09:55,Vang²vasagey！！
大分,4 TOSテレビ..,2026-07-26,10:00,かのサンド◆学生街で絶品グルメSP！早稲田コスパ抜群グルメ＆学芸大学の名店中華🈑
大分,4 TOSテレビ..,2026-07-26,11:15,ミラモンGOLD🈑
大分,4 TOSテレビ..,2026-07-26,11:45,いいやん！大分＃41🈑
大分,4 TOSテレビ..,2026-07-26,11:50,FNN TOS Live News days🈑
大分,4 TOSテレビ..,2026-07-26,12:00,開運！なんでも鑑定団【天井裏から!?織田信長らの浮世絵＆龍馬の書簡にド級値】🈑
大分,4 TOSテレビ..,2026-07-26,13:01,上沼・高田のクギズケ！ 水谷豊の娘婿に文春砲▽W杯でトランプ氏が大批判🈑
大分,4 TOSテレビ..,2026-07-26,13:56,さんま御殿自宅トラブル解消SP髙梨沙羅の山奥生活㊙悩み＆庭でたぬきがケンカ⁉🈑
大分,4 TOSテレビ..,2026-07-26,14:56,ワンパンで晩餐－Wanpan de Vansan－＃6🈞🈑
大分,4 TOSテレビ..,2026-07-26,15:00,競馬BEAT【第43回東海ステークス（GⅢ）▽第61回関屋記念（GⅢ）】
大分,4 TOSテレビ..,2026-07-26,16:00,24時間テレビ企画大公開SP総合司会は内村光良！テーマは「わたしの家族の話」🈑
大分,4 TOSテレビ..,2026-07-26,16:55,櫻井信五の鬼スケ旅▼実は誕生日1日違い…櫻井翔と村上信五が分刻みの旅に出る
大分,4 TOSテレビ..,2026-07-26,17:25,博士は今日も嫉妬する 人生が楽しくなる最新テクノロジー🈑
大分,4 TOSテレビ..,2026-07-26,17:30,FNN TOS Live News イット！🈑
大分,4 TOSテレビ..,2026-07-26,17:55,あしたのお天気
大分,4 TOSテレビ..,2026-07-26,18:00,満天☆青空レストラン 天然うなぎ！霞ヶ浦で脂ノリ桁違いの絶品蒲焼きを食す！🈑
大分,4 TOSテレビ..,2026-07-26,18:30,サザエさん【憧れの松／うっかりでしっかり ほか】🈑🈖🈓
大分,4 TOSテレビ..,2026-07-26,19:00,ザ！鉄腕！DASH！！▽笑点60周年記念夏祭り！師匠全員参加で巨大お好み焼き！🈑
大分,4 TOSテレビ..,2026-07-26,19:58,イッテQ【お祭り男宮川＆二代目手越】フィンランドで丸太乗って川を下る木材選手権🈑
大分,4 TOSテレビ..,2026-07-26,20:54,次世代☆スピリット！＃56
大分,4 TOSテレビ..,2026-07-26,21:00,ゴールデンストーンズ▽番組史上最大‼人気芸人軍団と総勢31名の大混戦バトル🈑
大分,4 TOSテレビ..,2026-07-26,21:54,天気予報
大分,4 TOSテレビ..,2026-07-26,22:00,おしゃれクリップ出川哲朗はなぜ愛される？▼妻や一茂が忖度なしでガチ素顔告白🈑🈖
大分,4 TOSテレビ..,2026-07-26,22:30,ドラマ「一次元の挿し木」第4話【激動の真相が発覚…古人骨と義妹を巡る謎】🈑🈖🈓
大分,4 TOSテレビ..,2026-07-26,23:25,ダウンタウンのガキの使い！10人で男の勲章歌い切り！エース＆小田参戦で大波乱🈑
大分,4 TOSテレビ..,2026-07-26,23:55,Going！生出演！渡邊雄太が明かす日本バスケの進化▼赤星絶賛！怪物高校生🈑
大分,5 OAB大分朝..,2026-07-26,04:45,お買い物情報
大分,5 OAB大分朝..,2026-07-26,05:15,お買い物情報
大分,5 OAB大分朝..,2026-07-26,05:45,プレビューOAB
大分,5 OAB大分朝..,2026-07-26,05:50,グッド！モーニング🈓🈑
大分,5 OAB大分朝..,2026-07-26,08:00,よ〜い！スターと！トビダスクール しなことリボンでTシャツデコ！🈓🈑
大分,5 OAB大分朝..,2026-07-26,08:30,名探偵プリキュア！ #26 キュアエクレールの復活！🈓🈑
大分,5 OAB大分朝..,2026-07-26,09:00,仮面ライダーゼッツ 第45話「惑わす」🈓🈑
大分,5 OAB大分朝..,2026-07-26,09:30,🈟角醒ハンター オメガホーン 第1話「角醒せよ！赤き角獣王！」🈓🈑
大分,5 OAB大分朝..,2026-07-26,10:00,バカりハカってみた★東南アジアで一文無し日本人！一体ナゼ？空腹耐える衝撃生活SP
大分,5 OAB大分朝..,2026-07-26,11:00,ローカル革命家 発掘バラエティ ゲンセキっ。🈞
大分,5 OAB大分朝..,2026-07-26,11:15,照英が行く！日本全国チャレンジの旅 ＃5 ▽相模の国で忍者体験！？
大分,5 OAB大分朝..,2026-07-26,11:45,天気予報
大分,5 OAB大分朝..,2026-07-26,11:50,ANNニュース🈑
大分,5 OAB大分朝..,2026-07-26,12:00,ぼる部屋🈑芸能人も通う行列必至人気ラーメン店でバイト！大混乱
大分,5 OAB大分朝..,2026-07-26,12:55,新婚さんいらっしゃい！ オーストラリア在住夫婦が出場！親戚100人の大運動会!?🈖🈑
大分,5 OAB大分朝..,2026-07-26,13:25,華丸丼と大吉麺【荻窪で発見！あのドラマの監修をした三ツ星店の斬新沖縄そば】🈑
大分,5 OAB大分朝..,2026-07-26,13:55,速水もこみちの食材探求ロードムービー 頂！キッチンSeason4 in韓国🈑
大分,5 OAB大分朝..,2026-07-26,14:55,じゅん散歩
大分,5 OAB大分朝..,2026-07-26,15:25,天気予報
大分,5 OAB大分朝..,2026-07-26,15:30,日曜マイチョイス 昭和の名曲が刻まれた聖地を巡る！歌って絶品グルメを満喫する旅🈑
大分,5 OAB大分朝..,2026-07-26,16:25,まいにち大喜利＆賞レース 好きすぎてやりすぎモノマネ選手権！
大分,5 OAB大分朝..,2026-07-26,16:55,ゲストダイアン IKKOがダイアンの胃袋わしづかみ!?「IKKOのお料理一本背負い投げ」🈑
大分,5 OAB大分朝..,2026-07-26,17:25,そらぽがみたい！
大分,5 OAB大分朝..,2026-07-26,17:30,ANNスーパーJチャンネル🈑
大分,5 OAB大分朝..,2026-07-26,17:55,天気予報
大分,5 OAB大分朝..,2026-07-26,18:00,相葉マナブ 初登場！timelesz佐藤勝利と地引き網！相模湾で何が獲れる？🈑
大分,5 OAB大分朝..,2026-07-26,18:52,天気予報
大分,5 OAB大分朝..,2026-07-26,18:56,ポツンと一軒家 2時間SP！84歳チェーンソーアート挑戦！仲間とBBQ宴会＆絶景岩風呂🈑
大分,5 OAB大分朝..,2026-07-26,20:56,有働Times🈑
大分,5 OAB大分朝..,2026-07-26,22:15,マイ・フィクション 第4話「刑務所にいるはずの人間」🈖🈑
大分,5 OAB大分朝..,2026-07-26,23:09,プレビューOAB
大分,5 OAB大分朝..,2026-07-26,23:15,EIGHT－JAM 【中森明菜特集‼松田聖子・小泉今日子との関係、振付秘話…】🈑
佐賀,1 NHK総合1..,2026-07-26,05:00,ニュース・気象情報
佐賀,1 NHK総合1..,2026-07-26,05:10,Jリーグと私 あの試合を忘れない ＃17 横浜FM🈑
佐賀,1 NHK総合1..,2026-07-26,05:15,週末のNスペは… 激変・安全保障 日本の進路は🈑
佐賀,1 NHK総合1..,2026-07-26,05:20,桂文珍の演芸図鑑 レ・ロマネスクTOBI 柳亭小燕枝 三拍子🈑
佐賀,1 NHK総合1..,2026-07-26,05:50,気象情報
佐賀,1 NHK総合1..,2026-07-26,05:55,にっぽん百名山ミニ 3min「夏 五竜岳」🈑
佐賀,1 NHK総合1..,2026-07-26,05:58,巡る世界絶景 ベネチアの冬🅍
佐賀,1 NHK総合1..,2026-07-26,06:00,ニュース
佐賀,1 NHK総合1..,2026-07-26,06:10,【特選！時代劇】大岡越前8 🈟（1）「燃える牢屋敷」🈖🈑
佐賀,1 NHK総合1..,2026-07-26,06:53,気象情報
佐賀,1 NHK総合1..,2026-07-26,06:55,ニュース・気象情報（九州沖縄）
佐賀,1 NHK総合1..,2026-07-26,07:00,NHKニュース おはよう日本 7月26日（日）🈑
佐賀,1 NHK総合1..,2026-07-26,07:40,ニュース・気象情報（九州沖縄）
佐賀,1 NHK総合1..,2026-07-26,07:45,さわやか自然百景 青森 屏風山湿原池沼群🈑
佐賀,1 NHK総合1..,2026-07-26,08:00,小さな旅「大原を継ぐ 〜京都市 左京区〜」🈖🈑
佐賀,1 NHK総合1..,2026-07-26,08:25,Dearにっぽん「私たちが新聞を書く理由〜滋賀・虎姫高校〜」🈑
佐賀,1 NHK総合1..,2026-07-26,08:50,あさイチの鈴木奈穂子アナが「NHK ONE」を解説🈑
佐賀,1 NHK総合1..,2026-07-26,08:57,気象情報
佐賀,1 NHK総合1..,2026-07-26,09:00,日曜討論 徹底解説！暑さはどこまで？対策は
佐賀,1 NHK総合1..,2026-07-26,10:00,第108回全国高校野球選手権佐賀大会 決勝「佐賀商業」対「北陵」
佐賀,1 NHK総合1..,2026-07-26,11:53,サブチャンネル切り替え方法のご案内
佐賀,1 NHK総合1..,2026-07-26,11:54,気象情報
佐賀,1 NHK総合1..,2026-07-26,12:00,ニュース🈑
佐賀,1 NHK総合1..,2026-07-26,12:10,ニュース（九州沖縄）
佐賀,1 NHK総合1..,2026-07-26,12:15,第108回全国高校野球選手権佐賀大会 決勝「佐賀商業」対「北陵」
佐賀,1 NHK総合1..,2026-07-26,13:00,ニュース・気象情報🈑
佐賀,1 NHK総合1..,2026-07-26,13:05,ダーウィンが来た！「相葉さんと探せ！ミクロいきもの超ワールド」🈖🈑🈞
佐賀,1 NHK総合1..,2026-07-26,13:35,さわやか自然百景10min．（37）兵庫 猫崎の海と黒川渓谷🈑
佐賀,1 NHK総合1..,2026-07-26,13:45,JAPAN DELISH 5min カレーライス🈑
佐賀,1 NHK総合1..,2026-07-26,13:50,アニメまとめPR 放送中！注目の3番組ほか🈑
佐賀,1 NHK総合1..,2026-07-26,13:55,プロフェッショナル 仕事の流儀 旅する家族、春をつなぐ〜養蜂家・藤井髙治〜🈖🈑🈞
佐賀,1 NHK総合1..,2026-07-26,14:40,秀サルでもわかる 豊臣兄弟！ なんで豊臣兄弟は明智光秀に勝てたの？🈑
佐賀,1 NHK総合1..,2026-07-26,14:45,あしたが変わるトリセツショー 番外編 フレイル対策15分エクササイズ🈑
佐賀,1 NHK総合1..,2026-07-26,15:00,ニュース・気象情報🈑
佐賀,1 NHK総合1..,2026-07-26,15:05,大相撲（2026年） 名古屋場所 千秋楽🈑
佐賀,1 NHK総合1..,2026-07-26,15:30,大相撲（2026年） 名古屋場所 千秋楽 優勝力士・三賞力士インタビュー🈔🈑
佐賀,1 NHK総合1..,2026-07-26,18:00,ニュース🈑
佐賀,1 NHK総合1..,2026-07-26,18:05,有吉のお金発見 突撃！カネオくん 令和に再ブーム！RCカーのヒミツ🈑
佐賀,1 NHK総合1..,2026-07-26,18:45,いまさが
佐賀,1 NHK総合1..,2026-07-26,19:00,NHKニュース7🈔🈑
佐賀,1 NHK総合1..,2026-07-26,19:30,ダーウィンが来た！「最大の味方！最強のライバル！？動物兄弟」🈖🈑
佐賀,1 NHK総合1..,2026-07-26,20:00,豊臣兄弟！（29）天下への道🈖🈑
佐賀,1 NHK総合1..,2026-07-26,20:45,ニュース🈑🈐
佐賀,1 NHK総合1..,2026-07-26,20:55,ニュース・気象情報（九州沖縄）
佐賀,1 NHK総合1..,2026-07-26,21:00,NHKスペシャル 激変・安全保障 “力の支配”と揺らぐ国際秩序 日本の針路は🈑
佐賀,1 NHK総合1..,2026-07-26,22:00,サンデースポーツ🈑
佐賀,1 NHK総合1..,2026-07-26,22:50,ニュース・気象情報🈑
佐賀,1 NHK総合1..,2026-07-26,22:55,ハロー！NHKワールドJAPAN 7月の地域特集・山口県関連番組紹介🈑
佐賀,1 NHK総合1..,2026-07-26,23:00,DOC（ドック）3 あすへのカルテ（8）「暗闇の先へ」🈔🈑
佐賀,1 NHK総合1..,2026-07-26,23:59,連続テレビ小説「ひよっこ」再放送PR
佐賀,1 KBCテレビ,2026-07-26,04:50,テレショップ
佐賀,1 KBCテレビ,2026-07-26,05:20,朝のテレショップ
佐賀,1 KBCテレビ,2026-07-26,05:50,グッド！モーニング🈓🈑
佐賀,1 KBCテレビ,2026-07-26,08:00,よ〜い！スターと！トビダスクール しなことリボンでTシャツデコ！🈓🈑
佐賀,1 KBCテレビ,2026-07-26,08:30,名探偵プリキュア！ ＃26 キュアエクレールの復活！🈓🈑
佐賀,1 KBCテレビ,2026-07-26,09:00,仮面ライダーゼッツ 第45話「惑わす」🈓🈑
佐賀,1 KBCテレビ,2026-07-26,09:30,🈟角醒ハンター オメガホーン 第1話「角醒せよ！赤き角獣王！」🈓🈑
佐賀,1 KBCテレビ,2026-07-26,10:00,静岡発☆福岡着！ドゲンジャーズツーリズム
佐賀,1 KBCテレビ,2026-07-26,10:25,夫が寝たあとに🈑
佐賀,1 KBCテレビ,2026-07-26,10:55,おかわり！アサデス。
佐賀,1 KBCテレビ,2026-07-26,11:48,8月1日は「水と緑の物語」7時間の生放送！
佐賀,1 KBCテレビ,2026-07-26,11:50,ANNニュース🈑
佐賀,1 KBCテレビ,2026-07-26,12:00,ぼる部屋🈑芸能人も通う行列必至人気ラーメン店でバイト！大混乱
佐賀,1 KBCテレビ,2026-07-26,12:55,新婚さんいらっしゃい！ オーストラリア在住夫婦出場！親戚100人大運動会⁉  🈖🈑
佐賀,1 KBCテレビ,2026-07-26,13:25,華丸丼と大吉麺 荻窪で発見！あのドラマの監修をした三ツ星店の斬新沖縄そば🈑
佐賀,1 KBCテレビ,2026-07-26,13:55,新作映画公開記念「映画クレヨンしんちゃん超華麗！灼熱のカスカベダンサーズ」🈑
佐賀,1 KBCテレビ,2026-07-26,15:40,8月1日は「水と緑の物語」7時間の生放送！
佐賀,1 KBCテレビ,2026-07-26,15:45,マッスル注入中
佐賀,1 KBCテレビ,2026-07-26,16:00,工藤公康の「ちょっと過酷な」大人の休日in福岡 釣り祭り第2弾！PART3🈞
佐賀,1 KBCテレビ,2026-07-26,16:30,ホリデーぎゅっと
佐賀,1 KBCテレビ,2026-07-26,17:30,ANNスーパーJチャンネル🈑
佐賀,1 KBCテレビ,2026-07-26,17:55,九州リースサービスプレゼンツ「STORY 〜未来に残したい ふるさとの風景〜」
佐賀,1 KBCテレビ,2026-07-26,18:00,相葉マナブ 初登場！timelesz佐藤勝利と地引き網！相模湾で何が獲れる？🈑
佐賀,1 KBCテレビ,2026-07-26,18:52,Catch
佐賀,1 KBCテレビ,2026-07-26,18:56,ポツンと一軒家 2時間SP！84歳チェーンソーアート挑戦！BBQ＆絶景岩風呂🈑
佐賀,1 KBCテレビ,2026-07-26,20:56,有働Times🈑
佐賀,1 KBCテレビ,2026-07-26,22:15,マイ・フィクション ＃4 刑務所にいるはずの人間🈖🈑
佐賀,1 KBCテレビ,2026-07-26,23:09,8月1日は「水と緑の物語」7時間の生放送！
佐賀,1 KBCテレビ,2026-07-26,23:15,EIGHT－JAM  【中森明菜特集‼松田聖子・小泉今日子との関係、振付秘話…】🈑
佐賀,2 NHKEテレ..,2026-07-26,05:00,こころの時代 わからなさのなかで〜最首悟の思想をたどる〜🈑🈞
佐賀,2 NHKEテレ..,2026-07-26,06:00,NHK短歌 わたしの宮沢賢治 テーマ「月」🈑
佐賀,2 NHKEテレ..,2026-07-26,06:25,テレビ体操🈑
佐賀,2 NHKEテレ..,2026-07-26,06:35,NHK俳句 題「七夕」🈑
佐賀,2 NHKEテレ..,2026-07-26,07:00,第93回NHK全国学校音楽コンクール みんなの合唱レッスン・高等学校の部🈑
佐賀,2 NHKEテレ..,2026-07-26,07:10,第93回NHK全国学校音楽コンクール みんなの合唱レッスン・中学校の部🈑
佐賀,2 NHKEテレ..,2026-07-26,07:20,第93回NHK全国学校音楽コンクール みんなの合唱レッスン・小学校の部🈑
佐賀,2 NHKEテレ..,2026-07-26,07:30,おとうさんといっしょ「まねまねどんぐー」🈑🈞
佐賀,2 NHKEテレ..,2026-07-26,08:00,やさいの時間 みんなの菜園物語 兵庫県（後編）🈑
佐賀,2 NHKEテレ..,2026-07-26,08:25,趣味の園芸 京も一日陽だまり屋「の〜んびり 蘇鉄（そてつ）」🈑
佐賀,2 NHKEテレ..,2026-07-26,08:30,趣味の園芸 選 ステキをセレクト！タネから育てるコスモス🈑
佐賀,2 NHKEテレ..,2026-07-26,08:55,no art，no life「洋一」🈑
佐賀,2 NHKEテレ..,2026-07-26,09:00,日曜美術館 陶芸家ルーシー・リー 繊細でたくましい器🈑
佐賀,2 NHKEテレ..,2026-07-26,09:45,日曜美術館 アートシーン「まなざしの奇跡 日本女性写真家の冒険」展🈑
佐賀,2 NHKEテレ..,2026-07-26,10:00,将棋フォーカス 選 フォーカス流・観る将検定 第2回！🈑
佐賀,2 NHKEテレ..,2026-07-26,10:30,第76回 NHK杯テレビ将棋トーナメント 1回戦第17局 羽生九段×横山七段🈑
佐賀,2 NHKEテレ..,2026-07-26,12:00,囲碁フォーカス 選 知らずに使っている！？「囲碁用語」🈑
佐賀,2 NHKEテレ..,2026-07-26,12:30,第74回NHK杯テレビ囲碁トーナメント1回戦第17局酒井佑規七段×加藤千笑四段🈑
佐賀,2 NHKEテレ..,2026-07-26,14:00,日本の話芸 柳家蝠丸 落語「叩き蟹」🈖🈑
佐賀,2 NHKEテレ..,2026-07-26,14:30,アニメ 青のオーケストラ シーズン2（1）「ほころび」🈑
佐賀,2 NHKEテレ..,2026-07-26,14:55,アニメ 青のオーケストラ シーズン2（2）「波紋」🈑
佐賀,2 NHKEテレ..,2026-07-26,15:20,アニメ 青のオーケストラ シーズン2（3）「ケジメ」🈑
佐賀,2 NHKEテレ..,2026-07-26,15:45,アニメ 青のオーケストラ シーズン2（4）「体育祭」🈑
佐賀,2 NHKEテレ..,2026-07-26,16:10,ピタゴラミングスイッチ2🈑🈞
佐賀,2 NHKEテレ..,2026-07-26,16:30,ざわざわ森のがんこちゃん30周年スペシャルがんこのびっくりおたんじょうび会🈖🈑🈞
佐賀,2 NHKEテレ..,2026-07-26,17:00,アニメ アオアシ（17）東京都リーグ第7節 多摩体育大学附属高校戦🈑
佐賀,2 NHKEテレ..,2026-07-26,17:25,レディー・グレース 女王陛下のスパイ（4）「迷える女王」🈔🈑
佐賀,2 NHKEテレ..,2026-07-26,17:50,こども手話ウイークリー🈐
佐賀,2 NHKEテレ..,2026-07-26,18:00,木村多江の、いまさらですが… アメリカ建国の立役者 初代財務長官ハミルトン🈖🈑🈞
佐賀,2 NHKEテレ..,2026-07-26,18:30,ブリティッシュ・ベイクオフ6（17）チョコレート対決・前編🈔🈑🈞
佐賀,2 NHKEテレ..,2026-07-26,19:00,未病息災を願います 選「骨密度」が気になったら🈖🈑
佐賀,2 NHKEテレ..,2026-07-26,19:45,365日の献立日記「野菜ずし」🈑
佐賀,2 NHKEテレ..,2026-07-26,19:50,5分であさイチ 夏休みの“お昼ごはん”に革命を！🈑
佐賀,2 NHKEテレ..,2026-07-26,19:55,NHK手話ニュース🈐
佐賀,2 NHKEテレ..,2026-07-26,20:00,日曜美術館 滅びゆく写真 そして人類 現代美術作家・杉本博司🈑🈞
佐賀,2 NHKEテレ..,2026-07-26,20:45,日曜美術館 アートシーン「元禄！師宣劇場」展🈑
佐賀,2 NHKEテレ..,2026-07-26,21:00,古典芸能への招待 歌舞伎「近江源氏先陣館 盛綱陣屋」大阪松竹座さよなら公演🈕🈑
佐賀,2 NHKEテレ..,2026-07-26,23:00,美の壺 選「小さな芸術 干菓子」🈑
佐賀,2 NHKEテレ..,2026-07-26,23:30,サイエンスZERO“次世代塗料”が未来を塗り替える！？🈖🈑
佐賀,3 STSサガテ..,2026-07-26,05:00,テレビショッピング
佐賀,3 STSサガテ..,2026-07-26,05:30,釣りますニッポン！ こちら東海です
佐賀,3 STSサガテ..,2026-07-26,06:00,FNNニュース🈑
佐賀,3 STSサガテ..,2026-07-26,06:15,ぱちぱちるんるん＃16🈑
佐賀,3 STSサガテ..,2026-07-26,06:30,ポケットモンスター
佐賀,3 STSサガテ..,2026-07-26,07:00,SUNDAYブレイク． 千葉県勝浦でオズワルド伊藤が絶叫アクティビティ体験🈑🈕🈓
佐賀,3 STSサガテ..,2026-07-26,08:25,＜日曜α＞・テレビショッピング
佐賀,3 STSサガテ..,2026-07-26,08:55,さが祭時記 まつりびと
佐賀,3 STSサガテ..,2026-07-26,09:00,DIGIMON BEATBREAK【消せない夜】 ＃40🈑🈖
佐賀,3 STSサガテ..,2026-07-26,09:30,テレビアニメ「鬼滅の刃」シリーズ全編再放送【竈門炭治郎 立志編】🈑🈖🈓
佐賀,3 STSサガテ..,2026-07-26,10:00,かのサンド◆学生街で絶品グルメSP！早稲田コスパ抜群グルメ＆学芸大学の名店中華🈑
佐賀,3 STSサガテ..,2026-07-26,11:15,ミラモンGOLD🈑
佐賀,3 STSサガテ..,2026-07-26,11:45,佐賀発佐賀行き 時間旅行 【燃えて未来】
佐賀,3 STSサガテ..,2026-07-26,11:50,FNN・SAGATV Live News days🈑
佐賀,3 STSサガテ..,2026-07-26,12:00,ナゼそこ？＋「新潟…崩壊寸前ボロボロ㊙廃旅館＆9・11テロで人生激変」【後編】
佐賀,3 STSサガテ..,2026-07-26,13:00,坂上どうぶつ王国🈞🈑
佐賀,3 STSサガテ..,2026-07-26,14:00,タカトシ温水の路線バスで！🈑
佐賀,3 STSサガテ..,2026-07-26,15:30,＜日曜β＞・テレビショッピング
佐賀,3 STSサガテ..,2026-07-26,16:00,ローカル路線バス乗り継ぎの旅W 第6弾！長野県・車山高原〜福島県・磐梯熱海
佐賀,3 STSサガテ..,2026-07-26,17:25,みんなの投稿〜トランバ！〜【みんなの動画を大募集！】
佐賀,3 STSサガテ..,2026-07-26,17:30,FNN・SAGATV Live News イット！🈑
佐賀,3 STSサガテ..,2026-07-26,18:00,ちびまる子ちゃん【隣町の男子とプールで勝負する／たまちゃんちで日曜大工を】🈑🈖
佐賀,3 STSサガテ..,2026-07-26,18:30,サザエさん【憧れの松／うっかりでしっかり ほか】🈑🈖🈓
佐賀,3 STSサガテ..,2026-07-26,19:00,千鳥の鬼レンチャン◆鬼ハード初代女王誕生？STU池ちゃん＆高橋成美サビカラ登場🈑
佐賀,3 STSサガテ..,2026-07-26,21:00,Mr．サンデー🈑🈓
佐賀,3 STSサガテ..,2026-07-26,23:09,みんなの投稿〜トランバ！〜【みんなの動画を大募集！】
佐賀,3 STSサガテ..,2026-07-26,23:15,ワンピース【エルバフの大罪人 冥界のロキ解放！？】🈑🈖
佐賀,3 STSサガテ..,2026-07-26,23:45,すぽると！ 大谷翔平のストレートは軌道が読めない⁉スター証言＆脳科学から紐解く🈑
佐賀,4 RKB毎日放送,2026-07-26,05:00,世界一の九州が始まる！▼甘い研究室から生まれる！ハイブリッドスイーツ🈑🈞
佐賀,4 RKB毎日放送,2026-07-26,05:15,池尻和佳子のトコワカ▼九州とインドの関係強化へ 在福岡インド総領事館の世界
佐賀,4 RKB毎日放送,2026-07-26,05:30,日本のチカラ🈑
佐賀,4 RKB毎日放送,2026-07-26,06:00,バナナマンの早起きせっかくグルメ★全国から厳選！極上焼肉のタレでお肉を大満喫！🈑
佐賀,4 RKB毎日放送,2026-07-26,06:45,JNNニュース🈐
佐賀,4 RKB毎日放送,2026-07-26,07:00,健康カプセル！ゲンキの時間🈖🈑侮っていると一大事に！？消えないあざに隠れた恐怖
佐賀,4 RKB毎日放送,2026-07-26,07:30,がっちりマンデー‼CMで良く見るけど知らない会社！渡辺パイプ、INPEX、NGK
佐賀,4 RKB毎日放送,2026-07-26,08:00,サンデーモーニング🈑高市総理“寝てない”投稿の波紋▽消費税“迷走”と骨太ショック
佐賀,4 RKB毎日放送,2026-07-26,09:54,きょうのサンデーウォッチ
佐賀,4 RKB毎日放送,2026-07-26,10:00,新 窓をあけて九州▼月明かりの学び舎🈑
佐賀,4 RKB毎日放送,2026-07-26,10:15,世界一の九州が始まる！▼ベトナムとの架け橋へ！青パパイヤがつなぐ夢🈑
佐賀,4 RKB毎日放送,2026-07-26,10:30,サンデーウォッチ▼歴史的円安でiPhone大幅値上げ▼福岡県議会中尾副議長が辞職
佐賀,4 RKB毎日放送,2026-07-26,11:24,Be colorful．rkb
佐賀,4 RKB毎日放送,2026-07-26,11:30,バズーさんのタダイマ！サンデー
佐賀,4 RKB毎日放送,2026-07-26,11:35,上田晋也のサンデーQ🈑堺雅人が生出演「VIVANT」エキストラは4千人！聖地先取り巡礼
佐賀,4 RKB毎日放送,2026-07-26,12:54,「VIVANT」新シリーズ放送直前！第1シーズン一挙放送SP 最終話🈑🈖
佐賀,4 RKB毎日放送,2026-07-26,14:24,RKB NEWS
佐賀,4 RKB毎日放送,2026-07-26,14:30,継往開来〜地域とともに商都はかた・ふくおかの未来▼光石研が探る福博の街発展の軌跡
佐賀,4 RKB毎日放送,2026-07-26,15:30,プレバト▽ガラスアートで新特待生が！★夏井先生12年分の怒り梅沢富美男がア然🈑🈞
佐賀,4 RKB毎日放送,2026-07-26,16:30,レッツゴー怪奇組 第四怪🈑
佐賀,4 RKB毎日放送,2026-07-26,17:00,日5「正反対な君と僕」 ＃16「新学期」🈑🈓
佐賀,4 RKB毎日放送,2026-07-26,17:30,Nスタ🈑 「飛鳥・藤原の宮都」が世界遺産新登録なるか▽「土用の丑の日」うなぎ店は
佐賀,4 RKB毎日放送,2026-07-26,18:00,世界遺産／バリ島 1000年続く棚田の絶景（インドネシア）🈖🈑
佐賀,4 RKB毎日放送,2026-07-26,18:30,ベスコングルメ★夏の軽井沢SP・そば通DEEN池森オススメの手打ちそば名店へ🈖🈑🈓
佐賀,4 RKB毎日放送,2026-07-26,19:00,バナナマンのせっかくグルメ★VIVANT堺雅人＆濱田岳と日村が人気リゾート地🈑🈓
佐賀,4 RKB毎日放送,2026-07-26,20:00,VIVANT直前生放送★堺×阿部×二宮×松坂が集結！今からでも間に合うSPダイジェスト🈑
佐賀,4 RKB毎日放送,2026-07-26,21:00,🈟日曜劇場「VIVANT」第11話🈖🈑
佐賀,4 RKB毎日放送,2026-07-26,22:19,天気予報
佐賀,4 RKB毎日放送,2026-07-26,22:25,日曜日の初耳学◆堺雅人×林修『VIVANT』放送直後90分SP阿部寛＆初出しメイキング映像
佐賀,4 RKB毎日放送,2026-07-26,23:49,番宣Box4チャンネル
佐賀,4 RKB毎日放送,2026-07-26,23:55,黒猫と魔女の教室🈑🈓 ＃16「イオ・トーラス がんばります」【アガルアニメ】
佐賀,5 FBS福岡放送1,2026-07-26,05:00,それいけ！アンパンマン「どんぶりまんトリオとクルクルおコマちゃん・他」🈖🈑
佐賀,5 FBS福岡放送1,2026-07-26,05:30,健康家族テレビショッピング
佐賀,5 FBS福岡放送1,2026-07-26,06:00,皇室日記🈑▽天皇ご一家那須ご静養▽佳子さま「重複障がい者」に寄せる思い
佐賀,5 FBS福岡放送1,2026-07-26,06:15,NNNニュースサンデー🈐
佐賀,5 FBS福岡放送1,2026-07-26,06:30,遠くへ行きたい【高橋成美が信州・長野へ】くるみ蕎麦＆清流が育む薬用魚🈖🈑
佐賀,5 FBS福岡放送1,2026-07-26,07:00,所さんの目がテン！🈑所さんと奥田民生さんが絶品イノシシ肉で燻製作り⁉
佐賀,5 FBS福岡放送1,2026-07-26,07:30,シューイチ🈑🈓8月から変わること＆新スポット▽秋山＆平子が南房総の体格グルメ堪能
佐賀,5 FBS福岡放送1,2026-07-26,10:25,一茂×かまいたちゲンバ▼水族館でアシカとご対面▼驚き新食感「糸かき氷」とは？🈑
佐賀,5 FBS福岡放送1,2026-07-26,11:25,プレミアム
佐賀,5 FBS福岡放送1,2026-07-26,11:30,NNN ストレイトニュース🈑
佐賀,5 FBS福岡放送1,2026-07-26,11:40,上沼・高田のクギズケ！ 水谷豊の娘婿に文春砲▽W杯でトランプ氏が大批判🈑
佐賀,5 FBS福岡放送1,2026-07-26,12:35,福岡くん。福岡市の宮殿風お屋敷に潜入▼「世界一」の靴磨き職人のスゴ技🈑
佐賀,5 FBS福岡放送1,2026-07-26,13:30,そこまで言って委員会NP 「大戦争時代」SP！戦争終結シナリオを徹底討論🈑
佐賀,5 FBS福岡放送1,2026-07-26,15:00,24時間テレビ企画大公開SP🈑総合司会は内村光良！テーマは「わたしの家族の話」
佐賀,5 FBS福岡放送1,2026-07-26,15:55,【アメリカ横断ウルトラクイズ】新MC櫻井翔！地球一周特大スケールで復活SP🈑
佐賀,5 FBS福岡放送1,2026-07-26,16:55,🈢夢スポ▽ホークス戦超速報！スーパー中学生が陸上100mで快挙達成
佐賀,5 FBS福岡放送1,2026-07-26,17:25,JAグループ福岡 めんたいワイドスピンオフ 大地のうまうま育ててます
佐賀,5 FBS福岡放送1,2026-07-26,17:30,笑点🈖🈑🈓城島茂が座布団運び「ザ！鉄腕！DASH！！」×「笑点」夢のコラボDAY
佐賀,5 FBS福岡放送1,2026-07-26,18:00,真相報道バンキシャ！🈑桝太一＆石川みなみが1週間の出来事を詳しく
佐賀,5 FBS福岡放送1,2026-07-26,18:55,博士は今日も嫉妬する 人生が楽しくなる最新テクノロジー🈑
佐賀,5 FBS福岡放送1,2026-07-26,19:00,ザ！鉄腕！DASH！！▽笑点60周年記念夏祭り！師匠全員参加で巨大お好み焼き！🈑
佐賀,5 FBS福岡放送1,2026-07-26,19:58,イッテQ【お祭り男宮川＆二代目手越】フィンランドで丸太乗って川を下る木材選手権🈑
佐賀,5 FBS福岡放送1,2026-07-26,20:54,音のソノリティ🈑
佐賀,5 FBS福岡放送1,2026-07-26,21:00,ゴールデンストーンズ▽番組史上最大‼人気芸人軍団と総勢31名の大混戦バトル🈑
佐賀,5 FBS福岡放送1,2026-07-26,21:54,天気予報
佐賀,5 FBS福岡放送1,2026-07-26,22:00,おしゃれクリップ🈖🈑出川哲朗はなぜ愛される？▼妻や一茂が忖度なしでガチ素顔告白
佐賀,5 FBS福岡放送1,2026-07-26,22:30,ドラマ「一次元の挿し木」第4話【激動の真相が発覚…古人骨と義妹を巡る謎】🈖🈑🈓
佐賀,5 FBS福岡放送1,2026-07-26,23:25,発見らくちゃく！「依頼者のその後 人生を変えた香椎のコンビニ店員」🈑
佐賀,5 FBS福岡放送1,2026-07-26,23:55,Going！🈑生出演！渡邊雄太が明かす日本バスケの進化▼赤星絶賛！怪物高校生
佐賀,7 TVQ九州放送1,2026-07-26,05:00,ルアルアチャンネル 池内修次さんとイカメタル
佐賀,7 TVQ九州放送1,2026-07-26,05:30,TVショッピング
佐賀,7 TVQ九州放送1,2026-07-26,06:00,THEフィッシング ベイトタックルで挑む！宮古島マグロジギング🈞
佐賀,7 TVQ九州放送1,2026-07-26,06:30,ぐっ！ジョブ 朝から晩までお客をくぎ付け！北九州  宿泊客マシマシ大作戦🈞🈑
佐賀,7 TVQ九州放送1,2026-07-26,07:00,アニもり！🈑
佐賀,7 TVQ九州放送1,2026-07-26,07:30,ポケモンとどこいく！？【チャンピオンズ対決に派手刺客でバトル部ピンチ！】🈑🈓
佐賀,7 TVQ九州放送1,2026-07-26,08:30,トミプラワールドのりのりタイムズ！！🈑
佐賀,7 TVQ九州放送1,2026-07-26,09:00,ギャビーのドールハウス 118話 新しい家族のベニー・ボックス（前編）🈑🈔
佐賀,7 TVQ九州放送1,2026-07-26,09:15,ぷにるんず ぷに3 第17話『くーるんとカチコチあいるん♪』🈞🈑
佐賀,7 TVQ九州放送1,2026-07-26,09:30,おねがいアイプリ あおいとおねがいかなえ隊🈑
佐賀,7 TVQ九州放送1,2026-07-26,10:00,武井壮のゴルフバッグ担いでください▽永久保存版！宮里優作プロのゴルフレッスン🈑
佐賀,7 TVQ九州放送1,2026-07-26,10:30,優香のサンデークッキング【レンジde簡単ナスキーマ& グリルde焼きナス】🈑
佐賀,7 TVQ九州放送1,2026-07-26,11:00,YOUは何しに日本へ？★大分・別府温泉88湯を完全制覇🈞🈑
佐賀,7 TVQ九州放送1,2026-07-26,12:25,今村敦子の美容見聞録
佐賀,7 TVQ九州放送1,2026-07-26,12:30,家、ついて行ってイイですか？【79歳の高校生！？人生の素晴らしきリスタートSP】🈞
佐賀,7 TVQ九州放送1,2026-07-26,13:30,ぺこもぐキッチン！宮澤エマとワインで乾杯！魚介系おつまみ& アレンジフムス🈑
佐賀,7 TVQ九州放送1,2026-07-26,14:00,大東建託・いい部屋ネットレディス🈑
佐賀,7 TVQ九州放送1,2026-07-26,15:15,開運！なんでも鑑定団【初代・熊本藩主  加藤清正が秀吉に送った書状に衝撃値】🈞🈑🈖
佐賀,7 TVQ九州放送1,2026-07-26,16:21,ちょっと福岡行ってきました！ イワクラ＆熊元プロレス＆荒川の仲良し爆笑福岡旅🈞🈑
佐賀,7 TVQ九州放送1,2026-07-26,17:15,激PUSH！
佐賀,7 TVQ九州放送1,2026-07-26,17:20,TXNニュース🈑🈐
佐賀,7 TVQ九州放送1,2026-07-26,17:25,テレQニュース
佐賀,7 TVQ九州放送1,2026-07-26,17:30,鉄鍋のジャン！「毒を御す者」🈑
佐賀,7 TVQ九州放送1,2026-07-26,18:00,パズドラ「吹き矢コンボバトル／もう一度見たい！アニメセレクション」🈑🈓
佐賀,7 TVQ九州放送1,2026-07-26,18:30,日曜プラチナアワー・日本の海を守る！海上保安庁の激ヤバすぎる最前線100 連発SP🈑🈓
佐賀,7 TVQ九州放送1,2026-07-26,20:50,家、ついて行ってイイですか？菊池風磨愛止まらない女子＆妻夫木涙…亡き妻への想い🈑
佐賀,7 TVQ九州放送1,2026-07-26,21:54,週刊よかタイムス1
佐賀,7 TVQ九州放送1,2026-07-26,22:00,有吉ぃぃeeeee!【アモアス】クセ者10人でダマし合い！裏切り者は誰だ？🈑
佐賀,7 TVQ九州放送1,2026-07-26,22:48,週刊よかタイムス2
佐賀,7 TVQ九州放送1,2026-07-26,22:54,スポーツリアライブ
佐賀,7 TVQ九州放送1,2026-07-26,23:20,Weekly女子ゴルフ
佐賀,7 TVQ九州放送1,2026-07-26,23:45,ふつつかな悪女ではございますが〜雛宮蝶鼠とりかえ伝〜 第3 話🈑
沖縄,1 NHK総合1..,2026-07-26,05:00,ニュース・気象情報
沖縄,1 NHK総合1..,2026-07-26,05:10,Jリーグと私 あの試合を忘れない ＃17 横浜FM🈑
沖縄,1 NHK総合1..,2026-07-26,05:15,週末のNスペは… 激変・安全保障 日本の進路は🈑
沖縄,1 NHK総合1..,2026-07-26,05:20,桂文珍の演芸図鑑 レ・ロマネスクTOBI 柳亭小燕枝 三拍子🈑
沖縄,1 NHK総合1..,2026-07-26,05:50,気象情報
沖縄,1 NHK総合1..,2026-07-26,05:55,にっぽん百名山ミニ 3min「夏 五竜岳」🈑
沖縄,1 NHK総合1..,2026-07-26,05:58,巡る世界絶景 ベネチアの冬🅍
沖縄,1 NHK総合1..,2026-07-26,06:00,ニュース
沖縄,1 NHK総合1..,2026-07-26,06:10,【特選！時代劇】大岡越前8 🈟（1）「燃える牢屋敷」🈖🈑
沖縄,1 NHK総合1..,2026-07-26,06:53,気象情報
沖縄,1 NHK総合1..,2026-07-26,06:55,ニュース・気象情報（九州沖縄）
沖縄,1 NHK総合1..,2026-07-26,07:00,NHKニュース おはよう日本 7月26日（日）🈑
沖縄,1 NHK総合1..,2026-07-26,07:40,ニュース・気象情報（九州沖縄）
沖縄,1 NHK総合1..,2026-07-26,07:45,さわやか自然百景 青森 屏風山湿原池沼群🈑
沖縄,1 NHK総合1..,2026-07-26,08:00,小さな旅「大原を継ぐ 〜京都市 左京区〜」🈖🈑
沖縄,1 NHK総合1..,2026-07-26,08:25,Dearにっぽん「私たちが新聞を書く理由〜滋賀・虎姫高校〜」🈑
沖縄,1 NHK総合1..,2026-07-26,08:50,うちなーであそぼ 第284回・うちなー昔話「アバサーのトゲトゲ」
沖縄,1 NHK総合1..,2026-07-26,08:57,気象情報
沖縄,1 NHK総合1..,2026-07-26,09:00,日曜討論 徹底解説！暑さはどこまで？対策は
沖縄,1 NHK総合1..,2026-07-26,10:00,ニュース・気象情報🈑
沖縄,1 NHK総合1..,2026-07-26,10:05,明日をまもるナビ選196 都市を襲う水害 内水氾濫〜見えない危険にどう備える🈖🈑
沖縄,1 NHK総合1..,2026-07-26,10:30,5分であさイチ（4）知ってトクする旅行術（2）バッグの詰め方🈑
沖縄,1 NHK総合1..,2026-07-26,10:35,ゆったり温泉ひとり旅 北海道・登別温泉🈑
沖縄,1 NHK総合1..,2026-07-26,11:04,ニュース🈑
沖縄,1 NHK総合1..,2026-07-26,11:05,あしたが変わるトリセツショー 骨ケアで健康革命！今すぐできる運動＆食事ワザ🈖🈑🈞
沖縄,1 NHK総合1..,2026-07-26,11:50,ふすま絵 奇跡の再会🈑
沖縄,1 NHK総合1..,2026-07-26,11:54,気象情報
沖縄,1 NHK総合1..,2026-07-26,12:00,ニュース🈑
沖縄,1 NHK総合1..,2026-07-26,12:10,ニュース（九州沖縄）
沖縄,1 NHK総合1..,2026-07-26,12:15,NHKのど自慢 熱唱熱演名場面 2026 Part1🈑
沖縄,1 NHK総合1..,2026-07-26,12:55,ドキュメント72時間PR ドキュメント72時間の作り方＜編集・ナレーション編＞🈑
沖縄,1 NHK総合1..,2026-07-26,13:00,ニュース・気象情報🈑
沖縄,1 NHK総合1..,2026-07-26,13:05,ダーウィンが来た！「相葉さんと探せ！ミクロいきもの超ワールド」🈖🈑🈞
沖縄,1 NHK総合1..,2026-07-26,13:35,さわやか自然百景10min．（37）兵庫 猫崎の海と黒川渓谷🈑
沖縄,1 NHK総合1..,2026-07-26,13:45,JAPAN DELISH 5min カレーライス🈑
沖縄,1 NHK総合1..,2026-07-26,13:50,アニメまとめPR 放送中！注目の3番組ほか🈑
沖縄,1 NHK総合1..,2026-07-26,13:55,プロフェッショナル 仕事の流儀 旅する家族、春をつなぐ〜養蜂家・藤井髙治〜🈖🈑🈞
沖縄,1 NHK総合1..,2026-07-26,14:40,秀サルでもわかる 豊臣兄弟！ なんで豊臣兄弟は明智光秀に勝てたの？🈑
沖縄,1 NHK総合1..,2026-07-26,14:45,あしたが変わるトリセツショー 番外編 フレイル対策15分エクササイズ🈑
沖縄,1 NHK総合1..,2026-07-26,15:00,ニュース・気象情報🈑
沖縄,1 NHK総合1..,2026-07-26,15:05,大相撲（2026年） 名古屋場所 千秋楽🈑
沖縄,1 NHK総合1..,2026-07-26,15:30,大相撲（2026年） 名古屋場所 千秋楽 優勝力士・三賞力士インタビュー🈔🈑
沖縄,1 NHK総合1..,2026-07-26,18:00,ニュース🈑
沖縄,1 NHK総合1..,2026-07-26,18:05,有吉のお金発見 突撃！カネオくん 令和に再ブーム！RCカーのヒミツ🈑
沖縄,1 NHK総合1..,2026-07-26,18:45,ニュース645沖縄
沖縄,1 NHK総合1..,2026-07-26,19:00,NHKニュース7🈔🈑
沖縄,1 NHK総合1..,2026-07-26,19:30,ダーウィンが来た！「最大の味方！最強のライバル！？動物兄弟」🈖🈑
沖縄,1 NHK総合1..,2026-07-26,20:00,豊臣兄弟！（29）天下への道🈖🈑
沖縄,1 NHK総合1..,2026-07-26,20:45,ニュース🈑🈐
沖縄,1 NHK総合1..,2026-07-26,20:55,ニュース・気象情報（九州沖縄）
沖縄,1 NHK総合1..,2026-07-26,21:00,NHKスペシャル 激変・安全保障 “力の支配”と揺らぐ国際秩序 日本の針路は🈑
沖縄,1 NHK総合1..,2026-07-26,22:00,サンデースポーツ🈑
沖縄,1 NHK総合1..,2026-07-26,22:50,ニュース・気象情報🈑
沖縄,1 NHK総合1..,2026-07-26,22:55,ハロー！NHKワールドJAPAN 7月の地域特集・山口県関連番組紹介🈑
沖縄,1 NHK総合1..,2026-07-26,23:00,DOC（ドック）3 あすへのカルテ（8）「暗闇の先へ」🈔🈑
沖縄,1 NHK総合1..,2026-07-26,23:59,連続テレビ小説「ひよっこ」再放送PR
沖縄,2 NHKEテレ..,2026-07-26,05:00,こころの時代 わからなさのなかで〜最首悟の思想をたどる〜🈑🈞
沖縄,2 NHKEテレ..,2026-07-26,06:00,NHK短歌 わたしの宮沢賢治 テーマ「月」🈑
沖縄,2 NHKEテレ..,2026-07-26,06:25,テレビ体操🈑
沖縄,2 NHKEテレ..,2026-07-26,06:35,NHK俳句 題「七夕」🈑
沖縄,2 NHKEテレ..,2026-07-26,07:00,第93回NHK全国学校音楽コンクール みんなの合唱レッスン・高等学校の部🈑
沖縄,2 NHKEテレ..,2026-07-26,07:10,第93回NHK全国学校音楽コンクール みんなの合唱レッスン・中学校の部🈑
沖縄,2 NHKEテレ..,2026-07-26,07:20,第93回NHK全国学校音楽コンクール みんなの合唱レッスン・小学校の部🈑
沖縄,2 NHKEテレ..,2026-07-26,07:30,おとうさんといっしょ「まねまねどんぐー」🈑🈞
沖縄,2 NHKEテレ..,2026-07-26,08:00,やさいの時間 みんなの菜園物語 兵庫県（後編）🈑
沖縄,2 NHKEテレ..,2026-07-26,08:25,趣味の園芸 京も一日陽だまり屋「の〜んびり 蘇鉄（そてつ）」🈑
沖縄,2 NHKEテレ..,2026-07-26,08:30,趣味の園芸 選 ステキをセレクト！タネから育てるコスモス🈑
沖縄,2 NHKEテレ..,2026-07-26,08:55,no art，no life「洋一」🈑
沖縄,2 NHKEテレ..,2026-07-26,09:00,日曜美術館 陶芸家ルーシー・リー 繊細でたくましい器🈑
沖縄,2 NHKEテレ..,2026-07-26,09:45,日曜美術館 アートシーン「まなざしの奇跡 日本女性写真家の冒険」展🈑
沖縄,2 NHKEテレ..,2026-07-26,10:00,将棋フォーカス 選 フォーカス流・観る将検定 第2回！🈑
沖縄,2 NHKEテレ..,2026-07-26,10:30,第76回 NHK杯テレビ将棋トーナメント 1回戦第17局 羽生九段×横山七段🈑
沖縄,2 NHKEテレ..,2026-07-26,12:00,囲碁フォーカス 選 知らずに使っている！？「囲碁用語」🈑
沖縄,2 NHKEテレ..,2026-07-26,12:30,第74回NHK杯テレビ囲碁トーナメント1回戦第17局酒井佑規七段×加藤千笑四段🈑
沖縄,2 NHKEテレ..,2026-07-26,14:00,日本の話芸 柳家蝠丸 落語「叩き蟹」🈖🈑
沖縄,2 NHKEテレ..,2026-07-26,14:30,アニメ 青のオーケストラ シーズン2（1）「ほころび」🈑
沖縄,2 NHKEテレ..,2026-07-26,14:55,アニメ 青のオーケストラ シーズン2（2）「波紋」🈑
沖縄,2 NHKEテレ..,2026-07-26,15:20,アニメ 青のオーケストラ シーズン2（3）「ケジメ」🈑
沖縄,2 NHKEテレ..,2026-07-26,15:45,アニメ 青のオーケストラ シーズン2（4）「体育祭」🈑
沖縄,2 NHKEテレ..,2026-07-26,16:10,ピタゴラミングスイッチ2🈑🈞
沖縄,2 NHKEテレ..,2026-07-26,16:30,ざわざわ森のがんこちゃん30周年スペシャルがんこのびっくりおたんじょうび会🈖🈑🈞
沖縄,2 NHKEテレ..,2026-07-26,17:00,アニメ アオアシ（17）東京都リーグ第7節 多摩体育大学附属高校戦🈑
沖縄,2 NHKEテレ..,2026-07-26,17:25,レディー・グレース 女王陛下のスパイ（4）「迷える女王」🈔🈑
沖縄,2 NHKEテレ..,2026-07-26,17:50,こども手話ウイークリー🈐
沖縄,2 NHKEテレ..,2026-07-26,18:00,木村多江の、いまさらですが… アメリカ建国の立役者 初代財務長官ハミルトン🈖🈑🈞
沖縄,2 NHKEテレ..,2026-07-26,18:30,ブリティッシュ・ベイクオフ6（17）チョコレート対決・前編🈔🈑🈞
沖縄,2 NHKEテレ..,2026-07-26,19:00,未病息災を願います 選「骨密度」が気になったら🈖🈑
沖縄,2 NHKEテレ..,2026-07-26,19:45,365日の献立日記「野菜ずし」🈑
沖縄,2 NHKEテレ..,2026-07-26,19:50,5分であさイチ 夏休みの“お昼ごはん”に革命を！🈑
沖縄,2 NHKEテレ..,2026-07-26,19:55,NHK手話ニュース🈐
沖縄,2 NHKEテレ..,2026-07-26,20:00,日曜美術館 滅びゆく写真 そして人類 現代美術作家・杉本博司🈑🈞
沖縄,2 NHKEテレ..,2026-07-26,20:45,日曜美術館 アートシーン「元禄！師宣劇場」展🈑
沖縄,2 NHKEテレ..,2026-07-26,21:00,古典芸能への招待 歌舞伎「近江源氏先陣館 盛綱陣屋」大阪松竹座さよなら公演🈕🈑
沖縄,2 NHKEテレ..,2026-07-26,23:00,美の壺 選「小さな芸術 干菓子」🈑
沖縄,2 NHKEテレ..,2026-07-26,23:30,サイエンスZERO“次世代塗料”が未来を塗り替える！？🈖🈑
沖縄,3 RBCテレビ,2026-07-26,04:45,テレビショッピング
沖縄,3 RBCテレビ,2026-07-26,05:15,テレビショッピング
沖縄,3 RBCテレビ,2026-07-26,05:45,それいけ！アンパンマン 『クレープマンとコネギくん🈀』🈖🈑
沖縄,3 RBCテレビ,2026-07-26,06:15,ウルトラマンニュージェネレーションスターズ 【超決戦!ウルトラ10勇士!!絆の章】
沖縄,3 RBCテレビ,2026-07-26,06:45,JNNニュース🈐
沖縄,3 RBCテレビ,2026-07-26,07:00,健康カプセル！ゲンキの時間🈖🈑侮っていると一大事に！？消えないあざに隠れた恐怖
沖縄,3 RBCテレビ,2026-07-26,07:30,がっちりマンデー‼CMで良く見るけど知らない会社！渡辺パイプ、INPEX、NGK
沖縄,3 RBCテレビ,2026-07-26,08:00,サンデーモーニング🈑高市総理“寝てない”投稿の波紋▽消費税“迷走”と骨太ショック
沖縄,3 RBCテレビ,2026-07-26,09:54,開運！なんでも鑑定団 【＜大谷翔平＞実使用球＆近代彫刻の巨匠作にド級値】🈑
沖縄,3 RBCテレビ,2026-07-26,10:55,天気予報
沖縄,3 RBCテレビ,2026-07-26,11:00,おきでん百添アワー ウチナー紀聞 「第31回新人演奏会〜若き音楽家たちの響宴〜」
沖縄,3 RBCテレビ,2026-07-26,11:30,NAOMIのちょっとミチクサしませんか？  出演：當銘直美
沖縄,3 RBCテレビ,2026-07-26,11:35,上田晋也のサンデーQ🈑堺雅人が生出演「VIVANT」エキストラは4千人！聖地先取り巡礼
沖縄,3 RBCテレビ,2026-07-26,12:54,天気予報
沖縄,3 RBCテレビ,2026-07-26,12:58,世界の果てまでイッテQ！【カンヌ国際映画祭へ突撃！】🈑
沖縄,3 RBCテレビ,2026-07-26,14:00,Gateway to the World プラザハウス 70年の物語
沖縄,3 RBCテレビ,2026-07-26,15:00,南の島の澪花ちゃん 〜サンゴと海の物語〜
沖縄,3 RBCテレビ,2026-07-26,15:30,日本くらべてみたら★上白石萌音ジェシー…TBSアナ⇔地方局アナ交換留学🈑
沖縄,3 RBCテレビ,2026-07-26,16:30,レッツゴー怪奇組 第四怪🈑
沖縄,3 RBCテレビ,2026-07-26,17:00,日5「正反対な君と僕」 ＃16「新学期」🈑🈓
沖縄,3 RBCテレビ,2026-07-26,17:30,Nスタ🈑 「飛鳥・藤原の宮都」が世界遺産新登録なるか▽「土用の丑の日」うなぎ店は
沖縄,3 RBCテレビ,2026-07-26,18:00,世界遺産／バリ島 1000年続く棚田の絶景（インドネシア）🈖🈑
沖縄,3 RBCテレビ,2026-07-26,18:30,ベスコングルメ★夏の軽井沢SP・そば通DEEN池森オススメの手打ちそば名店へ🈖🈑🈓
沖縄,3 RBCテレビ,2026-07-26,19:00,🅂バナナマンのせっかくグルメ★沖縄県うるま市の絶品カツオ出汁の名店ソーキそば！🈑
沖縄,3 RBCテレビ,2026-07-26,20:00,VIVANT直前生放送★堺×阿部×二宮×松坂が集結！今からでも間に合うSPダイジェスト🈑
沖縄,3 RBCテレビ,2026-07-26,21:00,🈟日曜劇場「VIVANT」第11話🈖🈑
沖縄,3 RBCテレビ,2026-07-26,22:19,NEWS Link フラッシュ
沖縄,3 RBCテレビ,2026-07-26,22:25,日曜日の初耳学◆堺雅人×林修『VIVANT』放送直後90分SP阿部寛＆初出しメイキング映像
沖縄,3 RBCテレビ,2026-07-26,23:49,あい！あーるびーしーさー＆天気
沖縄,3 RBCテレビ,2026-07-26,23:55,黒猫と魔女の教室🈑🈓 ＃16「イオ・トーラス がんばります」【アガルアニメ】
沖縄,5 琉球朝日放送,2026-07-26,04:50,朝いちショッピング
沖縄,5 琉球朝日放送,2026-07-26,05:20,お買い物ナビ
沖縄,5 琉球朝日放送,2026-07-26,05:50,グッド！モーニング🈓🈑
沖縄,5 琉球朝日放送,2026-07-26,08:00,よ〜い！スターと！トビダスクール しなことリボンでTシャツデコ！🈓🈑
沖縄,5 琉球朝日放送,2026-07-26,08:30,名探偵プリキュア！ #26 キュアエクレールの復活！🈓🈑
沖縄,5 琉球朝日放送,2026-07-26,09:00,仮面ライダーゼッツ 第45話「惑わす」🈓🈑
沖縄,5 琉球朝日放送,2026-07-26,09:30,🈟角醒ハンター オメガホーン 第1話「角醒せよ！赤き角獣王！」🈓🈑
沖縄,5 琉球朝日放送,2026-07-26,10:00,全力！アオハル応援団【MC満島真之介】次世代アスリートや高校生たちを全力応援！
沖縄,5 琉球朝日放送,2026-07-26,10:30,シナぷしゅ
沖縄,5 琉球朝日放送,2026-07-26,10:55,沖縄歌碑巡り〜しまのうたスペシャル〜
沖縄,5 琉球朝日放送,2026-07-26,11:50,ANNニュース🈑
沖縄,5 琉球朝日放送,2026-07-26,12:00,ぼる部屋🈑芸能人も通う行列必至人気ラーメン店でバイト！大混乱
沖縄,5 琉球朝日放送,2026-07-26,12:55,新婚さんいらっしゃい！ オーストラリア在住夫婦が出場！親戚100人の大運動会!?🈖🈑
沖縄,5 琉球朝日放送,2026-07-26,13:25,華丸丼と大吉麺 荻窪で発見！あのドラマの監修をした三ツ星店の斬新沖縄そば🈑
沖縄,5 琉球朝日放送,2026-07-26,13:55,世界の給与明細【日本の年金は大丈夫？5か国比べるSP▽オランダは月63万円】
沖縄,5 琉球朝日放送,2026-07-26,15:20,おすすめQごろ〜
沖縄,5 琉球朝日放送,2026-07-26,15:25,夢キラリ！うちなー元気っず
沖縄,5 琉球朝日放送,2026-07-26,15:30,ビートたけしのTVタックル 昭和は驚きの光景が…令和のゴミ問題＆激安リユース店🈑
沖縄,5 琉球朝日放送,2026-07-26,16:25,お天気Qごろ〜
沖縄,5 琉球朝日放送,2026-07-26,16:30,乾杯トークバラエティ「ガレッジセールの英雄会議」
沖縄,5 琉球朝日放送,2026-07-26,17:00,ウチラン #205 ジャングリア沖縄 個性的なナビゲーターランキング
沖縄,5 琉球朝日放送,2026-07-26,17:30,ANNスーパーJチャンネル🈑
沖縄,5 琉球朝日放送,2026-07-26,17:55,お天気Qごろ〜
沖縄,5 琉球朝日放送,2026-07-26,18:00,相葉マナブ 初登場！timelesz佐藤勝利と地引き網！相模湾で何が獲れる？🈑
沖縄,5 琉球朝日放送,2026-07-26,18:52,お天気Qごろ〜
沖縄,5 琉球朝日放送,2026-07-26,18:56,ポツンと一軒家 2時間SP！84歳チェーンソーアート挑戦！仲間とBBQ宴会＆絶景岩風呂🈑
沖縄,5 琉球朝日放送,2026-07-26,20:56,有働Times🈑
沖縄,5 琉球朝日放送,2026-07-26,22:15,マイ・フィクション 第4話「刑務所にいるはずの人間」🈖🈑
沖縄,5 琉球朝日放送,2026-07-26,23:09,お天気Qごろ〜
沖縄,5 琉球朝日放送,2026-07-26,23:15,EIGHT－JAM 【中森明菜特集‼松田聖子・小泉今日子との関係、振付秘話…】🈑
沖縄,8 OTV沖縄テレビ,2026-07-26,05:00,テレショップ
沖縄,8 OTV沖縄テレビ,2026-07-26,05:30,ドキュメント九州 たからもの  塩でつなぐ、ふるさと小浜（再）🈑
沖縄,8 OTV沖縄テレビ,2026-07-26,06:00,FNNニュース🈑
沖縄,8 OTV沖縄テレビ,2026-07-26,06:15,OKINAWA SONG BOOK🈞
沖縄,8 OTV沖縄テレビ,2026-07-26,06:25,あなたとOTV〜沖縄テレビの番組を検証する〜
沖縄,8 OTV沖縄テレビ,2026-07-26,06:30,日本のチカラ🈑
沖縄,8 OTV沖縄テレビ,2026-07-26,07:00,SUNDAYブレイク． 千葉県勝浦でオズワルド伊藤が絶叫アクティビティ体験🈑🈕🈓
沖縄,8 OTV沖縄テレビ,2026-07-26,08:25,うまんちゅひろば
沖縄,8 OTV沖縄テレビ,2026-07-26,08:30,wake up ウィンウィン【テーマは「頭と足を整える  夏の自分磨き」】
沖縄,8 OTV沖縄テレビ,2026-07-26,08:55,天気予報
沖縄,8 OTV沖縄テレビ,2026-07-26,08:58,1億人の大質問！？笑ってコラえて！【小室哲哉緊急参戦！道の駅売上1位は？】
沖縄,8 OTV沖縄テレビ,2026-07-26,09:55,ライオンの愛さん日和【百日祝い篇】
沖縄,8 OTV沖縄テレビ,2026-07-26,10:00,かのサンド◆学生街で絶品グルメSP！早稲田コスパ抜群グルメ＆学芸大学の名店中華🈑
沖縄,8 OTV沖縄テレビ,2026-07-26,11:15,ミラモンGOLD🈑
沖縄,8 OTV沖縄テレビ,2026-07-26,11:45,ヤーと家ばグーホーム グーな家探し
沖縄,8 OTV沖縄テレビ,2026-07-26,11:50,FNN Live News days🈑
沖縄,8 OTV沖縄テレビ,2026-07-26,12:00,世界まる見え！テレビ特捜部 2時間SP
沖縄,8 OTV沖縄テレビ,2026-07-26,14:00,ザ！鉄腕！DASH！！【グリル厄介】🈑
沖縄,8 OTV沖縄テレビ,2026-07-26,14:58,天気予報
沖縄,8 OTV沖縄テレビ,2026-07-26,15:00,みんなのKEIBA 関屋記念・GⅢ＆東海S・GⅢ 夏の新潟開幕！ ゲスト中山優馬
沖縄,8 OTV沖縄テレビ,2026-07-26,16:00,最強大食い王決定戦2026春【レジェンド超え！驚異395kg ペロリ爆食SP】
沖縄,8 OTV沖縄テレビ,2026-07-26,17:25,天気予報
沖縄,8 OTV沖縄テレビ,2026-07-26,17:30,FNN Live News イット！🈑
沖縄,8 OTV沖縄テレビ,2026-07-26,18:00,ちびまる子ちゃん【隣町の男子とプールで勝負する／たまちゃんちで日曜大工を】🈑🈖
沖縄,8 OTV沖縄テレビ,2026-07-26,18:30,サザエさん【憧れの松／うっかりでしっかり ほか】🈑🈖🈓
沖縄,8 OTV沖縄テレビ,2026-07-26,19:00,千鳥の鬼レンチャン◆鬼ハード初代女王誕生？STU池ちゃん＆高橋成美サビカラ登場🈑
沖縄,8 OTV沖縄テレビ,2026-07-26,21:00,Mr．サンデー🈑🈓
沖縄,8 OTV沖縄テレビ,2026-07-26,22:00,Mr．サンデー🈑🈓
沖縄,8 OTV沖縄テレビ,2026-07-26,23:09,アニマルSUN【アミメキリン】
沖縄,8 OTV沖縄テレビ,2026-07-26,23:15,ワンピース【エルバフの大罪人 冥界のロキ解放！？】🈑🈖
沖縄,8 OTV沖縄テレビ,2026-07-26,23:45,すぽると！ 大谷翔平のストレートは軌道が読めない⁉スター証言＆脳科学から紐解く🈑
北九州,1 KBCテレビ,2026-07-26,04:50,テレショップ
北九州,1 KBCテレビ,2026-07-26,05:20,朝のテレショップ
北九州,1 KBCテレビ,2026-07-26,05:50,グッド！モーニング🈓🈑
北九州,1 KBCテレビ,2026-07-26,08:00,よ〜い！スターと！トビダスクール しなことリボンでTシャツデコ！🈓🈑
北九州,1 KBCテレビ,2026-07-26,08:30,名探偵プリキュア！ ＃26 キュアエクレールの復活！🈓🈑
北九州,1 KBCテレビ,2026-07-26,09:00,仮面ライダーゼッツ 第45話「惑わす」🈓🈑
北九州,1 KBCテレビ,2026-07-26,09:30,🈟角醒ハンター オメガホーン 第1話「角醒せよ！赤き角獣王！」🈓🈑
北九州,1 KBCテレビ,2026-07-26,10:00,静岡発☆福岡着！ドゲンジャーズツーリズム
北九州,1 KBCテレビ,2026-07-26,10:25,夫が寝たあとに🈑
北九州,1 KBCテレビ,2026-07-26,10:55,おかわり！アサデス。
北九州,1 KBCテレビ,2026-07-26,11:48,8月1日は「水と緑の物語」7時間の生放送！
北九州,1 KBCテレビ,2026-07-26,11:50,ANNニュース🈑
北九州,1 KBCテレビ,2026-07-26,12:00,ぼる部屋🈑芸能人も通う行列必至人気ラーメン店でバイト！大混乱
北九州,1 KBCテレビ,2026-07-26,12:55,新婚さんいらっしゃい！ オーストラリア在住夫婦出場！親戚100人大運動会⁉  🈖🈑
北九州,1 KBCテレビ,2026-07-26,13:25,華丸丼と大吉麺 荻窪で発見！あのドラマの監修をした三ツ星店の斬新沖縄そば🈑
北九州,1 KBCテレビ,2026-07-26,13:55,新作映画公開記念「映画クレヨンしんちゃん超華麗！灼熱のカスカベダンサーズ」🈑
北九州,1 KBCテレビ,2026-07-26,15:40,8月1日は「水と緑の物語」7時間の生放送！
北九州,1 KBCテレビ,2026-07-26,15:45,マッスル注入中
北九州,1 KBCテレビ,2026-07-26,16:00,工藤公康の「ちょっと過酷な」大人の休日in福岡 釣り祭り第2弾！PART3🈞
北九州,1 KBCテレビ,2026-07-26,16:30,ホリデーぎゅっと
北九州,1 KBCテレビ,2026-07-26,17:30,ANNスーパーJチャンネル🈑
北九州,1 KBCテレビ,2026-07-26,17:55,九州リースサービスプレゼンツ「STORY 〜未来に残したい ふるさとの風景〜」
北九州,1 KBCテレビ,2026-07-26,18:00,相葉マナブ 初登場！timelesz佐藤勝利と地引き網！相模湾で何が獲れる？🈑
北九州,1 KBCテレビ,2026-07-26,18:52,Catch
北九州,1 KBCテレビ,2026-07-26,18:56,ポツンと一軒家 2時間SP！84歳チェーンソーアート挑戦！BBQ＆絶景岩風呂🈑
北九州,1 KBCテレビ,2026-07-26,20:56,有働Times🈑
北九州,1 KBCテレビ,2026-07-26,22:15,マイ・フィクション ＃4 刑務所にいるはずの人間🈖🈑
北九州,1 KBCテレビ,2026-07-26,23:09,8月1日は「水と緑の物語」7時間の生放送！
北九州,1 KBCテレビ,2026-07-26,23:15,EIGHT－JAM  【中森明菜特集‼松田聖子・小泉今日子との関係、振付秘話…】🈑
北九州,2 NHKEテレ..,2026-07-26,05:00,こころの時代 わからなさのなかで〜最首悟の思想をたどる〜🈑🈞
北九州,2 NHKEテレ..,2026-07-26,06:00,NHK短歌 わたしの宮沢賢治 テーマ「月」🈑
北九州,2 NHKEテレ..,2026-07-26,06:25,テレビ体操🈑
北九州,2 NHKEテレ..,2026-07-26,06:35,NHK俳句 題「七夕」🈑
北九州,2 NHKEテレ..,2026-07-26,07:00,第93回NHK全国学校音楽コンクール みんなの合唱レッスン・高等学校の部🈑
北九州,2 NHKEテレ..,2026-07-26,07:10,第93回NHK全国学校音楽コンクール みんなの合唱レッスン・中学校の部🈑
北九州,2 NHKEテレ..,2026-07-26,07:20,第93回NHK全国学校音楽コンクール みんなの合唱レッスン・小学校の部🈑
北九州,2 NHKEテレ..,2026-07-26,07:30,おとうさんといっしょ「まねまねどんぐー」🈑🈞
北九州,2 NHKEテレ..,2026-07-26,08:00,やさいの時間 みんなの菜園物語 兵庫県（後編）🈑
北九州,2 NHKEテレ..,2026-07-26,08:25,趣味の園芸 京も一日陽だまり屋「の〜んびり 蘇鉄（そてつ）」🈑
北九州,2 NHKEテレ..,2026-07-26,08:30,趣味の園芸 選 ステキをセレクト！タネから育てるコスモス🈑
北九州,2 NHKEテレ..,2026-07-26,08:55,no art，no life「洋一」🈑
北九州,2 NHKEテレ..,2026-07-26,09:00,日曜美術館 陶芸家ルーシー・リー 繊細でたくましい器🈑
北九州,2 NHKEテレ..,2026-07-26,09:45,日曜美術館 アートシーン「まなざしの奇跡 日本女性写真家の冒険」展🈑
北九州,2 NHKEテレ..,2026-07-26,10:00,将棋フォーカス 選 フォーカス流・観る将検定 第2回！🈑
北九州,2 NHKEテレ..,2026-07-26,10:30,第76回 NHK杯テレビ将棋トーナメント 1回戦第17局 羽生九段×横山七段🈑
北九州,2 NHKEテレ..,2026-07-26,12:00,囲碁フォーカス 選 知らずに使っている！？「囲碁用語」🈑
北九州,2 NHKEテレ..,2026-07-26,12:30,第74回NHK杯テレビ囲碁トーナメント1回戦第17局酒井佑規七段×加藤千笑四段🈑
北九州,2 NHKEテレ..,2026-07-26,14:00,日本の話芸 柳家蝠丸 落語「叩き蟹」🈖🈑
北九州,2 NHKEテレ..,2026-07-26,14:30,アニメ 青のオーケストラ シーズン2（1）「ほころび」🈑
北九州,2 NHKEテレ..,2026-07-26,14:55,アニメ 青のオーケストラ シーズン2（2）「波紋」🈑
北九州,2 NHKEテレ..,2026-07-26,15:20,アニメ 青のオーケストラ シーズン2（3）「ケジメ」🈑
北九州,2 NHKEテレ..,2026-07-26,15:45,アニメ 青のオーケストラ シーズン2（4）「体育祭」🈑
北九州,2 NHKEテレ..,2026-07-26,16:10,ピタゴラミングスイッチ2🈑🈞
北九州,2 NHKEテレ..,2026-07-26,16:30,ざわざわ森のがんこちゃん30周年スペシャルがんこのびっくりおたんじょうび会🈖🈑🈞
北九州,2 NHKEテレ..,2026-07-26,17:00,アニメ アオアシ（17）東京都リーグ第7節 多摩体育大学附属高校戦🈑
北九州,2 NHKEテレ..,2026-07-26,17:25,レディー・グレース 女王陛下のスパイ（4）「迷える女王」🈔🈑
北九州,2 NHKEテレ..,2026-07-26,17:50,こども手話ウイークリー🈐
北九州,2 NHKEテレ..,2026-07-26,18:00,木村多江の、いまさらですが… アメリカ建国の立役者 初代財務長官ハミルトン🈖🈑🈞
北九州,2 NHKEテレ..,2026-07-26,18:30,ブリティッシュ・ベイクオフ6（17）チョコレート対決・前編🈔🈑🈞
北九州,2 NHKEテレ..,2026-07-26,19:00,未病息災を願います 選「骨密度」が気になったら🈖🈑
北九州,2 NHKEテレ..,2026-07-26,19:45,365日の献立日記「野菜ずし」🈑
北九州,2 NHKEテレ..,2026-07-26,19:50,5分であさイチ 夏休みの“お昼ごはん”に革命を！🈑
北九州,2 NHKEテレ..,2026-07-26,19:55,NHK手話ニュース🈐
北九州,2 NHKEテレ..,2026-07-26,20:00,日曜美術館 滅びゆく写真 そして人類 現代美術作家・杉本博司🈑🈞
北九州,2 NHKEテレ..,2026-07-26,20:45,日曜美術館 アートシーン「元禄！師宣劇場」展🈑
北九州,2 NHKEテレ..,2026-07-26,21:00,古典芸能への招待 歌舞伎「近江源氏先陣館 盛綱陣屋」大阪松竹座さよなら公演🈕🈑
北九州,2 NHKEテレ..,2026-07-26,23:00,美の壺 選「小さな芸術 干菓子」🈑
北九州,2 NHKEテレ..,2026-07-26,23:30,サイエンスZERO“次世代塗料”が未来を塗り替える！？🈖🈑
北九州,3 NHK総合1..,2026-07-26,05:00,ニュース・気象情報
北九州,3 NHK総合1..,2026-07-26,05:10,Jリーグと私 あの試合を忘れない ＃17 横浜FM🈑
北九州,3 NHK総合1..,2026-07-26,05:15,週末のNスペは… 激変・安全保障 日本の進路は🈑
北九州,3 NHK総合1..,2026-07-26,05:20,桂文珍の演芸図鑑 レ・ロマネスクTOBI 柳亭小燕枝 三拍子🈑
北九州,3 NHK総合1..,2026-07-26,05:50,気象情報
北九州,3 NHK総合1..,2026-07-26,05:55,にっぽん百名山ミニ 3min「夏 五竜岳」🈑
北九州,3 NHK総合1..,2026-07-26,05:58,巡る世界絶景 ベネチアの冬🅍
北九州,3 NHK総合1..,2026-07-26,06:00,ニュース
北九州,3 NHK総合1..,2026-07-26,06:10,【特選！時代劇】大岡越前8 🈟（1）「燃える牢屋敷」🈖🈑
北九州,3 NHK総合1..,2026-07-26,06:53,気象情報
北九州,3 NHK総合1..,2026-07-26,06:55,ニュース・気象情報（九州沖縄）
北九州,3 NHK総合1..,2026-07-26,07:00,NHKニュース おはよう日本 7月26日（日）🈑
北九州,3 NHK総合1..,2026-07-26,07:40,ニュース・気象情報（九州沖縄）
北九州,3 NHK総合1..,2026-07-26,07:45,さわやか自然百景 青森 屏風山湿原池沼群🈑
北九州,3 NHK総合1..,2026-07-26,08:00,小さな旅「大原を継ぐ 〜京都市 左京区〜」🈖🈑
北九州,3 NHK総合1..,2026-07-26,08:25,Dearにっぽん「私たちが新聞を書く理由〜滋賀・虎姫高校〜」🈑
北九州,3 NHK総合1..,2026-07-26,08:50,あさイチの鈴木奈穂子アナが「NHK ONE」を解説🈑
北九州,3 NHK総合1..,2026-07-26,08:57,気象情報
北九州,3 NHK総合1..,2026-07-26,09:00,日曜討論 徹底解説！暑さはどこまで？対策は
北九州,3 NHK総合1..,2026-07-26,10:00,ニュース・気象情報🈑
北九州,3 NHK総合1..,2026-07-26,10:05,明日をまもるナビ選196 都市を襲う水害 内水氾濫〜見えない危険にどう備える🈖🈑
北九州,3 NHK総合1..,2026-07-26,10:30,5分であさイチ（4）知ってトクする旅行術（2）バッグの詰め方🈑
北九州,3 NHK総合1..,2026-07-26,10:35,ゆったり温泉ひとり旅 北海道・登別温泉🈑
北九州,3 NHK総合1..,2026-07-26,11:04,ニュース🈑
北九州,3 NHK総合1..,2026-07-26,11:05,あしたが変わるトリセツショー 骨ケアで健康革命！今すぐできる運動＆食事ワザ🈖🈑🈞
北九州,3 NHK総合1..,2026-07-26,11:50,ふすま絵 奇跡の再会🈑
北九州,3 NHK総合1..,2026-07-26,11:54,気象情報
北九州,3 NHK総合1..,2026-07-26,12:00,ニュース🈑
北九州,3 NHK総合1..,2026-07-26,12:10,ニュース（九州沖縄）
北九州,3 NHK総合1..,2026-07-26,12:15,NHKのど自慢 熱唱熱演名場面 2026 Part1🈑
北九州,3 NHK総合1..,2026-07-26,12:55,ドキュメント72時間PR ドキュメント72時間の作り方＜編集・ナレーション編＞🈑
北九州,3 NHK総合1..,2026-07-26,13:00,ニュース・気象情報🈑
北九州,3 NHK総合1..,2026-07-26,13:05,ダーウィンが来た！「相葉さんと探せ！ミクロいきもの超ワールド」🈖🈑🈞
北九州,3 NHK総合1..,2026-07-26,13:35,さわやか自然百景10min．（37）兵庫 猫崎の海と黒川渓谷🈑
北九州,3 NHK総合1..,2026-07-26,13:45,JAPAN DELISH 5min カレーライス🈑
北九州,3 NHK総合1..,2026-07-26,13:50,アニメまとめPR 放送中！注目の3番組ほか🈑
北九州,3 NHK総合1..,2026-07-26,13:55,プロフェッショナル 仕事の流儀 旅する家族、春をつなぐ〜養蜂家・藤井髙治〜🈖🈑🈞
北九州,3 NHK総合1..,2026-07-26,14:40,秀サルでもわかる 豊臣兄弟！ なんで豊臣兄弟は明智光秀に勝てたの？🈑
北九州,3 NHK総合1..,2026-07-26,14:45,あしたが変わるトリセツショー 番外編 フレイル対策15分エクササイズ🈑
北九州,3 NHK総合1..,2026-07-26,15:00,ニュース・気象情報🈑
北九州,3 NHK総合1..,2026-07-26,15:05,大相撲（2026年） 名古屋場所 千秋楽🈑
北九州,3 NHK総合1..,2026-07-26,15:30,大相撲（2026年） 名古屋場所 千秋楽 優勝力士・三賞力士インタビュー🈔🈑
北九州,3 NHK総合1..,2026-07-26,18:00,ニュース🈑
北九州,3 NHK総合1..,2026-07-26,18:05,有吉のお金発見 突撃！カネオくん 令和に再ブーム！RCカーのヒミツ🈑
北九州,3 NHK総合1..,2026-07-26,18:45,ニュース645福岡
北九州,3 NHK総合1..,2026-07-26,19:00,NHKニュース7🈔🈑
北九州,3 NHK総合1..,2026-07-26,19:30,ダーウィンが来た！「最大の味方！最強のライバル！？動物兄弟」🈖🈑
北九州,3 NHK総合1..,2026-07-26,20:00,豊臣兄弟！（29）天下への道🈖🈑
北九州,3 NHK総合1..,2026-07-26,20:45,ニュース🈑🈐
北九州,3 NHK総合1..,2026-07-26,20:55,ニュース・気象情報（九州沖縄）
北九州,3 NHK総合1..,2026-07-26,21:00,NHKスペシャル 激変・安全保障 “力の支配”と揺らぐ国際秩序 日本の針路は🈑
北九州,3 NHK総合1..,2026-07-26,22:00,サンデースポーツ🈑
北九州,3 NHK総合1..,2026-07-26,22:50,ニュース・気象情報🈑
北九州,3 NHK総合1..,2026-07-26,22:55,ハロー！NHKワールドJAPAN 7月の地域特集・山口県関連番組紹介🈑
北九州,3 NHK総合1..,2026-07-26,23:00,DOC（ドック）3 あすへのカルテ（8）「暗闇の先へ」🈔🈑
北九州,3 NHK総合1..,2026-07-26,23:59,連続テレビ小説「ひよっこ」再放送PR
北九州,4 RKB毎日放送,2026-07-26,05:00,世界一の九州が始まる！▼甘い研究室から生まれる！ハイブリッドスイーツ🈑🈞
北九州,4 RKB毎日放送,2026-07-26,05:15,池尻和佳子のトコワカ▼九州とインドの関係強化へ 在福岡インド総領事館の世界
北九州,4 RKB毎日放送,2026-07-26,05:30,日本のチカラ🈑
北九州,4 RKB毎日放送,2026-07-26,06:00,バナナマンの早起きせっかくグルメ★全国から厳選！極上焼肉のタレでお肉を大満喫！🈑
北九州,4 RKB毎日放送,2026-07-26,06:45,JNNニュース🈐
北九州,4 RKB毎日放送,2026-07-26,07:00,健康カプセル！ゲンキの時間🈖🈑侮っていると一大事に！？消えないあざに隠れた恐怖
北九州,4 RKB毎日放送,2026-07-26,07:30,がっちりマンデー‼CMで良く見るけど知らない会社！渡辺パイプ、INPEX、NGK
北九州,4 RKB毎日放送,2026-07-26,08:00,サンデーモーニング🈑高市総理“寝てない”投稿の波紋▽消費税“迷走”と骨太ショック
北九州,4 RKB毎日放送,2026-07-26,09:54,きょうのサンデーウォッチ
北九州,4 RKB毎日放送,2026-07-26,10:00,新 窓をあけて九州▼月明かりの学び舎🈑
北九州,4 RKB毎日放送,2026-07-26,10:15,世界一の九州が始まる！▼ベトナムとの架け橋へ！青パパイヤがつなぐ夢🈑
北九州,4 RKB毎日放送,2026-07-26,10:30,サンデーウォッチ▼歴史的円安でiPhone大幅値上げ▼福岡県議会中尾副議長が辞職
北九州,4 RKB毎日放送,2026-07-26,11:24,Be colorful．rkb
北九州,4 RKB毎日放送,2026-07-26,11:30,バズーさんのタダイマ！サンデー
北九州,4 RKB毎日放送,2026-07-26,11:35,上田晋也のサンデーQ🈑堺雅人が生出演「VIVANT」エキストラは4千人！聖地先取り巡礼
北九州,4 RKB毎日放送,2026-07-26,12:54,「VIVANT」新シリーズ放送直前！第1シーズン一挙放送SP 最終話🈑🈖
北九州,4 RKB毎日放送,2026-07-26,14:24,RKB NEWS
北九州,4 RKB毎日放送,2026-07-26,14:30,継往開来〜地域とともに商都はかた・ふくおかの未来▼光石研が探る福博の街発展の軌跡
北九州,4 RKB毎日放送,2026-07-26,15:30,プレバト▽ガラスアートで新特待生が！★夏井先生12年分の怒り梅沢富美男がア然🈑🈞
北九州,4 RKB毎日放送,2026-07-26,16:30,レッツゴー怪奇組 第四怪🈑
北九州,4 RKB毎日放送,2026-07-26,17:00,日5「正反対な君と僕」 ＃16「新学期」🈑🈓
北九州,4 RKB毎日放送,2026-07-26,17:30,Nスタ🈑 「飛鳥・藤原の宮都」が世界遺産新登録なるか▽「土用の丑の日」うなぎ店は
北九州,4 RKB毎日放送,2026-07-26,18:00,世界遺産／バリ島 1000年続く棚田の絶景（インドネシア）🈖🈑
北九州,4 RKB毎日放送,2026-07-26,18:30,ベスコングルメ★夏の軽井沢SP・そば通DEEN池森オススメの手打ちそば名店へ🈖🈑🈓
北九州,4 RKB毎日放送,2026-07-26,19:00,バナナマンのせっかくグルメ★VIVANT堺雅人＆濱田岳と日村が人気リゾート地🈑🈓
北九州,4 RKB毎日放送,2026-07-26,20:00,VIVANT直前生放送★堺×阿部×二宮×松坂が集結！今からでも間に合うSPダイジェスト🈑
北九州,4 RKB毎日放送,2026-07-26,21:00,🈟日曜劇場「VIVANT」第11話🈖🈑
北九州,4 RKB毎日放送,2026-07-26,22:19,天気予報
北九州,4 RKB毎日放送,2026-07-26,22:25,日曜日の初耳学◆堺雅人×林修『VIVANT』放送直後90分SP阿部寛＆初出しメイキング映像
北九州,4 RKB毎日放送,2026-07-26,23:49,番宣Box4チャンネル
北九州,4 RKB毎日放送,2026-07-26,23:55,黒猫と魔女の教室🈑🈓 ＃16「イオ・トーラス がんばります」【アガルアニメ】
北九州,5 FBS福岡放送1,2026-07-26,05:00,それいけ！アンパンマン「どんぶりまんトリオとクルクルおコマちゃん・他」🈖🈑
北九州,5 FBS福岡放送1,2026-07-26,05:30,健康家族テレビショッピング
北九州,5 FBS福岡放送1,2026-07-26,06:00,皇室日記🈑▽天皇ご一家那須ご静養▽佳子さま「重複障がい者」に寄せる思い
北九州,5 FBS福岡放送1,2026-07-26,06:15,NNNニュースサンデー🈐
北九州,5 FBS福岡放送1,2026-07-26,06:30,遠くへ行きたい【高橋成美が信州・長野へ】くるみ蕎麦＆清流が育む薬用魚🈖🈑
北九州,5 FBS福岡放送1,2026-07-26,07:00,所さんの目がテン！🈑所さんと奥田民生さんが絶品イノシシ肉で燻製作り⁉
北九州,5 FBS福岡放送1,2026-07-26,07:30,シューイチ🈑🈓8月から変わること＆新スポット▽秋山＆平子が南房総の体格グルメ堪能
北九州,5 FBS福岡放送1,2026-07-26,10:25,一茂×かまいたちゲンバ▼水族館でアシカとご対面▼驚き新食感「糸かき氷」とは？🈑
北九州,5 FBS福岡放送1,2026-07-26,11:25,プレミアム
北九州,5 FBS福岡放送1,2026-07-26,11:30,NNN ストレイトニュース🈑
北九州,5 FBS福岡放送1,2026-07-26,11:40,上沼・高田のクギズケ！ 水谷豊の娘婿に文春砲▽W杯でトランプ氏が大批判🈑
北九州,5 FBS福岡放送1,2026-07-26,12:35,福岡くん。福岡市の宮殿風お屋敷に潜入▼「世界一」の靴磨き職人のスゴ技🈑
北九州,5 FBS福岡放送1,2026-07-26,13:30,そこまで言って委員会NP 「大戦争時代」SP！戦争終結シナリオを徹底討論🈑
北九州,5 FBS福岡放送1,2026-07-26,15:00,24時間テレビ企画大公開SP🈑総合司会は内村光良！テーマは「わたしの家族の話」
北九州,5 FBS福岡放送1,2026-07-26,15:55,【アメリカ横断ウルトラクイズ】新MC櫻井翔！地球一周特大スケールで復活SP🈑
北九州,5 FBS福岡放送1,2026-07-26,16:55,🈢夢スポ▽ホークス戦超速報！スーパー中学生が陸上100mで快挙達成
北九州,5 FBS福岡放送1,2026-07-26,17:25,JAグループ福岡 めんたいワイドスピンオフ 大地のうまうま育ててます
北九州,5 FBS福岡放送1,2026-07-26,17:30,笑点🈖🈑🈓城島茂が座布団運び「ザ！鉄腕！DASH！！」×「笑点」夢のコラボDAY
北九州,5 FBS福岡放送1,2026-07-26,18:00,真相報道バンキシャ！🈑桝太一＆石川みなみが1週間の出来事を詳しく
北九州,5 FBS福岡放送1,2026-07-26,18:55,博士は今日も嫉妬する 人生が楽しくなる最新テクノロジー🈑
北九州,5 FBS福岡放送1,2026-07-26,19:00,ザ！鉄腕！DASH！！▽笑点60周年記念夏祭り！師匠全員参加で巨大お好み焼き！🈑
北九州,5 FBS福岡放送1,2026-07-26,19:58,イッテQ【お祭り男宮川＆二代目手越】フィンランドで丸太乗って川を下る木材選手権🈑
北九州,5 FBS福岡放送1,2026-07-26,20:54,音のソノリティ🈑
北九州,5 FBS福岡放送1,2026-07-26,21:00,ゴールデンストーンズ▽番組史上最大‼人気芸人軍団と総勢31名の大混戦バトル🈑
北九州,5 FBS福岡放送1,2026-07-26,21:54,天気予報
北九州,5 FBS福岡放送1,2026-07-26,22:00,おしゃれクリップ🈖🈑出川哲朗はなぜ愛される？▼妻や一茂が忖度なしでガチ素顔告白
北九州,5 FBS福岡放送1,2026-07-26,22:30,ドラマ「一次元の挿し木」第4話【激動の真相が発覚…古人骨と義妹を巡る謎】🈖🈑🈓
北九州,5 FBS福岡放送1,2026-07-26,23:25,発見らくちゃく！「依頼者のその後 人生を変えた香椎のコンビニ店員」🈑
北九州,5 FBS福岡放送1,2026-07-26,23:55,Going！🈑生出演！渡邊雄太が明かす日本バスケの進化▼赤星絶賛！怪物高校生
北九州,7 TVQ九州放送1,2026-07-26,05:00,ルアルアチャンネル 池内修次さんとイカメタル
北九州,7 TVQ九州放送1,2026-07-26,05:30,TVショッピング
北九州,7 TVQ九州放送1,2026-07-26,06:00,THEフィッシング ベイトタックルで挑む！宮古島マグロジギング🈞
北九州,7 TVQ九州放送1,2026-07-26,06:30,ぐっ！ジョブ 朝から晩までお客をくぎ付け！北九州  宿泊客マシマシ大作戦🈞🈑
北九州,7 TVQ九州放送1,2026-07-26,07:00,アニもり！🈑
北九州,7 TVQ九州放送1,2026-07-26,07:30,ポケモンとどこいく！？【チャンピオンズ対決に派手刺客でバトル部ピンチ！】🈑🈓
北九州,7 TVQ九州放送1,2026-07-26,08:30,トミプラワールドのりのりタイムズ！！🈑
北九州,7 TVQ九州放送1,2026-07-26,09:00,ギャビーのドールハウス 118話 新しい家族のベニー・ボックス（前編）🈑🈔
北九州,7 TVQ九州放送1,2026-07-26,09:15,ぷにるんず ぷに3 第17話『くーるんとカチコチあいるん♪』🈞🈑
北九州,7 TVQ九州放送1,2026-07-26,09:30,おねがいアイプリ あおいとおねがいかなえ隊🈑
北九州,7 TVQ九州放送1,2026-07-26,10:00,武井壮のゴルフバッグ担いでください▽永久保存版！宮里優作プロのゴルフレッスン🈑
北九州,7 TVQ九州放送1,2026-07-26,10:30,優香のサンデークッキング【レンジde簡単ナスキーマ& グリルde焼きナス】🈑
北九州,7 TVQ九州放送1,2026-07-26,11:00,YOUは何しに日本へ？★大分・別府温泉88湯を完全制覇🈞🈑
北九州,7 TVQ九州放送1,2026-07-26,12:25,今村敦子の美容見聞録
北九州,7 TVQ九州放送1,2026-07-26,12:30,家、ついて行ってイイですか？【79歳の高校生！？人生の素晴らしきリスタートSP】🈞
北九州,7 TVQ九州放送1,2026-07-26,13:30,ぺこもぐキッチン！宮澤エマとワインで乾杯！魚介系おつまみ& アレンジフムス🈑
北九州,7 TVQ九州放送1,2026-07-26,14:00,大東建託・いい部屋ネットレディス🈑
北九州,7 TVQ九州放送1,2026-07-26,15:15,開運！なんでも鑑定団【初代・熊本藩主  加藤清正が秀吉に送った書状に衝撃値】🈞🈑🈖
北九州,7 TVQ九州放送1,2026-07-26,16:21,ちょっと福岡行ってきました！ イワクラ＆熊元プロレス＆荒川の仲良し爆笑福岡旅🈞🈑
北九州,7 TVQ九州放送1,2026-07-26,17:15,激PUSH！
北九州,7 TVQ九州放送1,2026-07-26,17:20,TXNニュース🈑🈐
北九州,7 TVQ九州放送1,2026-07-26,17:25,テレQニュース
北九州,7 TVQ九州放送1,2026-07-26,17:30,鉄鍋のジャン！「毒を御す者」🈑
北九州,7 TVQ九州放送1,2026-07-26,18:00,パズドラ「吹き矢コンボバトル／もう一度見たい！アニメセレクション」🈑🈓
北九州,7 TVQ九州放送1,2026-07-26,18:30,日曜プラチナアワー・日本の海を守る！海上保安庁の激ヤバすぎる最前線100 連発SP🈑🈓
北九州,7 TVQ九州放送1,2026-07-26,20:50,家、ついて行ってイイですか？菊池風磨愛止まらない女子＆妻夫木涙…亡き妻への想い🈑
北九州,7 TVQ九州放送1,2026-07-26,21:54,週刊よかタイムス1
北九州,7 TVQ九州放送1,2026-07-26,22:00,有吉ぃぃeeeee!【アモアス】クセ者10人でダマし合い！裏切り者は誰だ？🈑
北九州,7 TVQ九州放送1,2026-07-26,22:48,週刊よかタイムス2
北九州,7 TVQ九州放送1,2026-07-26,22:54,スポーツリアライブ
北九州,7 TVQ九州放送1,2026-07-26,23:20,Weekly女子ゴルフ
北九州,7 TVQ九州放送1,2026-07-26,23:45,ふつつかな悪女ではございますが〜雛宮蝶鼠とりかえ伝〜 第3 話🈑
北九州,8 テレビ西日本1,2026-07-26,05:00,健康家族テレビショッピング
北九州,8 テレビ西日本1,2026-07-26,05:30,テレビ寺子屋【苦しい時こそ背筋をのばせ／相田一人】
北九州,8 テレビ西日本1,2026-07-26,06:00,TNCニュース🈑
北九州,8 テレビ西日本1,2026-07-26,06:10,おはようTNC【番組情報】
北九州,8 テレビ西日本1,2026-07-26,06:15,GO！GO！チャギントン＃15🈞🈑🈔
北九州,8 テレビ西日本1,2026-07-26,06:30,西村キャンプ場【謎の撮影班乱入！極厚牛サンド】
北九州,8 テレビ西日本1,2026-07-26,07:00,SUNDAYブレイク． 千葉県勝浦でオズワルド伊藤が絶叫アクティビティ体験🈑🈕🈓
北九州,8 テレビ西日本1,2026-07-26,08:25,ももち浜ストア 愛され食堂傑作選【八女市で調査！】
北九州,8 テレビ西日本1,2026-07-26,08:55,はぐはぐ
北九州,8 テレビ西日本1,2026-07-26,09:00,DIGIMON BEATBREAK【消せない夜】 ＃40🈑🈖
北九州,8 テレビ西日本1,2026-07-26,09:30,テレビアニメ「鬼滅の刃」シリーズ全編再放送【竈門炭治郎 立志編】🈑🈖🈓
北九州,8 テレビ西日本1,2026-07-26,10:00,華丸・大吉のなんしようと？【錦鯉・長谷川と行く！八幡東区8選】🈞🈑
北九州,8 テレビ西日本1,2026-07-26,11:00,記者のチカラPICKUP【福岡の学生が見た福島のいま】
北九州,8 テレビ西日本1,2026-07-26,11:15,ミラモンGOLD🈑
北九州,8 テレビ西日本1,2026-07-26,11:45,サクラボ【“UPDATE LIFE”桜々の体験リポート】
北九州,8 テレビ西日本1,2026-07-26,11:50,FNN Live News days🈑
北九州,8 テレビ西日本1,2026-07-26,12:00,全力！華大さんと千鳥くん ついに復活！覆面さんの中身は誰だ？ダイアン津田🈞🈑
北九州,8 テレビ西日本1,2026-07-26,12:55,坂上どうぶつ王国 人嫌いビビりにゃんこと共同生活▼甘えんぼ元野犬に小さな家族🈞🈑
北九州,8 テレビ西日本1,2026-07-26,13:55,STAR★乃木坂aespa純烈EBiDAN・TREASUREちいかわ▼№1夏歌🈑
北九州,8 テレビ西日本1,2026-07-26,14:55,ピタッと。TNC
北九州,8 テレビ西日本1,2026-07-26,15:00,競馬BEAT【第43回東海ステークス（GⅢ）▽第61回関屋記念（GⅢ）】
北九州,8 テレビ西日本1,2026-07-26,16:00,王貞治の言葉 〜89 Legacy〜【ももスポDEEP特別企画】
北九州,8 テレビ西日本1,2026-07-26,16:30,街グルメをマジ探索！かまいまち🈑
北九州,8 テレビ西日本1,2026-07-26,17:25,ミライへの1minute【力強さの先に…金堂礼】
北九州,8 テレビ西日本1,2026-07-26,17:30,FNN Live News イット！🈑
北九州,8 テレビ西日本1,2026-07-26,18:00,ちびまる子ちゃん【隣町の男子とプールで勝負する／たまちゃんちで日曜大工を】🈑🈖
北九州,8 テレビ西日本1,2026-07-26,18:30,サザエさん【憧れの松／うっかりでしっかり ほか】🈑🈖🈓
北九州,8 テレビ西日本1,2026-07-26,19:00,千鳥の鬼レンチャン◆鬼ハード初代女王誕生？STU池ちゃん＆高橋成美サビカラ登場🈑
北九州,8 テレビ西日本1,2026-07-26,21:00,Mr．サンデー🈑🈓
北九州,8 テレビ西日本1,2026-07-26,23:09,ピタッと。TNC
北九州,8 テレビ西日本1,2026-07-26,23:15,ワンピース【エルバフの大罪人 冥界のロキ解放！？】🈑🈖
北九州,8 テレビ西日本1,2026-07-26,23:45,すぽると！ 大谷翔平のストレートは軌道が読めない⁉スター証言＆脳科学から紐解く🈑
